# Object Export From Tinkercad Server 2015

mtllib obj.mtl

o obj_0
v 89 		88.125 		0.4142
v 122.1 		87.4247 		0.318
v 89 		130.275 		0.4142
v 96.682 		106.352 		0
v 96.613 		106.347 		0
v 96.625 		96.754 		0
v 96.6872 		96.75 		0
v 103.371 		111.942 		0
v 104.05 		111.898 		0
v 102.703 		112.075 		0
v 102.059 		112.294 		0
v 101.449 		112.595 		0
v 100.883 		112.973 		0
v 100.371 		113.421 		0
v 99.923 		113.933 		0
v 99.545 		114.499 		0
v 106.041 		112.294 		0
v 105.397 		112.075 		0
v 104.729 		111.942 		0
v 99.244 		115.109 		0
v 99.025 		115.753 		0
v 98.892 		116.421 		0
v 98.848 		117.1 		0
v 98.892 		117.779 		0
v 99.025 		118.447 		0
v 99.244 		119.091 		0
v 99.545 		119.701 		0
v 99.923 		120.267 		0
v 100.371 		120.779 		0
v 100.883 		121.227 		0
v 101.449 		121.606 		0
v 102.059 		121.906 		0
v 102.703 		122.125 		0
v 103.371 		122.258 		0
v 104.05 		122.303 		0
v 104.729 		122.258 		0
v 105.397 		122.125 		0
v 106.041 		121.906 		0
v 96.5 		92.7 		0
v 108.556 		114.499 		0
v 108.177 		113.933 		0
v 107.729 		113.421 		0
v 107.217 		112.973 		0
v 106.651 		112.595 		0
v 106.651 		121.606 		0
v 107.217 		121.227 		0
v 107.729 		120.779 		0
v 108.177 		120.267 		0
v 108.556 		119.701 		0
v 108.856 		119.091 		0
v 109.075 		118.447 		0
v 109.208 		117.779 		0
v 109.253 		117.1 		0
v 109.208 		116.421 		0
v 109.075 		115.753 		0
v 108.856 		115.109 		0
v 110.5 		111.898 		0
v 122.1 		87.4 		0.4142
v 122.1 		87.412 		0.356
v 95.702 		105.391 		0
v 122.1 		88.198 		2.08
v 95.698 		105.333 		0
v 96.222 		106.208 		0
v 121.856 		87.412 		0.356
v 96.106 		106.127 		0
v 122.097 		87.4 		0.4142
v 96.002 		106.032 		0
v 95.911 		105.922 		0
v 89.4142 		89.003 		0
v 110.5 		127.9 		2.08
v 110.5 		125.9 		2.08
v 95.834 		105.801 		0
v 138.5 		125.9 		2.08
v 138.5 		127.9 		2.08
v 95.773 		105.671 		0
v 95.729 		105.534 		0
v 159.203 		88.198 		2.08
v 96.477 		106.319 		0
v 110.5 		125.9 		5.04
v 96.346 		106.272 		0
v 110.5 		127.9 		2.565
v 154.5 		90.7 		2.08
v 110.5 		129 		5.04
v 95.698 		97.7552 		0
v 106.5 		125.9 		5.04
v 95.702 		97.698 		0
v 106.5 		125.9 		2.08
v 159.275 		87.4 		3.2
v 95.729 		97.557 		0
v 95.774 		97.422 		0
v 159.203 		88.198 		3.2
v 95.836 		97.293 		0
v 95.914 		97.174 		0
v 96.007 		97.066 		0
v 96.112 		96.971 		0
v 96.229 		96.892 		0
v 159.998 		88.095 		3.2
v 160 		88.125 		3.2
v 96.354 		96.828 		0
v 159.978 		87.992 		3.2
v 96.487 		96.782 		0
v 159.944 		87.892 		3.2
v 159.897 		87.797 		3.2
v 159.839 		87.71 		3.2
v 159.769 		87.631 		3.2
v 92.5 		123.7 		0
v 159.69 		87.561 		3.2
v 94.5 		123.7 		0
v 89 		88.125 		3.2
v 159.603 		87.503 		3.2
v 159.508 		87.456 		3.2
v 89 		130.275 		3.2
v 159.408 		87.422 		3.2
v 94.5 		94.7 		0
v 159.305 		87.402 		3.2
v 95.8075 		94.208 		0
v 95.718 		94.287 		0
v 95.5 		94.432 		0
v 95.265 		94.548 		0
v 89.798 		130.203 		3.2
v 95.018 		94.632 		0
v 94.761 		94.683 		0
v 89.798 		88.198 		3.2
v 94.239 		94.683 		0
v 89.002 		88.095 		3.2
v 93.982 		94.632 		0
v 93.735 		94.548 		0
v 89.103 		87.798 		3.2
v 89.161 		87.71 		3.2
v 89.231 		87.631 		3.2
v 93.5 		94.432 		0
v 89.31 		87.561 		3.2
v 89.397 		87.503 		3.2
v 89.492 		87.456 		3.2
v 89.592 		87.422 		3.2
v 89.695 		87.402 		3.2
v 89.725 		87.4 		3.2
v 93.282 		94.287 		0
v 89.022 		87.992 		3.2
v 89.056 		87.892 		3.2
v 93.1925 		94.208 		0
v 89.725 		131 		3.2
v 89.695 		130.998 		3.2
v 89.592 		130.978 		3.2
v 89.492 		130.944 		3.2
v 89.398 		130.897 		3.2
v 89.31 		130.839 		3.2
v 89.231 		130.769 		3.2
v 89.161 		130.69 		3.2
v 89.103 		130.603 		3.2
v 89.056 		130.508 		3.2
v 89.022 		130.408 		3.2
v 89.002 		130.305 		3.2
v 96.4245 		92.16 		0
v 96.432 		92.182 		0
v 96.483 		92.439 		0
v 96.483 		92.961 		0
v 159.033 		123.7 		0
v 96.432 		93.218 		0
v 96.348 		93.465 		0
v 96.232 		93.7 		0
v 96.087 		93.918 		0
v 95.914 		94.114 		0
v 90.112 		87.8142 		0
v 94.5 		90.7 		0
v 94.761 		90.717 		0
v 95.018 		90.768 		0
v 95.265 		90.852 		0
v 95.5 		90.968 		0
v 95.718 		91.113 		0
v 95.914 		91.286 		0
v 89.4142 		87.8142 		0
v 96.087 		91.482 		0
v 96.232 		91.7 		0
v 96.348 		91.935 		0
v 94.208 		90.7232 		0
v 94.239 		90.717 		0
v 120.1 		87.4 		0.4142
v 93.086 		94.114 		0
v 92.913 		93.918 		0
v 92.768 		93.7 		0
v 89.4142 		130.5858 		0
v 92.652 		93.465 		0
v 92.568 		93.218 		0
v 92.517 		92.961 		0
v 92.5 		92.7 		0
v 92.517 		92.439 		0
v 92.568 		92.182 		0
v 92.5755 		92.16 		0
v 92.652 		91.935 		0
v 92.768 		91.7 		0
v 92.913 		91.482 		0
v 93.086 		91.286 		0
v 93.282 		91.113 		0
v 93.5 		90.968 		0
v 93.735 		90.852 		0
v 93.982 		90.768 		0
v 152.3257 		96.75 		0
v 152.387 		96.754 		0
v 152.3257 		96.75 		2.08
v 152.387 		96.754 		2.08
v 152.375 		106.348 		0
v 152.3128 		106.352 		0
v 152.375 		106.348 		2.08
v 152.3128 		106.352 		2.08
v 155.8075 		94.208 		2.08
v 155.718 		94.287 		2.08
v 95.8075 		94.208 		2.08
v 95.718 		94.287 		2.08
v 155.5 		94.432 		2.08
v 95.5 		94.432 		2.08
v 155.265 		94.548 		2.08
v 152.5 		92.7 		2.08
v 95.265 		94.548 		2.08
v 155.018 		94.632 		2.08
v 142.5 		92.5 		2.08
v 152.5 		123.7 		2.08
v 95.018 		94.632 		2.08
v 154.761 		94.683 		2.08
v 94.761 		94.683 		2.08
v 154.5 		94.7 		2.08
v 94.5 		94.7 		2.08
v 154.239 		94.683 		2.08
v 94.239 		94.683 		2.08
v 146.2876 		118.8933 		2.08
v 153.982 		94.632 		2.08
v 146.3607 		118.784 		2.08
v 93.982 		94.632 		2.08
v 146.0333 		119.1833 		2.08
v 153.735 		94.548 		2.08
v 145.709 		118.859 		3.1974
v 93.735 		94.548 		2.08
v 153.5 		94.432 		2.08
v 145.7433 		119.4376 		2.08
v 93.5 		94.432 		2.08
v 145.4637 		119.0732 		3.1991
v 145.464 		119.073 		3.199
v 153.282 		94.287 		2.08
v 93.282 		94.287 		2.08
v 89.798 		88.198 		2.08
v 153.1925 		94.208 		2.08
v 89.798 		130.203 		2.08
v 93.1925 		94.208 		2.08
v 145.4231 		119.6516 		2.08
v 145.1937 		119.2542 		3.1981
v 145.194 		119.254 		3.1979
v 156.432 		92.182 		2.08
v 156.4245 		92.16 		2.08
v 106.5 		127.9 		2.08
v 92.5 		92.7 		2.08
v 96.432 		92.182 		2.08
v 96.4245 		92.16 		2.08
v 106.5 		127.9 		2.565
v 156.483 		92.439 		2.08
v 92.5 		125.7 		2.08
v 106.5 		129 		5.04
v 145.0773 		119.8222 		2.08
v 96.483 		92.439 		2.08
v 144.9017 		119.3981 		3.1982
v 144.902 		119.398 		3.1981
v 156.5 		92.7 		2.08
v 138.5 		125.9 		5.04
v 138.5 		127.9 		2.565
v 96.5 		92.7 		2.08
v 138.5 		129 		5.04
v 156.483 		92.961 		2.08
v 144.7129 		119.9462 		2.08
v 145.0044 		119.847 		2.08
v 96.483 		92.961 		2.08
v 156.432 		93.218 		2.08
v 144.5939 		119.502 		3.2003
v 144.594 		119.502 		3.2002
v 96.432 		93.218 		2.08
v 156.348 		93.465 		2.08
v 96.348 		93.465 		2.08
v 156.232 		93.7 		2.08
v 156.087 		93.918 		2.08
v 96.232 		93.7 		2.08
v 144.3346 		120.0207 		2.08
v 144.2747 		119.566 		3.1974
v 144.275 		119.566 		3.1973
v 155.914 		94.114 		2.08
v 96.087 		93.918 		2.08
v 95.914 		94.114 		2.08
v 155.718 		91.113 		2.08
v 155.648 		91.0664 		2.08
v 156.5 		92.7 		0
v 152.523 		96.783 		0
v 94.5 		90.7 		2.08
v 94.761 		90.717 		2.08
v 155.914 		91.286 		2.08
v 143.95 		120.0462 		2.08
v 152.654 		96.829 		0
v 143.95 		119.587 		3.1989
v 156.087 		91.482 		2.08
v 152.778 		96.894 		0
v 95.018 		90.768 		2.08
v 152.894 		96.974 		0
v 152.998 		97.07 		0
v 153.089 		97.179 		0
v 156.232 		91.7 		2.08
v 153.166 		97.3 		0
v 95.265 		90.852 		2.08
v 153.227 		97.431 		0
v 153.271 		97.568 		0
v 153.298 		97.711 		0
v 156.348 		91.935 		2.08
v 153.302 		97.769 		0
v 95.5 		90.968 		2.08
v 153.302 		105.3464 		0
v 143.5654 		120.0207 		2.08
v 153.298 		105.404 		0
v 143.6253 		119.566 		3.1974
v 152.513 		106.32 		0
v 95.718 		91.113 		2.08
v 153.271 		105.544 		0
v 153.086 		94.114 		2.08
v 153.226 		105.68 		0
v 153.164 		105.809 		0
v 95.914 		91.286 		2.08
v 153.086 		105.928 		0
v 152.993 		106.036 		0
v 152.913 		93.918 		2.08
v 152.888 		106.13 		0
v 143.36 		119.9803 		2.08
v 152.771 		106.21 		0
v 96.087 		91.482 		2.08
v 152.646 		106.273 		0
v 143.625 		119.566 		3.1973
v 152.768 		93.7 		2.08
v 96.232 		91.7 		2.08
v 152.652 		93.465 		2.08
v 154.5 		94.7 		0
v 96.348 		91.935 		2.08
v 152.568 		93.218 		2.08
v 154.5 		123.7 		0
v 155.8075 		94.208 		0
v 155.718 		94.287 		0
v 152.517 		92.961 		2.08
v 143.625 		119.566 		3.127
v 155.5 		94.432 		0
v 155.265 		94.548 		0
v 143.95 		119.587 		3.127
v 155.018 		94.632 		0
v 154.761 		94.683 		0
v 94.239 		90.717 		2.08
v 94.208 		90.7232 		2.08
v 144.275 		119.566 		3.127
v 154.239 		94.683 		0
v 153.982 		94.632 		0
v 144.594 		119.502 		3.127
v 153.735 		94.548 		0
v 152.517 		92.439 		2.08
v 153.5 		94.432 		0
v 153.282 		94.287 		0
v 144.902 		119.398 		3.127
v 153.1925 		94.208 		0
v 152.568 		92.182 		2.08
v 93.086 		94.114 		2.08
v 145.194 		119.254 		3.127
v 145.464 		119.073 		3.127
v 152.5755 		92.16 		2.08
v 155.648 		91.0664 		0
v 155.718 		91.113 		0
v 145.709 		118.859 		3.127
v 155.914 		91.286 		0
v 92.913 		93.918 		2.08
v 156.087 		91.482 		0
v 156.232 		91.7 		0
v 156.348 		91.935 		0
v 154.761 		90.717 		2.08
v 156.432 		92.182 		0
v 92.768 		93.7 		2.08
v 156.483 		92.439 		0
v 155.018 		90.768 		2.08
v 156.483 		92.961 		0
v 156.432 		93.218 		0
v 92.652 		93.465 		2.08
v 156.348 		93.465 		0
v 156.232 		93.7 		0
v 155.265 		90.852 		2.08
v 156.087 		93.918 		0
v 155.914 		94.114 		0
v 92.568 		93.218 		2.08
v 155.5 		90.968 		2.08
v 92.517 		92.961 		2.08
v 89.967 		95.744 		0
v 153.086 		94.114 		0
v 153.735 		90.852 		2.08
v 153.6 		90.9186 		2.08
v 152.913 		93.918 		0
v 152.768 		93.7 		0
v 152.652 		93.465 		0
v 152.568 		93.218 		0
v 92.517 		92.439 		2.08
v 152.517 		92.961 		0
v 153.982 		90.768 		2.08
v 152.5 		92.7 		0
v 152.517 		92.439 		0
v 152.568 		92.182 		0
v 92.568 		92.182 		2.08
v 154.239 		90.717 		2.08
v 152.5755 		92.16 		0
v 92.5755 		92.16 		2.08
v 143.5911 		119.8223 		0
v 154.5 		90.7 		0
v 154.761 		90.717 		0
v 155.018 		90.768 		0
v 155.265 		90.852 		0
v 143.95 		119.8463 		0
v 155.5 		90.968 		0
v 92.652 		91.935 		2.08
v 152.652 		91.935 		2.08
v 144.3089 		119.8223 		0
v 152.652 		91.935 		0
v 152.768 		91.7 		0
v 144.6608 		119.7523 		0
v 152.768 		91.7 		2.08
v 92.768 		91.7 		2.08
v 152.913 		91.482 		0
v 145.0007 		119.6373 		0
v 153.086 		91.286 		0
v 153.282 		91.113 		0
v 152.913 		91.482 		2.08
v 92.913 		91.482 		2.08
v 153.5 		90.968 		0
v 145.3226 		119.4784 		0
v 153.735 		90.852 		0
v 153.982 		90.768 		0
v 145.6216 		119.2784 		0
v 153.086 		91.286 		2.08
v 93.086 		91.286 		2.08
v 154.239 		90.717 		0
v 143.872 		87.8142 		0
v 145.8915 		119.0415 		0
v 153.282 		91.113 		2.08
v 93.282 		91.113 		2.08
v 89.967 		89.6 		0
v 153.5 		90.968 		2.08
v 93.5 		90.968 		2.08
v 144.5939 		114.698 		3.2003
v 93.735 		90.852 		2.08
v 144.594 		114.698 		3.2002
v 159.5858 		130.5858 		0
v 93.982 		90.768 		2.08
v 144.9017 		114.8019 		3.1982
v 145.1937 		114.9458 		3.1981
v 144.902 		114.802 		3.1981
v 145.632 		114.688 		2.08
v 145.7433 		114.7624 		2.08
v 145.4637 		115.1268 		3.1991
v 145.194 		114.946 		3.1979
v 146.0333 		115.0167 		2.08
v 145.709 		115.341 		3.1974
v 145.464 		115.127 		3.199
v 146.2876 		115.3067 		2.08
v 146.236 		115.2478 		2.08
v 145.9232 		115.5863 		3.1991
v 145.923 		115.586 		3.199
v 92.5 		125.7 		0
v 146.5016 		115.6269 		2.08
v 146.4561 		115.5588 		2.08
v 146.1042 		115.8563 		3.1981
v 146.104 		115.856 		3.1979
v 156.5 		125.7 		0
v 89.725 		87.4 		0.4142
v 146.6722 		115.9727 		2.08
v 146.6344 		115.896 		2.08
v 146.2481 		116.1483 		3.1982
v 146.248 		116.148 		3.1981
v 96.5 		125.7 		0
v 146.7962 		116.3371 		2.08
v 146.697 		116.0456 		2.08
v 146.352 		116.4561 		3.2003
v 146.352 		116.456 		3.2002
v 154.5 		127.7 		0
v 156.0358 		126.976 		0
v 155.914 		127.114 		0
v 155.718 		127.287 		0
v 155.5 		127.432 		0
v 155.265 		127.548 		0
v 155.018 		127.632 		0
v 154.761 		127.683 		0
v 154.239 		127.683 		0
v 153.982 		127.632 		0
v 153.735 		127.548 		0
v 153.5 		127.432 		0
v 89.725 		131 		0.4142
v 153.282 		127.287 		0
v 153.086 		127.114 		0
v 152.9642 		126.976 		0
v 146.8707 		116.7154 		2.08
v 155.648 		124.0664 		0
v 155.718 		124.113 		0
v 155.914 		124.286 		0
v 156.087 		124.482 		0
v 156.232 		124.7 		0
v 156.348 		124.935 		0
v 156.432 		125.182 		0
v 156.483 		125.439 		0
v 146.416 		116.7753 		3.1974
v 146.416 		116.775 		3.1973
v 156.483 		125.961 		0
v 156.432 		126.218 		0
v 156.348 		126.465 		0
v 156.232 		126.7 		0
v 156.087 		126.918 		0
v 152.913 		126.918 		0
v 152.768 		126.7 		0
v 152.652 		126.465 		0
v 152.568 		126.218 		0
v 138.5 		90.5 		2.08
v 128.9 		88.2 		2.08
v 128.9 		88.198 		2.08
v 152.517 		125.961 		0
v 120.1 		88.198 		2.08
v 120.1 		88.2 		2.08
v 152.5 		125.7 		0
v 152.517 		125.439 		0
v 146.8963 		117.1 		2.08
v 126.903 		88.2 		2.08
v 152.568 		125.182 		0
v 122.097 		88.2 		2.08
v 152.652 		124.935 		0
v 146.437 		117.1 		3.1989
v 126.9 		88.198 		2.08
v 126.903 		88.198 		2.08
v 152.6555 		124.928 		0
v 122.097 		88.198 		2.08
v 117.25 		88.198 		2.08
v 110.5 		90.5 		2.08
v 154.761 		123.717 		0
v 155.018 		123.768 		0
v 155.265 		123.852 		0
v 128.9 		73.125 		3.2
v 155.5 		123.968 		0
v 146.8707 		117.4846 		2.08
v 152.768 		124.7 		0
v 146.416 		117.4247 		3.1974
v 152.913 		124.482 		0
v 128.9 		87.4 		3.2
v 153.086 		124.286 		0
v 153.282 		124.113 		0
v 153.5 		123.968 		0
v 120.1 		73.125 		3.2
v 153.735 		123.852 		0
v 153.982 		123.768 		0
v 146.7962 		117.8629 		2.08
v 154.239 		123.717 		0
v 120.1 		87.4 		3.2
v 146.352 		117.7439 		3.2003
v 146.416 		117.425 		3.1973
v 120.825 		72.4 		3.2
v 160 		130.275 		0.4142
v 128.175 		72.4 		3.2
v 146.6722 		118.2273 		2.08
v 146.697 		118.1544 		2.08
v 146.352 		117.744 		3.2002
v 126.903 		73.798 		3.2
v 122.097 		73.798 		3.2
v 122.097 		87.4 		3.2
v 146.2481 		118.0517 		3.1982
v 121.503 		73.798 		3.2
v 120.698 		73.798 		3.2
v 120.261 		72.71 		3.2
v 89.002 		88.095 		0.4045
v 120.203 		72.798 		3.2
v 120.156 		72.892 		3.2
v 120.122 		72.992 		3.2
v 146.5016 		118.5731 		2.08
v 146.5364 		118.5027 		2.08
v 120.102 		73.095 		3.2
v 146.1042 		118.3437 		3.1981
v 146.248 		118.052 		3.1981
v 120.795 		72.402 		3.2
v 120.692 		72.422 		3.2
v 120.592 		72.456 		3.2
v 120.497 		72.503 		3.2
v 120.41 		72.561 		3.2
v 120.331 		72.631 		3.2
v 145.9232 		118.6137 		3.1991
v 146.104 		118.344 		3.1979
v 145.923 		118.614 		3.199
v 160 		130.275 		3.2
v 159.203 		130.203 		3.2
v 89.695 		87.402 		0.4045
v 159.998 		130.305 		3.2
v 159.978 		130.408 		3.2
v 159.944 		130.508 		3.2
v 159.897 		130.603 		3.2
v 159.839 		130.69 		3.2
v 159.769 		130.769 		3.2
v 159.69 		130.839 		3.2
v 159.603 		130.897 		3.2
v 159.508 		130.944 		3.2
v 159.408 		130.978 		3.2
v 159.305 		130.998 		3.2
v 159.275 		131 		3.2
v 146.352 		116.456 		3.127
v 146.248 		116.148 		3.127
v 89.6435 		87.412 		0.356
v 159.275 		131 		0.4142
v 120.698 		84.003 		3.2
v 89.592 		87.422 		0.326
v 121.503 		84.003 		3.2
v 121.503 		80.798 		3.2
v 146.104 		115.856 		3.127
v 120.698 		80.798 		3.2
v 120.698 		77.003 		3.2
v 121.503 		77.003 		3.2
v 145.923 		115.586 		3.127
v 89.492 		87.456 		0.2471
v 89.5626 		87.432 		0.296
v 145.709 		115.341 		3.127
v 126.903 		87.4 		3.2
v 145.464 		115.127 		3.127
v 127.498 		84.003 		3.2
v 89.397 		87.503 		0.178
v 128.303 		84.003 		3.2
v 89.4111 		87.496 		0.186
v 128.303 		80.798 		3.2
v 89.4839 		87.46 		0.239
v 145.194 		114.946 		3.127
v 127.498 		80.798 		3.2
v 127.498 		77.003 		3.2
v 128.303 		77.003 		3.2
v 128.303 		73.798 		3.2
v 127.498 		73.798 		3.2
v 144.902 		114.802 		3.127
v 89.31 		87.561 		0.1179
v 89.3445 		87.538 		0.138
v 128.205 		72.402 		3.2
v 144.594 		114.698 		3.127
v 89.231 		87.631 		0.0654
v 89.2818 		87.586 		0.096
v 145.923 		118.614 		3.127
v 89.161 		87.71 		0.1179
v 89.186 		87.6818 		0.096
v 146.104 		118.344 		3.127
v 152.5 		125.7 		2.08
v 142.5 		127.9 		2.08
v 146.248 		118.052 		3.127
v 142.5 		125.9 		2.08
v 89.103 		87.798 		0.178
v 89.138 		87.7449 		0.138
v 128.898 		73.095 		3.2
v 128.878 		72.992 		3.2
v 142.5 		125.9 		5.04
v 146.352 		117.744 		3.127
v 128.844 		72.892 		3.2
v 142.5 		127.9 		2.565
v 142.5 		129 		5.04
v 128.797 		72.797 		3.2
v 89.096 		87.812 		0.186
v 146.416 		117.425 		3.127
v 159.988 		130.3565 		0.356
v 159.998 		130.305 		0.4045
v 128.739 		72.71 		3.2
v 159.968 		130.4374 		0.296
v 159.978 		130.408 		0.326
v 146.437 		117.1 		3.127
v 128.669 		72.631 		3.2
v 159.94 		130.5161 		0.239
v 159.944 		130.508 		0.2471
v 128.59 		72.561 		3.2
v 146.416 		116.775 		3.127
v 159.904 		130.5889 		0.186
v 128.503 		72.503 		3.2
v 128.408 		72.456 		3.2
v 128.308 		72.422 		3.2
v 143.95 		115.4681 		3.127
v 159.862 		130.6555 		0.138
v 143.7367 		115.4824 		3.127
v 159.897 		130.603 		0.178
v 143.5276 		115.524 		3.127
v 159.814 		130.7182 		0.096
v 159.839 		130.69 		0.1179
v 159.761 		130.761 		0.06
v 159.769 		130.769 		0.0654
v 145.526 		116.6776 		3.127
v 145.4577 		116.4756 		3.127
v 145.3633 		116.2844 		3.127
v 145.2444 		116.1067 		3.127
v 126.9 		87.4 		3.2
v 145.1037 		115.9463 		3.127
v 89.239 		87.639 		0.06
v 122.1 		87.4 		3.2
v 144.9433 		115.8055 		3.127
v 89.296 		87.696 		0.032
v 144.7656 		115.6867 		3.127
v 89.356 		87.756 		0.012
v 128.9 		88.198 		3.2
v 128.9 		88.2 		3.2
v 120.1 		88.2 		3.2
v 120.1 		88.198 		3.2
v 122.097 		88.2 		3.2
v 144.5744 		115.5923 		3.127
v 126.903 		88.2 		3.2
v 122.097 		88.198 		3.2
v 144.3724 		115.524 		3.127
v 126.903 		88.198 		3.2
v 126.9 		88.198 		3.2
v 144.1633 		115.4824 		3.127
v 122.1 		88.198 		3.2
v 138.5 		90.5 		2.565
v 138.5 		89.4 		5.04
v 143.5276 		118.676 		3.127
v 143.7367 		118.7176 		3.127
v 143.95 		118.7319 		3.127
v 144.1633 		118.7176 		3.127
v 144.3724 		118.676 		3.127
v 159.704 		130.704 		0.032
v 144.5744 		118.6077 		3.127
v 159.644 		130.644 		0.012
v 144.7656 		118.5133 		3.127
v 144.9433 		118.3945 		3.127
v 145.1037 		118.2537 		3.127
v 89.056 		87.892 		0.2471
v 89.06 		87.884 		0.239
v 145.2444 		118.0933 		3.127
v 159.305 		130.998 		0.4045
v 89.022 		87.992 		0.326
v 145.3633 		117.9156 		3.127
v 89.032 		87.9626 		0.296
v 159.408 		130.978 		0.326
v 159.3565 		130.988 		0.356
v 89.012 		88.0435 		0.356
v 145.4577 		117.7244 		3.127
v 159.508 		130.944 		0.2471
v 145.526 		117.5224 		3.127
v 159.4374 		130.968 		0.296
v 145.5676 		117.3133 		3.127
v 159.603 		130.897 		0.178
v 159.5889 		130.904 		0.186
v 159.5161 		130.94 		0.239
v 145.5819 		117.1 		3.127
v 159.69 		130.839 		0.1179
v 159.6555 		130.862 		0.138
v 145.5676 		116.8867 		3.127
v 159.7182 		130.814 		0.096
v 138.752 		130.5858 		0
v 146.1284 		118.7716 		0
v 146.3284 		118.4726 		0
v 146.4873 		118.1507 		0
v 146.6023 		117.8108 		0
v 146.6723 		117.4589 		0
v 146.6963 		117.1 		0
v 146.6723 		116.7411 		0
v 146.6023 		116.3892 		0
v 146.4873 		116.0493 		0
v 142.5 		90.5 		2.08
v 146.3284 		115.7274 		0
v 89.103 		130.603 		0.178
v 89.096 		130.5889 		0.186
v 142.5 		90.5 		2.565
v 146.1284 		115.4284 		0
v 142.5 		89.4 		5.04
v 145.8915 		115.1585 		0
v 89.161 		130.69 		0.1179
v 89.138 		130.6555 		0.138
v 94.5 		127.7 		0
v 145.6216 		114.9216 		0
v 96.0358 		126.976 		0
v 95.914 		127.114 		0
v 95.718 		127.287 		0
v 95.5 		127.432 		0
v 145.3226 		114.7216 		0
v 89.231 		130.769 		0.0654
v 89.186 		130.7182 		0.096
v 95.265 		127.548 		0
v 95.018 		127.632 		0
v 94.761 		127.683 		0
v 94.239 		127.683 		0
v 93.982 		127.632 		0
v 89.31 		130.839 		0.1179
v 89.2818 		130.814 		0.096
v 93.735 		127.548 		0
v 93.5 		127.432 		0
v 93.282 		127.287 		0
v 93.086 		127.114 		0
v 92.9642 		126.976 		0
v 89.398 		130.897 		0.178
v 89.3449 		130.862 		0.138
v 96.3445 		124.928 		0
v 96.348 		124.935 		0
v 89.492 		130.944 		0.2471
v 89.484 		130.94 		0.239
v 89.412 		130.904 		0.186
v 96.432 		125.182 		0
v 96.483 		125.439 		0
v 96.483 		125.961 		0
v 96.432 		126.218 		0
v 89.592 		130.978 		0.326
v 96.348 		126.465 		0
v 89.5626 		130.968 		0.296
v 96.232 		126.7 		0
v 96.087 		126.918 		0
v 89.695 		130.998 		0.4045
v 89.6435 		130.988 		0.356
v 94.761 		123.717 		0
v 95.018 		123.768 		0
v 95.265 		123.852 		0
v 95.5 		123.968 		0
v 95.718 		124.113 		0
v 95.914 		124.286 		0
v 96.087 		124.482 		0
v 96.232 		124.7 		0
v 126.102 		78.103 		0
v 122.898 		78.103 		0
v 122.898 		74.898 		0
v 94.208 		123.7232 		0
v 126.102 		74.898 		0
v 94.239 		123.717 		0
v 92.913 		126.918 		0
v 92.768 		126.7 		0
v 92.652 		126.465 		0
v 92.568 		126.218 		0
v 120.261 		72.71 		0
v 120.203 		72.798 		0
v 120.156 		72.892 		0
v 120.122 		72.992 		0
v 120.102 		73.095 		0
v 92.517 		125.961 		0
v 120.1 		73.125 		0
v 120.497 		72.503 		0
v 120.41 		72.561 		0
v 120.331 		72.631 		0
v 92.517 		125.439 		0
v 120.825 		72.4 		0
v 120.795 		72.402 		0
v 120.692 		72.422 		0
v 120.592 		72.456 		0
v 92.568 		125.182 		0
v 92.652 		124.935 		0
v 92.6555 		124.928 		0
v 120.1 		87.398 		0
v 159.644 		127.488 		0.012
v 92.768 		124.7 		0
v 92.913 		124.482 		0
v 93.086 		124.286 		0
v 93.282 		124.113 		0
v 128.205 		72.402 		0
v 128.175 		72.4 		0
v 93.5 		123.968 		0
v 93.735 		123.852 		0
v 159.644 		114.688 		0.012
v 93.982 		123.768 		0
v 128.9 		73.125 		0
v 128.898 		73.095 		0
v 128.878 		72.992 		0
v 128.844 		72.892 		0
v 128.797 		72.797 		0
v 128.739 		72.71 		0
v 159.644 		126.976 		0.012
v 128.669 		72.631 		0
v 128.59 		72.561 		0
v 128.503 		72.503 		0
v 128.408 		72.456 		0
v 128.308 		72.422 		0
v 89.239 		130.761 		0.06
v 128.9 		87.398 		0
v 89.296 		130.704 		0.032
v 117.9 		73.125 		0
v 117.898 		73.095 		0
v 117.878 		72.992 		0
v 117.844 		72.892 		0
v 117.797 		72.797 		0
v 117.739 		72.71 		0
v 89.356 		130.644 		0.012
v 159.644 		114.176 		0.012
v 117.669 		72.631 		0
v 117.59 		72.561 		0
v 117.503 		72.503 		0
v 117.408 		72.456 		0
v 117.308 		72.422 		0
v 117.9 		87 		0
v 159.644 		126.464 		0.012
v 117.205 		72.402 		0
v 117.175 		72.4 		0
v 159.644 		125.952 		0.012
v 143.1871 		119.9462 		2.08
v 143.3061 		119.502 		3.2003
v 159.644 		113.152 		0.012
v 110.5 		90.5 		2.565
v 110.5 		89.4 		5.04
v 142.8227 		119.8222 		2.08
v 142.8956 		119.847 		2.08
v 159.644 		125.44 		0.012
v 143.306 		119.502 		3.2002
v 142.9983 		119.3981 		3.1982
v 89.002 		130.305 		0.4045
v 142.5 		119.663 		2.08
v 142.7063 		119.2542 		3.1981
v 142.998 		119.398 		3.1981
v 89.022 		130.408 		0.326
v 89.012 		130.3565 		0.356
v 159.644 		112.64 		0.012
v 159.644 		124.928 		0.012
v 89.056 		130.508 		0.2471
v 89.032 		130.4374 		0.296
v 142.706 		119.254 		3.1979
v 89.06 		130.5161 		0.239
v 142.7063 		114.9458 		3.1981
v 142.706 		114.946 		3.1979
v 142.9983 		114.8019 		3.1982
v 142.998 		114.802 		3.1981
v 143.3061 		114.698 		3.2003
v 143.306 		114.698 		3.2002
v 159.644 		111.616 		0.012
v 143.306 		114.698 		3.127
v 142.998 		114.802 		3.127
v 159.644 		111.104 		0.012
v 142.706 		114.946 		3.127
v 142.706 		119.254 		3.127
v 142.998 		119.398 		3.127
v 94.5 		127.7 		2.08
v 96.5 		130.203 		2.08
v 143.306 		119.502 		3.127
v 94.5 		127.7 		15.84
v 94.239 		127.683 		15.84
v 93.982 		127.632 		15.84
v 93.735 		127.548 		15.84
v 93.5 		127.432 		15.84
v 93.282 		127.287 		15.84
v 93.086 		127.114 		15.84
v 143.3256 		115.5923 		3.127
v 95.914 		127.114 		15.84
v 95.718 		127.287 		15.84
v 95.5 		127.432 		15.84
v 95.265 		127.548 		15.84
v 95.018 		127.632 		15.84
v 94.761 		127.683 		15.84
v 159.644 		110.592 		0.012
v 143.1344 		115.6867 		3.127
v 96.5 		125.7 		15.84
v 96.483 		125.961 		15.84
v 96.432 		126.218 		15.84
v 96.348 		126.465 		15.84
v 96.232 		126.7 		15.84
v 96.087 		126.918 		15.84
v 96.348 		124.935 		15.84
v 96.432 		125.182 		15.84
v 96.483 		125.439 		15.84
v 142.9567 		115.8055 		3.127
v 95.914 		124.286 		15.84
v 96.087 		124.482 		15.84
v 96.232 		124.7 		15.84
v 142.7963 		115.9463 		3.127
v 94.239 		123.717 		15.84
v 94.5 		123.7 		15.84
v 94.761 		123.717 		15.84
v 95.018 		123.768 		15.84
v 95.265 		123.852 		15.84
v 95.5 		123.968 		15.84
v 95.718 		124.113 		15.84
v 142.6555 		116.1067 		3.127
v 92.5 		125.7 		15.84
v 92.517 		125.439 		15.84
v 92.568 		125.182 		15.84
v 92.652 		124.935 		15.84
v 92.913 		126.918 		15.84
v 92.768 		126.7 		15.84
v 92.652 		126.465 		15.84
v 92.568 		126.218 		15.84
v 92.517 		125.961 		15.84
v 142.5367 		116.2844 		3.127
v 93.982 		123.768 		15.84
v 92.768 		124.7 		15.84
v 92.913 		124.482 		15.84
v 93.086 		124.286 		15.84
v 93.282 		124.113 		15.84
v 93.5 		123.968 		15.84
v 93.735 		123.852 		15.84
v 159.644 		110.08 		0.012
v 142.5367 		117.9156 		3.127
v 142.6555 		118.0933 		3.127
v 142.7963 		118.2537 		3.127
v 142.9567 		118.3945 		3.127
v 159.644 		109.568 		0.012
v 143.1344 		118.5133 		3.127
v 143.3256 		118.6077 		3.127
v 142.5774 		114.7216 		0
v 159.644 		108.544 		0.012
v 159.644 		108.032 		0.012
v 142.5774 		119.4784 		0
v 142.8993 		119.6373 		0
v 143.2392 		119.7523 		0
v 144.3346 		114.1793 		2.08
v 143.95 		114.1537 		2.08
v 159.644 		107.52 		0.012
v 128.9 		87.398 		0.4347
v 128.9 		87.399 		0.419
v 144.2747 		114.634 		3.1974
v 128.9 		87.4 		0.4142
v 143.95 		114.613 		3.1989
v 144.7129 		114.2538 		2.08
v 144.275 		114.634 		3.1973
v 145.0773 		114.3778 		2.08
v 145.0044 		114.353 		2.08
v 159.644 		107.008 		0.012
v 145.4231 		114.5484 		2.08
v 120.1 		87.399 		0.419
v 120.1 		87.398 		0.4347
v 145.5198 		114.613 		2.08
v 159.644 		106.496 		0.012
v 142.5 		114.537 		2.08
v 142.8227 		114.3778 		2.08
v 143.1871 		114.2538 		2.08
v 142.8956 		114.353 		2.08
v 143.5654 		114.1793 		2.08
v 143.6253 		114.634 		3.1974
v 143.625 		114.634 		3.1973
v 126.903 		73.798 		0.318
v 122.097 		73.798 		0.318
v 122.898 		78.103 		0.318
v 126.102 		78.103 		0.318
v 126.102 		74.898 		0.318
v 122.898 		74.898 		0.318
v 122.097 		87.398 		0.318
v 126.903 		87.398 		0.318
v 159.644 		105.472 		0.012
v 143.95 		114.613 		3.127
v 143.625 		114.634 		3.127
v 122.097 		87.398 		0.4347
v 122.097 		87.399 		0.419
v 144.275 		114.634 		3.127
v 159.644 		104.96 		0.012
v 159.203 		130.203 		2.08
v 158.398 		123.7 		2.08
v 156.5 		125.7 		2.08
v 143.5911 		114.3777 		0
v 143.95 		114.3537 		0
v 143.2392 		114.4477 		0
v 142.8993 		114.5627 		0
v 121.503 		73.798 		1.998
v 120.698 		73.798 		1.998
v 145.0007 		114.5627 		0
v 144.6608 		114.4477 		0
v 144.3089 		114.3777 		0
v 159.644 		103.936 		0.012
v 142.5 		92.5 		5.04
v 129.8472 		106.352 		2.08
v 129.8472 		106.352 		0
v 129.592 		106.643 		2.08
v 129.592 		106.643 		0
v 128.883 		107.264 		2.08
v 128.883 		107.264 		0
v 128.1 		107.788 		2.08
v 128.1 		107.788 		0
v 159.644 		103.424 		0.012
v 127.256 		108.204 		2.08
v 127.256 		108.204 		0
v 126.364 		108.507 		2.08
v 126.364 		108.507 		0
v 125.44 		108.691 		2.08
v 125.44 		108.691 		0
v 124.5 		108.752 		2.08
v 124.5 		108.752 		0
v 96.5 		125.7 		2.08
v 129.8472 		96.75 		0
v 129.8472 		96.75 		2.08
v 98.848 		123.7 		2.08
v 124.5 		94.349 		0.318
v 125.44 		94.411 		0.318
v 125.44 		94.411 		0
v 124.5 		94.349 		0
v 126.364 		94.595 		0.318
v 126.364 		94.595 		0
v 126.9 		94.7765 		0.318
v 159.644 		102.912 		0.012
v 127.256 		94.897 		2.08
v 127.256 		94.897 		0
v 126.9 		94.7765 		2.08
v 128.1 		95.314 		2.08
v 128.1 		95.314 		0
v 120.698 		84.003 		1.998
v 121.503 		84.003 		1.998
v 121.503 		80.798 		1.998
v 120.698 		80.798 		1.998
v 128.883 		95.837 		2.08
v 120.698 		77.003 		1.998
v 128.883 		95.837 		0
v 121.503 		77.003 		1.998
v 129.592 		96.459 		2.08
v 129.592 		96.459 		0
v 159.644 		102.4 		0.012
v 119.1528 		106.352 		0
v 119.1528 		106.352 		2.08
v 122.636 		108.507 		2.08
v 122.636 		108.507 		0
v 121.744 		108.204 		2.08
v 121.744 		108.204 		0
v 120.9 		107.788 		2.08
v 120.9 		107.788 		0
v 120.117 		107.264 		2.08
v 120.117 		107.264 		0
v 119.408 		106.643 		2.08
v 119.408 		106.643 		0
v 123.56 		108.691 		2.08
v 123.56 		108.691 		0
v 126.976 		131 		0.48
v 119.1528 		96.75 		2.08
v 119.1528 		96.75 		0
v 119.408 		96.459 		2.08
v 119.408 		96.459 		0
v 120.117 		95.837 		2.08
v 124.928 		131 		0.48
v 120.117 		95.837 		0
v 120.9 		95.314 		2.08
v 120.9 		95.314 		0
v 124.416 		131 		0.48
v 121.744 		94.897 		2.08
v 121.744 		94.897 		0
v 122.1 		94.7765 		0.318
v 122.636 		94.595 		0.318
v 122.636 		94.595 		0
v 122.1 		94.7765 		2.08
v 89.356 		119.808 		0.012
v 126.903 		87.4 		0.4142
v 126.903 		87.399 		0.419
v 126.903 		87.398 		0.4347
v 123.56 		94.411 		0.318
v 123.56 		94.411 		0
v 127.498 		84.003 		1.998
v 128.303 		84.003 		1.998
v 128.303 		80.798 		1.998
v 127.498 		80.798 		1.998
v 127.498 		77.003 		1.998
v 128.303 		77.003 		1.998
v 119.808 		131 		0.48
v 128.303 		73.798 		1.998
v 127.498 		73.798 		1.998
v 117.76 		131 		0.48
v 117.248 		131 		0.48
v 116.224 		131 		0.48
v 115.712 		131 		0.48
v 115.2 		131 		0.48
v 114.176 		131 		0.48
v 138.5 		92.5 		2.08
v 113.664 		131 		0.48
v 89.356 		118.784 		0.012
v 112.128 		131 		0.48
v 111.616 		131 		0.48
v 111.104 		131 		0.48
v 110.592 		131 		0.48
v 117.774 		108.752 		2.08
v 153.088 		130.988 		0.356
v 89.356 		118.272 		0.012
v 110.5 		92.5 		2.08
v 138.5 		92.5 		5.04
v 138.24 		130.988 		0.356
v 152.576 		130.988 		0.356
v 142.2784 		114.9216 		0
v 142.0085 		115.1585 		0
v 141.7716 		115.4284 		0
v 141.5716 		115.7274 		0
v 89.356 		117.248 		0.012
v 137.216 		130.988 		0.356
v 154.5 		127.7 		2.08
v 154.5 		127.7 		15.84
v 154.239 		127.683 		15.84
v 141.5716 		118.4726 		0
v 153.982 		127.632 		15.84
v 153.735 		127.548 		15.84
v 153.5 		127.432 		15.84
v 153.282 		127.287 		15.84
v 153.086 		127.114 		15.84
v 155.914 		127.114 		15.84
v 155.718 		127.287 		15.84
v 155.5 		127.432 		15.84
v 155.265 		127.548 		15.84
v 155.018 		127.632 		15.84
v 154.761 		127.683 		15.84
v 141.7716 		118.7716 		0
v 156.5 		125.7 		15.84
v 156.483 		125.961 		15.84
v 156.432 		126.218 		15.84
v 156.348 		126.465 		15.84
v 156.232 		126.7 		15.84
v 156.087 		126.918 		15.84
v 142.0085 		119.0415 		0
v 155.718 		124.113 		15.84
v 155.914 		124.286 		15.84
v 156.087 		124.482 		15.84
v 136.704 		130.988 		0.356
v 156.232 		124.7 		15.84
v 156.348 		124.935 		15.84
v 156.432 		125.182 		15.84
v 156.483 		125.439 		15.84
v 142.2784 		119.2784 		0
v 152.5 		125.7 		15.84
v 152.517 		125.439 		15.84
v 152.568 		125.182 		15.84
v 152.652 		124.935 		15.84
v 152.913 		126.918 		15.84
v 152.768 		126.7 		15.84
v 152.652 		126.465 		15.84
v 152.568 		126.218 		15.84
v 152.517 		125.961 		15.84
v 141.4127 		116.0493 		0
v 154.239 		123.717 		15.84
v 154.5 		123.7 		15.84
v 154.761 		123.717 		15.84
v 155.018 		123.768 		15.84
v 155.265 		123.852 		15.84
v 155.5 		123.968 		15.84
v 152.768 		124.7 		15.84
v 152.913 		124.482 		15.84
v 153.086 		124.286 		15.84
v 153.282 		124.113 		15.84
v 141.2977 		116.3892 		0
v 153.5 		123.968 		15.84
v 153.735 		123.852 		15.84
v 153.982 		123.768 		15.84
v 117.9 		73.125 		0.64
v 141.2277 		116.7411 		0
v 117.9 		87 		0.64
v 117.25 		74 		0.64
v 141.2037 		117.1 		0
v 117.739 		72.71 		0.64
v 136.192 		130.988 		0.356
v 117.797 		72.797 		0.64
v 117.844 		72.892 		0.64
v 117.878 		72.992 		0.64
v 141.2277 		117.4589 		0
v 117.898 		73.095 		0.64
v 117.308 		72.422 		0.64
v 117.408 		72.456 		0.64
v 117.503 		72.503 		0.64
v 117.59 		72.561 		0.64
v 117.669 		72.631 		0.64
v 141.2977 		117.8108 		0
v 117.25 		83.8 		0.64
v 117.25 		81 		0.64
v 117.25 		76.8 		0.64
v 141.4127 		118.1507 		0
v 89.356 		115.712 		0.012
v 117.25 		81 		1.92
v 117.25 		83.8 		1.92
v 117.25 		74 		1.92
v 117.25 		76.8 		1.92
v 142.4769 		119.6516 		2.08
v 116.95 		74 		0.64
v 116.95 		76.8 		0.64
v 116.95 		81 		0.64
v 116.95 		83.8 		0.64
v 96.0358 		126.976 		2.08
v 95.914 		127.114 		2.08
v 142.1567 		119.4376 		2.08
v 116.95 		81 		1.92
v 116.95 		83.8 		1.92
v 116.95 		74 		1.92
v 116.95 		76.8 		1.92
v 142.4362 		119.0732 		3.1991
v 95.718 		127.287 		2.08
v 135.168 		130.988 		0.356
v 95.5 		127.432 		2.08
v 141.8667 		119.1833 		2.08
v 142.191 		118.859 		3.1974
v 142.436 		119.073 		3.199
v 95.265 		127.548 		2.08
v 117.175 		72.4 		0.64
v 117.205 		72.402 		0.64
v 89.356 		114.688 		0.012
v 141.6124 		118.8933 		2.08
v 95.018 		127.632 		2.08
v 141.9768 		118.6137 		3.1991
v 141.977 		118.614 		3.199
v 94.761 		127.683 		2.08
v 94.239 		127.683 		2.08
v 141.3984 		118.5731 		2.08
v 141.463 		118.6698 		2.08
v 141.7958 		118.3437 		3.1981
v 141.796 		118.344 		3.1979
v 93.982 		127.632 		2.08
v 93.735 		127.548 		2.08
v 93.5 		127.432 		2.08
v 141.2278 		118.2273 		2.08
v 141.6519 		118.0517 		3.1982
v 141.652 		118.052 		3.1981
v 93.282 		127.287 		2.08
v 134.144 		130.988 		0.356
v 93.086 		127.114 		2.08
v 89.356 		113.664 		0.012
v 92.9642 		126.976 		2.08
v 159.644 		94.72 		0.012
v 96.348 		124.935 		2.08
v 96.3445 		124.928 		2.08
v 141.1038 		117.8629 		2.08
v 141.548 		117.7439 		3.2003
v 141.548 		117.744 		3.2002
v 96.432 		125.182 		2.08
v 133.632 		130.988 		0.356
v 96.483 		125.439 		2.08
v 89.356 		113.152 		0.012
v 159.644 		94.208 		0.012
v 96.483 		125.961 		2.08
v 141.0293 		117.4846 		2.08
v 141.484 		117.4247 		3.1974
v 141.484 		117.425 		3.1973
v 96.432 		126.218 		2.08
v 96.348 		126.465 		2.08
v 133.12 		130.988 		0.356
v 96.232 		126.7 		2.08
v 96.087 		126.918 		2.08
v 141.0038 		117.1 		2.08
v 94.5 		123.7 		2.08
v 94.761 		123.717 		2.08
v 141.463 		117.1 		3.1989
v 126.9 		87.4 		0.4142
v 132.608 		130.988 		0.356
v 95.018 		123.768 		2.08
v 141.0293 		116.7154 		2.08
v 89.356 		112.128 		0.012
v 141.484 		116.7753 		3.1974
v 95.265 		123.852 		2.08
v 141.1038 		116.3371 		2.08
v 95.5 		123.968 		2.08
v 141.548 		116.4561 		3.2003
v 95.718 		124.113 		2.08
v 141.484 		116.775 		3.1973
v 95.914 		124.286 		2.08
v 132.096 		130.988 		0.356
v 96.087 		124.482 		2.08
v 141.2278 		115.9727 		2.08
v 96.232 		124.7 		2.08
v 141.548 		116.456 		3.2002
v 141.6519 		116.1483 		3.1982
v 94.239 		123.717 		2.08
v 94.208 		123.7232 		2.08
v 131.584 		130.988 		0.356
v 92.913 		126.918 		2.08
v 141.3984 		115.6269 		2.08
v 141.7958 		115.8563 		3.1981
v 141.652 		116.148 		3.1981
v 92.768 		126.7 		2.08
v 92.652 		126.465 		2.08
v 106.5 		90.5 		2.08
v 92.568 		126.218 		2.08
v 131.072 		130.988 		0.356
v 89.356 		110.592 		0.012
v 106.5 		90.5 		2.565
v 106.5 		89.4 		5.04
v 92.517 		125.961 		2.08
v 141.6124 		115.3067 		2.08
v 141.5672 		115.3743 		2.08
v 141.463 		115.5302 		2.08
v 141.9768 		115.5863 		3.1991
v 141.796 		115.856 		3.1979
v 109.661 		72.71 		0
v 109.603 		72.798 		0
v 109.556 		72.892 		0
v 109.522 		72.992 		0
v 109.502 		73.095 		0
v 109.5 		73.125 		0
v 110.092 		72.422 		0
v 109.992 		72.456 		0
v 109.897 		72.503 		0
v 109.81 		72.561 		0
v 109.731 		72.631 		0
v 109.5 		87 		0
v 92.517 		125.439 		2.08
v 110.225 		72.4 		0
v 110.195 		72.402 		0
v 92.568 		125.182 		2.08
v 130.56 		130.988 		0.356
v 92.652 		124.935 		2.08
v 141.8667 		115.0167 		2.08
v 141.81 		115.0813 		2.08
v 92.6555 		124.928 		2.08
v 142.191 		115.341 		3.1974
v 141.977 		115.586 		3.199
v 92.768 		124.7 		2.08
v 92.913 		124.482 		2.08
v 142.1567 		114.7624 		2.08
v 142.0978 		114.814 		2.08
v 93.086 		124.286 		2.08
v 142.4362 		115.1268 		3.1991
v 142.436 		115.127 		3.199
v 130.048 		130.988 		0.356
v 107.008 		87.8142 		0
v 89.356 		109.568 		0.012
v 93.282 		124.113 		2.08
v 93.5 		123.968 		2.08
v 110.45 		83.8 		0.64
v 110.45 		81 		0.64
v 110.45 		76.8 		0.64
v 110.45 		74 		0.64
v 93.735 		123.852 		2.08
v 93.982 		123.768 		2.08
v 142.268 		114.688 		2.08
v 109.5 		73.125 		0.64
v 109.5 		87 		0.64
v 130.048 		130.644 		0.012
v 110.15 		74 		0.64
v 109.502 		73.095 		0.64
v 109.522 		72.992 		0.64
v 109.556 		72.892 		0.64
v 109.603 		72.798 		0.64
v 129.536 		130.988 		0.356
v 109.661 		72.71 		0.64
v 109.731 		72.631 		0.64
v 109.81 		72.561 		0.64
v 109.897 		72.503 		0.64
v 109.992 		72.456 		0.64
v 110.092 		72.422 		0.64
v 110.15 		76.8 		0.64
v 110.15 		81 		0.64
v 110.15 		83.8 		0.64
v 142.436 		115.127 		3.127
v 142.191 		115.341 		3.127
v 141.977 		115.586 		3.127
v 141.796 		115.856 		3.127
v 129.536 		130.644 		0.012
v 141.652 		116.148 		3.127
v 160 		88.125 		0.4142
v 89.356 		108.544 		0.012
v 141.548 		116.456 		3.127
v 129.024 		130.988 		0.356
v 152.523 		96.783 		2.08
v 152.654 		96.829 		2.08
v 141.484 		116.775 		3.127
v 152.778 		96.894 		2.08
v 152.894 		96.974 		2.08
v 152.998 		97.07 		2.08
v 141.463 		117.1 		3.127
v 126.9 		87.4247 		0.318
v 153.089 		97.179 		2.08
v 153.166 		97.3 		2.08
v 141.484 		117.425 		3.127
v 153.227 		97.431 		2.08
v 110.195 		72.402 		0.64
v 110.225 		72.4 		0.64
v 153.271 		97.568 		2.08
v 141.548 		117.744 		3.127
v 129.024 		130.644 		0.012
v 153.298 		97.711 		2.08
v 153.302 		97.769 		2.08
v 141.652 		118.052 		3.127
v 128.512 		130.988 		0.356
v 141.796 		118.344 		3.127
v 159.5858 		87.8142 		0
v 141.977 		118.614 		3.127
v 142.191 		118.859 		3.127
v 142.436 		119.073 		3.127
v 128.512 		130.644 		0.012
v 142.4423 		116.4756 		3.127
v 128 		130.988 		0.356
v 142.374 		116.6776 		3.127
v 142.3324 		116.8867 		3.127
v 142.3181 		117.1 		3.127
v 128 		130.644 		0.012
v 89.356 		107.008 		0.012
v 127.488 		130.988 		0.356
v 142.3324 		117.3133 		3.127
v 153.302 		105.3464 		2.08
v 153.298 		105.404 		2.08
v 152.513 		106.32 		2.08
v 142.374 		117.5224 		3.127
v 153.271 		105.544 		2.08
v 153.226 		105.68 		2.08
v 153.164 		105.809 		2.08
v 153.086 		105.928 		2.08
v 142.4423 		117.7244 		3.127
v 152.993 		106.036 		2.08
v 152.888 		106.13 		2.08
v 152.771 		106.21 		2.08
v 152.646 		106.273 		2.08
v 127.488 		130.644 		0.012
v 159.275 		87.4 		0.4142
v 126.976 		130.988 		0.356
v 126.976 		130.644 		0.012
v 126.464 		130.988 		0.356
v 153.2317 		96.75 		2.08
v 126.9 		87.412 		0.356
v 89.356 		105.472 		0.012
v 126.464 		130.644 		0.012
v 89.012 		105.472 		0.356
v 125.952 		130.988 		0.356
v 154.5 		123.7 		2.08
v 154.5 		94.7 		15.84
v 154.239 		94.683 		15.84
v 153.982 		94.632 		15.84
v 153.735 		94.548 		15.84
v 153.5 		94.432 		15.84
v 153.282 		94.287 		15.84
v 155.718 		94.287 		15.84
v 155.5 		94.432 		15.84
v 155.265 		94.548 		15.84
v 155.018 		94.632 		15.84
v 154.761 		94.683 		15.84
v 156.5 		92.7 		15.84
v 89.012 		104.96 		0.356
v 156.483 		92.961 		15.84
v 156.432 		93.218 		15.84
v 125.952 		130.644 		0.012
v 156.348 		93.465 		15.84
v 156.232 		93.7 		15.84
v 156.087 		93.918 		15.84
v 155.914 		94.114 		15.84
v 155.718 		91.113 		15.84
v 155.914 		91.286 		15.84
v 156.087 		91.482 		15.84
v 156.232 		91.7 		15.84
v 156.348 		91.935 		15.84
v 156.432 		92.182 		15.84
v 156.483 		92.439 		15.84
v 125.44 		130.988 		0.356
v 152.5 		92.7 		15.84
v 152.517 		92.439 		15.84
v 152.568 		92.182 		15.84
v 153.086 		94.114 		15.84
v 152.913 		93.918 		15.84
v 152.768 		93.7 		15.84
v 152.652 		93.465 		15.84
v 152.568 		93.218 		15.84
v 152.517 		92.961 		15.84
v 154.239 		90.717 		15.84
v 154.5 		90.7 		15.84
v 154.761 		90.717 		15.84
v 155.018 		90.768 		15.84
v 155.265 		90.852 		15.84
v 155.5 		90.968 		15.84
v 152.652 		91.935 		15.84
v 152.768 		91.7 		15.84
v 152.913 		91.482 		15.84
v 153.086 		91.286 		15.84
v 153.282 		91.113 		15.84
v 153.5 		90.968 		15.84
v 153.735 		90.852 		15.84
v 153.982 		90.768 		15.84
v 89.356 		104.448 		0.012
v 89.012 		104.448 		0.356
v 124.928 		130.988 		0.356
v 142.4769 		114.5484 		2.08
v 89.012 		103.936 		0.356
v 124.928 		130.644 		0.012
v 110.5 		92.5 		5.04
v 124.416 		130.988 		0.356
v 96.682 		106.352 		2.08
v 96.613 		106.347 		2.08
v 89.356 		103.424 		0.012
v 89.012 		103.424 		0.356
v 96.625 		96.754 		2.08
v 96.6872 		96.75 		2.08
v 123.904 		130.988 		0.356
v 156.0358 		126.976 		2.08
v 155.914 		127.114 		2.08
v 155.718 		127.287 		2.08
v 103.371 		111.942 		2.08
v 104.05 		111.898 		2.08
v 102.703 		112.075 		2.08
v 102.059 		112.294 		2.08
v 155.5 		127.432 		2.08
v 89.012 		102.912 		0.356
v 101.449 		112.595 		2.08
v 100.883 		112.973 		2.08
v 155.265 		127.548 		2.08
v 100.371 		113.421 		2.08
v 123.904 		130.644 		0.012
v 99.923 		113.933 		2.08
v 99.545 		114.499 		2.08
v 155.018 		127.632 		2.08
v 123.392 		130.988 		0.356
v 106.041 		112.294 		2.08
v 154.761 		127.683 		2.08
v 105.397 		112.075 		2.08
v 159.998 		88.095 		0.4045
v 104.729 		111.942 		2.08
v 110.45 		74 		1.92
v 110.45 		76.8 		1.92
v 99.244 		115.109 		2.08
v 110.45 		81 		1.92
v 110.45 		83.8 		1.92
v 99.025 		115.753 		2.08
v 110.15 		74 		1.92
v 110.15 		76.8 		1.92
v 89.012 		102.4 		0.356
v 154.239 		127.683 		2.08
v 110.15 		81 		1.92
v 98.892 		116.421 		2.08
v 110.15 		83.8 		1.92
v 98.848 		117.1 		2.08
v 153.982 		127.632 		2.08
v 98.892 		117.779 		2.08
v 123.392 		130.644 		0.012
v 99.025 		118.447 		2.08
v 99.244 		119.091 		2.08
v 153.735 		127.548 		2.08
v 122.88 		130.988 		0.356
v 99.545 		119.701 		2.08
v 99.923 		120.267 		2.08
v 100.371 		120.779 		2.08
v 153.5 		127.432 		2.08
v 100.883 		121.227 		2.08
v 101.449 		121.606 		2.08
v 153.282 		127.287 		2.08
v 102.059 		121.906 		2.08
v 89.012 		101.888 		0.356
v 102.703 		122.125 		2.08
v 153.086 		127.114 		2.08
v 103.371 		122.258 		2.08
v 104.05 		122.303 		2.08
v 104.729 		122.258 		2.08
v 159.988 		88.0435 		0.356
v 105.397 		122.125 		2.08
v 152.9642 		126.976 		2.08
v 159.978 		87.992 		0.326
v 159.968 		87.9626 		0.296
v 106.041 		121.906 		2.08
v 122.88 		130.644 		0.012
v 159.944 		87.892 		0.2471
v 159.94 		87.8839 		0.239
v 155.718 		124.113 		2.08
v 155.648 		124.0664 		2.08
v 143.95 		113.3 		0
v 122.368 		130.988 		0.356
v 159.904 		87.8111 		0.186
v 159.897 		87.797 		0.178
v 159.862 		87.7445 		0.138
v 159.839 		87.71 		0.1179
v 159.814 		87.6818 		0.096
v 155.914 		124.286 		2.08
v 159.769 		87.631 		0.0654
v 89.012 		101.376 		0.356
v 159.761 		87.639 		0.06
v 147.75 		117.1 		0
v 156.087 		124.482 		2.08
v 143.95 		120.9 		0
v 156.232 		124.7 		2.08
v 147.456 		115.6359 		0
v 147.461 		115.646 		0
v 147.621 		116.116 		0
v 147.717 		116.604 		0
v 122.368 		130.644 		0.012
v 156.348 		124.935 		2.08
v 147.717 		117.596 		0
v 147.621 		118.084 		0
v 121.856 		130.988 		0.356
v 147.461 		118.554 		0
v 156.432 		125.182 		2.08
v 147.456 		118.5641 		0
v 156.483 		125.439 		2.08
v 147.3475 		118.784 		0
v 147.241 		119 		0
v 89.012 		100.864 		0.356
v 98.848 		111.898 		2.08
v 146.965 		119.413 		0
v 146.697 		119.7186 		0
v 146.637 		119.787 		0
v 146.5686 		119.847 		0
v 146.263 		120.115 		0
v 121.856 		130.761 		0.06
v 145.85 		120.391 		0
v 145.404 		120.611 		0
v 159.704 		87.696 		0.032
v 144.934 		120.771 		0
v 121.856 		130.644 		0.012
v 156.483 		125.961 		2.08
v 144.446 		120.867 		0
v 159.644 		87.756 		0.012
v 143.454 		120.867 		0
v 121.344 		130.988 		0.356
v 156.432 		126.218 		2.08
v 143.36 		120.8485 		0
v 159.69 		87.561 		0.1179
v 159.7182 		87.586 		0.096
v 89.356 		100.352 		0.012
v 159.603 		87.503 		0.178
v 159.6555 		87.538 		0.138
v 156.348 		126.465 		2.08
v 89.012 		100.352 		0.356
v 159.508 		87.456 		0.2471
v 159.5161 		87.46 		0.239
v 159.5889 		87.496 		0.186
v 156.232 		126.7 		2.08
v 159.408 		87.422 		0.326
v 159.4374 		87.432 		0.296
v 159.305 		87.402 		0.4045
v 159.3565 		87.412 		0.356
v 121.344 		130.761 		0.06
v 156.087 		126.918 		2.08
v 121.344 		130.644 		0.012
v 120.832 		130.988 		0.356
v 152.913 		126.918 		2.08
v 89.012 		99.84 		0.356
v 152.768 		126.7 		2.08
v 146.8782 		114.688 		0
v 146.965 		114.787 		0
v 152.652 		126.465 		2.08
v 147.241 		115.2 		0
v 152.568 		126.218 		2.08
v 106.5 		92.5 		2.08
v 120.832 		130.644 		0.012
v 106.5 		92.5 		5.04
v 152.517 		125.961 		2.08
v 89.356 		99.328 		0.012
v 120.32 		130.988 		0.356
v 89.012 		99.328 		0.356
v 152.517 		125.439 		2.08
v 152.568 		125.182 		2.08
v 152.652 		124.935 		2.08
v 120.32 		130.644 		0.012
v 152.6555 		124.928 		2.08
v 119.808 		130.988 		0.356
v 89.012 		98.816 		0.356
v 154.761 		123.717 		2.08
v 155.018 		123.768 		2.08
v 155.265 		123.852 		2.08
v 142.966 		120.771 		0
v 142.5 		120.6124 		0
v 155.5 		123.968 		2.08
v 119.808 		130.644 		0.012
v 108.556 		114.499 		2.08
v 119.296 		130.988 		0.356
v 89.012 		98.304 		0.356
v 108.177 		113.933 		2.08
v 144.446 		113.333 		0
v 107.729 		113.421 		2.08
v 144.934 		113.429 		0
v 145.404 		113.589 		0
v 152.768 		124.7 		2.08
v 107.217 		112.973 		2.08
v 145.85 		113.809 		0
v 146.263 		114.085 		0
v 106.651 		112.595 		2.08
v 146.5686 		114.353 		0
v 146.637 		114.413 		0
v 146.697 		114.4814 		0
v 146.8124 		114.613 		0
v 106.651 		121.606 		2.08
v 152.913 		124.482 		2.08
v 142.5 		113.5876 		0
v 142.966 		113.429 		0
v 107.217 		121.227 		2.08
v 143.454 		113.333 		0
v 107.729 		120.779 		2.08
v 119.296 		130.761 		0.06
v 153.086 		124.286 		2.08
v 108.177 		120.267 		2.08
v 89.356 		97.792 		0.012
v 108.556 		119.701 		2.08
v 119.296 		130.644 		0.012
v 153.282 		124.113 		2.08
v 108.856 		119.091 		2.08
v 89.012 		97.792 		0.356
v 109.075 		118.447 		2.08
v 118.784 		130.988 		0.356
v 153.5 		123.968 		2.08
v 109.208 		117.779 		2.08
v 109.253 		117.1 		2.08
v 109.208 		116.421 		2.08
v 153.735 		123.852 		2.08
v 109.075 		115.753 		2.08
v 108.856 		115.109 		2.08
v 153.982 		123.768 		2.08
v 154.239 		123.717 		2.08
v 118.784 		130.644 		0.012
v 89.012 		97.28 		0.356
v 118.272 		130.988 		0.356
v 118.272 		130.761 		0.06
v 118.272 		130.644 		0.012
v 89.356 		96.768 		0.012
v 89.012 		96.768 		0.356
v 117.76 		130.761 		0.06
v 117.76 		130.644 		0.012
v 117.248 		130.988 		0.356
v 140.15 		117.1 		0
v 117.248 		130.761 		0.06
v 117.248 		130.644 		0.012
v 142.496 		120.611 		0
v 142.05 		120.391 		0
v 116.736 		130.988 		0.356
v 141.637 		120.115 		0
v 141.463 		119.9624 		0
v 141.3314 		119.847 		0
v 141.263 		119.787 		0
v 141.203 		119.7186 		0
v 140.935 		119.413 		0
v 140.659 		119 		0
v 89.012 		96.256 		0.356
v 140.439 		118.554 		0
v 140.279 		118.084 		0
v 140.183 		117.596 		0
v 140.183 		116.604 		0
v 140.279 		116.116 		0
v 116.736 		130.644 		0.012
v 140.439 		115.646 		0
v 140.659 		115.2 		0
v 140.935 		114.787 		0
v 116.224 		130.988 		0.356
v 141.0218 		114.688 		0
v 116.224 		130.644 		0.012
v 115.712 		130.988 		0.356
v 89.012 		95.744 		0.356
v 115.712 		130.644 		0.012
v 115.2 		130.988 		0.356
v 95.702 		105.391 		2.08
v 95.698 		105.333 		2.08
v 128.512 		87.412 		0.356
v 96.222 		106.208 		2.08
v 115.2 		130.761 		0.06
v 96.106 		106.127 		2.08
v 89.012 		95.232 		0.356
v 96.002 		106.032 		2.08
v 95.911 		105.922 		2.08
v 114.688 		130.988 		0.356
v 95.834 		105.801 		2.08
v 95.773 		105.671 		2.08
v 95.729 		105.534 		2.08
v 96.477 		106.319 		2.08
v 114.688 		130.761 		0.06
v 96.346 		106.272 		2.08
v 114.176 		130.988 		0.356
v 141.263 		114.413 		0
v 141.637 		114.085 		0
v 142.05 		113.809 		0
v 142.496 		113.589 		0
v 89.012 		94.72 		0.356
v 114.176 		130.761 		0.06
v 89.356 		94.208 		0.012
v 95.698 		97.7552 		2.08
v 95.702 		97.698 		2.08
v 95.729 		97.557 		2.08
v 95.774 		97.422 		2.08
v 95.836 		97.293 		2.08
v 89.012 		94.208 		0.356
v 95.914 		97.174 		2.08
v 96.007 		97.066 		2.08
v 96.112 		96.971 		2.08
v 96.229 		96.892 		2.08
v 96.354 		96.828 		2.08
v 96.487 		96.782 		2.08
v 89.012 		93.696 		0.356
v 89.356 		93.184 		0.012
v 95.698 		97.4248 		2.08
v 94.5 		94.7 		15.84
v 94.239 		94.683 		15.84
v 93.982 		94.632 		15.84
v 93.735 		94.548 		15.84
v 93.5 		94.432 		15.84
v 93.282 		94.287 		15.84
v 95.718 		94.287 		15.84
v 95.5 		94.432 		15.84
v 95.265 		94.548 		15.84
v 95.018 		94.632 		15.84
v 94.761 		94.683 		15.84
v 96.5 		92.7 		15.84
v 96.483 		92.961 		15.84
v 96.432 		93.218 		15.84
v 96.348 		93.465 		15.84
v 96.232 		93.7 		15.84
v 96.087 		93.918 		15.84
v 95.914 		94.114 		15.84
v 96.432 		92.182 		15.84
v 96.483 		92.439 		15.84
v 96.232 		91.7 		15.84
v 96.348 		91.935 		15.84
v 94.239 		90.717 		15.84
v 94.5 		90.7 		15.84
v 94.761 		90.717 		15.84
v 95.018 		90.768 		15.84
v 95.265 		90.852 		15.84
v 95.5 		90.968 		15.84
v 95.718 		91.113 		15.84
v 95.914 		91.286 		15.84
v 96.087 		91.482 		15.84
v 92.5 		92.7 		15.84
v 92.517 		92.439 		15.84
v 92.568 		92.182 		15.84
v 93.086 		94.114 		15.84
v 92.913 		93.918 		15.84
v 92.768 		93.7 		15.84
v 92.652 		93.465 		15.84
v 92.568 		93.218 		15.84
v 92.517 		92.961 		15.84
v 93.982 		90.768 		15.84
v 92.652 		91.935 		15.84
v 92.768 		91.7 		15.84
v 92.913 		91.482 		15.84
v 93.086 		91.286 		15.84
v 93.282 		91.113 		15.84
v 93.5 		90.968 		15.84
v 93.735 		90.852 		15.84
# 1884 vertices

g group_0_16089887

usemtl color_16089887
s 0

f 9 	4 	8
f 10 	4 	11
f 12 	4 	13
f 14 	13 	4
f 4 	5 	15
f 17 	57 	18
f 19 	18 	4
f 16 	15 	5
f 5 	78 	16
f 24 	108 	25
f 25 	801 	26
f 26 	802 	27
f 27 	804 	28
f 29 	807 	30
f 789 	790 	31
f 471 	791 	33
f 32 	31 	790
f 12 	11 	4
f 10 	8 	4
f 9 	19 	4
f 30 	785 	31
f 21 	20 	80
f 20 	16 	80
f 78 	80 	16
f 15 	14 	4
f 23 	813 	24
f 22 	21 	80
f 22 	813 	23
f 804 	805 	28
f 39 	157 	1381
f 41 	40 	57
f 42 	41 	57
f 43 	42 	57
f 1612 	1609 	102
f 44 	57 	17
f 102 	103 	1612
f 47 	741 	48
f 48 	741 	49
f 1058 	1100 	53
f 1100 	1090 	53
f 1090 	1092 	53
f 40 	56 	57
f 49 	741 	50
f 4 	18 	57
f 1782 	1058 	53
f 51 	1782 	52
f 50 	741 	51
f 52 	1782 	53
f 43 	57 	44
f 1619 	103 	104
f 61 	58 	1117
f 58 	59 	1117
f 2 	1117 	59
f 58 	61 	687
f 62 	106 	60
f 1498 	276 	277
f 58 	66 	59
f 64 	59 	66
f 65 	845 	63
f 64 	2 	59
f 68 	106 	67
f 111 	113 	1677
f 67 	106 	65
f 71 	73 	70
f 73 	74 	70
f 917 	70 	74
f 1679 	1680 	113
f 75 	106 	72
f 76 	106 	75
f 295 	1503 	1502
f 1505 	248 	1506
f 71 	81 	79
f 402 	397 	77
f 371 	82 	77
f 813 	22 	80
f 83 	79 	81
f 71 	70 	81
f 79 	256 	85
f 122 	114 	93
f 87 	71 	85
f 79 	85 	71
f 93 	94 	122
f 77 	514 	91
f 692 	91 	514
f 94 	95 	122
f 92 	93 	114
f 121 	122 	95
f 117 	118 	101
f 96 	99 	119
f 6 	7 	117
f 101 	6 	117
f 116 	117 	7
f 63 	847 	80
f 72 	106 	68
f 109 	3 	1
f 840 	841 	106
f 845 	65 	844
f 847 	63 	845
f 844 	65 	106
f 124 	126 	90
f 114 	124 	92
f 90 	92 	124
f 119 	121 	96
f 89 	90 	126
f 126 	127 	86
f 84 	86 	127
f 118 	119 	99
f 163 	116 	7
f 99 	101 	118
f 3 	109 	112
f 95 	96 	121
f 86 	89 	126
f 127 	131 	84
f 62 	84 	131
f 139 	123 	125
f 109 	125 	123
f 131 	138 	62
f 138 	141 	62
f 140 	128 	123
f 128 	129 	123
f 129 	130 	123
f 130 	132 	123
f 132 	133 	123
f 133 	134 	123
f 134 	135 	123
f 135 	136 	123
f 137 	123 	136
f 1666 	105 	107
f 141 	179 	62
f 140 	123 	139
f 110 	1669 	107
f 1669 	1670 	107
f 111 	1673 	110
f 146 	120 	145
f 144 	145 	120
f 143 	144 	120
f 147 	120 	146
f 148 	120 	147
f 149 	120 	148
f 150 	120 	149
f 150 	151 	120
f 142 	143 	120
f 141 	138 	131
f 141 	131 	127
f 141 	127 	126
f 141 	126 	124
f 141 	124 	114
f 141 	114 	122
f 141 	122 	121
f 141 	121 	119
f 141 	119 	118
f 189 	188 	116
f 141 	118 	117
f 1679 	113 	115
f 151 	152 	120
f 152 	153 	120
f 112 	120 	153
f 109 	123 	112
f 88 	1470 	115
f 1381 	155 	156
f 1381 	156 	39
f 120 	112 	123
f 157 	159 	1381
f 210 	212 	1488
f 7 	1381 	161
f 159 	160 	1381
f 161 	162 	7
f 1489 	212 	215
f 163 	7 	162
f 1491 	219 	221
f 161 	189 	162
f 160 	189 	161
f 159 	189 	160
f 157 	189 	159
f 163 	162 	189
f 39 	189 	157
f 156 	189 	39
f 155 	189 	156
f 154 	189 	155
f 116 	163 	189
f 166 	167 	1381
f 167 	168 	1381
f 168 	169 	1381
f 170 	171 	1381
f 169 	170 	1381
f 171 	173 	1381
f 174 	1381 	173
f 1381 	174 	175
f 154 	1381 	175
f 155 	1381 	154
f 176 	197 	175
f 177 	176 	175
f 154 	175 	189
f 175 	174 	177
f 165 	177 	174
f 165 	174 	173
f 165 	173 	171
f 165 	171 	170
f 165 	170 	169
f 168 	166 	169
f 167 	166 	168
f 165 	169 	166
f 179 	180 	62
f 106 	62 	180
f 180 	181 	106
f 183 	106 	181
f 164 	184 	185
f 187 	188 	164
f 188 	189 	164
f 189 	190 	164
f 1503 	295 	301
f 309 	1864 	1863
f 187 	186 	116
f 186 	185 	116
f 185 	184 	116
f 184 	183 	116
f 183 	181 	116
f 181 	180 	116
f 180 	179 	116
f 179 	141 	116
f 117 	116 	141
f 188 	187 	116
f 315 	1864 	309
f 190 	191 	164
f 191 	192 	164
f 192 	193 	164
f 193 	194 	164
f 194 	195 	164
f 196 	164 	195
f 335 	1516 	1515
f 196 	197 	164
f 164 	197 	176
f 196 	175 	197
f 195 	175 	196
f 194 	175 	195
f 193 	175 	194
f 192 	175 	193
f 191 	175 	192
f 190 	175 	191
f 189 	175 	190
f 198 	200 	199
f 201 	199 	200
f 359 	367 	1871
f 1874 	373 	378
f 378 	1875 	1874
f 205 	203 	202
f 1869 	395 	401
f 202 	204 	205
f 82 	1519 	1518
f 207 	206 	1456
f 206 	282 	1456
f 339 	335 	216
f 208 	1545 	209
f 1488 	1487 	210
f 210 	207 	1456
f 988 	989 	205
f 1489 	1488 	212
f 1844 	1843 	211
f 214 	1845 	1844
f 213 	339 	216
f 1061 	216 	200
f 424 	418 	751
f 211 	214 	1844
f 204 	467 	205
f 279 	267 	643
f 1491 	215 	219
f 449 	205 	450
f 1847 	218 	220
f 1431 	1429 	215
f 220 	222 	1847
f 1828 	1826 	222
f 317 	241 	200
f 219 	215 	1474
f 227 	217 	225
f 1826 	1836 	222
f 225 	217 	229
f 241 	238 	200
f 1474 	1423 	230
f 1384 	1383 	1805
f 229 	217 	234
f 230 	1421 	233
f 229 	234 	231
f 236 	237 	234
f 237 	231 	234
f 234 	217 	244
f 317 	1512 	241
f 1871 	1842 	243
f 359 	1871 	243
f 236 	234 	246
f 252 	1338 	251
f 244 	246 	234
f 253 	81 	70
f 253 	70 	249
f 245 	246 	244
f 1507 	247 	254
f 244 	217 	257
f 1338 	258 	251
f 81 	253 	83
f 256 	83 	253
f 419 	412 	240
f 240 	384 	242
f 1332 	1285 	242
f 250 	386 	240
f 79 	83 	256
f 1507 	254 	1492
f 261 	1492 	254
f 245 	257 	260
f 263 	74 	73
f 1338 	1693 	258
f 73 	262 	263
f 265 	263 	262
f 77 	1029 	270
f 1848 	258 	264
f 1492 	261 	266
f 259 	260 	257
f 244 	257 	245
f 268 	257 	643
f 217 	643 	257
f 264 	1693 	269
f 266 	77 	270
f 1848 	264 	269
f 242 	917 	120
f 271 	272 	267
f 275 	1693 	278
f 269 	1693 	273
f 276 	1029 	277
f 270 	1029 	274
f 123 	530 	240
f 123 	240 	120
f 278 	1693 	283
f 273 	1693 	275
f 274 	1029 	276
f 276 	1498 	274
f 267 	272 	268
f 259 	268 	272
f 257 	268 	259
f 1029 	1456 	282
f 242 	120 	240
f 267 	268 	643
f 277 	1029 	282
f 284 	1545 	208
f 1544 	1833 	209
f 283 	1853 	278
f 271 	267 	281
f 283 	1545 	284
f 207 	1487 	206
f 1853 	283 	284
f 267 	279 	281
f 285 	286 	77
f 444 	1442 	158
f 287 	376 	1442
f 374 	287 	1442
f 341 	310 	338
f 280 	281 	279
f 285 	77 	291
f 1502 	285 	291
f 291 	77 	295
f 303 	297 	1338
f 1502 	291 	295
f 349 	350 	298
f 350 	352 	296
f 299 	349 	298
f 290 	240 	297
f 300 	349 	299
f 280 	292 	294
f 1863 	297 	303
f 279 	292 	280
f 307 	1505 	301
f 240 	1338 	297
f 292 	643 	311
f 303 	309 	1863
f 294 	292 	313
f 307 	248 	1505
f 247 	1506 	248
f 309 	1338 	315
f 201 	200 	238
f 318 	319 	158
f 319 	321 	158
f 315 	1338 	320
f 321 	322 	158
f 324 	158 	322
f 200 	216 	323
f 311 	313 	292
f 316 	318 	158
f 311 	643 	325
f 320 	1338 	327
f 317 	323 	1513
f 1338 	252 	334
f 1338 	331 	327
f 323 	330 	1513
f 330 	323 	216
f 323 	317 	200
f 296 	298 	350
f 304 	345 	302
f 302 	333 	300
f 305 	344 	304
f 293 	296 	352
f 330 	332 	1515
f 881 	882 	325
f 311 	325 	329
f 311 	329 	313
f 334 	1858 	331
f 332 	335 	1515
f 344 	306 	342
f 345 	304 	344
f 306 	344 	305
f 349 	300 	333
f 308 	342 	306
f 342 	308 	341
f 158 	383 	310
f 310 	312 	158
f 312 	316 	158
f 1634 	1627 	547
f 547 	549 	328
f 549 	336 	328
f 532 	533 	328
f 335 	332 	216
f 332 	330 	216
f 338 	310 	337
f 337 	310 	383
f 334 	252 	1858
f 310 	341 	308
f 251 	1855 	252
f 340 	343 	313
f 329 	340 	313
f 294 	313 	343
f 782 	147 	146
f 445 	240 	347
f 333 	302 	345
f 339 	213 	1509
f 288 	293 	354
f 348 	281 	280
f 294 	343 	280
f 348 	280 	343
f 199 	288 	354
f 213 	216 	353
f 357 	198 	355
f 351 	272 	271
f 348 	351 	281
f 271 	281 	351
f 346 	347 	240
f 355 	199 	354
f 213 	353 	1509
f 388 	198 	357
f 1510 	1509 	353
f 356 	260 	259
f 272 	351 	259
f 356 	259 	351
f 216 	751 	353
f 899 	900 	151
f 1798 	242 	1799
f 243 	1799 	359
f 360 	246 	245
f 260 	356 	245
f 360 	245 	356
f 1510 	353 	358
f 354 	363 	355
f 352 	363 	354
f 350 	363 	352
f 349 	363 	350
f 333 	363 	349
f 345 	363 	333
f 344 	363 	345
f 342 	363 	344
f 341 	363 	342
f 338 	363 	341
f 337 	363 	338
f 357 	355 	363
f 361 	237 	236
f 361 	236 	246
f 361 	246 	360
f 358 	353 	751
f 366 	1442 	364
f 366 	368 	1442
f 368 	369 	1442
f 359 	1799 	367
f 237 	361 	231
f 365 	231 	361
f 369 	370 	1442
f 385 	381 	77
f 82 	402 	77
f 370 	372 	1442
f 374 	1442 	372
f 1799 	242 	367
f 371 	77 	375
f 158 	1442 	377
f 376 	377 	1442
f 377 	379 	158
f 379 	380 	158
f 373 	367 	242
f 380 	382 	158
f 383 	158 	382
f 375 	77 	381
f 378 	373 	242
f 385 	77 	286
f 1875 	378 	384
f 710 	711 	348
f 708 	709 	340
f 386 	384 	240
f 384 	378 	242
f 384 	386 	1875
f 382 	380 	383
f 380 	379 	383
f 379 	377 	383
f 377 	376 	383
f 376 	287 	383
f 287 	374 	383
f 374 	372 	383
f 372 	370 	383
f 370 	369 	383
f 369 	368 	383
f 368 	366 	383
f 366 	364 	383
f 337 	383 	363
f 364 	363 	383
f 388 	357 	363
f 285 	1501 	286
f 391 	198 	388
f 390 	751 	389
f 389 	1530 	390
f 250 	240 	395
f 389 	751 	397
f 1085 	1060 	434
f 1869 	250 	395
f 400 	434 	399
f 365 	361 	716
f 713 	715 	356
f 711 	713 	351
f 351 	348 	711
f 710 	348 	709
f 343 	709 	348
f 340 	709 	343
f 395 	240 	401
f 751 	77 	397
f 1518 	397 	402
f 399 	363 	400
f 398 	363 	399
f 396 	363 	398
f 394 	363 	396
f 393 	363 	394
f 392 	363 	393
f 391 	363 	392
f 388 	363 	391
f 403 	400 	363
f 408 	409 	1442
f 407 	408 	1442
f 402 	82 	1518
f 411 	1442 	409
f 364 	1442 	363
f 363 	1442 	411
f 362 	358 	751
f 401 	240 	404
f 412 	404 	240
f 413 	1524 	362
f 412 	1878 	404
f 415 	434 	403
f 415 	416 	434
f 420 	434 	416
f 413 	362 	751
f 420 	422 	434
f 422 	423 	434
f 418 	413 	751
f 419 	240 	425
f 429 	433 	434
f 437 	240 	440
f 439 	751 	390
f 424 	751 	431
f 1442 	434 	433
f 1881 	425 	432
f 1527 	424 	431
f 431 	751 	436
f 1527 	431 	436
f 432 	437 	1881
f 436 	751 	439
f 428 	426 	411
f 363 	411 	426
f 429 	428 	411
f 423 	363 	426
f 422 	363 	423
f 420 	363 	422
f 416 	363 	420
f 415 	363 	416
f 403 	363 	415
f 433 	429 	411
f 409 	407 	411
f 406 	433 	411
f 408 	407 	409
f 406 	411 	407
f 184 	438 	69
f 172 	69 	164
f 438 	164 	69
f 1884 	440 	442
f 996 	999 	443
f 1884 	442 	445
f 441 	996 	443
f 631 	630 	1667
f 346 	1859 	347
f 1004 	205 	449
f 164 	438 	184
f 69 	387 	184
f 106 	184 	387
f 69 	182 	387
f 387 	182 	106
f 741 	771 	182
f 1001 	447 	998
f 998 	448 	446
f 448 	998 	447
f 450 	205 	453
f 1001 	1004 	452
f 1001 	452 	447
f 450 	451 	449
f 451 	452 	449
f 498 	499 	158
f 450 	454 	455
f 324 	494 	158
f 450 	455 	451
f 454 	450 	453
f 457 	205 	456
f 453 	205 	457
f 106 	183 	184
f 454 	457 	459
f 458 	459 	456
f 453 	457 	454
f 456 	459 	457
f 817 	823 	182
f 780 	182 	779
f 460 	828 	182
f 185 	186 	164
f 186 	187 	164
f 456 	205 	461
f 456 	461 	462
f 465 	503 	158
f 458 	456 	464
f 499 	500 	158
f 500 	465 	158
f 504 	505 	444
f 444 	158 	503
f 505 	506 	444
f 461 	464 	456
f 456 	462 	461
f 463 	464 	461
f 461 	205 	467
f 461 	467 	468
f 741 	36 	794
f 461 	468 	467
f 469 	470 	467
f 470 	463 	467
f 791 	792 	33
f 804 	27 	803
f 784 	30 	807
f 785 	30 	784
f 790 	471 	32
f 792 	794 	34
f 35 	34 	794
f 36 	35 	794
f 461 	467 	463
f 548 	537 	217
f 472 	473 	204
f 467 	204 	473
f 477 	478 	444
f 482 	444 	481
f 476 	444 	483
f 741 	444 	484
f 478 	479 	444
f 507 	477 	444
f 479 	480 	444
f 481 	444 	480
f 474 	475 	472
f 483 	444 	482
f 485 	741 	484
f 487 	489 	741
f 490 	741 	489
f 472 	475 	473
f 469 	473 	475
f 467 	473 	469
f 557 	548 	217
f 472 	204 	492
f 489 	487 	490
f 487 	486 	490
f 486 	485 	490
f 485 	484 	490
f 484 	476 	490
f 476 	483 	490
f 483 	482 	490
f 482 	481 	490
f 481 	480 	490
f 480 	479 	490
f 479 	478 	490
f 493 	536 	477
f 495 	158 	494
f 326 	534 	324
f 496 	158 	495
f 497 	158 	496
f 498 	158 	497
f 125 	566 	139
f 503 	504 	444
f 1 	125 	109
f 586 	466 	136
f 507 	444 	506
f 136 	135 	586
f 501 	502 	492
f 135 	134 	604
f 474 	472 	502
f 477 	507 	506
f 477 	506 	505
f 477 	505 	504
f 477 	504 	503
f 477 	503 	465
f 477 	465 	500
f 477 	500 	499
f 477 	499 	498
f 477 	498 	497
f 477 	497 	496
f 477 	496 	495
f 493 	477 	494
f 495 	494 	477
f 478 	477 	540
f 638 	130 	637
f 492 	502 	472
f 509 	510 	741
f 514 	512 	513
f 1657 	741 	518
f 722 	140 	139
f 524 	1652 	522
f 522 	1654 	519
f 204 	217 	492
f 523 	1117 	517
f 1117 	1112 	517
f 1117 	523 	61
f 526 	527 	521
f 529 	61 	523
f 604 	601 	135
f 516 	517 	530
f 492 	520 	501
f 519 	518 	478
f 522 	519 	478
f 518 	515 	478
f 515 	511 	478
f 511 	510 	478
f 510 	509 	478
f 509 	508 	478
f 508 	491 	478
f 491 	490 	478
f 524 	522 	478
f 540 	538 	478
f 612 	613 	134
f 533 	534 	326
f 326 	328 	533
f 134 	133 	612
f 618 	620 	133
f 536 	324 	534
f 494 	324 	493
f 493 	324 	536
f 525 	501 	520
f 133 	132 	618
f 634 	635 	130
f 557 	217 	556
f 520 	492 	217
f 538 	1652 	528
f 540 	1650 	538
f 129 	637 	130
f 128 	644 	129
f 1637 	1638 	547
f 1627 	1637 	547
f 525 	520 	539
f 328 	1634 	547
f 537 	539 	520
f 537 	520 	217
f 336 	532 	328
f 546 	477 	547
f 544 	477 	546
f 536 	534 	477
f 543 	477 	544
f 542 	477 	543
f 540 	477 	542
f 538 	528 	478
f 528 	524 	478
f 547 	477 	549
f 534 	533 	477
f 549 	477 	336
f 532 	477 	533
f 336 	477 	532
f 548 	551 	552
f 552 	537 	548
f 537 	552 	539
f 172 	691 	69
f 548 	557 	558
f 551 	548 	558
f 558 	557 	562
f 556 	562 	557
f 125 	1 	566
f 570 	217 	227
f 570 	571 	217
f 556 	217 	571
f 554 	584 	1416
f 573 	574 	571
f 556 	574 	562
f 98 	1416 	584
f 1 	727 	566
f 570 	573 	571
f 556 	571 	574
f 1035 	564 	563
f 582 	227 	581
f 570 	582 	573
f 570 	227 	582
f 225 	581 	227
f 569 	821 	568
f 572 	822 	569
f 231 	225 	229
f 225 	231 	583
f 225 	583 	581
f 741 	1779 	51
f 830 	553 	575
f 164 	1381 	691
f 575 	576 	830
f 137 	136 	466
f 589 	585 	588
f 590 	585 	589
f 591 	585 	590
f 587 	588 	585
f 592 	585 	591
f 593 	585 	592
f 584 	587 	585
f 596 	585 	595
f 594 	595 	585
f 597 	585 	596
f 598 	585 	597
f 593 	594 	585
f 826 	578 	579
f 475 	474 	599
f 502 	599 	474
f 586 	135 	601
f 98 	584 	91
f 580 	827 	579
f 600 	470 	469
f 475 	599 	469
f 600 	469 	599
f 606 	1079 	608
f 607 	464 	463
f 470 	600 	463
f 600 	607 	463
f 603 	608 	1079
f 611 	459 	458
f 611 	458 	464
f 607 	611 	464
f 604 	134 	613
f 459 	611 	454
f 614 	454 	611
f 46 	741 	47
f 616 	455 	454
f 616 	454 	614
f 612 	133 	622
f 621 	1127 	624
f 451 	616 	452
f 455 	616 	451
f 623 	452 	616
f 620 	622 	133
f 629 	448 	447
f 452 	623 	447
f 629 	447 	623
f 1131 	628 	627
f 618 	132 	631
f 630 	631 	132
f 633 	443 	446
f 448 	629 	446
f 633 	446 	629
f 132 	130 	630
f 633 	441 	443
f 635 	630 	130
f 617 	624 	1127
f 634 	130 	638
f 583 	231 	636
f 365 	636 	231
f 639 	582 	636
f 582 	581 	636
f 583 	636 	581
f 1696 	1692 	641
f 1589 	1584 	641
f 1704 	1702 	643
f 1722 	1704 	643
f 217 	1722 	643
f 73 	886 	643
f 642 	573 	639
f 574 	573 	642
f 582 	639 	573
f 645 	129 	644
f 637 	129 	645
f 649 	562 	642
f 558 	562 	649
f 574 	642 	562
f 641 	651 	643
f 652 	648 	651
f 648 	643 	651
f 554 	656 	657
f 644 	128 	654
f 140 	718 	128
f 654 	128 	719
f 551 	649 	552
f 655 	552 	649
f 558 	649 	551
f 652 	262 	648
f 661 	539 	655
f 525 	539 	661
f 552 	655 	539
f 648 	262 	73
f 648 	73 	643
f 586 	601 	466
f 666 	502 	501
f 525 	661 	501
f 666 	501 	661
f 599 	502 	666
f 46 	45 	741
f 38 	741 	45
f 849 	848 	646
f 37 	741 	38
f 646 	647 	849
f 679 	676 	678
f 683 	611 	682
f 685 	614 	683
f 638 	686 	634
f 688 	614 	685
f 682 	600 	681
f 679 	592 	676
f 690 	616 	688
f 666 	680 	599
f 692 	514 	513
f 692 	513 	693
f 34 	33 	792
f 36 	741 	37
f 677 	591 	672
f 694 	517 	516
f 694 	516 	695
f 696 	523 	517
f 696 	517 	694
f 697 	623 	690
f 599 	681 	600
f 693 	513 	521
f 693 	521 	698
f 696 	699 	529
f 696 	529 	523
f 1022 	1026 	671
f 600 	682 	607
f 527 	701 	698
f 527 	698 	521
f 674 	590 	667
f 701 	527 	526
f 701 	526 	702
f 667 	590 	663
f 1023 	1022 	671
f 607 	682 	611
f 704 	61 	529
f 704 	529 	699
f 516 	530 	695
f 664 	589 	659
f 684 	702 	526
f 660 	588 	656
f 587 	657 	588
f 687 	61 	704
f 476 	484 	444
f 686 	635 	634
f 629 	697 	633
f 623 	697 	629
f 616 	690 	623
f 614 	688 	616
f 611 	683 	614
f 700 	633 	697
f 671 	673 	1023
f 673 	675 	1023
f 910 	1023 	675
f 360 	356 	715
f 361 	360 	715
f 356 	351 	713
f 716 	361 	715
f 164 	691 	172
f 720 	365 	717
f 719 	128 	718
f 1442 	1661 	434
f 718 	140 	724
f 723 	636 	720
f 722 	724 	140
f 728 	642 	723
f 721 	596 	726
f 727 	139 	566
f 722 	139 	727
f 655 	649 	730
f 716 	717 	365
f 732 	655 	730
f 736 	655 	732
f 729 	594 	735
f 759 	760 	149
f 768 	769 	148
f 739 	666 	736
f 365 	720 	636
f 594 	593 	733
f 490 	491 	741
f 508 	509 	741
f 680 	666 	739
f 636 	723 	639
f 485 	486 	741
f 486 	487 	741
f 491 	508 	741
f 510 	511 	741
f 511 	515 	741
f 519 	1655 	518
f 528 	1652 	524
f 145 	786 	146
f 144 	793 	145
f 143 	798 	144
f 731 	1147 	725
f 681 	599 	680
f 661 	736 	666
f 655 	736 	661
f 728 	730 	649
f 649 	642 	728
f 639 	723 	642
f 150 	899 	151
f 769 	759 	148
f 679 	678 	740
f 147 	775 	148
f 775 	776 	148
f 782 	783 	147
f 717 	716 	435
f 602 	721 	726
f 717 	435 	720
f 742 	720 	435
f 3 	112 	153
f 895 	896 	152
f 152 	151 	895
f 743 	723 	742
f 514 	77 	751
f 751 	216 	755
f 672 	1620 	677
f 753 	754 	150
f 761 	182 	772
f 772 	182 	771
f 559 	560 	555
f 685 	683 	758
f 150 	149 	753
f 764 	765 	741
f 766 	770 	741
f 773 	182 	761
f 760 	753 	149
f 762 	688 	758
f 796 	797 	741
f 764 	741 	763
f 560 	610 	563
f 766 	741 	765
f 555 	560 	553
f 560 	563 	553
f 771 	741 	770
f 149 	148 	759
f 774 	182 	773
f 567 	564 	568
f 569 	568 	564
f 572 	569 	564
f 565 	564 	567
f 580 	564 	565
f 545 	572 	564
f 777 	182 	774
f 697 	690 	767
f 778 	182 	777
f 779 	182 	778
f 578 	564 	579
f 577 	564 	578
f 576 	564 	577
f 580 	579 	564
f 575 	564 	576
f 553 	564 	575
f 780 	781 	182
f 768 	148 	776
f 605 	561 	603
f 781 	814 	182
f 606 	608 	609
f 606 	609 	610
f 545 	564 	609
f 545 	609 	608
f 603 	550 	608
f 545 	608 	550
f 606 	561 	605
f 610 	560 	606
f 550 	603 	561
f 564 	553 	563
f 561 	606 	560
f 619 	541 	615
f 702 	615 	701
f 775 	147 	783
f 621 	624 	625
f 621 	625 	626
f 779 	778 	780
f 778 	777 	780
f 777 	774 	780
f 774 	773 	780
f 773 	761 	780
f 761 	772 	780
f 772 	771 	780
f 771 	770 	780
f 770 	766 	780
f 766 	765 	780
f 765 	764 	780
f 764 	763 	781
f 763 	797 	781
f 781 	780 	764
f 585 	598 	120
f 33 	32 	471
f 782 	146 	788
f 641 	1028 	74
f 788 	146 	787
f 559 	555 	628
f 628 	555 	632
f 1031 	675 	673
f 787 	146 	786
f 120 	917 	585
f 263 	651 	641
f 263 	641 	74
f 794 	796 	741
f 265 	652 	263
f 628 	625 	559
f 625 	624 	559
f 615 	559 	624
f 615 	624 	617
f 617 	619 	615
f 263 	652 	651
f 627 	535 	626
f 628 	535 	627
f 541 	621 	535
f 265 	262 	652
f 786 	145 	795
f 741 	797 	763
f 793 	795 	145
f 749 	680 	748
f 662 	658 	628
f 658 	653 	628
f 653 	650 	628
f 650 	647 	628
f 646 	628 	647
f 535 	628 	646
f 796 	781 	797
f 794 	781 	796
f 792 	781 	794
f 791 	781 	792
f 471 	781 	791
f 790 	781 	471
f 789 	815 	790
f 785 	815 	789
f 784 	815 	785
f 814 	781 	790
f 669 	628 	670
f 668 	628 	669
f 665 	628 	668
f 662 	628 	665
f 632 	670 	628
f 750 	681 	749
f 680 	749 	681
f 802 	26 	801
f 801 	25 	800
f 800 	25 	108
f 621 	541 	619
f 626 	535 	621
f 701 	615 	541
f 803 	27 	802
f 699 	696 	694
f 699 	694 	695
f 693 	698 	701
f 693 	701 	692
f 752 	682 	681
f 752 	681 	750
f 702 	684 	615
f 541 	692 	701
f 793 	144 	799
f 799 	144 	798
f 28 	805 	29
f 752 	756 	682
f 683 	682 	756
f 807 	29 	806
f 806 	29 	805
f 704 	699 	561
f 687 	704 	561
f 550 	561 	699
f 695 	550 	699
f 789 	31 	785
f 798 	143 	488
f 809 	861 	808
f 756 	758 	683
f 142 	488 	143
f 813 	80 	811
f 810 	812 	829
f 108 	24 	813
f 829 	830 	810
f 685 	758 	688
f 798 	488 	799
f 837 	444 	714
f 688 	762 	690
f 767 	690 	762
f 811 	784 	813
f 108 	813 	784
f 108 	784 	807
f 108 	807 	806
f 108 	806 	805
f 108 	805 	804
f 108 	804 	803
f 802 	800 	803
f 801 	800 	802
f 108 	803 	800
f 825 	826 	810
f 814 	815 	182
f 815 	816 	182
f 817 	182 	816
f 818 	819 	810
f 819 	820 	810
f 821 	810 	820
f 822 	810 	821
f 824 	810 	822
f 460 	182 	823
f 828 	833 	182
f 827 	818 	810
f 826 	827 	810
f 832 	810 	831
f 830 	831 	810
f 825 	810 	832
f 106 	182 	833
f 1039 	703 	700
f 106 	833 	834
f 106 	834 	835
f 1039 	671 	703
f 861 	809 	836
f 712 	837 	714
f 809 	810 	824
f 824 	836 	809
f 854 	444 	837
f 828 	784 	833
f 834 	833 	784
f 460 	784 	828
f 823 	784 	460
f 817 	784 	823
f 816 	784 	817
f 815 	784 	816
f 814 	790 	815
f 835 	834 	784
f 835 	838 	106
f 839 	106 	838
f 840 	106 	839
f 844 	106 	841
f 405 	708 	707
f 808 	848 	812
f 708 	405 	709
f 410 	709 	405
f 846 	870 	444
f 811 	80 	847
f 60 	106 	76
f 829 	812 	843
f 410 	414 	709
f 710 	709 	414
f 848 	808 	861
f 845 	784 	847
f 844 	784 	845
f 841 	784 	844
f 840 	784 	841
f 839 	784 	840
f 838 	784 	839
f 835 	784 	838
f 811 	847 	784
f 417 	711 	414
f 710 	414 	711
f 851 	852 	812
f 852 	853 	812
f 850 	851 	812
f 853 	855 	812
f 855 	856 	812
f 850 	812 	849
f 849 	812 	848
f 712 	854 	837
f 711 	417 	713
f 421 	713 	417
f 857 	858 	812
f 858 	859 	812
f 842 	812 	859
f 843 	812 	842
f 856 	857 	812
f 768 	776 	860
f 421 	427 	713
f 715 	713 	427
f 866 	1355 	865
f 867 	1355 	866
f 868 	1355 	867
f 871 	1355 	868
f 427 	430 	715
f 716 	715 	430
f 712 	870 	846
f 883 	897 	444
f 870 	883 	444
f 872 	873 	871
f 873 	874 	871
f 871 	874 	875
f 878 	879 	871
f 430 	435 	716
f 864 	865 	1355
f 712 	877 	854
f 878 	871 	875
f 877 	444 	854
f 863 	864 	1355
f 720 	742 	723
f 860 	769 	768
f 723 	743 	728
f 744 	728 	743
f 728 	744 	745
f 728 	745 	730
f 732 	730 	746
f 745 	746 	730
f 732 	746 	736
f 747 	736 	746
f 880 	444 	877
f 736 	747 	748
f 736 	748 	739
f 1065 	434 	1066
f 739 	748 	680
f 692 	541 	91
f 325 	643 	881
f 881 	643 	887
f 279 	643 	292
f 512 	514 	751
f 994 	88 	541
f 755 	705 	512
f 755 	512 	751
f 329 	325 	882
f 757 	706 	755
f 755 	706 	705
f 897 	909 	444
f 887 	643 	886
f 880 	877 	712
f 137 	550 	123
f 888 	444 	880
f 881 	889 	882
f 659 	1613 	664
f 886 	890 	887
f 881 	887 	889
f 890 	889 	887
f 886 	73 	892
f 153 	891 	3
f 153 	152 	891
f 883 	870 	712
f 886 	894 	890
f 896 	891 	152
f 712 	898 	888
f 888 	880 	712
f 895 	151 	900
f 893 	894 	892
f 886 	892 	894
f 898 	444 	888
f 899 	150 	902
f 754 	902 	150
f 1242 	901 	893
f 3 	891 	896
f 900 	896 	895
f 897 	883 	712
f 712 	846 	898
f 846 	444 	898
f 1535 	1006 	903
f 903 	1006 	906
f 907 	908 	1008
f 897 	712 	909
f 905 	1009 	908
f 909 	912 	444
f 676 	1622 	678
f 907 	910 	908
f 1626 	712 	678
f 906 	905 	911
f 910 	911 	905
f 908 	910 	905
f 712 	912 	909
f 904 	903 	913
f 911 	913 	903
f 906 	911 	903
f 912 	933 	444
f 1072 	1075 	434
f 394 	396 	1060
f 1072 	434 	1068
f 1068 	434 	1065
f 1378 	904 	1410
f 913 	1410 	904
f 914 	901 	1445
f 915 	894 	893
f 901 	914 	893
f 915 	893 	914
f 1276 	1275 	242
f 1269 	917 	916
f 1266 	917 	1269
f 1261 	917 	1266
f 242 	1270 	917
f 915 	918 	890
f 894 	915 	890
f 889 	890 	918
f 340 	329 	918
f 889 	918 	882
f 882 	918 	329
f 922 	927 	921
f 923 	927 	922
f 920 	921 	927
f 924 	927 	923
f 925 	927 	924
f 919 	920 	927
f 919 	927 	928
f 919 	928 	929
f 930 	932 	929
f 931 	932 	930
f 919 	929 	932
f 712 	933 	912
f 934 	913 	926
f 675 	926 	910
f 938 	925 	937
f 939 	925 	938
f 936 	937 	925
f 940 	925 	939
f 927 	925 	940
f 935 	936 	925
f 942 	943 	925
f 935 	925 	943
f 944 	1410 	934
f 1066 	1381 	1123
f 941 	972 	947
f 942 	972 	941
f 946 	947 	951
f 950 	947 	949
f 951 	947 	950
f 945 	946 	951
f 945 	951 	952
f 945 	952 	953
f 945 	953 	954
f 945 	954 	955
f 1381 	1116 	1123
f 956 	1411 	948
f 948 	1411 	944
f 960 	942 	959
f 958 	959 	942
f 957 	958 	942
f 925 	961 	942
f 961 	962 	942
f 962 	963 	942
f 963 	964 	942
f 965 	942 	964
f 957 	942 	965
f 165 	166 	164
f 176 	177 	164
f 1381 	164 	166
f 177 	165 	164
f 949 	947 	967
f 960 	968 	942
f 968 	969 	942
f 969 	970 	942
f 970 	971 	942
f 971 	972 	942
f 973 	947 	972
f 967 	947 	973
f 712 	974 	933
f 966 	1412 	956
f 910 	926 	911
f 974 	444 	933
f 911 	926 	913
f 1626 	678 	1622
f 977 	1444 	976
f 712 	979 	974
f 980 	1445 	978
f 979 	444 	974
f 707 	918 	981
f 667 	1620 	674
f 1620 	1621 	676
f 708 	340 	707
f 1445 	980 	914
f 918 	707 	340
f 915 	981 	918
f 914 	980 	915
f 675 	1033 	926
f 1613 	1618 	663
f 1034 	982 	926
f 934 	926 	982
f 944 	934 	1153
f 934 	982 	1153
f 1153 	1154 	944
f 983 	979 	712
f 983 	444 	979
f 663 	664 	1613
f 769 	638 	759
f 712 	1656 	983
f 984 	990 	444
f 984 	444 	983
f 977 	1181 	978
f 978 	1190 	980
f 985 	980 	1190
f 980 	985 	981
f 986 	981 	985
f 707 	981 	987
f 981 	986 	987
f 861 	991 	848
f 405 	707 	987
f 984 	983 	1656
f 1010 	205 	989
f 990 	1000 	444
f 992 	994 	991
f 541 	535 	991
f 995 	989 	993
f 988 	993 	989
f 848 	991 	535
f 994 	541 	991
f 1001 	205 	1004
f 988 	205 	996
f 550 	137 	466
f 996 	441 	997
f 996 	997 	988
f 993 	988 	997
f 999 	205 	998
f 996 	205 	999
f 446 	443 	999
f 990 	984 	1656
f 1416 	1605 	554
f 998 	446 	999
f 998 	205 	1001
f 178 	1002 	1003
f 178 	1003 	550
f 1003 	545 	550
f 545 	1003 	824
f 836 	824 	1003
f 449 	452 	1004
f 1367 	1370 	960
f 1005 	444 	1000
f 903 	904 	1535
f 444 	741 	714
f 1006 	1042 	1007
f 829 	843 	553
f 905 	906 	1007
f 1248 	1255 	927
f 1007 	906 	1006
f 1009 	1042 	1008
f 1007 	1042 	1009
f 1008 	908 	1009
f 1007 	1009 	905
f 1008 	1042 	1010
f 737 	592 	740
f 555 	553 	843
f 560 	559 	1013
f 560 	1013 	1014
f 1011 	1012 	1010
f 1010 	1012 	1008
f 907 	1008 	1012
f 674 	591 	590
f 1019 	1015 	1016
f 664 	663 	590
f 1017 	1018 	1014
f 1017 	1014 	1013
f 1014 	1018 	1015
f 1014 	1015 	1019
f 1020 	1019 	1016
f 1017 	1013 	1016
f 1020 	1016 	1013
f 554 	587 	584
f 1015 	809 	808
f 1015 	808 	1016
f 1000 	990 	1656
f 1019 	1020 	861
f 1021 	444 	1005
f 1010 	989 	1011
f 1017 	812 	810
f 1017 	810 	1018
f 1018 	810 	809
f 1018 	809 	1015
f 733 	734 	594
f 1016 	808 	812
f 1016 	812 	1017
f 738 	733 	593
f 995 	1011 	989
f 1012 	1011 	1023
f 1022 	1023 	1011
f 1022 	1011 	995
f 561 	560 	1024
f 1025 	66 	1024
f 561 	1024 	66
f 676 	592 	677
f 1012 	1023 	910
f 1012 	910 	907
f 1019 	1024 	1014
f 674 	672 	591
f 441 	633 	997
f 1026 	997 	633
f 1014 	1024 	560
f 659 	589 	660
f 1022 	993 	1026
f 995 	993 	1022
f 997 	1026 	993
f 656 	588 	657
f 587 	554 	657
f 1021 	1005 	1656
f 1005 	1000 	1656
f 598 	597 	602
f 703 	671 	1026
f 700 	703 	1026
f 633 	700 	1026
f 1027 	1040 	444
f 1027 	444 	1021
f 597 	596 	721
f 596 	595 	725
f 1031 	673 	671
f 734 	735 	594
f 1324 	1326 	946
f 1326 	1288 	947
f 1034 	926 	1033
f 821 	569 	822
f 1307 	950 	1329
f 545 	822 	572
f 1037 	697 	767
f 700 	697 	1038
f 576 	831 	830
f 1643 	1029 	1030
f 1339 	964 	1337
f 577 	832 	576
f 965 	964 	1344
f 965 	1344 	957
f 671 	1032 	1031
f 585 	1028 	91
f 1367 	960 	959
f 675 	1031 	1033
f 827 	580 	565
f 1035 	1036 	564
f 1036 	1081 	564
f 1037 	1038 	697
f 565 	818 	827
f 1039 	700 	1038
f 818 	565 	819
f 567 	819 	565
f 1039 	1032 	671
f 568 	819 	567
f 757 	755 	1041
f 1041 	755 	216
f 824 	822 	545
f 679 	740 	592
f 593 	592 	737
f 553 	830 	829
f 591 	677 	592
f 664 	590 	589
f 831 	576 	832
f 588 	660 	589
f 1044 	1045 	1043
f 1044 	1043 	1042
f 577 	578 	832
f 1046 	1047 	1045
f 1046 	1045 	1044
f 1048 	1049 	1047
f 1048 	1047 	1046
f 721 	602 	597
f 1051 	1052 	1049
f 1051 	1049 	1048
f 725 	726 	596
f 1050 	1070 	444
f 1050 	444 	1040
f 1141 	1148 	862
f 869 	1118 	862
f 826 	579 	827
f 1052 	1051 	1053
f 1052 	1053 	1054
f 729 	731 	595
f 731 	725 	595
f 1054 	1053 	1055
f 1054 	1055 	1056
f 729 	595 	594
f 1056 	1055 	1057
f 1056 	1057 	1058
f 737 	738 	593
f 923 	1281 	924
f 1058 	1057 	1100
f 1281 	925 	924
f 142 	120 	598
f 568 	820 	819
f 1062 	87 	1059
f 917 	1248 	249
f 249 	70 	917
f 568 	821 	820
f 253 	87 	85
f 256 	253 	85
f 253 	249 	87
f 1063 	1064 	1065
f 1063 	1065 	1066
f 1064 	1067 	1068
f 1064 	1068 	1065
f 1067 	1069 	1068
f 1040 	1027 	1656
f 1027 	1021 	1656
f 1118 	1141 	862
f 832 	578 	825
f 1068 	1069 	1072
f 1071 	1072 	1069
f 1071 	1069 	1073
f 1302 	938 	937
f 578 	826 	825
f 938 	1302 	939
f 1074 	1075 	1072
f 1074 	1072 	1071
f 605 	603 	1076
f 605 	1076 	1077
f 1079 	606 	1078
f 1307 	951 	950
f 610 	609 	1081
f 610 	1081 	1083
f 1080 	1082 	1075
f 1080 	1075 	1074
f 672 	674 	1620
f 1079 	1078 	1077
f 1079 	1077 	1076
f 676 	677 	1620
f 1081 	1036 	1083
f 1035 	1083 	1036
f 1084 	1085 	1082
f 1084 	1082 	1080
f 1085 	1084 	1061
f 1085 	1061 	1060
f 1066 	1122 	1063
f 1324 	946 	945
f 1050 	1040 	1656
f 1086 	444 	1070
f 947 	946 	1326
f 2 	1427 	1063
f 2 	1063 	1122
f 967 	1330 	949
f 949 	1329 	950
f 1024 	1019 	1003
f 1079 	1076 	603
f 963 	962 	1337
f 795 	1448 	731
f 609 	564 	1081
f 963 	1337 	964
f 731 	729 	795
f 1339 	1344 	964
f 1090 	1089 	1091
f 1090 	1091 	1092
f 1092 	1091 	1093
f 1092 	1093 	1094
f 1094 	1093 	1095
f 1094 	1095 	1096
f 1096 	1095 	1097
f 1096 	1097 	1098
f 64 	1002 	178
f 1070 	1050 	1656
f 1286 	444 	1086
f 1098 	1097 	1088
f 1098 	1088 	1087
f 182 	1118 	869
f 1099 	1100 	1057
f 1089 	1090 	1099
f 1100 	1099 	1090
f 1078 	606 	605
f 1078 	605 	1077
f 1083 	563 	610
f 1035 	563 	1083
f 1025 	1024 	1002
f 1025 	1002 	64
f 7 	1102 	1103
f 1104 	1105 	1103
f 1104 	1103 	1102
f 1101 	602 	1107
f 1106 	1108 	1105
f 1106 	1105 	1104
f 1109 	1110 	1108
f 1109 	1108 	1106
f 1107 	602 	1111
f 1025 	64 	66
f 1112 	1113 	1110
f 1112 	1110 	1109
f 1003 	1002 	1024
f 1114 	1115 	1116
f 602 	488 	1111
f 1116 	1113 	1114
f 1113 	1112 	1114
f 1117 	1114 	1112
f 928 	927 	1255
f 861 	836 	1019
f 1257 	929 	1255
f 836 	1003 	1019
f 1115 	1123 	1116
f 930 	929 	1261
f 1114 	2 	1115
f 1261 	931 	930
f 1117 	2 	1114
f 1119 	1120 	1121
f 1119 	1121 	615
f 1115 	1122 	1123
f 1013 	559 	1121
f 1013 	1121 	1020
f 916 	919 	932
f 1123 	1122 	1066
f 615 	1121 	559
f 1115 	2 	1122
f 919 	916 	920
f 619 	617 	1124
f 619 	1124 	1125
f 921 	920 	1275
f 1127 	621 	1126
f 1275 	922 	921
f 626 	625 	1128
f 626 	1128 	1129
f 1086 	1070 	1656
f 628 	1131 	1132
f 632 	842 	670
f 1055 	1053 	73
f 1051 	73 	1053
f 842 	632 	843
f 555 	843 	632
f 1057 	1055 	73
f 1133 	1130 	488
f 1127 	1126 	1125
f 1127 	1125 	1124
f 943 	1294 	935
f 1132 	1131 	1129
f 1132 	1129 	1128
f 1134 	1133 	488
f 526 	521 	1073
f 1135 	1134 	488
f 936 	1297 	937
f 1084 	1080 	1139
f 1074 	513 	1080
f 1136 	1135 	488
f 1302 	937 	1301
f 1139 	1061 	1084
f 1286 	1086 	1656
f 1304 	940 	939
f 940 	1247 	927
f 1138 	1137 	488
f 512 	1139 	513
f 1139 	1080 	513
f 1074 	1071 	513
f 1071 	1073 	513
f 521 	513 	1073
f 602 	726 	1147
f 951 	1308 	952
f 726 	725 	1147
f 1142 	1140 	488
f 1312 	1316 	952
f 861 	1020 	991
f 1140 	1138 	488
f 1316 	1318 	953
f 488 	1143 	1142
f 955 	954 	1318
f 1093 	1146 	1095
f 1127 	1124 	617
f 1097 	1095 	1146
f 1144 	1143 	488
f 1128 	625 	1132
f 625 	628 	1132
f 1088 	1097 	1146
f 488 	1145 	1144
f 488 	142 	1145
f 992 	1121 	1120
f 1119 	1800 	1120
f 1093 	1091 	1146
f 1089 	73 	1091
f 1146 	1091 	73
f 1089 	1099 	73
f 73 	1099 	1057
f 1148 	1157 	862
f 1609 	660 	656
f 1121 	991 	1020
f 182 	1148 	1141
f 1141 	1118 	182
f 1102 	1149 	1104
f 1149 	531 	1104
f 1131 	627 	626
f 957 	1344 	255
f 1622 	676 	1621
f 1112 	1109 	517
f 1126 	621 	619
f 1126 	619 	1125
f 255 	958 	957
f 1131 	626 	1129
f 602 	1101 	598
f 1101 	1107 	598
f 1107 	1111 	598
f 142 	598 	1111
f 142 	1111 	1130
f 1130 	1111 	488
f 142 	1130 	1133
f 142 	1133 	1134
f 142 	1134 	1135
f 1136 	142 	1135
f 1137 	142 	1136
f 1137 	1136 	488
f 1138 	142 	1137
f 1140 	142 	1138
f 1142 	142 	1140
f 1143 	142 	1142
f 1144 	142 	1143
f 1145 	142 	1144
f 530 	517 	1109
f 1109 	1106 	530
f 531 	530 	1106
f 1106 	1104 	531
f 1139 	705 	1150
f 1151 	1158 	602
f 535 	646 	848
f 512 	705 	1139
f 647 	850 	849
f 706 	1150 	705
f 650 	851 	647
f 1041 	1150 	706
f 1152 	1151 	602
f 852 	851 	653
f 1147 	731 	1152
f 1157 	1237 	862
f 182 	1157 	1148
f 972 	1384 	973
f 662 	665 	856
f 665 	668 	856
f 859 	858 	670
f 1151 	731 	1158
f 1147 	1152 	602
f 1152 	731 	1151
f 850 	647 	851
f 650 	653 	851
f 852 	653 	658
f 853 	658 	855
f 662 	855 	658
f 1277 	923 	922
f 662 	856 	855
f 923 	1277 	1281
f 668 	857 	856
f 858 	857 	669
f 668 	669 	857
f 1332 	961 	1285
f 1158 	1185 	602
f 669 	670 	858
f 670 	842 	859
f 943 	942 	1294
f 1566 	1028 	1159
f 1558 	1028 	1563
f 917 	74 	1028
f 585 	917 	1028
f 936 	935 	1297
f 1237 	1264 	862
f 1301 	937 	1297
f 852 	658 	853
f 1164 	1168 	1163
f 1165 	1168 	1164
f 1161 	1163 	1168
f 1166 	1168 	1165
f 1167 	1168 	1166
f 1160 	1161 	1168
f 1160 	1168 	1169
f 1160 	1169 	1170
f 1171 	1173 	1170
f 1172 	1173 	1171
f 1160 	1170 	1173
f 976 	975 	1174
f 977 	976 	1181
f 1178 	1167 	1177
f 1179 	1167 	1178
f 1176 	1177 	1167
f 1180 	1167 	1179
f 1168 	1167 	1180
f 1175 	1176 	1167
f 1183 	1184 	1167
f 1184 	1186 	1167
f 1186 	1187 	1167
f 1187 	1188 	1167
f 1189 	1167 	1188
f 1175 	1167 	1189
f 1312 	952 	1308
f 1158 	731 	1185
f 953 	952 	1316
f 954 	953 	1318
f 1605 	1608 	656
f 1194 	1183 	1193
f 1192 	1193 	1183
f 1191 	1192 	1183
f 1167 	1195 	1183
f 1195 	1196 	1183
f 1196 	1197 	1183
f 1197 	1198 	1183
f 1199 	1183 	1198
f 1191 	1183 	1199
f 945 	1322 	1324
f 1121 	992 	991
f 1205 	1183 	1204
f 1203 	1204 	1183
f 1202 	1203 	1183
f 1206 	1183 	1205
f 1182 	1183 	1206
f 1201 	1202 	1183
f 1194 	1207 	1183
f 1207 	1208 	1183
f 1208 	1209 	1183
f 1209 	1210 	1183
f 1210 	1212 	1183
f 1212 	1213 	1183
f 1213 	1214 	1183
f 1201 	1183 	1214
f 863 	876 	1217
f 862 	1653 	712
f 1215 	863 	1217
f 925 	1285 	961
f 602 	1185 	1221
f 1226 	1215 	1243
f 1235 	1218 	1215
f 1234 	1235 	1215
f 1218 	1243 	1215
f 1217 	1234 	1215
f 1332 	1336 	961
f 1185 	731 	1221
f 1231 	1220 	1243
f 1220 	1222 	1243
f 1222 	1223 	1243
f 1223 	1224 	1243
f 1393 	1246 	1217
f 1217 	1233 	1234
f 1224 	1226 	1243
f 1230 	1231 	1243
f 1226 	864 	863
f 1226 	863 	1215
f 1264 	1284 	862
f 1224 	865 	864
f 1224 	864 	1226
f 198 	1060 	1061
f 1223 	866 	865
f 1223 	865 	1224
f 958 	1362 	959
f 1222 	867 	866
f 1222 	866 	1223
f 1365 	1367 	959
f 1220 	868 	867
f 1220 	867 	1222
f 1220 	871 	868
f 1044 	1325 	1046
f 73 	1051 	1048
f 1048 	1289 	73
f 1231 	871 	1220
f 968 	960 	1370
f 1139 	216 	1061
f 1230 	872 	871
f 1230 	871 	1231
f 1373 	969 	968
f 1043 	203 	1042
f 1042 	203 	205
f 1229 	873 	872
f 1229 	872 	1230
f 1061 	200 	198
f 602 	1221 	1256
f 1228 	874 	873
f 1228 	873 	1229
f 1377 	971 	970
f 1221 	731 	1256
f 1227 	875 	874
f 1227 	874 	1228
f 1384 	972 	971
f 1242 	892 	73
f 1242 	73 	1249
f 1238 	1234 	1233
f 1238 	1233 	1239
f 973 	1389 	967
f 1235 	1241 	1218
f 1240 	1218 	1241
f 1284 	1295 	862
f 1390 	1330 	967
f 1386 	1387 	1244
f 1244 	1245 	1386
f 1385 	1386 	1245
f 1245 	1246 	1385
f 1393 	1385 	1246
f 1237 	1157 	182
f 1304 	1302 	249
f 1247 	1305 	249
f 87 	249 	1297
f 1305 	1304 	249
f 1247 	249 	1248
f 892 	1242 	893
f 1361 	1217 	876
f 1245 	1250 	1251
f 1245 	1251 	1246
f 1243 	1252 	1253
f 1243 	1253 	1244
f 1248 	927 	1247
f 1239 	1251 	1250
f 1239 	1250 	1238
f 1242 	1249 	901
f 1248 	917 	1255
f 1241 	1253 	1252
f 1241 	1252 	1240
f 1254 	901 	1249
f 1255 	917 	1257
f 1249 	73 	1258
f 928 	1255 	929
f 879 	878 	1262
f 1260 	1249 	1259
f 1262 	1263 	1243
f 1257 	917 	1261
f 1263 	1227 	1243
f 929 	1257 	1261
f 1227 	1228 	1243
f 1228 	1229 	1243
f 1229 	1230 	1243
f 1258 	1259 	1249
f 1249 	1260 	1254
f 1258 	73 	1265
f 1263 	878 	875
f 1263 	875 	1227
f 1262 	878 	1263
f 931 	1261 	1266
f 1252 	1243 	1218
f 1252 	1218 	1240
f 1234 	1245 	1244
f 1234 	1244 	1235
f 1267 	1268 	1265
f 1250 	1245 	1234
f 1250 	1234 	1238
f 1233 	1217 	1246
f 1258 	1265 	1259
f 931 	1266 	932
f 1269 	932 	1266
f 1239 	1233 	1246
f 1239 	1246 	1251
f 1268 	1259 	1265
f 1241 	1235 	1244
f 1241 	1244 	1253
f 932 	1269 	916
f 602 	1256 	1282
f 916 	917 	1270
f 1256 	731 	1282
f 1046 	1317 	1048
f 1272 	73 	1271
f 1265 	73 	1272
f 916 	1270 	920
f 1283 	1281 	242
f 1270 	242 	1275
f 1295 	1314 	862
f 1270 	1275 	920
f 1265 	1272 	1267
f 182 	1284 	1264
f 1264 	1237 	182
f 1274 	1267 	1272
f 1275 	1276 	922
f 1271 	1274 	1272
f 1273 	1274 	1271
f 656 	554 	1605
f 1276 	242 	1277
f 1609 	656 	1608
f 1276 	1277 	922
f 1271 	73 	1278
f 1277 	242 	1281
f 925 	1281 	1283
f 1283 	242 	1285
f 1279 	1280 	1278
f 1280 	1273 	1278
f 1271 	1278 	1273
f 1283 	1285 	925
f 1278 	73 	1289
f 941 	947 	1288
f 1287 	1062 	1292
f 1292 	942 	1287
f 941 	1287 	942
f 602 	1282 	1293
f 1293 	1303 	602
f 1062 	1059 	1294
f 1062 	1294 	1292
f 1282 	731 	1293
f 1292 	1294 	942
f 1290 	1291 	1289
f 1291 	1279 	1289
f 182 	1295 	1284
f 1294 	1059 	935
f 1278 	1289 	1279
f 1296 	1442 	1286
f 1297 	1059 	87
f 935 	1059 	1297
f 1289 	1048 	1298
f 654 	902 	754
f 1301 	1297 	249
f 1303 	1311 	602
f 1293 	731 	1303
f 1302 	1301 	249
f 939 	1302 	1304
f 1298 	1300 	1289
f 896 	1478 	3
f 1290 	1289 	1300
f 1305 	940 	1304
f 1299 	1300 	1298
f 1305 	1247 	940
f 1317 	1046 	1325
f 1298 	1048 	1306
f 1588 	1591 	1316
f 239 	1799 	243
f 951 	1307 	1308
f 615 	1310 	1119
f 1311 	1323 	602
f 1309 	1299 	1306
f 1306 	1299 	1298
f 235 	1799 	239
f 1303 	731 	1311
f 1306 	1048 	1313
f 1314 	1341 	862
f 1309 	1306 	1315
f 1296 	1286 	1656
f 684 	1310 	615
f 232 	1822 	235
f 1661 	1442 	1296
f 1314 	1295 	182
f 1313 	1315 	1306
f 58 	687 	561
f 1313 	1048 	1317
f 58 	561 	66
f 1326 	1324 	1062
f 955 	1318 	1320
f 1318 	1316 	1591
f 1313 	1317 	1321
f 1313 	1321 	1315
f 945 	955 	1322
f 1320 	1322 	955
f 1323 	1331 	602
f 1311 	731 	1323
f 1287 	1288 	1062
f 1320 	1318 	1591
f 1661 	1296 	1656
f 1319 	1321 	1317
f 1326 	1062 	1288
f 896 	900 	1478
f 1287 	941 	1288
f 1690 	1198 	1197
f 1319 	1317 	1327
f 2 	64 	613
f 1327 	1317 	1328
f 1331 	1340 	602
f 1340 	1366 	602
f 1323 	731 	1331
f 1194 	1704 	1207
f 1325 	1328 	1317
f 900 	724 	1478
f 635 	1667 	630
f 1325 	1044 	1333
f 1708 	1204 	1203
f 1332 	242 	1336
f 1335 	1325 	1334
f 962 	961 	1336
f 1336 	242 	1337
f 962 	1336 	1337
f 1722 	1208 	1207
f 1333 	1334 	1325
f 289 	240 	290
f 346 	240 	289
f 442 	240 	445
f 442 	440 	240
f 432 	240 	437
f 432 	425 	240
f 530 	1338 	240
f 1337 	242 	1339
f 1325 	1335 	1328
f 695 	530 	123
f 1331 	731 	1340
f 242 	1344 	1339
f 1744 	1212 	1210
f 3 	1478 	1
f 1376 	1368 	1042
f 1346 	1347 	1044
f 876 	863 	1355
f 1353 	879 	1352
f 1354 	879 	1353
f 1351 	1352 	879
f 871 	879 	1355
f 242 	255 	1344
f 1358 	879 	1357
f 1359 	879 	1358
f 1360 	879 	1359
f 1350 	879 	1360
f 1333 	1349 	1334
f 255 	242 	1362
f 1362 	958 	255
f 1350 	1351 	879
f 1354 	1355 	879
f 242 	1365 	1362
f 1345 	1348 	1346
f 1346 	1348 	1347
f 1333 	1347 	1349
f 1348 	1349 	1347
f 879 	1363 	1356
f 1364 	1356 	1363
f 1356 	1357 	879
f 1365 	959 	1362
f 1394 	714 	741
f 876 	1355 	1361
f 1366 	1380 	602
f 1798 	1367 	242
f 1341 	1382 	862
f 1340 	731 	1366
f 1566 	1160 	1173
f 1368 	1369 	1042
f 1345 	1346 	1042
f 182 	1382 	1341
f 1341 	1314 	182
f 1365 	242 	1367
f 1373 	968 	1370
f 1164 	1163 	1589
f 1584 	1589 	1163
f 1345 	1372 	1348
f 1618 	1619 	667
f 1589 	1165 	1164
f 1374 	1373 	1810
f 1373 	1370 	1798
f 1370 	1367 	1798
f 1371 	1369 	1368
f 1371 	1372 	1369
f 1345 	1369 	1372
f 1798 	1810 	1373
f 969 	1373 	1374
f 1394 	1414 	712
f 1414 	1436 	712
f 1108 	1110 	1381
f 1377 	1374 	1809
f 970 	969 	1377
f 1374 	1377 	969
f 1378 	1379 	1375
f 1103 	1381 	7
f 1366 	731 	1380
f 261 	77 	266
f 247 	77 	254
f 261 	254 	77
f 307 	77 	248
f 247 	248 	77
f 301 	77 	307
f 301 	295 	77
f 1028 	1029 	77
f 1375 	1379 	1376
f 91 	1028 	77
f 1377 	1383 	971
f 160 	161 	1381
f 1110 	1113 	1381
f 1421 	293 	288
f 1383 	1384 	971
f 1243 	1244 	1387
f 1387 	1388 	1243
f 1388 	1433 	1243
f 1262 	1243 	1433
f 879 	1262 	1433
f 1371 	1376 	1379
f 1368 	1376 	1371
f 296 	293 	1421
f 1389 	973 	1384
f 1393 	1217 	1361
f 1386 	1385 	1574
f 1390 	967 	1389
f 1355 	1392 	1393
f 1664 	1178 	1177
f 1375 	1391 	1378
f 1429 	302 	300
f 1806 	1805 	1383
f 1355 	1393 	1361
f 1431 	304 	302
f 1431 	302 	1429
f 1395 	1407 	1392
f 1329 	949 	1330
f 305 	304 	1431
f 602 	1380 	1400
f 1400 	1419 	602
f 1396 	1388 	1392
f 1397 	1388 	1396
f 1398 	1388 	1397
f 1399 	1388 	1398
f 1401 	1388 	1399
f 1402 	1388 	1401
f 1417 	1453 	862
f 1382 	1417 	862
f 1380 	731 	1400
f 904 	1378 	1391
f 1391 	1535 	904
f 199 	201 	288
f 1403 	1388 	1402
f 1406 	1388 	1405
f 1404 	1405 	1388
f 1196 	1687 	1197
f 1393 	1392 	1408
f 1407 	1408 	1392
f 1393 	1408 	1409
f 1420 	1421 	288
f 1379 	1378 	1410
f 1423 	296 	1421
f 1399 	1351 	1350
f 1399 	1350 	1401
f 1398 	1352 	1351
f 1398 	1351 	1399
f 1423 	298 	296
f 1411 	1371 	1410
f 1379 	1410 	1371
f 740 	783 	737
f 1397 	1353 	1352
f 1397 	1352 	1398
f 760 	654 	753
f 298 	1424 	299
f 1396 	1354 	1353
f 1396 	1353 	1397
f 1371 	1412 	1372
f 1411 	1412 	1371
f 1425 	1428 	299
f 1355 	1354 	1396
f 1355 	1396 	1392
f 1348 	1412 	1349
f 1372 	1412 	1348
f 1413 	1349 	1412
f 300 	1428 	1429
f 714 	1394 	712
f 1405 	1357 	1356
f 1405 	1356 	1406
f 1334 	1415 	1335
f 1349 	1413 	1334
f 1413 	1415 	1334
f 1708 	1203 	1707
f 1404 	1358 	1357
f 1404 	1357 	1405
f 1204 	1708 	1205
f 1403 	1359 	1358
f 1403 	1358 	1404
f 1419 	1440 	602
f 1402 	1360 	1359
f 1402 	1359 	1403
f 1415 	1418 	1328
f 1335 	1415 	1328
f 1327 	1328 	1418
f 1438 	308 	306
f 1402 	1401 	1360
f 1350 	1360 	1401
f 1400 	731 	1419
f 201 	1420 	288
f 1395 	1576 	1407
f 1577 	1407 	1576
f 1582 	1409 	1408
f 1327 	1418 	1319
f 1702 	1704 	1194
f 1433 	1363 	879
f 88 	91 	541
f 105 	104 	91
f 98 	91 	97
f 1319 	1418 	1321
f 1422 	1321 	1418
f 1433 	1364 	1363
f 1424 	298 	1423
f 107 	105 	91
f 1425 	299 	1424
f 103 	91 	104
f 102 	91 	103
f 100 	91 	102
f 97 	91 	100
f 1309 	1315 	1426
f 1422 	1426 	1315
f 1321 	1422 	1315
f 300 	299 	1428
f 1404 	1388 	1403
f 111 	91 	113
f 110 	91 	111
f 107 	91 	110
f 115 	113 	91
f 88 	115 	91
f 585 	91 	584
f 1426 	1430 	1299
f 1299 	1309 	1426
f 1300 	1299 	1430
f 1432 	1388 	1406
f 1395 	1392 	1388
f 1388 	1432 	1433
f 769 	860 	638
f 305 	1431 	1434
f 1436 	1446 	712
f 1364 	1433 	1432
f 305 	1434 	306
f 1437 	306 	1434
f 1290 	1435 	1291
f 1300 	1435 	1290
f 1430 	1435 	1300
f 1756 	1201 	1214
f 306 	1437 	1438
f 1414 	1394 	741
f 1414 	741 	1436
f 1432 	1406 	1364
f 1356 	1364 	1406
f 310 	1457 	312
f 1388 	1576 	1395
f 1386 	1408 	1407
f 1386 	1407 	1387
f 1439 	1280 	1279
f 1291 	1435 	1279
f 1439 	1279 	1435
f 1577 	1387 	1407
f 182 	69 	1382
f 1419 	731 	1440
f 314 	328 	1458
f 328 	1468 	1458
f 1169 	1168 	1549
f 1393 	1409 	1385
f 1441 	1274 	1273
f 1280 	1439 	1273
f 1441 	1273 	1439
f 314 	1458 	202
f 1443 	1268 	1267
f 1443 	1267 	1274
f 1443 	1274 	1441
f 1549 	1170 	1169
f 1457 	1460 	312
f 1069 	1067 	1427
f 1582 	1574 	1385
f 1582 	1385 	1409
f 1444 	1259 	1443
f 1268 	1443 	1259
f 1445 	1260 	1259
f 1445 	1259 	1444
f 1446 	1452 	712
f 1452 	1469 	712
f 1445 	901 	1254
f 1260 	1445 	1254
f 1584 	1163 	1161
f 1436 	741 	1446
f 326 	1468 	328
f 602 	1440 	1448
f 1417 	1382 	69
f 1457 	310 	1456
f 1449 	1418 	1447
f 1447 	1413 	966
f 1440 	731 	1448
f 900 	899 	724
f 202 	1458 	204
f 316 	312 	1460
f 316 	1460 	318
f 1461 	318 	1460
f 1623 	1183 	1182
f 318 	1461 	319
f 1462 	319 	1461
f 1623 	1628 	1183
f 1463 	321 	319
f 1463 	319 	1462
f 1410 	913 	934
f 1630 	1186 	1184
f 1463 	1465 	321
f 322 	321 	1465
f 1630 	1187 	1186
f 1451 	1422 	1450
f 1466 	324 	1465
f 322 	1465 	324
f 1469 	1472 	712
f 1467 	326 	1466
f 324 	1466 	326
f 1189 	1188 	1643
f 1413 	1447 	1415
f 1411 	956 	1412
f 1410 	944 	1411
f 326 	1467 	1468
f 602 	1448 	1454
f 1454 	1471 	602
f 1450 	1422 	1449
f 1448 	795 	1454
f 1671 	1676 	1178
f 1459 	1430 	1455
f 1179 	1676 	1180
f 428 	429 	434
f 1455 	1430 	1451
f 1412 	966 	1413
f 754 	753 	654
f 1464 	1435 	1459
f 1196 	1195 	1687
f 1690 	1197 	1687
f 426 	428 	434
f 423 	426 	434
f 433 	406 	1442
f 406 	407 	1442
f 1690 	1692 	1198
f 1692 	1696 	1198
f 1472 	1477 	712
f 1453 	1476 	862
f 1453 	1417 	69
f 1191 	640 	1192
f 1478 	1493 	1
f 1415 	1447 	1418
f 1456 	308 	1438
f 1454 	795 	1471
f 1418 	1449 	1422
f 975 	1441 	1464
f 1707 	1203 	1202
f 976 	1443 	975
f 310 	308 	1456
f 1422 	1451 	1426
f 1205 	1709 	1206
f 1427 	2 	1678
f 613 	1678 	2
f 613 	612 	1678
f 1430 	1459 	1435
f 1426 	1451 	1430
f 978 	1444 	977
f 1477 	1496 	712
f 201 	233 	1420
f 1670 	1669 	631
f 1435 	1464 	1439
f 1452 	1446 	741
f 1469 	1452 	741
f 1421 	230 	1423
f 602 	1471 	1473
f 466 	601 	178
f 981 	915 	980
f 1429 	1428 	1474
f 1428 	1425 	1474
f 1471 	795 	1473
f 230 	226 	1474
f 226 	223 	1474
f 1443 	976 	1444
f 1441 	975 	1443
f 1439 	1464 	1441
f 788 	735 	734
f 1444 	978 	1445
f 684 	526 	1310
f 948 	944 	1154
f 1427 	1475 	1069
f 1310 	1069 	1475
f 1069 	1310 	526
f 526 	1073 	1069
f 1462 	1461 	1029
f 1460 	1029 	1461
f 948 	1154 	956
f 1155 	956 	1154
f 1800 	1680 	994
f 1465 	1029 	1466
f 1496 	1537 	712
f 1537 	1560 	712
f 1558 	1172 	1171
f 1156 	966 	1155
f 956 	1155 	966
f 994 	1470 	88
f 1467 	1029 	1468
f 1472 	1469 	741
f 1566 	1173 	1172
f 601 	604 	64
f 204 	1749 	217
f 1749 	1744 	217
f 1468 	1029 	1458
f 1458 	1480 	204
f 602 	1473 	1479
f 238 	233 	201
f 223 	221 	1474
f 1425 	1424 	1474
f 1474 	215 	1429
f 1424 	1423 	1474
f 1420 	233 	1421
f 1200 	1447 	1156
f 966 	1156 	1447
f 1473 	795 	1479
f 1447 	1200 	1211
f 1447 	1211 	1449
f 760 	759 	638
f 1480 	1757 	204
f 204 	1753 	1749
f 1467 	1466 	1029
f 1029 	1465 	1463
f 1029 	1463 	1462
f 1460 	1457 	1029
f 1456 	1029 	1457
f 215 	212 	1437
f 1437 	1434 	215
f 1434 	1431 	215
f 221 	219 	1474
f 1438 	1437 	212
f 212 	210 	1438
f 1456 	1438 	210
f 1165 	1589 	1594
f 1450 	1449 	1216
f 1211 	1216 	1449
f 1594 	1166 	1165
f 1484 	1500 	1483
f 1485 	1500 	1484
f 1487 	1488 	1483
f 1486 	1500 	1485
f 1482 	1483 	1488
f 1481 	1482 	1488
f 1489 	1491 	1488
f 1490 	1491 	1489
f 1481 	1488 	1491
f 1476 	1532 	862
f 1450 	1216 	1451
f 1219 	1451 	1216
f 1601 	1607 	1167
f 1476 	1453 	69
f 64 	178 	601
f 1455 	1451 	1225
f 1219 	1225 	1451
f 1493 	1533 	1
f 1182 	1614 	1623
f 1478 	724 	1493
f 1497 	1486 	1495
f 1498 	1486 	1497
f 1494 	1495 	1486
f 1499 	1486 	1498
f 1500 	1486 	1499
f 1487 	1483 	1500
f 1492 	1494 	1486
f 1502 	1503 	1486
f 1503 	1504 	1486
f 1504 	1505 	1486
f 1505 	1506 	1486
f 1507 	1486 	1506
f 1492 	1486 	1507
f 1455 	1225 	1459
f 1232 	1459 	1225
f 602 	1479 	1508
f 1508 	1534 	602
f 1613 	659 	1612
f 1479 	795 	1508
f 1236 	1464 	1232
f 1459 	1232 	1464
f 1511 	1502 	1510
f 1509 	1510 	1502
f 1486 	1512 	1502
f 1512 	1513 	1502
f 1513 	1514 	1502
f 1514 	1515 	1502
f 1515 	1516 	1502
f 1517 	1502 	1516
f 1509 	1502 	1517
f 975 	1464 	1162
f 1236 	1162 	1464
f 1523 	1501 	1527
f 1522 	1523 	1527
f 1521 	1522 	1527
f 1501 	1502 	1527
f 1526 	1527 	1502
f 1520 	1521 	1527
f 1511 	1524 	1502
f 1524 	1525 	1502
f 1525 	1526 	1502
f 1519 	1520 	1527
f 1518 	1519 	1527
f 1518 	1527 	1528
f 1518 	1528 	1529
f 1518 	1529 	1530
f 1518 	1530 	1531
f 1656 	686 	689
f 1162 	1174 	975
f 444 	1286 	1442
f 1174 	1181 	976
f 1533 	1536 	1
f 1493 	724 	1533
f 1190 	978 	1181
f 1477 	1472 	741
f 667 	663 	1618
f 1534 	1539 	602
f 1167 	1607 	1195
f 205 	1010 	1042
f 1376 	1042 	1375
f 1369 	1345 	1042
f 1044 	1042 	1346
f 1347 	1333 	1044
f 1508 	795 	1534
f 1685 	1687 	1195
f 1535 	1042 	1006
f 1391 	1042 	1535
f 1375 	1042 	1391
f 1199 	1198 	1696
f 1696 	640 	1199
f 1668 	689 	1542
f 1542 	689 	1532
f 1192 	1700 	1193
f 1532 	1476 	69
f 1041 	1139 	1150
f 1701 	1702 	1193
f 604 	613 	64
f 1536 	1543 	1
f 1041 	216 	1139
f 622 	1678 	612
f 706 	757 	1041
f 1533 	724 	1536
f 1149 	1538 	884
f 1149 	884 	531
f 1496 	1477 	741
f 1537 	1496 	741
f 884 	1538 	885
f 1546 	488 	1539
f 1534 	795 	1539
f 1206 	1615 	1182
f 4 	1540 	5
f 1541 	5 	1540
f 6 	1544 	1545
f 6 	1545 	7
f 1744 	1210 	1209
f 1543 	1555 	1
f 1536 	724 	1543
f 862 	712 	1560
f 4 	1088 	1540
f 1539 	795 	1546
f 1547 	1682 	1028
f 1558 	1554 	1028
f 1547 	1028 	1548
f 1180 	1547 	1168
f 1682 	1547 	1180
f 1609 	1612 	659
f 1548 	1028 	1549
f 9 	8 	1550
f 9 	1550 	1551
f 1168 	1548 	1549
f 1550 	8 	10
f 1550 	10 	1552
f 1552 	10 	11
f 1552 	11 	1553
f 1549 	1028 	1554
f 1555 	1578 	1
f 1170 	1549 	1554
f 1553 	11 	12
f 1553 	12 	1556
f 1543 	724 	1555
f 1675 	622 	620
f 1556 	12 	13
f 1556 	13 	1557
f 1557 	13 	14
f 1557 	14 	1559
f 618 	631 	1675
f 620 	618 	1675
f 1171 	1170 	1558
f 1554 	1558 	1170
f 15 	1561 	1559
f 15 	1559 	14
f 1560 	1537 	741
f 16 	1562 	1561
f 16 	1561 	15
f 1564 	488 	1546
f 1590 	488 	1564
f 97 	1568 	1416
f 97 	1416 	98
f 1172 	1558 	1563
f 1546 	795 	1564
f 1563 	1028 	1566
f 1565 	17 	18
f 1565 	18 	1567
f 1567 	18 	19
f 1567 	19 	1569
f 1568 	1605 	1416
f 1563 	1566 	1172
f 1569 	19 	9
f 1569 	9 	1551
f 695 	123 	550
f 17 	1565 	44
f 734 	733 	788
f 1387 	1571 	1388
f 1570 	1388 	1571
f 1562 	16 	1572
f 20 	1572 	16
f 1573 	1386 	1574
f 1542 	1532 	69
f 1160 	1566 	1159
f 21 	1575 	1572
f 21 	1572 	20
f 1578 	1599 	1
f 1599 	1625 	1
f 1159 	1028 	1579
f 1408 	1580 	1582
f 22 	1581 	1575
f 22 	1575 	21
f 1555 	724 	1578
f 1159 	1579 	1160
f 1571 	1577 	1576
f 1571 	1576 	1570
f 1161 	1160 	1579
f 1581 	22 	23
f 1581 	23 	1583
f 1574 	1582 	1580
f 1574 	1580 	1573
f 1388 	1570 	1576
f 1594 	1589 	641
f 1579 	1028 	1584
f 24 	1585 	1583
f 24 	1583 	23
f 862 	1560 	1586
f 1571 	1387 	1577
f 1579 	1584 	1161
f 25 	1587 	1585
f 25 	1585 	24
f 1580 	1408 	1386
f 1580 	1386 	1573
f 26 	1588 	1587
f 26 	1587 	25
f 1597 	1594 	641
f 1584 	1028 	641
f 27 	1591 	1588
f 27 	1588 	26
f 1564 	795 	1590
f 28 	1592 	1591
f 28 	1591 	27
f 29 	1593 	1592
f 29 	1592 	28
f 381 	385 	1522
f 30 	1595 	1593
f 30 	1593 	29
f 1338 	530 	531
f 97 	100 	1568
f 1608 	1605 	100
f 385 	286 	1523
f 550 	466 	178
f 31 	1596 	1595
f 31 	1595 	30
f 1609 	1608 	102
f 32 	1598 	1596
f 32 	1596 	31
f 1668 	1542 	69
f 1619 	1618 	103
f 788 	733 	738
f 884 	1342 	1338
f 884 	1338 	531
f 1594 	1597 	1166
f 1578 	724 	1599
f 1598 	32 	1600
f 33 	1600 	32
f 1342 	884 	1343
f 885 	1343 	884
f 1607 	1601 	641
f 34 	1602 	1600
f 34 	1600 	33
f 1624 	1622 	105
f 1166 	1597 	1167
f 1602 	34 	35
f 1602 	35 	1603
f 36 	1604 	1603
f 36 	1603 	35
f 1601 	1167 	1597
f 1601 	1597 	641
f 37 	1606 	1604
f 37 	1604 	36
f 862 	1586 	1611
f 645 	644 	760
f 38 	1610 	1606
f 38 	1606 	37
f 659 	660 	1609
f 1525 	418 	1526
f 203 	1043 	1736
f 424 	1527 	1526
f 1586 	1560 	741
f 1615 	1458 	1614
f 1712 	1458 	1615
f 1029 	1614 	1458
f 1617 	488 	1590
f 1736 	1616 	203
f 1616 	1718 	203
f 1718 	1720 	203
f 1720 	1721 	203
f 1721 	1724 	203
f 1528 	436 	1529
f 1590 	795 	1617
f 1620 	667 	1619
f 795 	729 	735
f 1636 	1630 	1029
f 1614 	1029 	1623
f 199 	355 	198
f 352 	354 	293
f 393 	394 	1060
f 396 	398 	1060
f 398 	434 	1060
f 398 	399 	434
f 400 	403 	434
f 1622 	1624 	1626
f 1724 	1725 	203
f 1725 	1727 	203
f 1727 	1728 	203
f 1632 	1633 	314
f 328 	1633 	1634
f 546 	547 	1638
f 1638 	1640 	546
f 542 	1648 	540
f 1623 	1029 	1628
f 1599 	724 	1625
f 1489 	215 	1490
f 1654 	1655 	519
f 515 	518 	741
f 741 	1657 	1660
f 741 	1660 	1629
f 1665 	741 	1662
f 215 	1491 	1490
f 1184 	1183 	1628
f 1568 	100 	1605
f 1029 	1641 	1636
f 1628 	1029 	1630
f 1491 	221 	1481
f 328 	314 	1633
f 1728 	1729 	203
f 100 	102 	1608
f 223 	1482 	221
f 1481 	221 	1482
f 1628 	1630 	1184
f 1613 	103 	1618
f 1612 	103 	1613
f 1483 	1482 	226
f 223 	226 	1482
f 862 	1611 	1635
f 1635 	1658 	862
f 638 	637 	760
f 226 	230 	1484
f 226 	1484 	1483
f 544 	546 	1640
f 1088 	1569 	1540
f 104 	1621 	1620
f 104 	1620 	1619
f 1611 	1586 	741
f 1485 	1484 	233
f 230 	233 	1484
f 1640 	1642 	544
f 1630 	1636 	1187
f 104 	105 	1621
f 1622 	1621 	105
f 1639 	488 	1617
f 233 	238 	1486
f 233 	1486 	1485
f 1642 	1644 	544
f 1028 	1659 	1029
f 543 	544 	1644
f 238 	241 	1486
f 1617 	795 	1639
f 1641 	1188 	1187
f 747 	746 	1637
f 1638 	1637 	746
f 1627 	747 	1637
f 1634 	747 	1627
f 1633 	748 	1634
f 1632 	750 	1633
f 1631 	750 	1632
f 1557 	1647 	1556
f 1636 	1641 	1187
f 1507 	1506 	247
f 1561 	1647 	1559
f 1572 	1647 	1562
f 1641 	1029 	1643
f 1666 	1667 	105
f 542 	543 	1645
f 1645 	1648 	542
f 1649 	540 	1648
f 1 	1625 	1646
f 1666 	107 	1670
f 1561 	1562 	1647
f 1625 	724 	1646
f 1675 	110 	1674
f 1673 	1674 	110
f 266 	1494 	1492
f 1650 	540 	1649
f 1651 	538 	1650
f 1652 	538 	1651
f 111 	1677 	1678
f 1188 	1641 	1643
f 1567 	1088 	1565
f 1569 	1088 	1567
f 266 	270 	1494
f 1495 	1494 	270
f 1551 	1540 	1569
f 1654 	522 	1652
f 1657 	518 	1655
f 1677 	113 	1680
f 740 	678 	1653
f 1495 	270 	1497
f 274 	1497 	270
f 1088 	1146 	1565
f 1679 	115 	1470
f 1189 	1643 	1175
f 274 	1498 	1497
f 678 	712 	1653
f 1175 	1643 	1030
f 277 	1499 	1498
f 712 	1626 	1656
f 1575 	1647 	1572
f 1030 	1029 	1659
f 1658 	1683 	862
f 277 	282 	1499
f 1500 	1499 	282
f 1585 	1587 	1307
f 1635 	1611 	741
f 1312 	1308 	1587
f 282 	206 	1500
f 1710 	741 	1665
f 1175 	1030 	1176
f 1659 	1176 	1030
f 1501 	1523 	286
f 1663 	488 	1639
f 1684 	488 	1663
f 1028 	1664 	1659
f 285 	1502 	1501
f 1624 	105 	1667
f 1639 	795 	1663
f 1664 	1177 	1176
f 1697 	689 	1668
f 1664 	1176 	1659
f 301 	1504 	1503
f 1682 	1676 	1028
f 1664 	1028 	1671
f 1711 	1710 	987
f 301 	1505 	1504
f 1 	1646 	1672
f 1672 	1686 	1
f 1665 	1662 	405
f 1646 	724 	1672
f 1669 	110 	1675
f 1178 	1664 	1671
f 410 	405 	1662
f 783 	782 	738
f 1512 	1486 	241
f 1598 	1062 	1596
f 1671 	1028 	1676
f 1673 	111 	1678
f 738 	737 	783
f 317 	1513 	1512
f 1595 	1062 	1593
f 1600 	1062 	1598
f 1179 	1178 	1676
f 417 	1657 	421
f 1513 	330 	1514
f 1681 	776 	1653
f 1738 	776 	1681
f 421 	1654 	427
f 330 	1515 	1514
f 1603 	87 	1602
f 427 	1652 	430
f 435 	430 	1651
f 1653 	862 	1681
f 1682 	1180 	1676
f 1683 	1694 	862
f 1516 	335 	1517
f 339 	1517 	335
f 1470 	1680 	1679
f 339 	1509 	1517
f 1658 	1635 	741
f 1651 	1650 	435
f 435 	1650 	1649
f 1648 	742 	1649
f 1645 	743 	1648
f 1548 	1168 	1547
f 1510 	358 	1511
f 1663 	795 	1684
f 1660 	1657 	414
f 417 	414 	1657
f 1655 	421 	1657
f 1654 	421 	1655
f 1652 	427 	1654
f 1651 	430 	1652
f 414 	410 	1660
f 1629 	1660 	410
f 1662 	1629 	410
f 358 	362 	1511
f 1685 	1195 	1607
f 1686 	1699 	1
f 1595 	1596 	1062
f 87 	1062 	1600
f 1600 	1602 	87
f 87 	1603 	1604
f 87 	1604 	1606
f 87 	1606 	1610
f 371 	1520 	1519
f 371 	1519 	82
f 1672 	724 	1686
f 1685 	1607 	641
f 371 	375 	1520
f 1521 	1520 	375
f 1726 	1565 	1146
f 1550 	1540 	1551
f 1550 	1552 	1540
f 1552 	1553 	1540
f 1553 	1556 	1540
f 1647 	1540 	1556
f 1557 	1559 	1647
f 1521 	375 	1522
f 381 	1522 	375
f 1689 	1691 	203
f 1624 	1667 	1626
f 1523 	1522 	385
f 740 	775 	783
f 1691 	1631 	202
f 202 	203 	1691
f 1687 	1685 	641
f 1541 	1647 	1811
f 1540 	1647 	1541
f 1308 	1307 	1587
f 1587 	1588 	1312
f 1316 	1312 	1588
f 1591 	1592 	1320
f 1322 	1320 	1592
f 1592 	1062 	1322
f 1324 	1322 	1062
f 1592 	1593 	1062
f 314 	202 	1632
f 1631 	1632 	202
f 439 	390 	1529
f 1529 	390 	1530
f 1681 	862 	1738
f 1690 	1687 	641
f 645 	760 	637
f 1530 	389 	1531
f 397 	1531 	389
f 264 	258 	1693
f 331 	1338 	334
f 309 	303 	1338
f 1102 	1545 	1693
f 283 	1693 	1545
f 1544 	209 	1545
f 1531 	397 	1518
f 1644 	1645 	543
f 1342 	1693 	1338
f 1692 	1690 	641
f 1683 	1658 	741
f 1683 	741 	1694
f 435 	1649 	742
f 1511 	362 	1524
f 1698 	488 	1684
f 1695 	1693 	1342
f 1343 	1695 	1342
f 413 	418 	1524
f 1525 	1524 	418
f 742 	1648 	743
f 1684 	795 	1698
f 4 	1087 	1088
f 424 	1526 	418
f 1191 	1199 	640
f 1686 	724 	1699
f 436 	1528 	1527
f 1717 	1714 	40
f 1717 	40 	41
f 724 	899 	902
f 641 	643 	1696
f 42 	1717 	41
f 1645 	1644 	743
f 744 	743 	1644
f 439 	1529 	436
f 1700 	1192 	640
f 1723 	42 	43
f 1644 	1642 	744
f 640 	1696 	643
f 1723 	43 	44
f 1723 	44 	1726
f 1642 	1640 	744
f 1640 	1638 	744
f 1487 	1500 	206
f 1701 	1193 	1700
f 1726 	44 	1565
f 207 	210 	1487
f 745 	744 	1638
f 45 	1731 	38
f 1700 	640 	643
f 746 	745 	1638
f 46 	1731 	45
f 1194 	1193 	1702
f 862 	1694 	1703
f 1703 	1713 	862
f 1701 	1700 	643
f 1694 	741 	1703
f 1741 	689 	1697
f 749 	1633 	750
f 750 	1631 	752
f 1740 	47 	48
f 1705 	488 	1698
f 1740 	48 	49
f 1722 	1207 	1704
f 752 	1689 	756
f 1 	1699 	1706
f 1698 	795 	1705
f 1712 	1709 	1458
f 1480 	1458 	1707
f 49 	50 	1745
f 1699 	724 	1706
f 758 	756 	1730
f 51 	1747 	50
f 1745 	50 	1747
f 719 	718 	902
f 1707 	1202 	1480
f 1707 	1458 	1708
f 1747 	51 	52
f 1747 	52 	1750
f 53 	1751 	52
f 1750 	52 	1751
f 1729 	1728 	758
f 1688 	1730 	756
f 748 	1633 	749
f 747 	1634 	748
f 1689 	752 	1691
f 1691 	752 	1631
f 1688 	756 	1689
f 1751 	53 	54
f 1751 	54 	1752
f 1708 	1458 	1709
f 1629 	1662 	741
f 741 	1710 	1711
f 55 	1754 	54
f 1752 	54 	1754
f 1205 	1708 	1709
f 56 	1755 	55
f 1754 	55 	1755
f 40 	1755 	56
f 1714 	1755 	40
f 1545 	1102 	7
f 1712 	1206 	1709
f 1703 	741 	1713
f 985 	1772 	986
f 1748 	488 	1715
f 1760 	488 	1748
f 1712 	1615 	1206
f 987 	986 	1711
f 1 	1706 	1716
f 1716 	1746 	1
f 405 	987 	1665
f 1710 	1665 	987
f 1614 	1182 	1615
f 1706 	724 	1716
f 1705 	795 	1715
f 42 	1719 	1717
f 1719 	42 	1723
f 787 	786 	735
f 1739 	1732 	217
f 1702 	1701 	643
f 1729 	1730 	203
f 1730 	1688 	203
f 1688 	1689 	203
f 38 	1731 	1610
f 1722 	217 	1732
f 46 	1735 	1731
f 1208 	1722 	1732
f 1735 	46 	47
f 1735 	47 	1737
f 860 	686 	638
f 691 	1381 	1661
f 1761 	776 	1738
f 1737 	47 	1740
f 1732 	1739 	1208
f 49 	1742 	1740
f 1209 	1208 	1739
f 862 	1713 	1743
f 1728 	1727 	758
f 1739 	217 	1744
f 1697 	1668 	69
f 1742 	49 	1745
f 1729 	758 	1730
f 1739 	1744 	1209
f 1716 	724 	1746
f 1767 	488 	1760
f 1667 	1666 	631
f 1736 	1734 	1031
f 1031 	1032 	1736
f 1715 	795 	1748
f 1744 	1749 	1212
f 762 	758 	1727
f 1727 	1725 	762
f 902 	654 	719
f 1725 	1724 	767
f 767 	762 	1725
f 1037 	767 	1724
f 1724 	1721 	1037
f 1753 	1213 	1749
f 691 	1661 	1656
f 1212 	1749 	1213
f 1616 	1736 	1032
f 1038 	1037 	1720
f 1721 	1720 	1037
f 1039 	1038 	1720
f 1720 	1718 	1039
f 1032 	1039 	1718
f 1718 	1616 	1032
f 1033 	1031 	1734
f 1734 	1733 	1033
f 1753 	204 	1756
f 1214 	1213 	1756
f 1054 	1056 	1783
f 1058 	1782 	1056
f 1753 	1756 	1213
f 1763 	689 	1741
f 1783 	1784 	1054
f 1784 	1768 	1054
f 204 	1757 	1756
f 1738 	862 	1761
f 1717 	1146 	1714
f 1782 	1783 	1056
f 1741 	1697 	69
f 1757 	1201 	1756
f 862 	1743 	1758
f 1 	1746 	1759
f 1723 	1146 	1719
f 1746 	724 	1759
f 1743 	1713 	741
f 1743 	741 	1758
f 1717 	1719 	1146
f 1726 	1146 	1723
f 1757 	1202 	1201
f 1202 	1757 	1480
f 1773 	488 	1767
f 391 	392 	1060
f 1748 	795 	1760
f 795 	735 	786
f 198 	391 	1060
f 1656 	689 	691
f 1082 	1085 	434
f 735 	788 	787
f 1075 	1082 	434
f 1737 	71 	1735
f 56 	55 	57
f 57 	55 	1094
f 862 	1758 	1762
f 1762 	1766 	862
f 1750 	73 	1747
f 1758 	741 	1762
f 1678 	622 	1673
f 1751 	73 	1750
f 602 	1539 	488
f 1096 	57 	1094
f 1098 	57 	1096
f 1760 	795 	1767
f 1754 	1146 	1752
f 1821 	689 	1763
f 1674 	622 	1675
f 55 	54 	1094
f 1146 	1755 	1714
f 1 	1759 	1764
f 4 	57 	1087
f 1098 	1087 	57
f 1092 	1094 	54
f 54 	53 	1092
f 1765 	776 	1761
f 1759 	724 	1764
f 1731 	71 	1610
f 1740 	71 	1737
f 1731 	1735 	71
f 87 	1610 	71
f 1742 	73 	1740
f 1745 	73 	1742
f 1761 	862 	1765
f 1766 	1770 	862
f 71 	1740 	73
f 1745 	1747 	73
f 73 	1751 	1752
f 73 	1752 	1146
f 1755 	1146 	1754
f 1113 	1116 	1381
f 1149 	1102 	1693
f 1105 	1381 	1103
f 1108 	1381 	1105
f 1695 	1538 	1149
f 1695 	1149 	1693
f 1538 	1695 	885
f 1343 	885 	1695
f 741 	1711 	1771
f 1772 	1774 	741
f 1768 	1785 	1052
f 1047 	1049 	1786
f 1786 	1788 	1047
f 1052 	1054 	1768
f 1816 	1817 	1043
f 1799 	62 	60
f 1769 	776 	1765
f 1802 	776 	1769
f 1765 	862 	1769
f 1770 	1787 	862
f 63 	1803 	65
f 1766 	1762 	741
f 1772 	741 	1771
f 1791 	488 	1773
f 1775 	741 	1774
f 65 	1803 	67
f 1776 	741 	1775
f 1777 	741 	1776
f 1779 	741 	1778
f 1778 	741 	1777
f 1767 	795 	1773
f 1780 	51 	1779
f 1782 	51 	1780
f 1 	1764 	1781
f 1781 	1795 	1
f 1785 	1786 	1049
f 1049 	1052 	1785
f 1764 	724 	1781
f 72 	1809 	75
f 1809 	76 	75
f 1788 	1789 	1047
f 1769 	862 	1802
f 1045 	1047 	1789
f 1787 	1793 	862
f 1043 	1045 	1789
f 1770 	1766 	741
f 1770 	741 	1787
f 1043 	1789 	1790
f 1773 	795 	1791
f 1818 	1817 	1034
f 63 	1801 	1803
f 776 	775 	740
f 1805 	67 	1803
f 1817 	1816 	982
f 67 	1805 	68
f 1155 	1154 	1792
f 1793 	1796 	862
f 1792 	1790 	1155
f 1808 	72 	68
f 1787 	741 	1793
f 1763 	1741 	69
f 72 	1808 	1809
f 1794 	488 	1791
f 1795 	1804 	1
f 1791 	795 	1794
f 1781 	724 	1795
f 1541 	78 	5
f 1181 	1174 	1778
f 1778 	1777 	1181
f 1813 	80 	78
f 1776 	1775 	1181
f 1812 	776 	1802
f 1775 	1774 	1190
f 80 	1813 	63
f 1796 	869 	862
f 654 	760 	644
f 1793 	741 	1796
f 985 	1190 	1774
f 1774 	1772 	985
f 1771 	986 	1772
f 1711 	986 	1771
f 1797 	488 	1794
f 1794 	795 	1797
f 1156 	1155 	1790
f 1810 	1798 	60
f 860 	862 	686
f 1790 	1789 	1156
f 60 	1798 	1799
f 992 	1800 	994
f 1200 	1156 	1789
f 63 	1813 	1801
f 1820 	776 	1812
f 1804 	1819 	1
f 1785 	1768 	1219
f 1795 	724 	1804
f 1805 	1806 	68
f 1784 	1783 	1225
f 1807 	488 	1797
f 1783 	1782 	1236
f 68 	1806 	1808
f 1797 	795 	1807
f 1780 	1779 	1162
f 1810 	76 	1809
f 60 	76 	1810
f 78 	1541 	1811
f 1776 	1181 	1777
f 1190 	1181 	1775
f 78 	1811 	1813
f 1802 	862 	1812
f 84 	1822 	1823
f 84 	1823 	86
f 1814 	488 	1807
f 1211 	1200 	1786
f 1216 	1211 	1786
f 1788 	1786 	1200
f 1789 	1788 	1200
f 1786 	1785 	1216
f 1219 	1216 	1785
f 1768 	1784 	1219
f 1225 	1219 	1784
f 1232 	1225 	1783
f 1236 	1232 	1783
f 1782 	1780 	1236
f 1162 	1236 	1780
f 1174 	1162 	1779
f 1778 	1174 	1779
f 1807 	795 	1814
f 1824 	89 	1823
f 86 	1823 	89
f 1815 	1816 	1043
f 1792 	1815 	1043
f 1792 	1043 	1790
f 1817 	1818 	1043
f 89 	1824 	90
f 1818 	1733 	1043
f 1821 	1763 	69
f 1733 	1734 	1043
f 1734 	1736 	1043
f 1826 	92 	90
f 992 	1120 	1800
f 92 	1826 	93
f 1804 	724 	1819
f 860 	776 	1820
f 1475 	1427 	1800
f 1812 	862 	1820
f 1815 	1153 	1816
f 1153 	982 	1816
f 1792 	1154 	1815
f 1154 	1153 	1815
f 982 	1034 	1817
f 1733 	1818 	1034
f 1034 	1033 	1733
f 392 	393 	1060
f 1381 	1066 	434
f 1831 	96 	95
f 741 	182 	1796
f 799 	488 	1814
f 96 	1831 	1832
f 795 	793 	1814
f 994 	1680 	1470
f 1832 	99 	96
f 99 	1832 	101
f 101 	1544 	6
f 740 	1653 	776
f 1833 	101 	1832
f 1820 	862 	860
f 1544 	101 	1833
f 1670 	631 	1666
f 799 	1814 	793
f 1626 	1667 	686
f 1824 	1825 	90
f 90 	1825 	1826
f 434 	1661 	1381
f 1 	1819 	1827
f 788 	738 	782
f 1826 	1828 	93
f 1819 	724 	1827
f 1829 	94 	1828
f 93 	1828 	94
f 1830 	95 	94
f 1830 	94 	1829
f 95 	1830 	1831
f 869 	1796 	182
f 1680 	1800 	1677
f 1678 	1677 	1800
f 1715 	488 	1705
f 1667 	635 	686
f 1835 	689 	1821
f 1626 	686 	1656
f 62 	1799 	84
f 69 	1835 	1821
f 1 	1827 	1834
f 1827 	724 	1834
f 1822 	84 	1799
f 1329 	1330 	1583
f 1 	1834 	727
f 724 	722 	1834
f 724 	902 	718
f 1581 	1583 	1390
f 1647 	1575 	1390
f 1575 	1581 	1390
f 1801 	1813 	1390
f 1813 	1647 	1390
f 862 	689 	686
f 691 	689 	1835
f 862 	1532 	689
f 69 	691 	1835
f 1824 	1823 	1836
f 1822 	232 	1823
f 727 	1834 	722
f 1825 	1824 	1836
f 1825 	1836 	1826
f 1475 	1800 	1119
f 1475 	1119 	1310
f 1829 	220 	1830
f 1828 	220 	1829
f 1678 	1800 	1427
f 220 	218 	1830
f 1831 	1830 	218
f 1674 	1673 	622
f 1832 	211 	1833
f 631 	1669 	1675
f 1330 	1390 	1583
f 1583 	1585 	1329
f 1307 	1329 	1585
f 1811 	1647 	1813
f 209 	1833 	211
f 1832 	1831 	214
f 1808 	1806 	1383
f 1383 	1377 	1808
f 1810 	1809 	1374
f 1809 	1808 	1377
f 1836 	1823 	232
f 1799 	235 	1822
f 220 	1828 	222
f 218 	214 	1831
f 211 	1832 	214
f 224 	222 	1836
f 228 	224 	1836
f 232 	228 	1836
f 1805 	1803 	1384
f 1389 	1384 	1803
f 1803 	1801 	1389
f 1390 	1389 	1801
f 1840 	1854 	1839
f 1841 	1854 	1840
f 1843 	1844 	1839
f 1842 	1854 	1841
f 1838 	1839 	1844
f 1837 	1838 	1844
f 1845 	1847 	1844
f 1846 	1847 	1845
f 1837 	1844 	1847
f 1067 	1064 	1427
f 1851 	1852 	1871
f 1852 	1853 	1871
f 1850 	1851 	1871
f 1853 	1854 	1871
f 1842 	1871 	1854
f 1843 	1839 	1854
f 1849 	1850 	1871
f 1848 	1849 	1871
f 1064 	1063 	1427
f 1856 	1861 	1855
f 1858 	1855 	1861
f 1859 	1860 	1856
f 1860 	1861 	1856
f 1857 	1858 	1861
f 1857 	1861 	1862
f 1857 	1862 	1863
f 1857 	1863 	1864
f 1857 	1864 	1865
f 1857 	1865 	1866
f 1857 	1866 	1867
f 1870 	1856 	1869
f 1868 	1869 	1856
f 1856 	1848 	1871
f 1871 	1872 	1856
f 1872 	1873 	1856
f 1873 	1874 	1856
f 1874 	1875 	1856
f 1876 	1856 	1875
f 1868 	1856 	1876
f 1877 	1859 	1856
f 1870 	1878 	1856
f 1878 	1879 	1856
f 1879 	1880 	1856
f 1880 	1881 	1856
f 1881 	1882 	1856
f 1882 	1883 	1856
f 1883 	1884 	1856
f 1877 	1856 	1884
f 222 	224 	1837
f 1843 	1854 	208
f 1867 	327 	1857
f 331 	1858 	1857
f 1884 	445 	1877
f 1838 	224 	1839
f 1840 	1839 	232
f 228 	232 	1839
f 1841 	1840 	235
f 232 	235 	1840
f 235 	239 	1842
f 235 	1842 	1841
f 239 	243 	1842
f 1858 	252 	1855
f 1855 	251 	1856
f 258 	1856 	251
f 258 	1848 	1856
f 269 	1849 	1848
f 269 	273 	1849
f 1850 	1849 	273
f 273 	275 	1850
f 1851 	1850 	275
f 1851 	275 	1852
f 278 	1852 	275
f 1853 	1852 	278
f 284 	1854 	1853
f 284 	208 	1854
f 290 	1861 	1860
f 290 	1860 	289
f 1861 	290 	1862
f 297 	1862 	290
f 297 	1863 	1862
f 315 	1865 	1864
f 320 	1866 	1865
f 320 	1865 	315
f 320 	327 	1866
f 1867 	1866 	327
f 331 	1857 	327
f 445 	347 	1877
f 1877 	347 	1859
f 1859 	346 	1860
f 289 	1860 	346
f 367 	1872 	1871
f 1872 	367 	1873
f 373 	1873 	367
f 373 	1874 	1873
f 386 	1876 	1875
f 1868 	1876 	250
f 386 	250 	1876
f 1868 	250 	1869
f 1869 	401 	1870
f 1870 	404 	1878
f 401 	404 	1870
f 1879 	1878 	419
f 412 	419 	1878
f 1879 	419 	1880
f 425 	1880 	419
f 425 	1881 	1880
f 437 	1882 	1881
f 437 	440 	1882
f 1883 	1882 	440
f 1884 	1883 	440
f 209 	1843 	208
f 209 	211 	1843
f 214 	218 	1846
f 214 	1846 	1845
f 218 	1847 	1846
f 222 	1837 	1847
f 1838 	1837 	224
f 228 	1839 	224
# 3780 faces

 #end of obj_0

