# Object Export From Tinkercad Server 2015

mtllib obj.mtl

o obj_0
v 89 		188.125 		0.4142
v 159.275 		188.85 		0.4142
v 107.008 		145.6642 		0
v 159.305 		188.848 		0.4045
v 159.3565 		188.838 		0.356
v 159.408 		188.828 		0.326
v 159.4374 		188.818 		0.296
v 159.508 		188.794 		0.2471
v 159.5161 		188.79 		0.239
v 159.5889 		188.754 		0.186
v 159.603 		188.747 		0.178
v 159.6555 		188.712 		0.138
v 159.69 		188.689 		0.1179
v 159.7182 		188.664 		0.096
v 159.704 		188.554 		0.032
v 159.644 		188.494 		0.012
v 159.5858 		188.4359 		0
v 159.988 		188.2065 		0.356
v 159.998 		188.155 		0.4045
v 160 		188.125 		0.4142
v 159.968 		188.2874 		0.296
v 159.978 		188.258 		0.326
v 159.94 		188.3661 		0.239
v 159.944 		188.358 		0.2471
v 89.002 		145.945 		0.4045
v 89 		145.975 		0.4142
v 89 		145.975 		32.638
v 89.096 		145.662 		0.186
v 89.138 		145.5949 		0.138
v 89.103 		145.648 		0.178
v 89.186 		145.5318 		0.096
v 89.161 		145.56 		0.1179
v 89.239 		145.489 		0.06
v 89.231 		145.481 		0.0654
v 89.296 		145.546 		0.032
v 89.356 		145.606 		0.012
v 89.4142 		145.6642 		0
v 89.2818 		145.436 		0.096
v 89.31 		145.411 		0.1179
v 89.012 		145.8935 		0.356
v 89.032 		145.8126 		0.296
v 89.022 		145.842 		0.326
v 89.06 		145.734 		0.239
v 89.056 		145.742 		0.2471
v 89.6435 		145.262 		0.356
v 89.695 		145.252 		0.4045
v 89.725 		145.25 		0.4142
v 89.3449 		145.388 		0.138
v 89.398 		145.353 		0.178
v 89.412 		145.346 		0.186
v 89.484 		145.31 		0.239
v 89.492 		145.306 		0.2471
v 89.5626 		145.282 		0.296
v 89.592 		145.272 		0.326
v 93.5 		185.282 		1.598
v 93.7 		185.3807 		1.598
v 114.688 		187.883 		0
v 93.282 		185.137 		1.598
v 93.086 		184.964 		1.598
v 89 		188.125 		32.638
v 92.913 		184.768 		1.598
v 92.768 		184.55 		1.598
v 92.6545 		184.32 		1.598
v 92.652 		184.315 		1.598
v 92.568 		184.068 		1.598
v 92.517 		183.811 		1.598
v 92.5 		183.55 		1.598
v 92.5 		181.55 		1.598
v 92.517 		183.289 		1.598
v 92.568 		183.032 		1.598
v 92.652 		182.785 		1.598
v 92.768 		182.55 		1.598
v 92.913 		182.332 		1.598
v 89 		187.248 		13.312
v 93.086 		182.136 		1.598
v 93.282 		181.963 		1.598
v 93.5 		181.818 		1.598
v 93.7 		181.7193 		1.598
v 152.5 		146.217 		0
v 96.5 		187.883 		0
v 137.998 		186.053 		32.601
v 143.003 		186.053 		32.601
v 143.003 		186.053 		30.6
v 137.998 		186.053 		30.6
v 105.998 		186.053 		32.598
v 111.003 		186.053 		32.598
v 111.003 		186.053 		30.598
v 105.998 		186.053 		30.598
v 152.5 		186.053 		1.598
v 91.798 		186.053 		33.76
v 137.998 		186.0621 		32.601
v 143.003 		186.0621 		32.601
v 91.798 		148.048 		33.76
v 143.003 		186.953 		30.6
v 137.998 		186.953 		30.6
v 90.195 		146.445 		33.76
v 90.195 		187.655 		33.76
v 105.998 		186.0626 		32.598
v 111.003 		186.0626 		32.598
v 111.003 		186.953 		30.598
v 105.998 		186.953 		30.598
v 92.16 		145.6642 		0
v 92.5 		183.55 		0
v 92.5 		150.55 		0
v 96.5 		183.55 		1.598
v 152.5 		183.55 		1.598
v 89.4142 		188.4359 		0
v 89.967 		185.344 		0
v 152.5 		185.55 		0
v 152.5 		183.55 		0
v 96.5 		183.55 		0
v 95.3 		186.053 		1.598
v 95.914 		184.964 		17.96
v 95.718 		185.137 		17.96
v 95.5 		185.282 		17.96
v 96.232 		184.55 		17.96
v 96.087 		184.768 		17.96
v 96.5 		183.55 		17.96
v 96.483 		183.811 		17.96
v 96.432 		184.068 		17.96
v 96.348 		184.315 		17.96
v 95.3 		183.55 		17.96
v 96.348 		182.785 		17.96
v 96.432 		183.032 		17.96
v 96.483 		183.289 		17.96
v 94.5 		185.55 		0
v 96.3455 		184.32 		0
v 96.232 		184.55 		0
v 96.087 		184.768 		0
v 95.914 		184.964 		0
v 95.718 		185.137 		0
v 95.5 		185.282 		0
v 95.265 		185.398 		0
v 95.018 		185.482 		0
v 94.761 		185.533 		0
v 94.239 		185.533 		0
v 94.208 		185.5269 		0
v 93.982 		185.482 		0
v 93.735 		185.398 		0
v 93.7 		185.3807 		0
v 96.3307 		182.75 		0
v 96.348 		182.785 		0
v 96.432 		183.032 		0
v 96.483 		183.289 		0
v 96.483 		183.811 		0
v 96.432 		184.068 		0
v 96.348 		184.315 		0
v 158.805 		187.655 		32.638
v 158.805 		187.655 		33.76
v 159.897 		188.453 		32.638
v 159.839 		188.54 		32.638
v 159.769 		188.619 		32.638
v 159.69 		188.689 		32.638
v 159.603 		188.747 		32.638
v 159.508 		188.794 		32.638
v 159.408 		188.828 		32.638
v 159.305 		188.848 		32.638
v 159.275 		188.85 		32.638
v 160 		188.125 		32.638
v 159.998 		188.155 		32.638
v 159.978 		188.258 		32.638
v 159.944 		188.358 		32.638
v 126.464 		146.217 		0
v 125.952 		146.217 		0
v 125.44 		146.217 		0
v 124.928 		146.217 		0
v 124.416 		146.217 		0
v 123.904 		146.217 		0
v 123.392 		146.217 		0
v 122.88 		146.217 		0
v 90.195 		187.655 		32.638
v 90.195 		146.445 		32.638
v 122.368 		146.217 		0
v 121.856 		146.217 		0
v 121.344 		146.217 		0
v 89.002 		145.945 		32.638
v 89.022 		145.842 		32.638
v 89.056 		145.742 		32.638
v 155.648 		148.9164 		0
v 155.718 		148.963 		0
v 89.103 		145.648 		32.638
v 89.161 		145.56 		32.638
v 89.231 		145.481 		32.638
v 120.832 		146.217 		0
v 155.914 		149.136 		0
v 89.31 		145.411 		32.638
v 156.087 		149.332 		0
v 156.232 		149.55 		0
v 120.32 		146.217 		0
v 156.3307 		149.75 		0
v 89.398 		145.353 		32.638
v 89.492 		145.306 		32.638
v 89.592 		145.272 		32.638
v 89.695 		145.252 		32.638
v 89.725 		145.25 		32.638
v 119.808 		146.217 		0
v 154.5 		148.55 		0
v 154.761 		148.567 		0
v 155.018 		148.618 		0
v 155.265 		148.702 		0
v 155.5 		148.818 		0
v 119.296 		146.217 		0
v 153.7 		148.7193 		0
v 153.735 		148.702 		0
v 118.784 		146.217 		0
v 153.982 		148.618 		0
v 89.31 		188.689 		32.638
v 89.231 		188.619 		32.638
v 154.239 		148.567 		0
v 89.161 		188.54 		32.638
v 89.103 		188.453 		32.638
v 89.725 		188.85 		32.638
v 89.695 		188.848 		32.638
v 89.592 		188.828 		32.638
v 89.492 		188.794 		32.638
v 89.398 		188.747 		32.638
v 118.272 		146.217 		0
v 117.76 		146.217 		0
v 89.056 		188.358 		32.638
v 89.022 		188.258 		32.638
v 89.002 		188.155 		32.638
v 117.248 		146.217 		0
v 116.736 		146.217 		0
v 116.224 		146.217 		0
v 115.712 		146.217 		0
v 115.2 		146.217 		0
v 114.688 		146.217 		0
v 114.176 		146.217 		0
v 113.664 		146.217 		0
v 113.152 		146.217 		0
v 112.64 		146.217 		0
v 112.128 		146.217 		0
v 111.616 		146.217 		0
v 111.104 		146.217 		0
v 110.592 		146.217 		0
v 110.08 		146.217 		0
v 155.914 		149.136 		17.96
v 156.087 		149.332 		17.96
v 156.232 		149.55 		17.96
v 155.718 		148.963 		17.96
v 154.239 		148.567 		17.96
v 154.5 		148.55 		17.96
v 154.761 		148.567 		17.96
v 155.018 		148.618 		17.96
v 155.265 		148.702 		17.96
v 155.5 		148.818 		17.96
v 154.5 		149.75 		17.96
v 153.735 		148.702 		17.96
v 153.982 		148.618 		17.96
v 89.6 		145.92 		0
v 99.328 		146.217 		0
v 96.232 		184.55 		1.598
v 96.3455 		184.32 		1.598
v 96.087 		184.768 		1.598
v 95.914 		184.964 		1.598
v 95.718 		185.137 		1.598
v 95.5 		185.282 		1.598
v 95.3 		185.3807 		1.598
v 96.348 		182.785 		1.598
v 96.3307 		182.75 		1.598
v 96.432 		183.032 		1.598
v 96.483 		183.289 		1.598
v 89.725 		188.85 		0.4142
v 96.483 		183.811 		1.598
v 96.432 		184.068 		1.598
v 96.348 		184.315 		1.598
v 155.718 		148.963 		1.598
v 155.648 		148.9164 		1.598
v 93.7 		145.25 		0.4142
v 155.914 		149.136 		1.598
v 156.087 		149.332 		1.598
v 94.5 		185.55 		1.598
v 156.232 		149.55 		1.598
v 156.3307 		149.75 		1.598
v 94.5 		185.55 		17.96
v 94.239 		185.533 		17.96
v 94.5 		184.35 		17.96
v 93.9029 		148.55 		0
v 116.498 		149.75 		0
v 95.265 		185.398 		17.96
v 95.018 		185.482 		17.96
v 94.761 		185.533 		17.96
v 154.761 		148.567 		1.598
v 94.5 		148.55 		0
v 93.982 		185.482 		17.96
v 93.735 		185.398 		17.96
v 154.5 		148.55 		1.598
v 155.018 		148.618 		1.598
v 155.265 		148.702 		1.598
v 152.5 		145.25 		1.598
v 155.5 		148.818 		1.598
v 153.735 		148.702 		1.598
v 153.7 		148.7193 		1.598
v 153.982 		148.618 		1.598
v 154.239 		148.567 		1.598
v 159.5858 		179.053 		0
v 159.5858 		155.048 		0
v 91.798 		186.053 		1.598
v 91.798 		148.048 		1.598
v 92.5 		150.55 		1.598
v 95.265 		185.398 		1.598
v 95.018 		185.482 		1.598
v 94.761 		185.533 		1.598
v 156.998 		179.053 		0
v 156.998 		155.048 		0
v 94.239 		185.533 		1.598
v 156.5 		150.55 		0
v 94.208 		185.5269 		1.598
v 154.5 		152.55 		0
v 96.2014 		149.504 		0
v 96.232 		149.55 		0
v 154.5 		181.55 		0
v 96.3307 		149.75 		0
v 156.2307 		151.552 		0
v 156.087 		151.768 		0
v 93.982 		185.482 		1.598
v 155.914 		151.964 		0
v 94.761 		148.567 		0
v 155.718 		152.137 		0
v 95.018 		148.618 		0
v 93.735 		185.398 		1.598
v 155.648 		152.1836 		0
v 95.265 		148.702 		0
v 95.5 		148.818 		0
v 95.718 		148.963 		0
v 155.5 		152.282 		0
v 155.265 		152.398 		0
v 95.914 		149.136 		0
v 155.018 		152.482 		0
v 96.087 		149.332 		0
v 154.761 		152.533 		0
v 94.5 		184.35 		19.56
v 94.396 		184.343 		19.56
v 94.293 		184.323 		19.56
v 94.707 		184.323 		19.56
v 94.604 		184.343 		19.56
v 154.239 		152.533 		0
v 153.982 		152.482 		0
v 94.208 		148.5732 		0
v 94.239 		148.567 		0
v 153.735 		152.398 		0
v 95.3 		183.55 		19.56
v 95.293 		183.654 		19.56
v 95.273 		183.757 		19.56
v 95.239 		183.856 		19.56
v 95.193 		183.95 		19.56
v 95.135 		184.037 		19.56
v 95.066 		184.116 		19.56
v 94.987 		184.185 		19.56
v 94.9 		184.243 		19.56
v 153.7 		152.3807 		0
v 94.806 		184.289 		19.56
v 114.688 		145.25 		0.967
v 95.273 		183.343 		19.56
v 95.293 		183.446 		19.56
v 114.176 		145.25 		0.967
v 113.664 		145.25 		0.967
v 95.135 		183.063 		19.56
v 95.193 		183.15 		19.56
v 95.239 		183.244 		19.56
v 94.293 		182.777 		19.56
v 94.396 		182.757 		19.56
v 94.5 		182.75 		19.56
v 94.604 		182.757 		19.56
v 94.707 		182.777 		19.56
v 94.806 		182.811 		19.56
v 94.9 		182.857 		19.56
v 94.987 		182.915 		19.56
v 95.066 		182.984 		19.56
v 93.7 		183.55 		19.56
v 93.707 		183.446 		19.56
v 93.727 		183.343 		19.56
v 94.194 		184.289 		19.56
v 94.1 		184.243 		19.56
v 94.013 		184.185 		19.56
v 93.934 		184.116 		19.56
v 93.865 		184.037 		19.56
v 93.807 		183.95 		19.56
v 93.761 		183.856 		19.56
v 93.727 		183.757 		19.56
v 93.707 		183.654 		19.56
v 156.348 		149.785 		0
v 156.432 		150.032 		0
v 156.483 		150.289 		0
v 94.013 		182.915 		19.56
v 94.1 		182.857 		19.56
v 94.194 		182.811 		19.56
v 93.761 		183.244 		19.56
v 93.807 		183.15 		19.56
v 93.865 		183.063 		19.56
v 93.934 		182.984 		19.56
v 113.152 		145.25 		0.967
v 112.64 		145.25 		0.967
v 93.7 		148.7193 		0
v 93.735 		148.702 		0
v 112.128 		145.25 		0.967
v 93.982 		148.618 		0
v 110.592 		145.25 		0.967
v 110.08 		145.25 		0.967
v 96.232 		149.55 		17.96
v 109.568 		145.25 		0.967
v 94.5 		149.75 		17.96
v 109.056 		145.25 		0.967
v 95.718 		148.963 		17.96
v 95.914 		149.136 		17.96
v 108.544 		145.25 		0.967
v 96.087 		149.332 		17.96
v 94.239 		148.567 		17.96
v 94.5 		148.55 		17.96
v 94.761 		148.567 		17.96
v 95.018 		148.618 		17.96
v 95.265 		148.702 		17.96
v 95.5 		148.818 		17.96
v 108.032 		145.25 		0.967
v 107.52 		145.25 		0.967
v 107.008 		145.25 		0.967
v 93.982 		148.618 		17.96
v 93.735 		148.702 		17.96
v 106.496 		145.25 		0.967
v 105.984 		145.25 		0.967
v 105.472 		145.25 		0.967
v 104.96 		145.25 		0.967
v 104.448 		145.25 		0.967
v 103.936 		145.25 		0.967
v 103.424 		145.25 		0.967
v 102.912 		145.25 		0.967
v 102.4 		145.25 		0.967
v 101.888 		145.25 		0.967
v 101.376 		145.25 		0.967
v 100.864 		145.25 		0.967
v 100.352 		145.25 		0.967
v 99.84 		145.25 		0.967
v 99.328 		145.25 		0.967
v 89.6435 		188.838 		0.356
v 89.695 		188.848 		0.4045
v 98.816 		145.25 		0.967
v 98.304 		145.25 		0.967
v 97.792 		145.25 		0.967
v 96.256 		145.25 		0.967
v 89.096 		188.4389 		0.186
v 89.103 		188.453 		0.178
v 89.138 		188.5055 		0.138
v 89.161 		188.54 		0.1179
v 89.186 		188.5682 		0.096
v 89.231 		188.619 		0.0654
v 89.239 		188.611 		0.06
v 89.296 		188.554 		0.032
v 89.356 		188.494 		0.012
v 89.5626 		188.818 		0.296
v 89.592 		188.828 		0.326
v 89.484 		188.79 		0.239
v 89.492 		188.794 		0.2471
v 89.412 		188.754 		0.186
v 89.3449 		188.712 		0.138
v 89.398 		188.747 		0.178
v 89.2818 		188.664 		0.096
v 89.31 		188.689 		0.1179
v 94.707 		184.323 		17.96
v 94.604 		184.343 		17.96
v 89.002 		188.155 		0.4045
v 89.012 		188.2065 		0.356
v 156.483 		150.811 		0
v 89.022 		188.258 		0.326
v 89.032 		188.2874 		0.296
v 156.432 		151.068 		0
v 156.348 		151.315 		0
v 89.056 		188.358 		0.2471
v 89.06 		188.3661 		0.239
v 156.232 		151.55 		0
v 94.396 		184.343 		17.96
v 94.293 		184.323 		17.96
v 95.273 		183.343 		17.96
v 160 		179.053 		0.4142
v 95.293 		183.446 		17.96
v 160 		155.048 		0.4142
v 95.293 		183.654 		17.96
v 95.273 		183.757 		17.96
v 95.239 		183.856 		17.96
v 95.193 		183.95 		17.96
v 111.002 		148.048 		32.598
v 105.998 		148.048 		32.598
v 105.998 		148.048 		30.598
v 111.002 		148.048 		30.598
v 143.002 		148.048 		32.598
v 137.998 		148.048 		32.598
v 137.998 		148.048 		30.598
v 143.002 		148.048 		30.598
v 152.5 		148.048 		1.598
v 89.012 		186.368 		0.356
v 93.7 		148.048 		1.598
v 111.002 		148.0384 		32.598
v 105.998 		148.0384 		32.598
v 105.998 		147.148 		30.598
v 111.002 		147.148 		30.598
v 95.135 		184.037 		17.96
v 95.066 		184.116 		17.96
v 94.987 		184.185 		17.96
v 94.9 		184.243 		17.96
v 89.012 		185.856 		0.356
v 94.806 		184.289 		17.96
v 89.012 		185.344 		0.356
v 143.002 		148.0384 		32.598
v 137.998 		148.0384 		32.598
v 137.998 		147.148 		30.598
v 143.002 		147.148 		30.598
v 94.5 		148.55 		1.598
v 89.356 		184.832 		0.012
v 89.012 		184.832 		0.356
v 154.5 		185.55 		1.598
v 89.012 		184.32 		0.356
v 96.232 		149.55 		1.598
v 96.2014 		149.504 		1.598
v 96.3307 		149.75 		1.598
v 89.356 		183.808 		0.012
v 94.761 		148.567 		1.598
v 89.012 		183.808 		0.356
v 94.604 		182.757 		17.96
v 94.5 		182.75 		17.96
v 95.018 		148.618 		1.598
v 94.707 		182.777 		17.96
v 95.265 		148.702 		1.598
v 94.806 		182.811 		17.96
v 95.5 		148.818 		1.598
v 94.9 		182.857 		17.96
v 95.718 		148.963 		1.598
v 94.987 		182.915 		17.96
v 95.914 		149.136 		1.598
v 96.087 		149.332 		1.598
v 89.356 		183.296 		0.012
v 95.066 		182.984 		17.96
v 95.135 		183.063 		17.96
v 89.012 		183.296 		0.356
v 94.239 		148.567 		1.598
v 94.208 		148.5732 		1.598
v 95.193 		183.15 		17.96
v 95.239 		183.244 		17.96
v 93.735 		148.702 		1.598
v 93.7 		148.7193 		1.598
v 94.293 		182.777 		17.96
v 93.982 		148.618 		1.598
v 94.396 		182.757 		17.96
v 89.012 		182.784 		0.356
v 120.9424 		180.2119 		0
v 120.168 		179.6944 		0
v 94.194 		184.289 		17.96
v 119.4682 		179.0809 		0
v 118.8547 		178.3811 		0
v 118.3381 		177.6076 		0
v 94.1 		184.243 		17.96
v 117.9264 		176.7726 		0
v 117.6267 		175.8915 		0
v 94.013 		184.185 		17.96
v 117.4454 		174.9783 		0
v 117.3849 		174.05 		0
v 93.934 		184.116 		17.96
v 117.4454 		173.1208 		0
v 117.6267 		172.2076 		0
v 117.9264 		171.3265 		0
v 93.865 		184.037 		17.96
v 118.3381 		170.4916 		0
v 118.8547 		169.718 		0
v 93.807 		183.95 		17.96
v 119.4682 		169.0182 		0
v 120.168 		168.4047 		0
v 120.9424 		167.8872 		0
v 93.761 		183.856 		17.96
v 121.7774 		167.4755 		0
v 122.6585 		167.1767 		0
v 93.727 		183.757 		17.96
v 123.5708 		166.9953 		0
v 124.5 		166.934 		0
v 93.707 		183.654 		17.96
v 125.4292 		166.9953 		0
v 126.3415 		167.1767 		0
v 93.7 		183.55 		17.96
v 127.2226 		167.4755 		0
v 128.0576 		167.8872 		0
v 128.832 		168.4047 		0
v 93.707 		183.446 		17.96
v 129.5318 		169.0182 		0
v 130.1453 		169.718 		0
v 93.727 		183.343 		17.96
v 130.6619 		170.4916 		0
v 130.6619 		177.6076 		0
v 130.1453 		178.3811 		0
v 129.5318 		179.0809 		0
v 93.761 		183.244 		17.96
v 128.832 		179.6944 		0
v 128.0576 		180.2119 		0
v 93.807 		183.15 		17.96
v 131.0736 		171.3265 		0
v 131.3733 		172.2076 		0
v 93.865 		183.063 		17.96
v 131.5546 		173.1208 		0
v 131.616 		174.05 		0
v 131.5546 		174.9783 		0
v 93.934 		182.984 		17.96
v 131.3733 		175.8915 		0
v 131.0736 		176.7726 		0
v 94.013 		182.915 		17.96
v 124.5 		181.1651 		0
v 123.5708 		181.1046 		0
v 94.1 		182.857 		17.96
v 122.6585 		180.9233 		0
v 121.7774 		180.6236 		0
v 94.194 		182.811 		17.96
v 118.5852 		181.55 		0
v 127.2226 		180.6236 		0
v 126.3415 		180.9233 		0
v 125.4292 		181.1046 		0
v 152.576 		145.92 		0
v 130.51 		159.715 		0
v 130.472 		159.623 		0
v 130.432 		159.566 		0
v 130.391 		159.547 		0
v 140.288 		188.494 		0.012
v 130.661 		160.649 		0
v 130.638 		160.409 		0
v 130.611 		160.193 		0
v 130.581 		160.003 		0
v 130.547 		159.843 		0
v 130.703 		161.75 		0
v 130.7 		161.463 		0
v 130.692 		161.18 		0
v 89.356 		182.272 		0.012
v 130.679 		160.907 		0
v 89.012 		182.272 		0.356
v 130.679 		162.593 		0
v 130.692 		162.32 		0
v 130.7 		162.037 		0
v 130.51 		163.785 		0
v 139.776 		188.494 		0.012
v 130.547 		163.657 		0
v 130.581 		163.497 		0
v 130.611 		163.307 		0
v 130.638 		163.091 		0
v 130.661 		162.851 		0
v 130.432 		163.934 		0
v 130.391 		163.952 		0
v 130.472 		163.877 		0
v 119.768 		159.566 		0
v 119.809 		159.547 		0
v 119.728 		159.623 		0
v 119.69 		159.715 		0
v 119.653 		159.843 		0
v 119.619 		160.003 		0
v 119.589 		160.193 		0
v 119.562 		160.409 		0
v 119.539 		160.649 		0
v 119.498 		161.75 		0
v 119.521 		160.907 		0
v 119.508 		161.18 		0
v 119.5 		161.463 		0
v 119.5 		162.037 		0
v 119.508 		162.32 		0
v 119.521 		162.593 		0
v 154.5 		184.35 		19.56
v 154.396 		184.343 		19.56
v 154.293 		184.323 		19.56
v 154.707 		184.323 		19.56
v 119.539 		162.851 		0
v 154.604 		184.343 		19.56
v 119.562 		163.091 		0
v 119.589 		163.307 		0
v 119.619 		163.497 		0
v 155.3 		183.55 		19.56
v 155.293 		183.654 		19.56
v 155.273 		183.757 		19.56
v 155.239 		183.856 		19.56
v 155.193 		183.95 		19.56
v 155.135 		184.037 		19.56
v 155.066 		184.116 		19.56
v 154.987 		184.185 		19.56
v 154.9 		184.243 		19.56
v 119.653 		163.657 		0
v 154.806 		184.289 		19.56
v 155.273 		183.343 		19.56
v 119.69 		163.785 		0
v 155.293 		183.446 		19.56
v 155.135 		183.063 		19.56
v 155.193 		183.15 		19.56
v 155.239 		183.244 		19.56
v 154.707 		182.777 		19.56
v 154.806 		182.811 		19.56
v 154.9 		182.857 		19.56
v 154.987 		182.915 		19.56
v 155.066 		182.984 		19.56
v 119.728 		163.877 		0
v 119.768 		163.934 		0
v 119.809 		163.952 		0
v 153.7 		183.55 		19.56
v 153.707 		183.446 		19.56
v 153.727 		183.343 		19.56
v 154.194 		184.289 		19.56
v 154.1 		184.243 		19.56
v 154.013 		184.185 		19.56
v 153.934 		184.116 		19.56
v 153.865 		184.037 		19.56
v 153.807 		183.95 		19.56
v 153.761 		183.856 		19.56
v 153.727 		183.757 		19.56
v 153.707 		183.654 		19.56
v 154.396 		182.757 		19.56
v 154.5 		182.75 		19.56
v 154.604 		182.757 		19.56
v 153.761 		183.244 		19.56
v 153.807 		183.15 		19.56
v 153.865 		183.063 		19.56
v 153.934 		182.984 		19.56
v 154.013 		182.915 		19.56
v 154.1 		182.857 		19.56
v 154.194 		182.811 		19.56
v 154.293 		182.777 		19.56
v 139.264 		188.494 		0.012
v 153.5 		152.282 		0
v 153.282 		152.137 		0
v 153.086 		151.964 		0
v 159.988 		179.053 		0.356
v 152.913 		151.768 		0
v 138.752 		188.494 		0.012
v 159.968 		179.053 		0.296
v 152.7693 		151.552 		0
v 159.94 		179.053 		0.239
v 159.904 		179.053 		0.186
v 159.862 		179.053 		0.138
v 159.814 		179.053 		0.096
v 159.761 		179.053 		0.06
v 89.012 		181.76 		0.356
v 159.704 		179.053 		0.032
v 159.644 		179.053 		0.012
v 153.6 		148.7686 		0
v 152.768 		151.55 		0
v 152.652 		151.315 		0
v 152.568 		151.068 		0
v 152.517 		150.811 		0
v 159.988 		155.048 		0.356
v 152.5 		150.55 		0
v 159.968 		155.048 		0.296
v 152.517 		150.289 		0
v 159.94 		155.048 		0.239
v 152.568 		150.032 		0
v 159.904 		155.048 		0.186
v 152.652 		149.785 		0
v 152.768 		149.55 		0
v 159.862 		155.048 		0.138
v 152.913 		149.332 		0
v 159.814 		155.048 		0.096
v 153.086 		149.136 		0
v 159.761 		155.048 		0.06
v 153.282 		148.963 		0
v 153.5 		148.818 		0
v 137.728 		188.494 		0.012
v 159.704 		155.048 		0.032
v 159.644 		155.048 		0.012
v 153.5 		152.282 		17.96
v 153.282 		152.137 		17.96
v 153.086 		151.964 		17.96
v 152.913 		151.768 		17.96
v 153.7 		150.55 		17.96
v 154.707 		184.323 		17.96
v 137.216 		188.494 		0.012
v 152.913 		149.332 		17.96
v 153.086 		149.136 		17.96
v 153.282 		148.963 		17.96
v 153.5 		148.818 		17.96
v 154.604 		184.343 		17.96
v 152.768 		151.55 		17.96
v 152.652 		151.315 		17.96
v 152.568 		151.068 		17.96
v 152.517 		150.811 		17.96
v 152.5 		150.55 		17.96
v 152.517 		150.289 		17.96
v 152.568 		150.032 		17.96
v 152.652 		149.785 		17.96
v 152.768 		149.55 		17.96
v 154.5 		184.35 		17.96
v 154.396 		184.343 		17.96
v 154.293 		184.323 		17.96
v 155.273 		183.343 		17.96
v 155.293 		183.446 		17.96
v 155.3 		183.55 		17.96
v 155.293 		183.654 		17.96
v 155.273 		183.757 		17.96
v 155.239 		183.856 		17.96
v 155.193 		183.95 		17.96
v 155.135 		184.037 		17.96
v 136.704 		188.494 		0.012
v 155.066 		184.116 		17.96
v 154.987 		184.185 		17.96
v 96.5 		150.55 		0
v 154.9 		184.243 		17.96
v 154.806 		184.289 		17.96
v 154.707 		182.777 		17.96
v 154.806 		182.811 		17.96
v 154.9 		182.857 		17.96
v 154.987 		182.915 		17.96
v 155.066 		182.984 		17.96
v 155.135 		183.063 		17.96
v 155.193 		183.15 		17.96
v 136.192 		188.494 		0.012
v 155.239 		183.244 		17.96
v 94.5 		181.55 		0
v 94.5 		152.55 		0
v 154.194 		184.289 		17.96
v 96.2307 		151.552 		0
v 96.087 		151.768 		0
v 154.1 		184.243 		17.96
v 95.914 		151.964 		0
v 95.718 		152.137 		0
v 95.5 		152.282 		0
v 154.013 		184.185 		17.96
v 95.265 		152.398 		0
v 95.018 		152.482 		0
v 153.934 		184.116 		17.96
v 94.761 		152.533 		0
v 153.865 		184.037 		17.96
v 94.239 		152.533 		0
v 94.208 		152.5269 		0
v 153.807 		183.95 		17.96
v 153.761 		183.856 		17.96
v 153.727 		183.757 		17.96
v 93.982 		152.482 		0
v 153.707 		183.654 		17.96
v 93.735 		152.398 		0
v 93.7 		152.3807 		0
v 153.7 		183.55 		17.96
v 153.707 		183.446 		17.96
v 96.348 		149.785 		0
v 153.727 		183.343 		17.96
v 96.432 		150.032 		0
v 96.483 		150.289 		0
v 96.483 		150.811 		0
v 154.5 		182.75 		17.96
v 96.432 		151.068 		0
v 154.604 		182.757 		17.96
v 96.348 		151.315 		0
v 96.232 		151.55 		0
v 153.761 		183.244 		17.96
v 153.807 		183.15 		17.96
v 153.865 		183.063 		17.96
v 153.934 		182.984 		17.96
v 154.013 		182.915 		17.96
v 154.1 		182.857 		17.96
v 154.194 		182.811 		17.96
v 117.3611 		173.1097 		0.17
v 117.2999 		174.05 		0.17
v 117.3611 		174.9894 		0.17
v 117.5446 		175.9135 		0.17
v 117.8479 		176.8051 		0.17
v 118.2645 		177.6501 		0.17
v 118.7872 		178.4329 		0.17
v 119.4081 		179.141 		0.17
v 120.1162 		179.7619 		0.17
v 122.6365 		167.0946 		0.17
v 121.7449 		167.397 		0.17
v 120.8999 		167.8136 		0.17
v 120.1162 		168.3372 		0.17
v 119.4081 		168.9581 		0.17
v 118.7872 		169.6662 		0.17
v 118.2645 		170.4491 		0.17
v 117.8479 		171.2939 		0.17
v 117.5446 		172.1856 		0.17
v 89.356 		181.248 		0.012
v 89.012 		181.248 		0.356
v 134.656 		188.494 		0.012
v 89.356 		180.736 		0.012
v 89.012 		180.736 		0.356
v 134.144 		188.494 		0.012
v 154.293 		182.777 		17.96
v 154.396 		182.757 		17.96
v 156.232 		184.55 		17.96
v 156.087 		184.768 		17.96
v 155.914 		184.964 		17.96
v 155.718 		185.137 		17.96
v 153.5 		185.282 		17.96
v 153.282 		185.137 		17.96
v 153.086 		184.964 		17.96
v 152.913 		184.768 		17.96
v 152.768 		184.55 		17.96
v 89.012 		180.224 		0.356
v 155.5 		185.282 		17.96
v 154.5 		185.55 		17.96
v 133.632 		188.494 		0.012
v 154.239 		185.533 		17.96
v 153.982 		185.482 		17.96
v 153.735 		185.398 		17.96
v 155.265 		185.398 		17.96
v 155.018 		185.482 		17.96
v 154.761 		185.533 		17.96
v 126.3635 		167.0946 		0.17
v 125.4403 		166.9111 		0.17
v 124.5 		166.849 		0.17
v 123.5597 		166.9111 		0.17
v 89.356 		179.712 		0.012
v 128.8838 		179.7619 		0.17
v 129.5919 		179.141 		0.17
v 130.2128 		178.4329 		0.17
v 130.7355 		177.6501 		0.17
v 130.7355 		170.4491 		0.17
v 130.2128 		169.6662 		0.17
v 129.5919 		168.9581 		0.17
v 128.8838 		168.3372 		0.17
v 128.1001 		167.8136 		0.17
v 127.2551 		167.397 		0.17
v 89.012 		179.712 		0.356
v 155.914 		182.136 		17.96
v 156.087 		182.332 		17.96
v 156.232 		182.55 		17.96
v 155.718 		181.963 		17.96
v 133.12 		188.494 		0.012
v 156.5 		183.55 		17.96
v 156.483 		183.811 		17.96
v 156.432 		184.068 		17.96
v 156.348 		184.315 		17.96
v 156.348 		182.785 		17.96
v 156.432 		183.032 		17.96
v 156.483 		183.289 		17.96
v 154.239 		181.567 		17.96
v 154.5 		181.55 		17.96
v 154.761 		181.567 		17.96
v 155.018 		181.618 		17.96
v 155.265 		181.702 		17.96
v 155.5 		181.818 		17.96
v 89.012 		179.2 		0.356
v 153.735 		181.702 		17.96
v 153.982 		181.618 		17.96
v 132.608 		188.494 		0.012
v 131.6389 		173.1097 		0.17
v 131.4554 		172.1856 		0.17
v 131.1521 		171.2939 		0.17
v 131.1521 		176.8051 		0.17
v 131.4554 		175.9135 		0.17
v 131.6389 		174.9894 		0.17
v 131.701 		174.05 		0.17
v 89.356 		178.688 		0.012
v 89.012 		178.688 		0.356
v 131.584 		188.494 		0.012
v 89.012 		178.176 		0.356
v 131.072 		188.494 		0.012
v 89.012 		177.664 		0.356
v 139.264 		145.262 		0.356
v 130.56 		188.494 		0.012
v 89.012 		177.152 		0.356
v 138.752 		145.262 		0.356
v 130.048 		188.494 		0.012
v 120.8999 		180.2855 		0.17
v 121.7449 		180.7021 		0.17
v 122.6365 		181.0054 		0.17
v 123.5597 		181.1889 		0.17
v 124.5 		181.2501 		0.17
v 125.4403 		181.1889 		0.17
v 126.3635 		181.0054 		0.17
v 127.2551 		180.7021 		0.17
v 128.1001 		180.2855 		0.17
v 89.012 		176.64 		0.356
v 89.356 		176.128 		0.012
v 152.913 		182.332 		17.96
v 153.086 		182.136 		17.96
v 153.282 		181.963 		17.96
v 153.5 		181.818 		17.96
v 152.652 		184.315 		17.96
v 152.568 		184.068 		17.96
v 152.517 		183.811 		17.96
v 152.5 		183.55 		17.96
v 152.517 		183.289 		17.96
v 152.568 		183.032 		17.96
v 152.652 		182.785 		17.96
v 152.768 		182.55 		17.96
v 89.012 		176.128 		0.356
v 89.012 		175.616 		0.356
v 138.24 		145.262 		0.356
v 128.512 		188.494 		0.012
v 128 		188.494 		0.012
v 89.012 		174.592 		0.356
v 160 		179.053 		7.003
v 160 		155.048 		7.003
v 156.998 		179.053 		1.598
v 157.203 		179.053 		1.598
v 157.203 		155.048 		1.598
v 156.998 		155.048 		1.598
v 127.488 		188.494 		0.012
v 156.5 		150.55 		1.598
v 130.51 		159.715 		1.598
v 130.472 		159.623 		1.598
v 130.432 		159.566 		1.598
v 157.203 		179.053 		7.003
v 130.391 		159.547 		1.598
v 157.203 		155.048 		7.003
v 130.661 		160.649 		1.598
v 130.638 		160.409 		1.598
v 130.611 		160.193 		1.598
v 130.581 		160.003 		1.598
v 130.547 		159.843 		1.598
v 137.728 		145.262 		0.356
v 156.087 		151.768 		17.96
v 155.914 		151.964 		17.96
v 155.718 		152.137 		17.96
v 155.5 		152.282 		17.96
v 89.012 		174.08 		0.356
v 156.5 		150.55 		17.96
v 156.483 		150.811 		17.96
v 156.432 		151.068 		17.96
v 156.348 		151.315 		17.96
v 156.232 		151.55 		17.96
v 156.348 		149.785 		17.96
v 156.432 		150.032 		17.96
v 156.483 		150.289 		17.96
v 155.3 		150.55 		17.96
v 137.216 		145.262 		0.356
v 89.012 		173.568 		0.356
v 126.976 		188.494 		0.012
v 130.703 		161.75 		1.598
v 130.7 		161.463 		1.598
v 130.692 		161.18 		1.598
v 130.679 		160.907 		1.598
v 136.704 		145.262 		0.356
v 130.679 		162.593 		1.598
v 130.692 		162.32 		1.598
v 130.7 		162.037 		1.598
v 89.012 		173.056 		0.356
v 130.51 		163.785 		1.598
v 130.547 		163.657 		1.598
v 130.581 		163.497 		1.598
v 130.611 		163.307 		1.598
v 130.638 		163.091 		1.598
v 130.661 		162.851 		1.598
v 126.464 		188.494 		0.012
v 130.391 		163.952 		1.598
v 130.432 		163.934 		1.598
v 130.472 		163.877 		1.598
v 136.192 		145.262 		0.356
v 119.809 		159.547 		1.598
v 119.768 		159.566 		1.598
v 119.728 		159.623 		1.598
v 119.69 		159.715 		1.598
v 89.012 		172.544 		0.356
v 119.653 		159.843 		1.598
v 119.619 		160.003 		1.598
v 119.589 		160.193 		1.598
v 119.562 		160.409 		1.598
v 119.539 		160.649 		1.598
v 153.5 		152.282 		1.598
v 153.7 		152.3807 		1.598
v 119.498 		161.75 		1.598
v 153.282 		152.137 		1.598
v 119.521 		160.907 		1.598
v 119.508 		161.18 		1.598
v 135.68 		145.262 		0.356
v 119.5 		161.463 		1.598
v 153.086 		151.964 		1.598
v 89.356 		172.032 		0.012
v 119.5 		162.037 		1.598
v 152.913 		151.768 		1.598
v 119.508 		162.32 		1.598
v 119.521 		162.593 		1.598
v 152.7693 		151.552 		1.598
v 89.012 		172.032 		0.356
v 119.539 		162.851 		1.598
v 153.6 		148.7686 		1.598
v 119.562 		163.091 		1.598
v 119.589 		163.307 		1.598
v 119.619 		163.497 		1.598
v 152.768 		151.55 		1.598
v 119.653 		163.657 		1.598
v 119.69 		163.785 		1.598
v 152.652 		151.315 		1.598
v 119.728 		163.877 		1.598
v 119.768 		163.934 		1.598
v 119.809 		163.952 		1.598
v 135.168 		145.262 		0.356
v 152.568 		151.068 		1.598
v 152.517 		150.811 		1.598
v 152.5 		150.55 		1.598
v 96.5 		152.55 		1.598
v 96.5 		150.55 		1.598
v 89.012 		171.52 		0.356
v 152.517 		150.289 		1.598
v 152.568 		150.032 		1.598
v 152.652 		149.785 		1.598
v 152.768 		149.55 		1.598
v 134.656 		145.262 		0.356
v 152.913 		149.332 		1.598
v 89.356 		171.008 		0.012
v 153.086 		149.136 		1.598
v 89.012 		171.008 		0.356
v 153.282 		148.963 		1.598
v 153.5 		148.818 		1.598
v 134.144 		145.262 		0.356
v 89.356 		170.496 		0.012
v 89.012 		170.496 		0.356
v 160 		145.975 		0.4142
v 133.632 		145.262 		0.356
v 160 		145.975 		32.638
v 133.12 		145.262 		0.356
v 125.44 		188.494 		0.012
v 132.096 		145.262 		0.356
v 124.928 		188.494 		0.012
v 156.087 		151.768 		1.598
v 156.2307 		151.552 		1.598
v 155.914 		151.964 		1.598
v 155.718 		152.137 		1.598
v 155.648 		152.1836 		1.598
v 131.584 		145.262 		0.356
v 155.5 		152.282 		1.598
v 155.3 		152.3807 		1.598
v 124.416 		188.494 		0.012
v 156.348 		149.785 		1.598
v 156.432 		150.032 		1.598
v 156.483 		150.289 		1.598
v 131.072 		145.262 		0.356
v 156.483 		150.811 		1.598
v 156.432 		151.068 		1.598
v 123.904 		188.494 		0.012
v 156.348 		151.315 		1.598
v 156.232 		151.55 		1.598
v 154.5 		152.55 		1.598
v 154.5 		181.55 		1.598
v 130.56 		145.262 		0.356
v 154.5 		152.55 		17.96
v 154.239 		152.533 		17.96
v 153.982 		152.482 		17.96
v 153.735 		152.398 		17.96
v 155.265 		152.398 		17.96
v 155.018 		152.482 		17.96
v 154.761 		152.533 		17.96
v 154.5 		151.35 		17.96
v 130.048 		145.262 		0.356
v 89.012 		169.984 		0.356
v 89.356 		169.472 		0.012
v 129.536 		145.262 		0.356
v 89.012 		169.472 		0.356
v 129.024 		145.262 		0.356
v 89.012 		168.96 		0.356
v 89.356 		168.448 		0.012
v 128.512 		145.262 		0.356
v 89.012 		168.448 		0.356
v 95.914 		151.964 		17.96
v 95.718 		152.137 		17.96
v 95.5 		152.282 		17.96
v 96.087 		151.768 		17.96
v 96.5 		150.55 		17.96
v 96.483 		150.811 		17.96
v 96.432 		151.068 		17.96
v 96.348 		151.315 		17.96
v 96.232 		151.55 		17.96
v 95.3 		150.55 		17.96
v 128 		145.262 		0.356
v 96.348 		149.785 		17.96
v 96.432 		150.032 		17.96
v 96.483 		150.289 		17.96
v 157.203 		148.048 		33.76
v 158.805 		146.445 		33.76
v 122.368 		188.494 		0.012
v 127.488 		145.262 		0.356
v 121.856 		188.494 		0.012
v 126.976 		145.262 		0.356
v 89.012 		167.936 		0.356
v 126.464 		145.262 		0.356
v 159.5858 		145.6642 		0
v 89.012 		167.424 		0.356
v 125.952 		145.262 		0.356
v 89.356 		166.912 		0.012
v 89.012 		166.912 		0.356
v 125.44 		145.262 		0.356
v 155.265 		152.398 		1.598
v 155.018 		152.482 		1.598
v 121.344 		188.494 		0.012
v 124.928 		145.262 		0.356
v 159.275 		145.25 		0.4142
v 120.832 		188.494 		0.012
v 124.416 		145.262 		0.356
v 154.761 		152.533 		1.598
v 89.356 		165.888 		0.012
v 154.239 		152.533 		1.598
v 89.012 		165.888 		0.356
v 153.982 		152.482 		1.598
v 153.735 		152.398 		1.598
v 120.32 		188.494 		0.012
v 123.904 		145.262 		0.356
v 154.707 		151.323 		19.56
v 155.3 		150.55 		19.56
v 155.293 		150.654 		19.56
v 155.273 		150.757 		19.56
v 155.239 		150.856 		19.56
v 155.193 		150.95 		19.56
v 155.135 		151.037 		19.56
v 155.066 		151.116 		19.56
v 154.987 		151.185 		19.56
v 154.9 		151.243 		19.56
v 154.806 		151.289 		19.56
v 89.356 		165.376 		0.012
v 154.5 		151.35 		19.56
v 154.396 		151.343 		19.56
v 154.293 		151.323 		19.56
v 154.194 		151.289 		19.56
v 154.1 		151.243 		19.56
v 154.013 		151.185 		19.56
v 153.934 		151.116 		19.56
v 153.865 		151.037 		19.56
v 153.807 		150.95 		19.56
v 153.761 		150.856 		19.56
v 153.727 		150.757 		19.56
v 89.012 		165.376 		0.356
v 153.707 		150.654 		19.56
v 153.7 		150.55 		19.56
v 154.604 		151.343 		19.56
v 155.293 		150.446 		19.56
v 154.707 		149.777 		19.56
v 154.806 		149.811 		19.56
v 154.9 		149.857 		19.56
v 154.987 		149.915 		19.56
v 155.066 		149.984 		19.56
v 155.135 		150.063 		19.56
v 155.193 		150.15 		19.56
v 155.239 		150.244 		19.56
v 155.273 		150.343 		19.56
v 123.392 		145.262 		0.356
v 154.396 		149.757 		19.56
v 154.5 		149.75 		19.56
v 154.604 		149.757 		19.56
v 153.707 		150.446 		19.56
v 153.727 		150.343 		19.56
v 153.761 		150.244 		19.56
v 153.807 		150.15 		19.56
v 153.865 		150.063 		19.56
v 153.934 		149.984 		19.56
v 154.013 		149.915 		19.56
v 154.1 		149.857 		19.56
v 154.194 		149.811 		19.56
v 154.293 		149.777 		19.56
v 89.012 		164.864 		0.356
v 122.88 		145.262 		0.356
v 89.356 		164.352 		0.012
v 89.012 		164.352 		0.356
v 118.784 		188.494 		0.012
v 122.368 		145.262 		0.356
v 89.012 		163.84 		0.356
v 121.856 		145.262 		0.356
v 159.275 		145.25 		32.638
v 118.272 		188.494 		0.012
v 117.76 		188.838 		0.356
v 89.356 		163.328 		0.012
v 89.012 		163.328 		0.356
v 121.344 		145.262 		0.356
v 117.76 		188.494 		0.012
v 89.012 		162.816 		0.356
v 156.232 		184.55 		1.598
v 156.3455 		184.32 		1.598
v 120.832 		145.262 		0.356
v 156.087 		184.768 		1.598
v 155.914 		184.964 		1.598
v 155.718 		185.137 		1.598
v 155.648 		185.1836 		1.598
v 155.5 		185.282 		1.598
v 155.293 		150.654 		17.96
v 155.265 		185.398 		1.598
v 155.018 		185.482 		1.598
v 155.273 		150.757 		17.96
v 154.761 		185.533 		1.598
v 155.239 		150.856 		17.96
v 120.32 		145.262 		0.356
v 155.193 		150.95 		17.96
v 154.239 		185.533 		1.598
v 155.135 		151.037 		17.96
v 153.982 		185.482 		1.598
v 155.066 		151.116 		17.96
v 153.735 		185.398 		1.598
v 154.987 		151.185 		17.96
v 89.356 		161.792 		0.012
v 153.5 		185.282 		1.598
v 89.012 		161.792 		0.356
v 153.282 		185.137 		1.598
v 153.086 		184.964 		1.598
v 119.808 		145.262 		0.356
v 152.913 		184.768 		1.598
v 152.768 		184.55 		1.598
v 152.6545 		184.32 		1.598
v 155.718 		181.963 		1.598
v 155.648 		181.9164 		1.598
v 154.9 		151.243 		17.96
v 116.224 		188.494 		0.012
v 155.914 		182.136 		1.598
v 154.806 		151.289 		17.96
v 115.712 		188.838 		0.356
v 156.087 		182.332 		1.598
v 89.012 		161.28 		0.356
v 154.707 		151.323 		17.96
v 156.232 		182.55 		1.598
v 119.296 		145.262 		0.356
v 156.348 		182.785 		1.598
v 154.604 		151.343 		17.96
v 156.432 		183.032 		1.598
v 156.483 		183.289 		1.598
v 156.5 		183.55 		1.598
v 154.396 		151.343 		17.96
v 156.483 		183.811 		1.598
v 154.293 		151.323 		17.96
v 89.356 		160.768 		0.012
v 115.712 		188.494 		0.012
v 156.432 		184.068 		1.598
v 154.194 		151.289 		17.96
v 89.012 		160.768 		0.356
v 156.348 		184.315 		1.598
v 118.784 		145.262 		0.356
v 154.1 		151.243 		17.96
v 154.761 		181.567 		1.598
v 154.013 		151.185 		17.96
v 155.018 		181.618 		1.598
v 155.265 		181.702 		1.598
v 153.934 		151.116 		17.96
v 155.5 		181.818 		1.598
v 153.865 		151.037 		17.96
v 89.356 		160.256 		0.012
v 153.807 		150.95 		17.96
v 115.2 		188.494 		0.012
v 153.735 		181.702 		1.598
v 153.6 		181.7686 		1.598
v 89.012 		160.256 		0.356
v 153.761 		150.856 		17.96
v 153.982 		181.618 		1.598
v 114.688 		188.838 		0.356
v 118.272 		145.262 		0.356
v 153.727 		150.757 		17.96
v 154.239 		181.567 		1.598
v 153.707 		150.654 		17.96
v 93.5 		152.282 		0
v 93.282 		152.137 		0
v 152.652 		184.315 		1.598
v 93.086 		151.964 		0
v 152.568 		184.068 		1.598
v 152.517 		183.811 		1.598
v 154.707 		149.777 		17.96
v 117.76 		145.606 		0.012
v 114.688 		188.494 		0.012
v 154.806 		149.811 		17.96
v 89.012 		159.744 		0.356
v 152.517 		183.289 		1.598
v 117.76 		145.262 		0.356
v 154.9 		149.857 		17.96
v 114.176 		188.838 		0.356
v 152.568 		183.032 		1.598
v 154.987 		149.915 		17.96
v 152.652 		182.785 		1.598
v 155.066 		149.984 		17.96
v 152.768 		182.55 		1.598
v 155.135 		150.063 		17.96
v 152.913 		182.332 		1.598
v 155.193 		150.15 		17.96
v 153.086 		182.136 		1.598
v 155.239 		150.244 		17.96
v 153.282 		181.963 		1.598
v 89.356 		159.232 		0.012
v 155.273 		150.343 		17.96
v 153.5 		181.818 		1.598
v 114.176 		188.494 		0.012
v 117.248 		145.262 		0.356
v 89.012 		159.232 		0.356
v 155.293 		150.446 		17.96
v 154.604 		149.757 		17.96
v 116.736 		145.262 		0.356
v 89.012 		158.72 		0.356
v 113.152 		188.838 		0.356
v 92.913 		151.768 		0
v 92.7693 		151.552 		0
v 116.224 		145.606 		0.012
v 92.768 		151.55 		0
v 89.356 		158.208 		0.012
v 92.652 		151.315 		0
v 157.203 		148.048 		1.598
v 92.568 		151.068 		0
v 116.224 		145.262 		0.356
v 113.152 		188.494 		0.012
v 92.517 		150.811 		0
v 89.012 		158.208 		0.356
v 92.517 		150.289 		0
v 92.568 		150.032 		0
v 112.64 		188.838 		0.356
v 92.652 		149.785 		0
v 92.768 		149.55 		0
v 92.7986 		149.504 		0
v 92.913 		149.332 		0
v 93.086 		149.136 		0
v 115.712 		145.606 		0.012
v 93.282 		148.963 		0
v 115.712 		145.262 		0.356
v 89.012 		157.696 		0.356
v 112.64 		188.494 		0.012
v 96.087 		151.768 		1.598
v 96.2307 		151.552 		1.598
v 95.914 		151.964 		1.598
v 95.718 		152.137 		1.598
v 93.5 		148.818 		0
v 153.707 		150.446 		17.96
v 93.5 		152.282 		17.96
v 93.282 		152.137 		17.96
v 153.727 		150.343 		17.96
v 93.086 		151.964 		17.96
v 92.913 		151.768 		17.96
v 89.012 		157.184 		0.356
v 115.2 		145.262 		0.356
v 112.128 		188.494 		0.012
v 153.761 		150.244 		17.96
v 92.768 		151.55 		17.96
v 92.652 		151.315 		17.96
v 92.568 		151.068 		17.96
v 92.517 		150.811 		17.96
v 92.5 		150.55 		17.96
v 92.517 		150.289 		17.96
v 92.568 		150.032 		17.96
v 92.652 		149.785 		17.96
v 92.768 		149.55 		17.96
v 111.616 		188.838 		0.356
v 93.7 		150.55 		17.96
v 153.807 		150.15 		17.96
v 153.865 		150.063 		17.96
v 92.913 		149.332 		17.96
v 93.086 		149.136 		17.96
v 93.282 		148.963 		17.96
v 93.5 		148.818 		17.96
v 153.934 		149.984 		17.96
v 154.013 		149.915 		17.96
v 114.688 		145.606 		0.012
v 154.1 		149.857 		17.96
v 89.012 		156.672 		0.356
v 114.688 		145.262 		0.356
v 111.616 		188.494 		0.012
v 154.194 		149.811 		17.96
v 154.293 		149.777 		17.96
v 154.396 		149.757 		17.96
v 89.012 		156.16 		0.356
v 114.176 		145.262 		0.356
v 156.5 		183.55 		0
v 95.5 		152.282 		1.598
v 95.3 		152.3807 		1.598
v 89.012 		155.648 		0.356
v 96.348 		149.785 		1.598
v 96.432 		150.032 		1.598
v 113.664 		145.262 		0.356
v 96.483 		150.289 		1.598
v 110.08 		188.838 		0.356
v 96.483 		150.811 		1.598
v 96.432 		151.068 		1.598
v 96.348 		151.315 		1.598
v 89.012 		155.136 		0.356
v 96.232 		151.55 		1.598
v 113.152 		145.606 		0.012
v 113.152 		145.262 		0.356
v 110.08 		188.494 		0.012
v 94.5 		152.55 		1.598
v 94.5 		181.55 		1.598
v 109.568 		188.838 		0.356
v 94.5 		152.55 		17.96
v 94.239 		152.533 		17.96
v 95.265 		152.398 		17.96
v 95.018 		152.482 		17.96
v 94.761 		152.533 		17.96
v 93.982 		152.482 		17.96
v 93.735 		152.398 		17.96
v 94.5 		151.35 		17.96
v 89.012 		154.624 		0.356
v 112.64 		145.606 		0.012
v 109.568 		188.494 		0.012
v 112.64 		145.262 		0.356
v 89.356 		154.112 		0.012
v 89.012 		154.112 		0.356
v 109.056 		188.494 		0.012
v 112.128 		145.262 		0.356
v 108.544 		188.838 		0.356
v 111.616 		145.606 		0.012
v 89.012 		153.6 		0.356
v 111.616 		145.262 		0.356
v 89.356 		153.088 		0.012
v 89.012 		153.088 		0.356
v 111.104 		145.262 		0.356
v 108.032 		188.494 		0.012
v 89.012 		152.576 		0.356
v 110.592 		145.262 		0.356
v 89.012 		152.064 		0.356
v 95.265 		152.398 		1.598
v 110.08 		145.262 		0.356
v 95.018 		152.482 		1.598
v 94.761 		152.533 		1.598
v 107.008 		188.494 		0.012
v 94.239 		152.533 		1.598
v 94.208 		152.5269 		1.598
v 93.982 		152.482 		1.598
v 89.356 		151.552 		0.012
v 93.735 		152.398 		1.598
v 89.012 		151.552 		0.356
v 93.7 		152.3807 		1.598
v 109.568 		145.262 		0.356
v 95.293 		150.654 		19.56
v 95.273 		150.757 		19.56
v 95.239 		150.856 		19.56
v 95.3 		150.55 		19.56
v 94.5 		151.35 		19.56
v 94.396 		151.343 		19.56
v 94.293 		151.323 		19.56
v 95.193 		150.95 		19.56
v 95.135 		151.037 		19.56
v 95.066 		151.116 		19.56
v 94.987 		151.185 		19.56
v 94.9 		151.243 		19.56
v 94.806 		151.289 		19.56
v 94.707 		151.323 		19.56
v 94.604 		151.343 		19.56
v 106.496 		188.494 		0.012
v 94.194 		151.289 		19.56
v 94.1 		151.243 		19.56
v 94.013 		151.185 		19.56
v 93.934 		151.116 		19.56
v 93.865 		151.037 		19.56
v 93.807 		150.95 		19.56
v 93.761 		150.856 		19.56
v 93.727 		150.757 		19.56
v 93.707 		150.654 		19.56
v 93.7 		150.55 		19.56
v 95.293 		150.446 		19.56
v 94.293 		149.777 		19.56
v 94.396 		149.757 		19.56
v 94.5 		149.75 		19.56
v 94.604 		149.757 		19.56
v 94.707 		149.777 		19.56
v 94.806 		149.811 		19.56
v 94.9 		149.857 		19.56
v 94.987 		149.915 		19.56
v 95.066 		149.984 		19.56
v 95.135 		150.063 		19.56
v 95.193 		150.15 		19.56
v 95.239 		150.244 		19.56
v 95.273 		150.343 		19.56
v 89.012 		151.04 		0.356
v 109.056 		145.262 		0.356
v 94.013 		149.915 		19.56
v 94.1 		149.857 		19.56
v 94.194 		149.811 		19.56
v 93.707 		150.446 		19.56
v 93.727 		150.343 		19.56
v 93.761 		150.244 		19.56
v 93.807 		150.15 		19.56
v 93.865 		150.063 		19.56
v 93.934 		149.984 		19.56
v 154.5 		185.55 		0
v 156.3455 		184.32 		0
v 156.232 		184.55 		0
v 156.087 		184.768 		0
v 105.984 		188.494 		0.012
v 155.914 		184.964 		0
v 155.718 		185.137 		0
v 155.648 		185.1836 		0
v 89.356 		150.528 		0.012
v 155.5 		185.282 		0
v 155.265 		185.398 		0
v 89.012 		150.528 		0.356
v 155.018 		185.482 		0
v 154.761 		185.533 		0
v 108.544 		145.262 		0.356
v 154.239 		185.533 		0
v 153.982 		185.482 		0
v 153.735 		185.398 		0
v 153.5 		185.282 		0
v 153.282 		185.137 		0
v 153.086 		184.964 		0
v 152.913 		184.768 		0
v 152.768 		184.55 		0
v 152.6545 		184.32 		0
v 89.356 		150.016 		0.012
v 93.5 		152.282 		1.598
v 89.012 		150.016 		0.356
v 93.282 		152.137 		1.598
v 108.032 		145.262 		0.356
v 155.648 		181.9164 		0
v 155.718 		181.963 		0
v 93.086 		151.964 		1.598
v 92.913 		151.768 		1.598
v 92.7693 		151.552 		1.598
v 92.768 		151.55 		1.598
v 92.652 		151.315 		1.598
v 92.568 		151.068 		1.598
v 107.52 		145.262 		0.356
v 89.012 		149.504 		0.356
v 92.517 		150.811 		1.598
v 155.914 		182.136 		0
v 156.087 		182.332 		0
v 92.517 		150.289 		1.598
v 156.232 		182.55 		0
v 156.348 		182.785 		0
v 156.432 		183.032 		0
v 92.568 		150.032 		1.598
v 156.483 		183.289 		0
v 92.652 		149.785 		1.598
v 156.483 		183.811 		0
v 156.432 		184.068 		0
v 92.768 		149.55 		1.598
v 156.348 		184.315 		0
v 92.7986 		149.504 		1.598
v 92.913 		149.332 		1.598
v 154.761 		181.567 		0
v 155.018 		181.618 		0
v 155.265 		181.702 		0
v 155.5 		181.818 		0
v 93.086 		149.136 		1.598
v 93.282 		148.963 		1.598
v 153.6 		181.7686 		0
v 153.735 		181.702 		0
v 153.982 		181.618 		0
v 93.5 		148.818 		1.598
v 154.239 		181.567 		0
v 103.936 		188.494 		0.012
v 152.652 		184.315 		0
v 152.568 		184.068 		0
v 152.517 		183.811 		0
v 152.517 		183.289 		0
v 152.568 		183.032 		0
v 152.652 		182.785 		0
v 152.768 		182.55 		0
v 152.913 		182.332 		0
v 153.086 		182.136 		0
v 153.282 		181.963 		0
v 153.5 		181.818 		0
v 93.5 		185.282 		0
v 95.293 		150.654 		17.96
v 93.282 		185.137 		0
v 93.086 		184.964 		0
v 95.273 		150.757 		17.96
v 92.913 		184.768 		0
v 95.239 		150.856 		17.96
v 92.768 		184.55 		0
v 92.6545 		184.32 		0
v 95.193 		150.95 		17.96
v 92.652 		184.315 		0
v 92.568 		184.068 		0
v 95.135 		151.037 		17.96
v 92.517 		183.811 		0
v 92.517 		183.289 		0
v 95.066 		151.116 		17.96
v 92.568 		183.032 		0
v 92.652 		182.785 		0
v 94.987 		151.185 		17.96
v 92.768 		182.55 		0
v 92.913 		182.332 		0
v 94.9 		151.243 		17.96
v 93.086 		182.136 		0
v 93.282 		181.963 		0
v 94.806 		151.289 		17.96
v 93.5 		181.818 		0
v 94.707 		151.323 		17.96
v 93.7 		181.7193 		0
v 94.604 		151.343 		17.96
v 94.396 		151.343 		17.96
v 94.293 		151.323 		17.96
v 94.194 		151.289 		17.96
v 94.1 		151.243 		17.96
v 94.013 		151.185 		17.96
v 93.934 		151.116 		17.96
v 93.865 		151.037 		17.96
v 93.807 		150.95 		17.96
v 93.761 		150.856 		17.96
v 93.727 		150.757 		17.96
v 93.707 		150.654 		17.96
v 95.239 		150.244 		17.96
v 95.273 		150.343 		17.96
v 95.293 		150.446 		17.96
v 94.604 		149.757 		17.96
v 94.707 		149.777 		17.96
v 94.806 		149.811 		17.96
v 94.9 		149.857 		17.96
v 93.184 		188.494 		0.012
v 94.987 		149.915 		17.96
v 95.066 		149.984 		17.96
v 95.135 		150.063 		17.96
v 95.193 		150.15 		17.96
v 94.293 		149.777 		17.96
v 94.396 		149.757 		17.96
v 93.707 		150.446 		17.96
v 93.727 		150.343 		17.96
v 93.761 		150.244 		17.96
v 93.807 		150.15 		17.96
v 93.865 		150.063 		17.96
v 93.934 		149.984 		17.96
v 94.013 		149.915 		17.96
v 94.1 		149.857 		17.96
v 159.998 		145.945 		0.4045
v 93.5 		185.282 		17.96
v 93.282 		185.137 		17.96
v 93.086 		184.964 		17.96
v 92.913 		184.768 		17.96
v 92.768 		184.55 		17.96
v 94.194 		149.811 		17.96
v 92.652 		184.315 		17.96
v 92.568 		184.068 		17.96
v 92.517 		183.811 		17.96
v 92.5 		183.55 		17.96
v 92.517 		183.289 		17.96
v 92.568 		183.032 		17.96
v 92.652 		182.785 		17.96
v 92.768 		182.55 		17.96
v 92.913 		182.332 		17.96
v 93.086 		182.136 		17.96
v 93.282 		181.963 		17.96
v 93.5 		181.818 		17.96
v 96.034 		182.272 		0
v 96.087 		182.332 		0
v 96.232 		182.55 		0
v 94.761 		181.567 		0
v 95.018 		181.618 		0
v 95.265 		181.702 		0
v 95.5 		181.818 		0
v 95.718 		181.963 		0
v 95.914 		182.136 		0
v 94.208 		181.5732 		0
v 94.239 		181.567 		0
v 93.735 		181.702 		0
v 159.988 		145.8935 		0.356
v 93.982 		181.618 		0
v 159.978 		145.842 		0.326
v 159.968 		145.8126 		0.296
v 159.944 		145.742 		0.2471
v 159.94 		145.734 		0.239
v 159.904 		145.662 		0.186
v 96.087 		182.332 		17.96
v 96.232 		182.55 		17.96
v 159.897 		145.648 		0.178
v 159.862 		145.5949 		0.138
v 95.265 		181.702 		17.96
v 95.5 		181.818 		17.96
v 159.839 		145.56 		0.1179
v 95.718 		181.963 		17.96
v 95.914 		182.136 		17.96
v 159.814 		145.5318 		0.096
v 94.239 		181.567 		17.96
v 94.5 		181.55 		17.96
v 94.761 		181.567 		17.96
v 95.018 		181.618 		17.96
v 93.982 		181.618 		17.96
v 159.769 		145.481 		0.0654
v 159.761 		145.489 		0.06
v 93.735 		181.702 		17.96
v 159.704 		145.546 		0.032
v 159.644 		145.606 		0.012
v 159.69 		145.411 		0.1179
v 159.7182 		145.436 		0.096
v 159.305 		145.252 		0.4045
v 159.3565 		145.262 		0.356
v 159.408 		145.272 		0.326
v 159.4374 		145.282 		0.296
v 159.508 		145.306 		0.2471
v 159.5161 		145.31 		0.239
v 159.5889 		145.346 		0.186
v 159.603 		145.353 		0.178
v 159.6555 		145.388 		0.138
v 158.805 		146.445 		32.638
v 159.769 		145.481 		32.638
v 159.839 		145.56 		32.638
v 159.897 		145.648 		32.638
v 159.944 		145.742 		32.638
v 159.978 		145.842 		32.638
v 159.998 		145.945 		32.638
v 159.69 		145.411 		32.638
v 157.203 		186.053 		33.76
v 159.305 		145.252 		32.638
v 159.408 		145.272 		32.638
v 159.508 		145.306 		32.638
v 159.603 		145.353 		32.638
v 158.398 		188.85 		15.36
v 158.398 		188.85 		14.336
v 158.398 		188.85 		13.312
v 158.398 		188.85 		12.288
v 158.398 		188.85 		11.264
v 158.398 		188.85 		10.24
v 158.398 		188.85 		8.192
v 158.398 		188.85 		7.168
v 158.398 		188.85 		6.144
v 158.398 		188.85 		5.12
v 96.087 		182.332 		1.598
v 96.034 		182.272 		1.598
v 96.232 		182.55 		1.598
v 94.761 		181.567 		1.598
v 95.018 		181.618 		1.598
v 157.203 		186.053 		1.598
v 95.265 		181.702 		1.598
v 95.5 		181.818 		1.598
v 95.718 		181.963 		1.598
v 95.914 		182.136 		1.598
v 94.239 		181.567 		1.598
v 94.208 		181.5732 		1.598
v 93.735 		181.702 		1.598
v 93.982 		181.618 		1.598
v 159.904 		188.4389 		0.186
v 159.862 		188.5055 		0.138
v 159.897 		188.453 		0.178
v 159.814 		188.5682 		0.096
v 159.839 		188.54 		0.1179
v 159.761 		188.611 		0.06
v 159.769 		188.619 		0.0654
# 1795 vertices

g group_0_16089887

usemtl color_16089887
s 0

f 2 	4 	5
f 155 	154 	8
f 9 	8 	154
f 19 	20 	18
f 25 	26 	40
f 1 	1163 	26
f 473 	718 	20
f 718 	721 	18
f 21 	723 	24
f 34 	31 	33
f 33 	38 	34
f 70 	1695 	69
f 73 	1698 	1697
f 1690 	1688 	63
f 64 	65 	1690
f 1694 	67 	69
f 56 	298 	55
f 55 	298 	58
f 80 	107 	57
f 23 	24 	723
f 723 	724 	23
f 58 	298 	59
f 59 	298 	61
f 61 	298 	62
f 62 	298 	63
f 64 	1690 	63
f 63 	298 	64
f 64 	298 	65
f 65 	298 	66
f 67 	298 	69
f 69 	68 	70
f 71 	70 	68
f 71 	68 	72
f 1697 	71 	72
f 75 	68 	76
f 72 	73 	1697
f 73 	68 	75
f 76 	68 	77
f 1701 	76 	77
f 1719 	1718 	1755
f 26 	74 	1
f 17 	57 	107
f 83 	84 	89
f 85 	86 	90
f 86 	81 	90
f 88 	112 	87
f 85 	90 	88
f 1760 	90 	81
f 87 	84 	86
f 89 	84 	87
f 84 	81 	86
f 81 	82 	1760
f 60 	74 	27
f 60 	1 	74
f 27 	74 	26
f 82 	83 	1760
f 91 	92 	82
f 91 	82 	81
f 94 	95 	84
f 94 	84 	83
f 95 	94 	92
f 95 	92 	91
f 90 	97 	93
f 96 	93 	97
f 84 	95 	91
f 84 	91 	81
f 98 	99 	86
f 98 	86 	85
f 100 	101 	88
f 100 	88 	87
f 101 	100 	99
f 101 	99 	98
f 88 	101 	98
f 88 	98 	85
f 100 	87 	99
f 86 	99 	87
f 94 	83 	92
f 82 	92 	83
f 149 	148 	97
f 17 	730 	296
f 37 	102 	36
f 57 	109 	80
f 17 	109 	57
f 1560 	109 	1559
f 109 	607 	80
f 1561 	1562 	109
f 1562 	1563 	109
f 1565 	588 	109
f 1566 	588 	1565
f 1611 	586 	1610
f 1612 	585 	1611
f 145 	146 	607
f 128 	129 	607
f 262 	106 	105
f 1345 	1343 	1029
f 106 	1331 	105
f 105 	1275 	89
f 1273 	1272 	89
f 1760 	149 	90
f 80 	136 	107
f 112 	88 	90
f 89 	87 	112
f 80 	607 	129
f 115 	497 	114
f 114 	496 	113
f 113 	496 	117
f 116 	117 	495
f 121 	116 	479
f 496 	495 	117
f 474 	125 	122
f 531 	1722 	535
f 123 	124 	472
f 125 	472 	124
f 118 	122 	125
f 133 	134 	80
f 134 	135 	80
f 131 	132 	80
f 135 	126 	80
f 129 	130 	80
f 127 	128 	607
f 130 	131 	80
f 132 	133 	80
f 126 	136 	80
f 137 	107 	136
f 126 	1713 	136
f 137 	136 	1713
f 135 	1713 	126
f 134 	1713 	135
f 133 	1713 	134
f 132 	1713 	133
f 131 	1713 	132
f 130 	1713 	131
f 129 	1713 	130
f 128 	1713 	129
f 127 	1713 	128
f 139 	107 	138
f 1713 	1648 	137
f 138 	137 	1648
f 607 	547 	143
f 143 	144 	607
f 144 	111 	607
f 111 	145 	607
f 146 	147 	607
f 147 	127 	607
f 139 	138 	1648
f 1713 	127 	147
f 1713 	147 	146
f 1713 	146 	145
f 1713 	145 	111
f 1713 	111 	144
f 1713 	144 	143
f 1713 	143 	142
f 1713 	142 	141
f 257 	258 	115
f 1745 	1762 	1744
f 1716 	1714 	1757
f 152 	148 	151
f 154 	155 	148
f 155 	156 	148
f 157 	148 	156
f 158 	148 	157
f 153 	154 	148
f 162 	150 	148
f 161 	162 	148
f 150 	151 	148
f 160 	161 	148
f 159 	160 	148
f 116 	252 	117
f 113 	117 	254
f 152 	153 	148
f 1717 	1716 	1756
f 212 	148 	158
f 1741 	1759 	1751
f 163 	3 	164
f 165 	164 	3
f 165 	3 	166
f 47 	46 	45
f 166 	3 	167
f 1736 	1753 	1742
f 167 	3 	168
f 1745 	1746 	1763
f 1750 	1764 	1749
f 169 	168 	3
f 97 	171 	172
f 97 	172 	96
f 169 	3 	170
f 170 	3 	173
f 173 	3 	174
f 175 	174 	3
f 180 	1159 	179
f 201 	179 	1159
f 187 	1159 	185
f 185 	1159 	180
f 188 	1159 	187
f 178 	172 	177
f 181 	172 	178
f 182 	172 	181
f 183 	172 	182
f 186 	172 	183
f 176 	177 	172
f 27 	176 	172
f 175 	3 	184
f 186 	191 	172
f 191 	192 	172
f 192 	193 	172
f 193 	194 	172
f 195 	172 	194
f 184 	3 	189
f 185 	197 	187
f 188 	187 	197
f 180 	197 	185
f 179 	197 	180
f 190 	188 	197
f 198 	199 	1159
f 199 	200 	1159
f 201 	1159 	200
f 189 	3 	196
f 196 	3 	202
f 197 	198 	79
f 209 	197 	79
f 211 	171 	210
f 210 	171 	208
f 208 	171 	207
f 213 	214 	171
f 214 	215 	171
f 216 	171 	215
f 207 	171 	216
f 202 	3 	205
f 212 	213 	171
f 205 	3 	217
f 197 	179 	201
f 200 	198 	201
f 199 	198 	200
f 197 	201 	198
f 204 	322 	206
f 203 	322 	204
f 219 	171 	211
f 219 	220 	171
f 221 	171 	220
f 60 	171 	221
f 217 	3 	218
f 172 	171 	60
f 222 	218 	3
f 27 	172 	60
f 222 	3 	223
f 223 	3 	224
f 224 	3 	225
f 226 	225 	3
f 226 	3 	227
f 227 	3 	228
f 228 	3 	229
f 230 	229 	3
f 230 	3 	231
f 231 	3 	232
f 232 	3 	233
f 233 	3 	234
f 234 	3 	235
f 235 	3 	236
f 239 	1346 	238
f 237 	238 	1344
f 265 	120 	119
f 265 	121 	120
f 246 	240 	1342
f 1339 	1335 	245
f 1335 	1332 	245
f 1344 	1342 	240
f 240 	237 	1344
f 244 	245 	1332
f 243 	244 	1332
f 247 	1429 	241
f 1427 	248 	1428
f 1420 	764 	1421
f 1414 	775 	1415
f 1402 	774 	1414
f 248 	249 	1428
f 241 	1428 	249
f 254 	117 	252
f 257 	115 	114
f 261 	124 	123
f 124 	261 	125
f 108 	37 	107
f 123 	259 	261
f 1628 	108 	1626
f 104 	1375 	250
f 121 	253 	116
f 37 	250 	102
f 292 	249 	248
f 242 	241 	287
f 103 	1635 	108
f 107 	1626 	108
f 1635 	1637 	108
f 1637 	1638 	108
f 1640 	250 	1638
f 108 	1638 	37
f 102 	251 	3
f 273 	274 	239
f 287 	243 	242
f 289 	246 	245
f 246 	268 	240
f 240 	267 	237
f 271 	238 	237
f 273 	239 	271
f 245 	244 	289
f 278 	251 	102
f 256 	114 	255
f 237 	267 	270
f 271 	237 	270
f 125 	261 	262
f 244 	288 	289
f 125 	262 	118
f 105 	118 	262
f 264 	119 	105
f 119 	264 	265
f 295 	241 	249
f 241 	295 	287
f 257 	256 	112
f 253 	89 	252
f 112 	256 	89
f 252 	89 	254
f 254 	89 	255
f 3 	36 	102
f 113 	254 	255
f 255 	89 	256
f 113 	255 	114
f 114 	256 	257
f 301 	280 	258
f 260 	1068 	259
f 1343 	1341 	1029
f 259 	1068 	261
f 243 	287 	283
f 288 	244 	283
f 243 	283 	244
f 105 	89 	264
f 118 	105 	119
f 264 	89 	265
f 291 	268 	246
f 265 	89 	266
f 253 	266 	89
f 266 	121 	265
f 266 	253 	121
f 252 	116 	253
f 270 	267 	1369
f 267 	240 	268
f 267 	268 	1369
f 270 	1369 	271
f 272 	112 	306
f 316 	308 	298
f 238 	271 	239
f 273 	1369 	274
f 325 	328 	279
f 275 	276 	277
f 459 	282 	277
f 282 	458 	281
f 275 	277 	282
f 79 	611 	3
f 79 	3 	163
f 79 	163 	164
f 79 	164 	165
f 79 	165 	166
f 79 	166 	167
f 79 	167 	168
f 79 	168 	169
f 79 	169 	170
f 79 	170 	173
f 79 	173 	174
f 79 	174 	175
f 79 	175 	184
f 79 	184 	189
f 196 	278 	189
f 202 	278 	196
f 205 	278 	202
f 217 	278 	205
f 218 	278 	217
f 222 	278 	218
f 223 	278 	222
f 224 	278 	223
f 225 	278 	224
f 226 	278 	225
f 227 	278 	226
f 228 	278 	227
f 229 	278 	228
f 230 	278 	229
f 231 	278 	230
f 232 	278 	231
f 233 	278 	232
f 234 	278 	233
f 235 	278 	234
f 236 	278 	235
f 251 	278 	3
f 236 	3 	278
f 79 	189 	278
f 79 	278 	284
f 284 	318 	79
f 744 	746 	279
f 488 	1369 	287
f 288 	283 	1369
f 283 	287 	1369
f 288 	1369 	289
f 289 	1369 	291
f 268 	291 	1369
f 291 	246 	289
f 292 	488 	294
f 292 	294 	249
f 294 	295 	249
f 19 	161 	160
f 272 	306 	275
f 115 	258 	280
f 302 	281 	301
f 159 	20 	160
f 275 	282 	272
f 286 	56 	1684
f 281 	302 	282
f 276 	275 	306
f 306 	308 	276
f 285 	316 	286
f 321 	56 	286
f 23 	150 	24
f 280 	301 	281
f 285 	276 	308
f 321 	286 	316
f 282 	302 	303
f 282 	303 	272
f 10 	9 	154
f 298 	112 	90
f 1151 	485 	93
f 55 	1684 	56
f 195 	1239 	172
f 112 	258 	257
f 258 	112 	301
f 1594 	1591 	299
f 1591 	1589 	299
f 299 	300 	1582
f 1579 	68 	1582
f 299 	1582 	68
f 68 	69 	298
f 67 	66 	298
f 299 	68 	298
f 301 	112 	302
f 302 	112 	303
f 272 	303 	112
f 154 	153 	11
f 307 	1159 	384
f 462 	465 	297
f 465 	466 	297
f 310 	311 	279
f 311 	313 	279
f 313 	828 	279
f 329 	331 	305
f 309 	305 	331
f 337 	305 	309
f 1599 	304 	1598
f 316 	285 	308
f 317 	319 	305
f 310 	325 	311
f 313 	311 	325
f 308 	306 	298
f 112 	298 	306
f 318 	320 	79
f 319 	322 	305
f 320 	323 	279
f 279 	79 	320
f 316 	298 	321
f 322 	326 	305
f 325 	279 	324
f 323 	324 	279
f 317 	197 	319
f 315 	197 	317
f 314 	197 	315
f 327 	329 	305
f 326 	327 	305
f 321 	298 	56
f 328 	330 	279
f 310 	279 	330
f 334 	355 	333
f 332 	333 	342
f 332 	342 	336
f 339 	340 	278
f 344 	345 	343
f 342 	343 	345
f 342 	345 	346
f 342 	346 	347
f 342 	347 	348
f 342 	348 	349
f 342 	349 	350
f 342 	350 	352
f 342 	352 	335
f 335 	336 	342
f 354 	355 	334
f 342 	333 	355
f 269 	353 	356
f 6 	5 	156
f 357 	269 	356
f 337 	203 	338
f 309 	203 	337
f 341 	338 	203
f 331 	203 	309
f 329 	203 	331
f 326 	203 	327
f 322 	203 	326
f 329 	327 	203
f 351 	341 	203
f 382 	1159 	190
f 190 	1159 	188
f 360 	334 	359
f 354 	334 	360
f 358 	359 	334
f 361 	362 	334
f 362 	363 	334
f 363 	364 	334
f 364 	365 	334
f 365 	366 	334
f 366 	367 	334
f 367 	368 	334
f 368 	369 	334
f 358 	334 	369
f 340 	284 	278
f 161 	22 	162
f 372 	334 	371
f 334 	373 	371
f 374 	370 	373
f 370 	371 	373
f 370 	374 	375
f 370 	375 	376
f 370 	376 	377
f 370 	377 	378
f 370 	378 	379
f 380 	381 	379
f 370 	379 	381
f 382 	383 	1159
f 150 	1791 	151
f 383 	384 	1159
f 330 	328 	310
f 325 	310 	328
f 318 	825 	320
f 323 	320 	825
f 284 	825 	318
f 340 	825 	284
f 324 	323 	825
f 339 	825 	340
f 387 	334 	386
f 361 	334 	387
f 385 	386 	334
f 372 	388 	334
f 388 	389 	334
f 389 	390 	334
f 390 	391 	334
f 385 	334 	391
f 392 	269 	357
f 393 	269 	392
f 395 	397 	278
f 396 	269 	393
f 156 	155 	6
f 398 	269 	396
f 339 	278 	397
f 397 	1326 	339
f 394 	1392 	1364
f 1380 	1364 	1381
f 399 	269 	398
f 401 	269 	399
f 403 	269 	401
f 162 	24 	150
f 406 	269 	403
f 1791 	1790 	151
f 407 	1670 	405
f 405 	1670 	404
f 1665 	1664 	410
f 410 	411 	1665
f 412 	1665 	411
f 413 	1667 	412
f 404 	1669 	413
f 414 	269 	406
f 415 	269 	414
f 1679 	1416 	1680
f 1417 	1418 	1680
f 13 	153 	152
f 269 	415 	416
f 269 	416 	419
f 269 	419 	420
f 420 	421 	269
f 421 	422 	269
f 93 	299 	90
f 298 	90 	299
f 19 	160 	20
f 422 	423 	269
f 269 	423 	424
f 450 	214 	434
f 424 	425 	269
f 425 	426 	269
f 426 	427 	269
f 427 	428 	269
f 1793 	152 	151
f 269 	428 	429
f 429 	430 	269
f 269 	430 	431
f 431 	432 	269
f 432 	433 	269
f 433 	436 	269
f 434 	435 	263
f 269 	436 	437
f 437 	438 	269
f 449 	9 	452
f 269 	438 	439
f 525 	405 	404
f 332 	470 	333
f 470 	471 	334
f 470 	334 	333
f 417 	534 	408
f 525 	404 	413
f 444 	445 	446
f 364 	363 	518
f 8 	7 	155
f 52 	53 	192
f 445 	456 	446
f 518 	363 	362
f 409 	408 	533
f 545 	374 	373
f 376 	559 	377
f 559 	378 	377
f 455 	216 	453
f 409 	506 	410
f 515 	410 	506
f 380 	572 	381
f 411 	410 	515
f 572 	370 	381
f 1793 	151 	1790
f 43 	181 	44
f 13 	12 	153
f 405 	527 	407
f 528 	512 	407
f 506 	409 	533
f 54 	45 	193
f 280 	281 	458
f 458 	500 	280
f 500 	498 	280
f 479 	478 	121
f 478 	477 	121
f 119 	120 	477
f 1789 	150 	23
f 335 	352 	458
f 458 	282 	459
f 1 	460 	461
f 469 	314 	297
f 466 	469 	297
f 314 	315 	297
f 315 	317 	297
f 305 	297 	317
f 469 	197 	314
f 322 	319 	197
f 197 	469 	466
f 197 	466 	465
f 197 	465 	462
f 197 	462 	307
f 197 	307 	384
f 197 	384 	383
f 197 	383 	382
f 197 	382 	190
f 197 	209 	322
f 209 	206 	322
f 177 	42 	178
f 460 	1 	221
f 336 	335 	459
f 458 	459 	335
f 332 	336 	277
f 459 	277 	336
f 6 	155 	7
f 5 	4 	156
f 277 	276 	470
f 276 	285 	471
f 158 	157 	2
f 332 	277 	470
f 34 	38 	183
f 470 	276 	471
f 471 	285 	286
f 545 	471 	286
f 22 	21 	162
f 373 	334 	471
f 52 	192 	191
f 193 	192 	54
f 360 	472 	354
f 472 	125 	474
f 464 	489 	463
f 472 	474 	355
f 472 	355 	354
f 342 	355 	122
f 474 	122 	355
f 477 	476 	119
f 118 	119 	122
f 342 	122 	343
f 476 	343 	122
f 476 	122 	119
f 477 	344 	343
f 477 	343 	476
f 344 	477 	345
f 478 	345 	477
f 120 	121 	477
f 498 	497 	115
f 422 	421 	195
f 438 	195 	439
f 438 	437 	195
f 436 	433 	195
f 433 	432 	195
f 432 	431 	195
f 437 	436 	195
f 431 	430 	195
f 430 	429 	195
f 429 	428 	195
f 428 	427 	195
f 427 	426 	195
f 426 	425 	195
f 425 	424 	195
f 424 	423 	195
f 423 	422 	195
f 421 	420 	195
f 420 	419 	195
f 419 	416 	195
f 416 	415 	195
f 415 	414 	195
f 414 	406 	195
f 406 	403 	195
f 403 	401 	195
f 1239 	195 	401
f 401 	399 	1239
f 399 	398 	1239
f 398 	396 	1239
f 396 	393 	1239
f 393 	392 	1239
f 392 	357 	1239
f 357 	356 	1239
f 356 	353 	1239
f 290 	1239 	353
f 269 	1169 	353
f 290 	353 	1169
f 153 	12 	11
f 482 	483 	490
f 25 	177 	176
f 11 	10 	154
f 4 	2 	157
f 487 	488 	486
f 1151 	484 	485
f 19 	18 	161
f 484 	1151 	487
f 1151 	488 	487
f 37 	863 	107
f 24 	162 	21
f 1 	461 	489
f 489 	499 	1
f 486 	483 	485
f 486 	488 	483
f 483 	480 	485
f 485 	480 	93
f 461 	463 	489
f 481 	93 	480
f 93 	481 	482
f 93 	482 	490
f 480 	491 	492
f 480 	492 	481
f 482 	493 	494
f 482 	494 	483
f 1793 	1792 	152
f 492 	491 	494
f 492 	494 	493
f 13 	152 	14
f 479 	346 	345
f 479 	345 	478
f 473 	20 	975
f 346 	479 	347
f 495 	347 	479
f 27 	26 	176
f 495 	479 	116
f 496 	348 	347
f 496 	347 	495
f 496 	114 	497
f 496 	497 	349
f 496 	349 	348
f 115 	280 	498
f 22 	161 	18
f 350 	349 	498
f 497 	498 	349
f 413 	523 	525
f 489 	464 	499
f 498 	500 	352
f 498 	352 	350
f 500 	458 	352
f 545 	373 	471
f 483 	494 	491
f 483 	491 	480
f 22 	18 	721
f 25 	176 	26
f 1752 	172 	1239
f 448 	107 	507
f 1 	499 	501
f 501 	508 	1
f 484 	502 	503
f 484 	503 	485
f 499 	464 	501
f 486 	504 	505
f 486 	505 	487
f 503 	502 	505
f 503 	505 	504
f 487 	505 	502
f 487 	502 	484
f 181 	30 	182
f 504 	486 	503
f 485 	503 	486
f 493 	482 	492
f 481 	492 	482
f 31 	183 	32
f 1152 	96 	172
f 506 	533 	490
f 490 	533 	534
f 490 	534 	540
f 490 	540 	537
f 1760 	83 	89
f 501 	464 	508
f 1263 	509 	89
f 1270 	1267 	89
f 182 	32 	183
f 413 	412 	523
f 507 	514 	447
f 448 	507 	447
f 405 	525 	527
f 507 	107 	514
f 1 	508 	510
f 528 	407 	527
f 532 	464 	542
f 508 	464 	510
f 400 	407 	512
f 537 	418 	538
f 417 	418 	537
f 533 	408 	534
f 511 	488 	513
f 1436 	1148 	513
f 511 	513 	400
f 506 	490 	515
f 1 	510 	516
f 518 	1733 	517
f 1722 	531 	1721
f 510 	464 	516
f 515 	490 	519
f 521 	519 	488
f 518 	517 	364
f 39 	48 	186
f 517 	1733 	520
f 522 	1725 	524
f 515 	519 	411
f 490 	488 	519
f 517 	520 	365
f 517 	365 	364
f 411 	519 	412
f 521 	412 	519
f 520 	1725 	522
f 521 	488 	523
f 366 	365 	522
f 520 	522 	365
f 521 	523 	412
f 523 	488 	525
f 522 	524 	367
f 522 	367 	366
f 524 	1726 	526
f 526 	1728 	530
f 511 	512 	488
f 525 	488 	527
f 368 	367 	526
f 524 	526 	367
f 527 	488 	528
f 528 	488 	512
f 514 	529 	447
f 526 	530 	369
f 526 	369 	368
f 514 	107 	529
f 530 	1721 	531
f 1 	516 	532
f 532 	542 	1
f 511 	400 	512
f 358 	369 	531
f 530 	531 	369
f 516 	464 	532
f 358 	531 	359
f 535 	359 	531
f 535 	123 	536
f 536 	123 	472
f 359 	535 	360
f 536 	360 	535
f 444 	29 	443
f 360 	536 	472
f 537 	540 	417
f 529 	625 	447
f 534 	417 	540
f 539 	541 	362
f 539 	362 	361
f 627 	1 	542
f 541 	518 	362
f 552 	549 	1684
f 552 	1685 	555
f 547 	607 	546
f 545 	286 	549
f 1704 	141 	553
f 374 	545 	549
f 556 	557 	809
f 286 	1684 	549
f 557 	558 	809
f 186 	183 	39
f 549 	552 	375
f 549 	375 	374
f 558 	560 	809
f 12 	454 	11
f 808 	809 	560
f 560 	561 	808
f 376 	375 	555
f 552 	555 	375
f 561 	563 	806
f 1686 	1687 	555
f 805 	806 	563
f 1710 	1702 	554
f 555 	559 	376
f 837 	805 	563
f 564 	836 	563
f 378 	559 	562
f 565 	690 	564
f 567 	690 	565
f 562 	566 	379
f 562 	379 	378
f 568 	690 	567
f 380 	379 	569
f 566 	569 	379
f 178 	44 	181
f 571 	573 	639
f 30 	29 	182
f 573 	574 	639
f 569 	572 	380
f 34 	183 	31
f 570 	690 	568
f 574 	576 	639
f 576 	577 	639
f 370 	572 	575
f 577 	578 	639
f 578 	580 	639
f 571 	690 	570
f 575 	1694 	579
f 638 	639 	580
f 579 	371 	575
f 370 	575 	371
f 581 	305 	580
f 579 	1694 	582
f 579 	582 	372
f 579 	372 	371
f 388 	372 	582
f 586 	1611 	585
f 582 	1696 	587
f 593 	1698 	597
f 588 	1610 	586
f 582 	587 	388
f 587 	1696 	590
f 389 	388 	590
f 587 	590 	388
f 590 	1697 	593
f 591 	305 	583
f 390 	389 	593
f 590 	593 	389
f 594 	305 	592
f 593 	597 	391
f 593 	391 	390
f 110 	1613 	584
f 599 	584 	1613
f 385 	391 	600
f 597 	600 	391
f 585 	110 	584
f 589 	109 	588
f 16 	616 	15
f 604 	607 	602
f 603 	386 	385
f 603 	385 	600
f 605 	607 	604
f 601 	602 	607
f 606 	1738 	539
f 543 	607 	605
f 386 	603 	387
f 606 	387 	603
f 606 	539 	387
f 361 	387 	539
f 607 	543 	544
f 544 	546 	607
f 1703 	1704 	553
f 608 	109 	589
f 609 	109 	608
f 610 	109 	609
f 601 	109 	610
f 607 	109 	601
f 1613 	1614 	599
f 1159 	611 	79
f 719 	722 	619
f 722 	732 	619
f 3 	611 	1159
f 616 	632 	15
f 279 	746 	79
f 716 	717 	630
f 49 	50 	191
f 624 	623 	717
f 619 	618 	719
f 341 	351 	629
f 715 	716 	629
f 630 	629 	716
f 490 	483 	488
f 542 	464 	627
f 637 	636 	305
f 628 	637 	305
f 629 	628 	305
f 1080 	513 	1082
f 632 	714 	15
f 616 	16 	17
f 631 	305 	633
f 191 	186 	49
f 721 	723 	21
f 633 	305 	634
f 305 	631 	640
f 47 	195 	194
f 623 	622 	717
f 622 	630 	717
f 338 	341 	629
f 337 	338 	629
f 636 	635 	305
f 635 	634 	305
f 305 	337 	629
f 832 	834 	643
f 644 	643 	834
f 645 	644 	836
f 834 	836 	644
f 648 	647 	836
f 646 	645 	836
f 647 	646 	836
f 1794 	1792 	727
f 649 	648 	836
f 652 	651 	836
f 650 	653 	836
f 659 	694 	666
f 658 	659 	666
f 656 	655 	836
f 655 	654 	836
f 663 	661 	836
f 664 	663 	836
f 668 	669 	667
f 666 	667 	669
f 666 	669 	670
f 666 	670 	671
f 666 	671 	672
f 666 	672 	673
f 666 	673 	674
f 666 	674 	676
f 660 	666 	676
f 662 	666 	660
f 666 	684 	679
f 665 	664 	836
f 682 	677 	684
f 679 	684 	677
f 681 	682 	684
f 683 	684 	666
f 680 	681 	684
f 680 	684 	685
f 680 	685 	686
f 680 	686 	687
f 675 	665 	836
f 678 	675 	836
f 836 	564 	688
f 688 	678 	836
f 693 	666 	692
f 691 	692 	666
f 662 	657 	666
f 657 	658 	666
f 694 	695 	666
f 695 	696 	666
f 696 	697 	666
f 697 	698 	666
f 698 	699 	666
f 699 	700 	666
f 700 	701 	666
f 702 	666 	701
f 691 	666 	702
f 729 	15 	727
f 52 	191 	51
f 45 	46 	193
f 705 	666 	704
f 683 	666 	705
f 703 	704 	666
f 693 	706 	666
f 706 	707 	666
f 707 	708 	666
f 708 	709 	666
f 709 	710 	666
f 710 	711 	666
f 711 	712 	666
f 712 	713 	666
f 703 	666 	713
f 46 	47 	194
f 662 	776 	657
f 714 	720 	15
f 657 	776 	658
f 632 	616 	17
f 43 	28 	181
f 780 	679 	677
f 666 	679 	780
f 39 	183 	38
f 782 	667 	666
f 1620 	1604 	305
f 351 	715 	629
f 305 	594 	1620
f 598 	599 	1614
f 626 	624 	717
f 668 	667 	782
f 717 	719 	626
f 621 	620 	732
f 786 	671 	670
f 732 	733 	621
f 975 	978 	473
f 672 	671 	786
f 18 	20 	718
f 733 	734 	613
f 21 	22 	721
f 714 	632 	17
f 674 	792 	676
f 717 	716 	731
f 716 	715 	731
f 715 	351 	731
f 203 	731 	351
f 719 	717 	731
f 722 	719 	731
f 42 	177 	40
f 25 	40 	177
f 792 	660 	676
f 44 	178 	41
f 41 	178 	42
f 625 	863 	447
f 794 	684 	683
f 30 	181 	28
f 529 	107 	625
f 685 	684 	794
f 32 	182 	29
f 1 	627 	728
f 627 	464 	728
f 798 	680 	687
f 473 	978 	718
f 721 	978 	723
f 726 	725 	978
f 725 	724 	978
f 724 	723 	978
f 681 	680 	798
f 49 	186 	48
f 51 	191 	50
f 720 	752 	15
f 54 	192 	53
f 694 	807 	695
f 206 	209 	79
f 194 	193 	46
f 720 	714 	17
f 720 	17 	752
f 807 	696 	695
f 733 	732 	731
f 730 	729 	978
f 729 	727 	978
f 727 	726 	978
f 296 	730 	978
f 977 	304 	978
f 735 	737 	614
f 698 	819 	699
f 819 	700 	699
f 615 	614 	739
f 744 	279 	743
f 741 	743 	279
f 739 	741 	279
f 702 	826 	691
f 691 	826 	692
f 748 	79 	746
f 692 	829 	693
f 750 	79 	748
f 751 	79 	750
f 731 	79 	751
f 204 	79 	203
f 475 	736 	979
f 738 	979 	736
f 742 	745 	979
f 745 	747 	979
f 747 	749 	979
f 749 	753 	979
f 753 	754 	979
f 738 	740 	979
f 750 	748 	751
f 731 	751 	748
f 731 	748 	746
f 731 	746 	744
f 731 	744 	743
f 731 	743 	741
f 731 	741 	739
f 731 	739 	737
f 731 	737 	735
f 731 	735 	734
f 731 	734 	733
f 732 	722 	731
f 708 	841 	709
f 710 	709 	841
f 740 	742 	979
f 754 	297 	979
f 297 	305 	979
f 757 	1310 	756
f 844 	712 	711
f 713 	712 	844
f 248 	1423 	765
f 768 	769 	1323
f 1323 	1319 	768
f 1319 	1314 	768
f 1314 	1312 	767
f 758 	767 	1312
f 15 	752 	761
f 662 	660 	766
f 760 	766 	660
f 765 	1421 	764
f 764 	1420 	763
f 770 	771 	759
f 771 	772 	759
f 763 	1420 	762
f 1393 	759 	772
f 1396 	1393 	772
f 772 	773 	1396
f 774 	1396 	773
f 775 	1414 	774
f 762 	1415 	775
f 752 	17 	761
f 766 	776 	662
f 776 	777 	658
f 659 	658 	778
f 777 	778 	658
f 659 	778 	694
f 677 	682 	779
f 801 	779 	682
f 779 	780 	677
f 666 	780 	781
f 666 	781 	782
f 783 	668 	782
f 654 	650 	836
f 651 	649 	836
f 279 	832 	641
f 668 	783 	669
f 784 	669 	783
f 785 	670 	669
f 785 	669 	784
f 690 	571 	639
f 690 	689 	564
f 689 	688 	564
f 305 	640 	638
f 583 	305 	581
f 638 	580 	305
f 591 	592 	305
f 1614 	1615 	598
f 670 	785 	786
f 15 	761 	787
f 788 	672 	786
f 643 	641 	832
f 279 	641 	642
f 279 	642 	615
f 620 	619 	732
f 617 	626 	719
f 618 	617 	719
f 612 	621 	733
f 613 	612 	733
f 734 	735 	613
f 614 	613 	735
f 737 	739 	614
f 279 	615 	739
f 788 	789 	673
f 788 	673 	672
f 674 	673 	791
f 789 	791 	673
f 279 	830 	831
f 790 	832 	279
f 836 	837 	563
f 806 	808 	561
f 791 	792 	674
f 1168 	1164 	269
f 792 	760 	660
f 683 	705 	793
f 793 	794 	683
f 685 	794 	795
f 795 	796 	686
f 795 	686 	685
f 687 	686 	797
f 796 	797 	686
f 797 	798 	687
f 15 	787 	800
f 800 	865 	15
f 799 	681 	798
f 681 	799 	682
f 801 	682 	799
f 787 	761 	17
f 787 	17 	800
f 1707 	1708 	810
f 812 	813 	1706
f 815 	803 	802
f 1712 	802 	803
f 1711 	1712 	817
f 822 	1715 	818
f 778 	804 	694
f 1702 	1703 	554
f 553 	554 	1703
f 813 	815 	1706
f 804 	807 	694
f 1705 	1706 	815
f 802 	1705 	815
f 696 	807 	811
f 811 	814 	697
f 811 	697 	696
f 803 	817 	1712
f 698 	697 	816
f 814 	816 	697
f 818 	1711 	817
f 816 	819 	698
f 700 	819 	820
f 1751 	38 	1741
f 803 	815 	324
f 815 	813 	324
f 813 	812 	324
f 812 	810 	324
f 325 	324 	810
f 809 	325 	810
f 806 	325 	808
f 805 	325 	806
f 820 	821 	701
f 820 	701 	700
f 865 	868 	15
f 702 	701 	823
f 821 	823 	701
f 823 	826 	702
f 817 	803 	324
f 818 	817 	324
f 822 	818 	324
f 824 	822 	324
f 826 	827 	692
f 830 	279 	828
f 827 	829 	692
f 831 	790 	279
f 706 	693 	829
f 661 	656 	836
f 653 	652 	836
f 835 	705 	833
f 704 	833 	705
f 835 	793 	705
f 829 	838 	706
f 707 	706 	839
f 838 	839 	706
f 763 	762 	1084
f 809 	808 	325
f 325 	805 	837
f 325 	837 	836
f 325 	836 	834
f 325 	834 	832
f 325 	832 	790
f 325 	790 	831
f 325 	831 	830
f 325 	830 	828
f 325 	828 	313
f 708 	707 	840
f 839 	840 	707
f 825 	824 	324
f 825 	339 	1326
f 1084 	764 	763
f 840 	841 	708
f 841 	842 	710
f 263 	213 	212
f 711 	710 	843
f 842 	843 	710
f 843 	844 	711
f 849 	893 	848
f 847 	848 	893
f 850 	893 	849
f 851 	893 	850
f 846 	847 	893
f 852 	893 	851
f 853 	893 	852
f 946 	893 	853
f 893 	854 	846
f 854 	855 	846
f 855 	856 	846
f 856 	857 	846
f 857 	858 	846
f 858 	859 	846
f 859 	860 	846
f 860 	861 	846
f 845 	846 	861
f 845 	861 	862
f 544 	946 	853
f 543 	946 	544
f 863 	866 	447
f 853 	852 	546
f 853 	546 	544
f 625 	107 	863
f 852 	851 	547
f 852 	547 	546
f 1 	728 	864
f 864 	867 	1
f 548 	547 	850
f 851 	850 	547
f 728 	464 	864
f 550 	548 	849
f 850 	849 	548
f 1071 	770 	769
f 849 	848 	551
f 849 	551 	550
f 553 	551 	847
f 848 	847 	551
f 554 	553 	846
f 847 	846 	553
f 846 	845 	556
f 846 	556 	554
f 845 	862 	557
f 845 	557 	556
f 558 	557 	861
f 862 	861 	557
f 861 	860 	560
f 861 	560 	558
f 860 	859 	561
f 860 	561 	560
f 37 	866 	863
f 859 	858 	563
f 859 	563 	561
f 867 	880 	1
f 864 	464 	867
f 564 	563 	857
f 858 	857 	563
f 857 	856 	565
f 857 	565 	564
f 856 	855 	567
f 856 	567 	565
f 868 	883 	15
f 865 	800 	17
f 865 	17 	868
f 713 	844 	869
f 869 	870 	703
f 869 	703 	713
f 704 	703 	833
f 870 	833 	703
f 873 	788 	872
f 874 	788 	873
f 866 	894 	447
f 1714 	738 	736
f 877 	814 	876
f 878 	814 	877
f 879 	816 	878
f 867 	464 	880
f 1071 	769 	768
f 883 	910 	15
f 910 	927 	15
f 875 	876 	811
f 886 	778 	885
f 814 	811 	876
f 885 	778 	884
f 777 	776 	884
f 889 	760 	888
f 882 	776 	889
f 568 	567 	854
f 855 	854 	567
f 854 	893 	568
f 35 	1740 	1739
f 7 	8 	449
f 887 	888 	760
f 760 	792 	887
f 881 	789 	874
f 760 	889 	766
f 766 	889 	776
f 894 	935 	447
f 893 	896 	892
f 891 	892 	896
f 895 	896 	893
f 896 	897 	891
f 897 	898 	891
f 898 	931 	891
f 890 	891 	931
f 890 	899 	900
f 890 	900 	901
f 890 	901 	902
f 890 	902 	903
f 890 	903 	904
f 882 	884 	776
f 1 	880 	905
f 893 	570 	568
f 777 	884 	778
f 880 	464 	905
f 893 	892 	571
f 893 	571 	570
f 573 	571 	891
f 892 	891 	571
f 908 	798 	907
f 906 	907 	797
f 937 	15 	927
f 891 	890 	574
f 891 	574 	573
f 883 	868 	17
f 890 	904 	576
f 890 	576 	574
f 1042 	756 	755
f 786 	785 	871
f 914 	783 	913
f 871 	872 	786
f 913 	783 	912
f 911 	912 	781
f 780 	779 	917
f 781 	780 	917
f 911 	781 	917
f 577 	576 	903
f 904 	903 	576
f 578 	577 	902
f 903 	902 	577
f 902 	901 	580
f 902 	580 	578
f 581 	580 	900
f 901 	900 	580
f 962 	963 	821
f 961 	962 	821
f 879 	819 	816
f 814 	878 	816
f 583 	581 	899
f 900 	899 	581
f 935 	956 	447
f 1746 	1745 	1744
f 894 	866 	37
f 898 	584 	931
f 1 	905 	924
f 924 	936 	1
f 905 	464 	924
f 898 	897 	585
f 898 	585 	584
f 923 	909 	796
f 794 	793 	922
f 921 	922 	793
f 797 	796 	909
f 909 	906 	797
f 920 	921 	793
f 833 	870 	918
f 841 	959 	842
f 842 	960 	843
f 840 	957 	841
f 926 	869 	925
f 918 	869 	926
f 897 	896 	586
f 897 	586 	585
f 586 	896 	895
f 586 	895 	588
f 916 	917 	779
f 915 	916 	779
f 779 	801 	915
f 798 	908 	799
f 797 	907 	798
f 588 	895 	954
f 588 	954 	589
f 939 	15 	937
f 801 	799 	915
f 930 	890 	929
f 899 	890 	930
f 928 	929 	890
f 931 	932 	890
f 932 	933 	890
f 933 	934 	890
f 928 	890 	934
f 781 	912 	782
f 899 	930 	583
f 591 	583 	930
f 783 	914 	784
f 782 	912 	783
f 930 	929 	592
f 930 	592 	591
f 1080 	1082 	775
f 594 	592 	928
f 929 	928 	592
f 1744 	941 	1746
f 788 	874 	789
f 784 	914 	785
f 928 	934 	595
f 928 	595 	594
f 596 	595 	933
f 934 	933 	595
f 789 	881 	791
f 914 	871 	785
f 933 	932 	598
f 933 	598 	596
f 924 	464 	936
f 786 	872 	788
f 599 	598 	931
f 932 	931 	598
f 765 	1059 	248
f 910 	883 	17
f 772 	1078 	773
f 1078 	774 	773
f 762 	1082 	1084
f 935 	894 	37
f 764 	1086 	765
f 1 	936 	938
f 936 	464 	938
f 1087 	1059 	765
f 757 	1050 	758
f 927 	910 	17
f 792 	791 	887
f 881 	887 	791
f 919 	920 	833
f 793 	835 	920
f 835 	833 	920
f 796 	795 	923
f 794 	922 	795
f 922 	923 	795
f 1 	938 	940
f 938 	464 	940
f 908 	915 	799
f 1744 	1169 	941
f 941 	944 	1746
f 15 	939 	942
f 778 	886 	804
f 886 	875 	807
f 804 	886 	807
f 811 	807 	875
f 937 	927 	17
f 820 	819 	961
f 449 	8 	9
f 1 	940 	943
f 943 	955 	1
f 879 	961 	819
f 940 	464 	943
f 821 	820 	961
f 826 	823 	963
f 941 	1169 	944
f 963 	964 	826
f 944 	971 	1746
f 918 	919 	833
f 15 	942 	945
f 584 	599 	931
f 939 	937 	17
f 942 	939 	17
f 829 	967 	838
f 958 	841 	957
f 838 	967 	839
f 949 	893 	948
f 950 	893 	949
f 947 	948 	893
f 951 	893 	950
f 952 	893 	951
f 953 	893 	952
f 954 	893 	953
f 895 	893 	954
f 946 	947 	893
f 950 	949 	602
f 950 	602 	601
f 949 	948 	604
f 949 	604 	602
f 839 	968 	840
f 443 	442 	210
f 935 	37 	956
f 605 	604 	947
f 948 	947 	604
f 955 	969 	1
f 605 	947 	543
f 946 	543 	947
f 943 	464 	955
f 843 	925 	844
f 1063 	767 	1056
f 844 	925 	869
f 608 	589 	953
f 589 	954 	953
f 292 	248 	293
f 953 	952 	609
f 953 	609 	608
f 610 	609 	951
f 952 	951 	609
f 758 	1056 	767
f 1053 	1056 	758
f 440 	441 	29
f 601 	610 	950
f 951 	950 	610
f 869 	918 	870
f 767 	1063 	768
f 15 	945 	972
f 960 	842 	959
f 925 	843 	960
f 959 	841 	958
f 823 	821 	963
f 964 	965 	826
f 827 	826 	965
f 829 	827 	965
f 965 	966 	829
f 967 	829 	966
f 968 	839 	967
f 957 	840 	968
f 969 	970 	1
f 771 	1073 	772
f 955 	464 	969
f 991 	990 	619
f 1077 	1078 	772
f 991 	619 	620
f 620 	621 	993
f 774 	1079 	775
f 740 	1719 	742
f 956 	1051 	447
f 970 	974 	1
f 969 	464 	970
f 945 	942 	17
f 1719 	1720 	742
f 1723 	745 	1720
f 747 	1730 	749
f 638 	1029 	639
f 1737 	1739 	749
f 1029 	638 	640
f 442 	29 	441
f 1033 	642 	641
f 1033 	641 	1034
f 643 	1034 	641
f 972 	973 	15
f 475 	1091 	736
f 1034 	643 	1035
f 644 	1035 	643
f 644 	645 	1035
f 645 	1037 	1035
f 738 	1717 	740
f 974 	999 	1
f 1040 	647 	648
f 970 	464 	974
f 1040 	648 	649
f 745 	1724 	747
f 1737 	749 	1730
f 973 	981 	15
f 972 	945 	17
f 296 	978 	304
f 980 	979 	305
f 304 	977 	305
f 721 	718 	978
f 976 	475 	979
f 980 	305 	977
f 975 	159 	976
f 1760 	1151 	149
f 971 	994 	1746
f 980 	1100 	979
f 981 	1011 	15
f 973 	972 	17
f 1107 	274 	1369
f 1111 	982 	979
f 449 	5 	7
f 985 	1072 	984
f 1087 	765 	1086
f 1369 	988 	979
f 986 	988 	1760
f 443 	210 	208
f 1152 	1752 	149
f 148 	149 	1752
f 159 	148 	1093
f 1752 	1093 	148
f 992 	1063 	991
f 990 	991 	1053
f 975 	986 	978
f 988 	976 	979
f 756 	1045 	757
f 1050 	757 	1045
f 976 	988 	986
f 976 	986 	975
f 1053 	758 	1050
f 971 	1169 	994
f 944 	1169 	971
f 997 	1266 	996
f 1051 	1083 	447
f 956 	37 	1051
f 999 	1010 	1
f 974 	464 	999
f 1262 	1260 	1003
f 1004 	1262 	1003
f 1260 	1258 	1003
f 996 	1266 	995
f 995 	1264 	1004
f 998 	1268 	997
f 1255 	1008 	1001
f 1001 	1002 	1258
f 1002 	1003 	1258
f 1007 	1000 	1008
f 1008 	1358 	1007
f 1353 	1350 	1005
f 1350 	1348 	1005
f 1344 	238 	1346
f 1342 	1339 	246
f 770 	1072 	771
f 1077 	772 	1073
f 994 	1169 	1009
f 1009 	1016 	1746
f 239 	274 	1005
f 1107 	1006 	1005
f 1010 	1020 	1
f 999 	464 	1010
f 983 	1066 	993
f 1011 	1027 	15
f 993 	1063 	992
f 1015 	989 	1053
f 994 	1009 	1746
f 1016 	1031 	1746
f 1019 	1012 	1050
f 1020 	1036 	1
f 1036 	1057 	1
f 1010 	464 	1020
f 1023 	977 	1022
f 1026 	977 	1025
f 1026 	1017 	977
f 981 	973 	17
f 1009 	1169 	1016
f 977 	1324 	1021
f 1024 	977 	1023
f 1031 	1048 	1746
f 1024 	1025 	977
f 1012 	1013 	1050
f 1013 	1014 	1050
f 1014 	1015 	1050
f 1053 	1050 	1015
f 989 	990 	1053
f 1056 	1053 	991
f 984 	1066 	983
f 1100 	1101 	996
f 1057 	1076 	1
f 764 	1084 	1086
f 1020 	464 	1036
f 1035 	1074 	1034
f 1033 	1034 	1074
f 1038 	1074 	1037
f 1039 	1074 	1038
f 1040 	1074 	1039
f 1035 	1037 	1074
f 1041 	1074 	1040
f 1074 	1041 	1046
f 1049 	1074 	1047
f 1046 	1047 	1074
f 442 	443 	29
f 977 	1017 	1042
f 1045 	756 	1042
f 1031 	1169 	1048
f 1016 	1169 	1031
f 1050 	1045 	1019
f 1048 	1070 	1746
f 1017 	1018 	1045
f 1054 	1055 	1074
f 1036 	464 	1057
f 1060 	1074 	1058
f 1055 	1058 	1074
f 1100 	996 	995
f 1059 	488 	293
f 292 	293 	488
f 1062 	1064 	1782
f 293 	248 	1059
f 1064 	1065 	1782
f 1783 	1782 	1065
f 1065 	1067 	1783
f 1784 	1783 	1067
f 1056 	991 	1063
f 1068 	1775 	1067
f 1063 	1066 	768
f 1048 	1169 	1070
f 1063 	993 	1066
f 1070 	1081 	1746
f 1066 	1071 	768
f 1044 	1074 	1049
f 1052 	1074 	1044
f 1052 	1054 	1074
f 1074 	1778 	1433
f 1066 	984 	1071
f 1071 	984 	1072
f 1351 	1349 	1030
f 1030 	1021 	1351
f 1354 	1351 	1021
f 1021 	1022 	977
f 1083 	1089 	447
f 1071 	1072 	770
f 1076 	1085 	1
f 1073 	771 	1072
f 987 	1078 	985
f 1389 	1445 	1033
f 1074 	1389 	1033
f 1442 	1441 	1033
f 1437 	1436 	1033
f 1032 	1080 	987
f 1436 	513 	1032
f 1072 	985 	1073
f 1018 	1019 	1045
f 1045 	1042 	1017
f 1057 	464 	1076
f 1078 	987 	1079
f 1073 	985 	1077
f 1002 	1112 	1003
f 983 	621 	612
f 613 	984 	612
f 983 	612 	984
f 1077 	985 	1078
f 614 	985 	613
f 984 	613 	985
f 615 	987 	985
f 615 	985 	614
f 1082 	488 	1084
f 1078 	1079 	774
f 1015 	626 	989
f 1079 	987 	1080
f 997 	996 	1101
f 618 	990 	617
f 1070 	1169 	1081
f 1080 	775 	1079
f 1081 	1088 	1746
f 618 	619 	990
f 998 	997 	1102
f 1101 	1102 	997
f 762 	775 	1082
f 1107 	1005 	274
f 993 	621 	983
f 1085 	1090 	1
f 1090 	1128 	1
f 1084 	488 	1086
f 1076 	464 	1085
f 1109 	1007 	1006
f 623 	1013 	622
f 1086 	488 	1087
f 1087 	488 	1059
f 1014 	1013 	624
f 1015 	1014 	626
f 617 	989 	626
f 989 	617 	990
f 1088 	1092 	1746
f 991 	620 	992
f 992 	620 	993
f 1051 	37 	1083
f 1012 	1019 	622
f 1085 	464 	1090
f 1012 	622 	1013
f 623 	624 	1013
f 624 	626 	1014
f 1088 	1169 	1092
f 1081 	1169 	1088
f 1092 	1094 	1746
f 982 	1000 	1109
f 1022 	1021 	633
f 1114 	1003 	1112
f 1022 	633 	1023
f 634 	1023 	633
f 1003 	1114 	1004
f 1115 	1004 	1114
f 635 	1023 	634
f 1115 	1099 	1004
f 636 	1025 	635
f 637 	1025 	636
f 1247 	1250 	871
f 1251 	873 	872
f 1027 	1095 	15
f 1026 	637 	1017
f 1094 	1096 	1746
f 1252 	874 	1251
f 629 	1018 	628
f 1017 	628 	1018
f 1011 	981 	17
f 1027 	1011 	17
f 630 	1019 	629
f 1018 	629 	1019
f 1019 	630 	622
f 463 	461 	220
f 874 	1253 	881
f 1021 	1030 	631
f 631 	633 	1021
f 1007 	1109 	1000
f 1023 	635 	1024
f 982 	1001 	1000
f 1024 	635 	1025
f 1112 	1002 	1001
f 1025 	637 	1026
f 628 	1017 	637
f 1029 	1028 	639
f 1092 	1169 	1094
f 640 	1030 	1029
f 1265 	1267 	885
f 1096 	1103 	1746
f 640 	631 	1030
f 995 	1004 	1099
f 1033 	1032 	642
f 1098 	1100 	995
f 646 	1037 	645
f 1006 	1108 	1109
f 649 	1041 	1040
f 1094 	1169 	1096
f 1041 	649 	651
f 650 	654 	1044
f 15 	1095 	1097
f 1288 	915 	908
f 1095 	1027 	17
f 1098 	995 	1099
f 650 	1044 	653
f 1099 	979 	1098
f 1115 	979 	1099
f 1114 	979 	1115
f 1098 	979 	1100
f 1101 	1100 	980
f 646 	1038 	1037
f 1300 	913 	912
f 647 	1039 	1038
f 647 	1038 	646
f 1040 	1039 	647
f 1102 	1101 	980
f 12 	13 	454
f 1096 	1169 	1103
f 1102 	980 	1104
f 1165 	1105 	980
f 1103 	1110 	1746
f 1104 	998 	1102
f 1041 	651 	1046
f 1104 	980 	1105
f 1046 	651 	1047
f 652 	1047 	651
f 653 	1049 	1047
f 652 	653 	1047
f 15 	1097 	1106
f 1049 	653 	1044
f 271 	1369 	273
f 1054 	1052 	655
f 656 	1055 	655
f 1107 	1369 	1108
f 1006 	1107 	1108
f 656 	1058 	1055
f 1108 	1369 	1109
f 982 	1109 	1369
f 663 	1058 	661
f 1103 	1169 	1110
f 1112 	979 	1114
f 1369 	979 	982
f 53 	1746 	1110
f 665 	1062 	664
f 1111 	1001 	982
f 1062 	665 	1064
f 675 	1064 	665
f 1111 	979 	1112
f 1064 	675 	1065
f 678 	1065 	675
f 1112 	1001 	1111
f 15 	1106 	1113
f 1065 	678 	688
f 1097 	1095 	17
f 1106 	1097 	17
f 654 	1052 	1044
f 1172 	980 	1116
f 1165 	980 	1166
f 977 	1117 	1324
f 1320 	1021 	1324
f 1316 	1021 	1320
f 1110 	1169 	1118
f 873 	1251 	874
f 1118 	53 	1110
f 1252 	1253 	874
f 1307 	1305 	755
f 758 	1310 	757
f 755 	756 	1307
f 1120 	1121 	1297
f 1297 	1295 	1120
f 1119 	1120 	1126
f 1125 	1119 	1126
f 1126 	1291 	1125
f 15 	1113 	1153
f 1301 	1297 	1122
f 1295 	1126 	1120
f 1291 	1287 	1125
f 1123 	1124 	1287
f 1287 	1283 	1123
f 998 	1123 	1280
f 1283 	1280 	1123
f 1266 	997 	1268
f 1280 	1268 	998
f 1264 	995 	1266
f 1258 	1255 	1001
f 889 	888 	1259
f 1259 	882 	889
f 1265 	885 	884
f 886 	885 	1267
f 1267 	875 	886
f 1089 	1129 	447
f 1127 	53 	1118
f 1083 	37 	1089
f 878 	1275 	879
f 1090 	464 	1128
f 1177 	1043 	1122
f 1129 	1134 	447
f 1089 	37 	1129
f 1127 	1169 	1130
f 1118 	1169 	1127
f 1 	1128 	1131
f 755 	1122 	1043
f 1130 	53 	1127
f 1128 	464 	1131
f 998 	1105 	1123
f 1300 	914 	913
f 1165 	1124 	1123
f 452 	451 	216
f 455 	454 	207
f 1306 	921 	920
f 1119 	1116 	1120
f 1309 	922 	921
f 1174 	1121 	1120
f 922 	1309 	923
f 1311 	1279 	923
f 1104 	1105 	998
f 1129 	37 	1134
f 1130 	1169 	1132
f 1324 	1117 	918
f 1 	1131 	1133
f 1133 	1136 	1
f 1132 	53 	1130
f 1119 	1125 	1116
f 1276 	1277 	879
f 1131 	464 	1133
f 1174 	1120 	1116
f 1177 	1122 	1121
f 1331 	106 	963
f 1165 	1123 	1105
f 964 	106 	965
f 654 	655 	1052
f 1054 	655 	1055
f 216 	455 	207
f 661 	1058 	656
f 967 	966 	1343
f 456 	208 	457
f 1343 	968 	967
f 663 	1060 	1058
f 664 	1061 	1060
f 664 	1060 	663
f 1136 	1157 	1
f 1062 	1061 	664
f 1133 	464 	1136
f 1135 	53 	1132
f 958 	1349 	959
f 1351 	960 	959
f 1065 	688 	1067
f 1067 	688 	1068
f 689 	1068 	688
f 1068 	689 	690
f 1068 	690 	1069
f 872 	871 	1250
f 1069 	690 	1028
f 639 	1028 	690
f 1251 	872 	1250
f 987 	615 	642
f 987 	642 	1032
f 1138 	1636 	1137
f 1113 	1106 	17
f 215 	452 	216
f 1132 	1169 	1135
f 1144 	1625 	1143
f 1145 	1630 	1144
f 1143 	1625 	1142
f 1137 	1636 	1140
f 1140 	1633 	1145
f 1622 	1146 	1142
f 1663 	1150 	1146
f 1150 	1662 	1149
f 1141 	1146 	1150
f 1147 	53 	1135
f 442 	441 	210
f 440 	468 	211
f 1091 	976 	1093
f 1091 	475 	976
f 875 	1267 	1270
f 1152 	149 	1151
f 1270 	1272 	876
f 1270 	876 	875
f 877 	876 	1273
f 1147 	1169 	1154
f 1135 	1169 	1147
f 1154 	53 	1147
f 1172 	1125 	1124
f 1172 	1116 	1125
f 15 	1153 	1155
f 1293 	917 	1292
f 916 	1292 	917
f 204 	206 	79
f 911 	917 	1293
f 1154 	1169 	1156
f 1156 	53 	1154
f 914 	1248 	871
f 214 	450 	215
f 1134 	1162 	447
f 1173 	35 	1162
f 48 	39 	1751
f 1157 	1160 	1
f 1136 	464 	1157
f 1311 	923 	1309
f 1176 	1177 	1121
f 445 	444 	208
f 203 	79 	731
f 1159 	79 	198
f 1156 	1169 	1158
f 1158 	53 	1156
f 926 	1320 	918
f 31 	32 	444
f 467 	464 	219
f 461 	460 	220
f 60 	221 	1
f 1328 	1330 	961
f 1436 	1149 	1148
f 962 	1331 	963
f 1134 	37 	1162
f 213 	435 	214
f 964 	963 	106
f 1157 	464 	1160
f 449 	215 	450
f 1442 	1144 	1143
f 457 	207 	454
f 1161 	53 	1158
f 957 	1347 	958
f 1390 	1137 	1140
f 1351 	959 	1349
f 1390 	1138 	1137
f 1159 	307 	297
f 462 	297 	307
f 400 	513 	1148
f 1 	1160 	1163
f 1175 	26 	1163
f 1160 	464 	1163
f 1153 	1113 	17
f 1153 	17 	1155
f 1141 	1075 	1142
f 1176 	1121 	1174
f 1158 	1169 	1161
f 1254 	1256 	881
f 1442 	1143 	1142
f 1164 	53 	1161
f 1042 	755 	1043
f 888 	1257 	1259
f 977 	1116 	980
f 1124 	1165 	1166
f 15 	1155 	1167
f 1170 	15 	1167
f 1155 	17 	1167
f 221 	220 	460
f 877 	1273 	878
f 1169 	269 	1161
f 1276 	879 	1275
f 1168 	53 	1164
f 452 	215 	449
f 1191 	35 	1173
f 907 	906 	1285
f 464 	41 	1163
f 908 	907 	1288
f 1285 	1288 	907
f 1178 	15 	1170
f 1235 	15 	1178
f 916 	915 	1292
f 1167 	17 	1170
f 263 	2 	5
f 1164 	1161 	269
f 1171 	53 	1168
f 1166 	1172 	1124
f 1166 	980 	1172
f 454 	10 	11
f 1176 	1174 	977
f 1175 	1163 	41
f 1174 	1116 	977
f 1042 	1043 	977
f 1742 	38 	33
f 1176 	977 	1177
f 1177 	977 	1043
f 1739 	33 	35
f 1141 	1150 	1075
f 1320 	926 	925
f 1324 	918 	1320
f 1171 	1168 	269
f 1179 	1217 	53
f 1180 	1182 	1183
f 1180 	1183 	1184
f 1185 	1190 	1184
f 1186 	1190 	1185
f 1187 	1190 	1186
f 1188 	1190 	1187
f 1189 	1190 	1188
f 1180 	1184 	1190
f 1330 	1331 	962
f 37 	1191 	1173
f 1162 	37 	1173
f 1203 	26 	1175
f 1195 	1182 	1194
f 1193 	1194 	1182
f 1196 	1182 	1195
f 1197 	1182 	1196
f 1198 	1182 	1197
f 1199 	1182 	1198
f 1200 	1182 	1199
f 1201 	1182 	1200
f 1202 	1182 	1201
f 1204 	1182 	1202
f 1205 	1182 	1204
f 1192 	1193 	1182
f 1180 	1206 	1182
f 1192 	1182 	1206
f 966 	1341 	1343
f 1182 	1209 	1181
f 1208 	1209 	1182
f 1210 	1207 	1209
f 1181 	1209 	1207
f 1207 	1210 	1211
f 1207 	1211 	1212
f 1207 	1212 	1213
f 1207 	1213 	1214
f 1207 	1214 	1215
f 1207 	1215 	1216
f 1345 	1347 	968
f 1349 	958 	1347
f 1178 	1170 	17
f 1178 	17 	1235
f 269 	1217 	1179
f 1179 	1171 	269
f 1217 	1232 	53
f 1220 	1182 	1219
f 1208 	1182 	1220
f 1218 	1219 	1182
f 1205 	1221 	1182
f 1221 	1222 	1182
f 1222 	1223 	1182
f 1223 	1224 	1182
f 1224 	1225 	1182
f 1225 	1226 	1182
f 1226 	1227 	1182
f 1227 	1228 	1182
f 1228 	1229 	1182
f 1229 	1230 	1182
f 1218 	1182 	1230
f 1255 	1182 	1181
f 1233 	35 	1191
f 211 	210 	441
f 1183 	1182 	1255
f 37 	1233 	1191
f 1231 	26 	1203
f 1234 	26 	1231
f 1254 	881 	1253
f 1203 	1175 	41
f 1264 	1186 	1185
f 1187 	1186 	1264
f 888 	887 	1257
f 882 	1259 	509
f 269 	1232 	1217
f 263 	5 	1241
f 882 	509 	884
f 1232 	1236 	53
f 1748 	1747 	51
f 1206 	1126 	1192
f 1192 	1126 	1193
f 207 	457 	208
f 1237 	26 	1234
f 443 	208 	444
f 1231 	1203 	41
f 1275 	878 	1273
f 961 	879 	1277
f 441 	440 	211
f 464 	463 	219
f 1278 	909 	1279
f 269 	1236 	1232
f 1282 	906 	1278
f 1236 	1238 	53
f 1241 	5 	449
f 1242 	35 	1233
f 453 	216 	451
f 911 	1293 	1294
f 911 	1294 	912
f 1234 	1231 	41
f 1335 	1209 	1208
f 1210 	1209 	1335
f 920 	919 	1306
f 1346 	1213 	1212
f 1214 	1213 	1346
f 1238 	1244 	53
f 1240 	447 	1235
f 1316 	925 	1317
f 435 	213 	263
f 1269 	35 	1242
f 925 	1316 	1320
f 434 	214 	435
f 1243 	26 	1237
f 1237 	1234 	41
f 41 	467 	468
f 962 	961 	1330
f 445 	208 	456
f 269 	1244 	1238
f 1238 	1236 	269
f 1171 	1179 	53
f 965 	106 	1337
f 1337 	1341 	965
f 1245 	447 	1240
f 1281 	447 	1245
f 51 	50 	1748
f 468 	467 	211
f 1240 	1235 	17
f 1240 	17 	1245
f 219 	211 	467
f 220 	219 	463
f 1298 	35 	1269
f 1246 	26 	1243
f 1151 	93 	1152
f 96 	1152 	93
f 1243 	1237 	41
f 43 	44 	468
f 1303 	1780 	1248
f 1247 	1248 	1780
f 269 	1249 	1244
f 1247 	1780 	1250
f 1249 	53 	1244
f 1250 	1780 	1251
f 1251 	1780 	1252
f 1252 	1780 	1253
f 1382 	1384 	102
f 1392 	102 	1384
f 1392 	394 	102
f 1181 	1207 	1008
f 1253 	1780 	1254
f 1256 	1254 	1780
f 1242 	1233 	37
f 47 	269 	195
f 1008 	1255 	1181
f 887 	881 	1256
f 1256 	1780 	1257
f 1358 	1353 	1007
f 1246 	1243 	41
f 1256 	1257 	887
f 1183 	1255 	1258
f 1257 	1780 	1259
f 509 	1259 	1780
f 1000 	1001 	1008
f 1262 	1004 	1264
f 439 	195 	269
f 1258 	1260 	1184
f 1258 	1184 	1183
f 1261 	53 	1249
f 299 	93 	490
f 1185 	1184 	1262
f 1260 	1262 	1184
f 1780 	89 	509
f 1270 	89 	1272
f 509 	1263 	884
f 1262 	1264 	1185
f 537 	538 	490
f 1263 	89 	1265
f 1263 	1265 	884
f 1187 	1264 	1266
f 1265 	89 	1267
f 35 	446 	447
f 1281 	1245 	17
f 1271 	26 	1246
f 1246 	41 	1271
f 3 	1159 	1740
f 464 	467 	41
f 1261 	1249 	269
f 1272 	1273 	876
f 1274 	53 	1261
f 1273 	89 	1275
f 1275 	105 	1276
f 1276 	105 	1277
f 1328 	961 	1277
f 1266 	1268 	1188
f 1266 	1188 	1187
f 1189 	1188 	1280
f 1268 	1280 	1188
f 1278 	977 	1282
f 37 	1298 	1269
f 1269 	1242 	37
f 909 	1278 	906
f 263 	1241 	1284
f 1286 	26 	1271
f 1280 	1283 	1190
f 1280 	1190 	1189
f 1282 	1285 	906
f 1241 	449 	1284
f 1271 	41 	1286
f 977 	978 	1282
f 1180 	1190 	1287
f 1283 	1287 	1190
f 269 	1289 	1274
f 1274 	1261 	269
f 1289 	53 	1274
f 1288 	1285 	978
f 1206 	1180 	1287
f 1288 	1290 	915
f 1290 	1288 	978
f 1290 	1292 	915
f 1287 	1291 	1206
f 1291 	1126 	1206
f 1124 	1125 	1287
f 1126 	1295 	1193
f 1299 	447 	1281
f 1313 	35 	1298
f 1296 	912 	1294
f 1295 	1297 	1194
f 1295 	1194 	1193
f 1296 	1780 	1300
f 1300 	1780 	1303
f 1121 	1122 	1297
f 1301 	1122 	1305
f 17 	107 	1281
f 1300 	912 	1296
f 1302 	26 	1286
f 1318 	26 	1302
f 1195 	1194 	1301
f 1297 	1301 	1194
f 263 	1284 	1321
f 1286 	41 	1302
f 1303 	914 	1300
f 1284 	449 	1321
f 269 	1304 	1289
f 1303 	1248 	914
f 1247 	871 	1248
f 440 	28 	468
f 1122 	755 	1305
f 1307 	756 	1310
f 1304 	53 	1289
f 1117 	977 	1306
f 1309 	1308 	977
f 1196 	1195 	1305
f 1301 	1305 	1195
f 1306 	919 	1117
f 1310 	758 	1312
f 1308 	921 	1306
f 1197 	1196 	1307
f 1305 	1307 	1196
f 1308 	1306 	977
f 454 	13 	14
f 1309 	921 	1308
f 269 	47 	45
f 1309 	977 	1311
f 1278 	1279 	977
f 31 	444 	446
f 1307 	1310 	1198
f 1307 	1198 	1197
f 53 	1580 	54
f 1311 	977 	1279
f 1199 	1198 	1312
f 1310 	1312 	1198
f 909 	923 	1279
f 1315 	447 	1299
f 37 	1313 	1298
f 1312 	1314 	1200
f 1312 	1200 	1199
f 1336 	26 	1318
f 960 	1317 	925
f 767 	768 	1314
f 1302 	41 	1318
f 1201 	1200 	1319
f 1314 	1319 	1200
f 269 	1322 	1304
f 1648 	825 	1646
f 1322 	53 	1304
f 1319 	1323 	1202
f 1319 	1202 	1201
f 1326 	1646 	825
f 1327 	1646 	1326
f 1329 	1644 	1327
f 1329 	1363 	1644
f 919 	918 	1117
f 1204 	1202 	1325
f 1323 	1325 	1202
f 1363 	1364 	1644
f 1139 	1138 	1433
f 1325 	759 	1205
f 1325 	1205 	1204
f 1364 	1366 	1644
f 769 	770 	1323
f 1328 	1277 	105
f 1221 	1205 	1393
f 759 	1393 	1205
f 1330 	1328 	105
f 1331 	1330 	105
f 1332 	1359 	243
f 1352 	35 	1313
f 1333 	1740 	35
f 1359 	1332 	1208
f 1334 	447 	1315
f 1355 	447 	1334
f 1439 	1150 	1149
f 1359 	247 	243
f 245 	246 	1339
f 3 	1740 	1333
f 1357 	26 	1336
f 1299 	1281 	107
f 1332 	1335 	1208
f 106 	262 	1337
f 1318 	41 	1336
f 1441 	1142 	1075
f 263 	1321 	1340
f 1340 	1362 	263
f 1338 	53 	1322
f 1210 	1335 	1339
f 1337 	262 	1341
f 262 	261 	1341
f 1142 	1441 	1442
f 1321 	449 	1340
f 43 	468 	28
f 966 	965 	1341
f 1339 	1342 	1211
f 1339 	1211 	1210
f 1144 	1443 	1145
f 239 	1005 	1348
f 261 	1069 	1341
f 1069 	1028 	1341
f 1445 	1389 	1145
f 1212 	1211 	1344
f 1342 	1344 	1211
f 968 	1343 	1345
f 1344 	1346 	1212
f 1140 	1388 	1390
f 957 	968 	1347
f 1346 	239 	1348
f 1028 	1029 	1341
f 1354 	1021 	1317
f 1214 	1346 	1348
f 1349 	1347 	1029
f 1348 	1350 	1215
f 1348 	1215 	1214
f 1352 	1313 	37
f 1029 	1030 	1349
f 1372 	447 	1355
f 269 	1356 	1338
f 1338 	1322 	269
f 1216 	1215 	1353
f 1350 	1353 	1215
f 1361 	26 	1357
f 1354 	960 	1351
f 1005 	1006 	1353
f 1315 	1299 	107
f 1356 	53 	1338
f 1317 	1021 	1316
f 1336 	41 	1357
f 1353 	1358 	1207
f 1353 	1207 	1216
f 1317 	960 	1354
f 1362 	1377 	263
f 1006 	1007 	1353
f 1340 	449 	1362
f 1207 	1358 	1008
f 242 	243 	247
f 241 	242 	247
f 1445 	1145 	1443
f 1367 	35 	1352
f 1333 	1365 	3
f 1387 	447 	1372
f 1360 	53 	1356
f 1374 	26 	1361
f 1334 	1315 	107
f 1355 	1334 	107
f 1357 	41 	1361
f 250 	1644 	1366
f 1329 	397 	1363
f 1327 	397 	1329
f 1326 	397 	1327
f 1333 	35 	1365
f 290 	1169 	1239
f 1366 	1368 	250
f 1369 	488 	1151
f 1365 	1383 	3
f 1368 	1370 	250
f 1152 	172 	1752
f 1360 	1356 	269
f 250 	1370 	1373
f 250 	1373 	104
f 1371 	53 	1360
f 1361 	41 	1374
f 1375 	1376 	250
f 488 	287 	295
f 488 	295 	294
f 1376 	1378 	250
f 1378 	1379 	250
f 1377 	1412 	263
f 1379 	1380 	250
f 1362 	449 	1377
f 1376 	1375 	1378
f 1379 	1378 	1375
f 1375 	104 	1379
f 104 	1373 	1379
f 1373 	1370 	1379
f 1370 	1368 	1379
f 1368 	1366 	1379
f 1366 	1364 	1379
f 1363 	397 	1364
f 1380 	1379 	1364
f 397 	395 	1364
f 102 	250 	1381
f 1380 	1381 	250
f 1382 	102 	1381
f 1365 	35 	1383
f 1464 	35 	1367
f 1367 	1352 	37
f 1144 	1442 	1443
f 1371 	1360 	269
f 1386 	26 	1374
f 1374 	41 	1386
f 1385 	53 	1371
f 1372 	1355 	107
f 1074 	1388 	1389
f 1445 	1443 	1033
f 1441 	1075 	1033
f 1412 	1440 	263
f 1389 	1388 	1140
f 1377 	449 	1412
f 1388 	1074 	1390
f 1390 	1074 	1391
f 1359 	1220 	247
f 1219 	247 	1220
f 394 	395 	102
f 278 	102 	395
f 1208 	1220 	1359
f 1382 	1364 	1384
f 1392 	1384 	1364
f 395 	394 	1364
f 1381 	1364 	1382
f 1325 	1323 	770
f 759 	1325 	770
f 1486 	77 	68
f 72 	68 	73
f 1396 	774 	1402
f 1397 	1655 	1395
f 1398 	1655 	1397
f 1399 	26 	1386
f 269 	1400 	1385
f 1385 	1371 	269
f 1401 	447 	1387
f 1222 	1221 	1396
f 1393 	1396 	1221
f 1386 	41 	1399
f 1400 	53 	1385
f 1223 	1222 	1402
f 1396 	1402 	1222
f 1660 	1659 	1406
f 1405 	1406 	1659
f 1407 	1413 	1406
f 1408 	1413 	1407
f 1409 	1676 	1408
f 1404 	1405 	1659
f 1410 	1676 	1409
f 1411 	1678 	1410
f 1416 	1679 	1411
f 1660 	1406 	1413
f 1658 	1657 	1404
f 1403 	1404 	1657
f 1402 	1414 	1224
f 1402 	1224 	1223
f 1681 	1680 	1418
f 1419 	1681 	1418
f 418 	1682 	1419
f 1225 	1224 	1415
f 1414 	1415 	1224
f 1415 	762 	1420
f 1415 	1420 	1226
f 1415 	1226 	1225
f 1420 	1421 	1227
f 1420 	1227 	1226
f 1383 	35 	1422
f 1421 	765 	1423
f 1424 	26 	1399
f 1430 	26 	1424
f 3 	1383 	1422
f 1228 	1227 	1423
f 1421 	1423 	1227
f 1399 	41 	1424
f 1426 	447 	1401
f 269 	1425 	1400
f 1423 	248 	1427
f 1425 	53 	1400
f 1387 	1372 	107
f 1401 	1387 	107
f 1423 	1427 	1229
f 1423 	1229 	1228
f 1440 	1451 	263
f 1230 	1229 	1428
f 1427 	1428 	1229
f 1412 	449 	1440
f 1428 	241 	1429
f 1428 	1429 	1218
f 1428 	1218 	1230
f 1219 	1218 	247
f 1429 	247 	1218
f 1435 	26 	1430
f 1424 	41 	1430
f 1448 	447 	1426
f 269 	1431 	1425
f 1431 	53 	1425
f 29 	30 	440
f 1138 	1390 	1391
f 1391 	1074 	1433
f 1138 	1391 	1433
f 1430 	41 	1435
f 488 	1082 	513
f 513 	1080 	1032
f 1422 	1446 	3
f 1149 	1436 	1437
f 1438 	53 	1431
f 1032 	1033 	1436
f 1437 	1439 	1149
f 1150 	1439 	1075
f 1439 	1437 	1033
f 1570 	1574 	1395
f 1075 	1439 	1033
f 1443 	1442 	1033
f 1586 	1587 	296
f 1444 	26 	1435
f 1435 	41 	1444
f 1422 	35 	1446
f 304 	1583 	296
f 1140 	1145 	1389
f 1438 	1431 	269
f 1447 	53 	1438
f 1449 	1482 	1450
f 1450 	1785 	1484
f 1485 	1484 	1785
f 1485 	1785 	1786
f 1485 	1786 	1788
f 1485 	1788 	1486
f 29 	444 	32
f 1456 	1452 	1459
f 1452 	1453 	1459
f 1650 	1459 	1453
f 1440 	449 	1451
f 1654 	1653 	1394
f 1394 	1395 	1654
f 1653 	1652 	1458
f 1591 	1411 	1410
f 1751 	1750 	50
f 1651 	1650 	1453
f 1459 	1649 	1456
f 1454 	1455 	1647
f 1647 	1645 	1454
f 1139 	1454 	1642
f 1642 	1639 	1139
f 1633 	1140 	1636
f 1622 	1142 	1625
f 1460 	26 	1444
f 1465 	26 	1460
f 1418 	1603 	1419
f 1444 	41 	1460
f 1607 	538 	1419
f 1462 	447 	1448
f 3 	1446 	1461
f 1461 	1469 	3
f 1395 	1394 	1570
f 1426 	1401 	107
f 1448 	1426 	107
f 1447 	1438 	269
f 263 	1451 	1468
f 1463 	53 	1447
f 1451 	449 	1468
f 1575 	1576 	1398
f 1579 	1405 	1404
f 1579 	1582 	1405
f 1742 	1741 	38
f 456 	457 	14
f 1460 	41 	1465
f 1591 	1410 	1409
f 1466 	447 	1462
f 1475 	447 	1466
f 1462 	1448 	107
f 1467 	53 	1463
f 1481 	1455 	1454
f 33 	1739 	1737
f 1472 	35 	1464
f 1481 	1456 	1455
f 1568 	1570 	1394
f 1449 	1453 	1452
f 1397 	1395 	1574
f 1470 	26 	1465
f 1397 	1574 	1398
f 1465 	41 	1470
f 1469 	36 	3
f 1463 	1447 	269
f 1458 	1490 	1394
f 1471 	53 	1467
f 1433 	1434 	1139
f 1609 	1547 	107
f 449 	450 	1468
f 1464 	1367 	37
f 1454 	1139 	1434
f 1461 	1446 	35
f 1473 	26 	1470
f 1479 	1481 	1454
f 1470 	41 	1473
f 1471 	1467 	269
f 1467 	1463 	269
f 1417 	1416 	1602
f 1483 	447 	1475
f 1602 	1418 	1417
f 1474 	53 	1471
f 1607 	1419 	1603
f 296 	1432 	17
f 1479 	1454 	1434
f 434 	1468 	450
f 1574 	1575 	1398
f 1593 	17 	1592
f 1592 	17 	1432
f 1593 	1595 	17
f 1587 	1588 	296
f 1586 	296 	1584
f 1487 	35 	1472
f 1551 	35 	1487
f 1449 	1452 	1456
f 1476 	26 	1473
f 1478 	26 	1476
f 1473 	41 	1476
f 1474 	1471 	269
f 1477 	53 	1474
f 1747 	1746 	51
f 1406 	1582 	1407
f 300 	1585 	1407
f 1466 	1462 	107
f 1484 	1485 	1453
f 1411 	1596 	1416
f 1486 	1488 	1457
f 1472 	1464 	37
f 1489 	26 	1478
f 1469 	1461 	35
f 1479 	1434 	1778
f 1476 	41 	1478
f 1434 	1433 	1778
f 1477 	1474 	269
f 1480 	53 	1477
f 1481 	1778 	1482
f 1481 	1482 	1456
f 1482 	1449 	1456
f 1449 	1450 	1484
f 1449 	1484 	1453
f 1403 	1398 	1576
f 1577 	1403 	1576
f 1457 	1453 	1485
f 1577 	1578 	1403
f 1486 	1457 	1485
f 1486 	68 	1488
f 1458 	1457 	1488
f 1532 	26 	1489
f 1488 	68 	1490
f 1478 	41 	1489
f 1568 	1394 	1490
f 1491 	53 	1480
f 1494 	1499 	1520
f 1492 	1493 	1520
f 1493 	1494 	1520
f 1408 	1585 	1409
f 1589 	1591 	1409
f 1498 	1516 	1497
f 1500 	1501 	1520
f 1519 	1520 	1501
f 1497 	1536 	1496
f 1502 	1536 	1501
f 1502 	1503 	1536
f 1503 	1504 	1536
f 1504 	1505 	1536
f 1506 	1536 	1505
f 1496 	1536 	1506
f 1507 	447 	1483
f 1737 	1742 	33
f 1509 	1510 	1508
f 1510 	1511 	1508
f 1511 	1512 	1508
f 1512 	1513 	1508
f 1513 	1514 	1508
f 1498 	1508 	1514
f 1498 	1514 	1515
f 1498 	1515 	1516
f 1517 	1497 	1516
f 1416 	1597 	1602
f 1567 	35 	1551
f 418 	1419 	538
f 1487 	1472 	37
f 1495 	1492 	1520
f 1499 	1500 	1520
f 1518 	1495 	1520
f 1518 	1520 	1521
f 1518 	1521 	1522
f 1518 	1522 	1523
f 1518 	1523 	1524
f 1518 	1524 	1525
f 1518 	1525 	1526
f 1518 	1526 	1527
f 1518 	1527 	1528
f 1518 	1528 	1529
f 1518 	1529 	1530
f 1518 	1530 	1531
f 1491 	1480 	269
f 1480 	1477 	269
f 1489 	41 	1532
f 1533 	53 	1491
f 1536 	1497 	1535
f 1519 	1501 	1536
f 1535 	1497 	1534
f 1537 	1497 	1517
f 1538 	1497 	1537
f 1539 	1497 	1538
f 1540 	1497 	1539
f 1541 	1497 	1540
f 1542 	1497 	1541
f 1534 	1497 	1542
f 1546 	1548 	17
f 1558 	17 	1543
f 1546 	17 	1545
f 1544 	1545 	17
f 1547 	447 	1507
f 1549 	1550 	17
f 1548 	1549 	17
f 1475 	1466 	107
f 1406 	1405 	1582
f 1552 	17 	1550
f 300 	1407 	1582
f 447 	1162 	35
f 1548 	1566 	1549
f 1546 	1566 	1548
f 1544 	1583 	1545
f 36 	1469 	35
f 1555 	17 	1553
f 1553 	17 	1552
f 1554 	26 	1532
f 1569 	26 	1554
f 1532 	41 	1554
f 1543 	17 	1556
f 1556 	17 	1555
f 1533 	1491 	269
f 1557 	53 	1533
f 17 	1559 	109
f 1561 	109 	1560
f 1597 	1416 	1596
f 1563 	1564 	109
f 1565 	109 	1564
f 1625 	1493 	1492
f 1609 	447 	1547
f 1610 	588 	1566
f 1493 	1625 	1494
f 1483 	1475 	107
f 1507 	1483 	107
f 1490 	68 	1568
f 1633 	1500 	1499
f 1488 	1490 	1458
f 1633 	1636 	1501
f 1633 	1501 	1500
f 1568 	68 	1570
f 1564 	1563 	1565
f 1566 	1565 	1563
f 1566 	1563 	1562
f 1566 	1562 	1561
f 1566 	1561 	1560
f 1566 	1560 	1559
f 1566 	1559 	1558
f 1566 	1558 	1543
f 1566 	1543 	1556
f 1566 	1556 	1555
f 1566 	1555 	1553
f 1552 	1550 	1566
f 1550 	1549 	1566
f 1553 	1552 	1566
f 1557 	1533 	269
f 1554 	41 	1569
f 1636 	1502 	1501
f 1571 	53 	1557
f 1570 	68 	1574
f 1502 	1642 	1503
f 51 	1746 	52
f 1642 	1504 	1503
f 1574 	68 	1575
f 1504 	1647 	1505
f 1760 	988 	1151
f 1369 	1151 	988
f 1575 	68 	1576
f 1506 	1505 	1649
f 1647 	1649 	1505
f 1649 	1496 	1506
f 1576 	68 	1577
f 1579 	1578 	68
f 1650 	1497 	1496
f 1650 	1498 	1497
f 1577 	68 	1578
f 1404 	1403 	1578
f 36 	35 	1567
f 1498 	1652 	1508
f 1498 	1651 	1652
f 1551 	1487 	37
f 1652 	1509 	1508
f 742 	1720 	745
f 1578 	1579 	1404
f 1571 	1557 	269
f 1581 	26 	1569
f 1724 	1727 	747
f 1580 	53 	1571
f 1569 	41 	1581
f 1583 	304 	1573
f 1511 	1656 	1512
f 1584 	296 	1583
f 1656 	1513 	1512
f 300 	299 	1585
f 1588 	1590 	296
f 1408 	1407 	1585
f 1590 	1432 	296
f 1585 	299 	1589
f 1589 	1409 	1585
f 17 	1595 	1544
f 1411 	1591 	1594
f 1547 	1507 	107
f 1567 	1551 	37
f 269 	45 	1580
f 1580 	1571 	269
f 1594 	1596 	1411
f 40 	26 	1581
f 45 	54 	1580
f 1593 	1592 	1595
f 1544 	1595 	1592
f 1544 	1592 	1432
f 1544 	1432 	1590
f 1544 	1590 	1588
f 1544 	1588 	1587
f 1544 	1587 	1586
f 1544 	1586 	1584
f 1544 	1584 	1583
f 1573 	1546 	1583
f 1572 	1546 	1573
f 1546 	1545 	1583
f 1600 	304 	1599
f 41 	42 	1581
f 299 	1597 	1596
f 299 	1596 	1594
f 1601 	304 	1600
f 305 	312 	304
f 1572 	304 	1601
f 1749 	1748 	50
f 1573 	304 	1572
f 1597 	299 	1602
f 50 	49 	1751
f 48 	1751 	49
f 1602 	299 	1603
f 538 	1607 	490
f 1608 	305 	1606
f 1418 	1602 	1603
f 1598 	304 	312
f 38 	1751 	39
f 1603 	299 	1607
f 299 	490 	1607
f 1608 	312 	305
f 446 	33 	31
f 33 	446 	35
f 1674 	1520 	1519
f 1605 	1546 	1606
f 1608 	1606 	1546
f 1604 	1546 	1605
f 312 	1608 	1546
f 1572 	1601 	1546
f 1601 	1600 	1546
f 1600 	1599 	1546
f 1598 	1546 	1599
f 312 	1546 	1598
f 1668 	447 	1609
f 1521 	1520 	1674
f 1413 	1675 	1517
f 36 	1567 	37
f 110 	585 	1612
f 1675 	1538 	1537
f 40 	1581 	42
f 1616 	1617 	596
f 41 	468 	44
f 595 	596 	1617
f 1617 	1618 	595
f 594 	595 	1618
f 1618 	1619 	594
f 1619 	1620 	594
f 1626 	107 	1624
f 1606 	305 	1605
f 107 	137 	138
f 139 	140 	107
f 28 	440 	30
f 140 	1621 	107
f 1605 	305 	1604
f 1623 	107 	1621
f 1624 	107 	1623
f 1141 	1142 	1146
f 1492 	1495 	1622
f 1146 	1622 	1495
f 1139 	1639 	1138
f 1618 	1546 	1619
f 1620 	1619 	1546
f 1617 	1546 	1618
f 1616 	1546 	1617
f 1615 	1546 	1616
f 1614 	1546 	1615
f 1613 	1546 	1614
f 110 	1546 	1613
f 1612 	1546 	110
f 1611 	1546 	1612
f 1610 	1546 	1611
f 1566 	1546 	1610
f 1604 	1620 	1546
f 1629 	108 	1628
f 1492 	1622 	1625
f 1625 	1144 	1627
f 1627 	1494 	1625
f 1630 	1499 	1627
f 1624 	1648 	1626
f 1628 	1626 	1648
f 1623 	1648 	1624
f 140 	1648 	1621
f 1621 	1648 	1623
f 1627 	1144 	1630
f 1630 	1145 	1633
f 1631 	108 	1629
f 1632 	108 	1631
f 1494 	1627 	1499
f 1634 	108 	1632
f 103 	108 	1634
f 1630 	1633 	1499
f 37 	1638 	250
f 1636 	1138 	1639
f 1641 	250 	1640
f 1643 	250 	1641
f 1636 	1639 	1502
f 1644 	250 	1643
f 1639 	1642 	1502
f 1645 	1642 	1454
f 1646 	1327 	1644
f 824 	1715 	822
f 1648 	1713 	825
f 1642 	1645 	1504
f 1668 	1609 	107
f 1645 	1647 	1504
f 1644 	1643 	1646
f 1648 	1646 	1643
f 1648 	1643 	1641
f 1648 	1641 	1640
f 1648 	1640 	1638
f 1648 	1638 	1637
f 1648 	1637 	1635
f 1648 	1635 	103
f 1648 	103 	1634
f 1648 	1634 	1632
f 1631 	1629 	1648
f 1629 	1628 	1648
f 1632 	1631 	1648
f 140 	139 	1648
f 1496 	1649 	1459
f 1455 	1456 	1647
f 1496 	1459 	1650
f 1649 	1647 	1456
f 1498 	1650 	1651
f 1453 	1457 	1651
f 1652 	1651 	1458
f 1458 	1394 	1653
f 1457 	1458 	1651
f 1509 	1652 	1653
f 1657 	1656 	1403
f 1653 	1654 	1510
f 1653 	1510 	1509
f 1654 	1395 	1655
f 1511 	1510 	1655
f 1654 	1655 	1510
f 1655 	1398 	1656
f 1655 	1656 	1511
f 97 	148 	171
f 1398 	1403 	1656
f 148 	212 	171
f 1513 	1656 	1657
f 1739 	1740 	753
f 1159 	297 	754
f 1657 	1658 	1514
f 1657 	1514 	1513
f 1515 	1514 	1659
f 1658 	1659 	1514
f 1714 	1716 	738
f 1659 	1658 	1404
f 1718 	740 	1717
f 1659 	1660 	1516
f 1659 	1516 	1515
f 1517 	1516 	1413
f 1660 	1413 	1516
f 1149 	1662 	1148
f 1529 	1661 	1530
f 1661 	1672 	1148
f 1662 	1661 	1148
f 1661 	1662 	1531
f 1661 	1531 	1530
f 1740 	1159 	754
f 1662 	1150 	1663
f 1662 	1663 	1518
f 1662 	1518 	1531
f 1663 	1146 	1518
f 1495 	1518 	1146
f 409 	410 	402
f 1664 	1522 	1521
f 1664 	1521 	402
f 1664 	402 	410
f 1666 	412 	1667
f 1730 	747 	1727
f 1522 	1664 	1523
f 1665 	1523 	1664
f 1665 	412 	1666
f 400 	1671 	407
f 1666 	1524 	1523
f 1666 	1523 	1665
f 1667 	413 	1669
f 1669 	404 	1670
f 1524 	1666 	1525
f 1667 	1525 	1666
f 1669 	1526 	1525
f 1669 	1525 	1667
f 1526 	1669 	1527
f 1670 	1527 	1669
f 1670 	407 	1671
f 400 	1148 	1672
f 1671 	1528 	1527
f 1671 	1527 	1670
f 1671 	400 	1672
f 14 	446 	456
f 1528 	1671 	1529
f 1672 	1529 	1671
f 1529 	1672 	1661
f 753 	749 	1739
f 1689 	418 	1673
f 417 	408 	1673
f 409 	402 	408
f 1519 	1536 	1673
f 1689 	1673 	1536
f 754 	753 	1740
f 1673 	408 	1674
f 1674 	408 	402
f 1673 	1674 	1519
f 448 	447 	1668
f 1714 	736 	1091
f 1674 	402 	1521
f 1668 	107 	448
f 1413 	1408 	1675
f 1537 	1517 	1675
f 1675 	1408 	1676
f 1677 	1410 	1678
f 1538 	1675 	1676
f 1676 	1410 	1677
f 1676 	1677 	1539
f 1676 	1539 	1538
f 1416 	1417 	1680
f 453 	10 	455
f 1540 	1539 	1678
f 1677 	1678 	1539
f 1678 	1411 	1679
f 1678 	1679 	1541
f 1678 	1541 	1540
f 1542 	1541 	1680
f 1679 	1680 	1541
f 417 	1673 	418
f 15 	1235 	447
f 1680 	1681 	1534
f 1680 	1534 	1542
f 1681 	1419 	1682
f 1091 	1683 	1714
f 1682 	1535 	1534
f 1682 	1534 	1681
f 1686 	555 	1685
f 1690 	1691 	569
f 1684 	1685 	552
f 1717 	738 	1716
f 1682 	418 	1689
f 10 	453 	9
f 1535 	1682 	1536
f 1689 	1536 	1682
f 454 	455 	10
f 1615 	1616 	596
f 596 	598 	1615
f 554 	556 	1710
f 141 	142 	553
f 142 	143 	551
f 1691 	1692 	569
f 572 	569 	1692
f 575 	572 	1692
f 1693 	575 	1692
f 1694 	575 	1693
f 1695 	582 	1694
f 1696 	582 	1695
f 1697 	590 	1696
f 1698 	593 	1697
f 1699 	597 	1698
f 1700 	597 	1699
f 1738 	603 	1701
f 1701 	600 	1700
f 569 	566 	1690
f 566 	562 	1690
f 1688 	1690 	562
f 562 	559 	1688
f 1687 	1688 	559
f 559 	555 	1687
f 550 	551 	143
f 548 	550 	143
f 55 	58 	1684
f 547 	548 	143
f 1468 	434 	263
f 1702 	1713 	1703
f 1704 	1703 	1713
f 1707 	1706 	1710
f 141 	1704 	1713
f 1708 	1709 	809
f 809 	810 	1708
f 1709 	556 	809
f 451 	452 	9
f 1709 	1710 	556
f 551 	553 	142
f 451 	9 	453
f 1706 	1707 	812
f 1727 	1753 	1730
f 810 	812 	1707
f 454 	14 	457
f 1708 	1707 	1710
f 1708 	1710 	1709
f 1705 	802 	1710
f 1706 	1705 	1710
f 802 	1712 	1710
f 1712 	1711 	1710
f 1702 	1710 	1711
f 15 	447 	446
f 824 	825 	1713
f 1711 	818 	1715
f 1713 	1715 	824
f 1715 	1702 	1711
f 1713 	1702 	1715
f 1719 	740 	1718
f 1069 	261 	1068
f 123 	535 	1722
f 541 	1731 	518
f 539 	1731 	541
f 1728 	526 	1726
f 1724 	745 	1723
f 1729 	530 	1728
f 1721 	530 	1729
f 1733 	518 	1732
f 1733 	1734 	520
f 1726 	524 	1725
f 1725 	520 	1734
f 1730 	1736 	1737
f 1732 	518 	1731
f 603 	1738 	606
f 1731 	539 	1735
f 597 	1700 	600
f 600 	1701 	603
f 1735 	539 	1738
f 1755 	1754 	1723
f 1685 	1684 	58
f 1685 	58 	1686
f 59 	1686 	58
f 59 	61 	1687
f 59 	1687 	1686
f 1756 	1755 	1718
f 61 	62 	1687
f 1688 	1687 	62
f 62 	63 	1688
f 1757 	1756 	1716
f 65 	1691 	1690
f 1692 	1691 	66
f 65 	66 	1691
f 1683 	1757 	1714
f 1693 	1692 	67
f 66 	67 	1692
f 1693 	67 	1694
f 1694 	69 	1695
f 70 	71 	1696
f 70 	1696 	1695
f 71 	1697 	1696
f 73 	75 	1698
f 1699 	1698 	75
f 76 	1700 	1699
f 76 	1699 	75
f 1700 	76 	1701
f 1736 	1742 	1737
f 1749 	1764 	1748
f 1747 	1763 	1746
f 1747 	1748 	1764
f 1743 	1169 	1744
f 1701 	78 	1738
f 1735 	1738 	1787
f 1749 	50 	1750
f 1777 	1722 	1721
f 1777 	260 	1722
f 1783 	1728 	1726
f 1787 	1738 	78
f 1722 	260 	123
f 1779 	1734 	1733
f 1725 	1734 	1779
f 1783 	1729 	1728
f 53 	52 	1746
f 1752 	1754 	1755
f 1758 	1752 	1757
f 1756 	1757 	1752
f 1093 	1752 	1758
f 1788 	1786 	1735
f 20 	159 	975
f 1093 	976 	159
f 97 	90 	149
f 1754 	1752 	1753
f 1239 	1761 	1752
f 1763 	1764 	1752
f 1764 	1759 	1752
f 1762 	1763 	1752
f 1753 	1752 	1759
f 1761 	1762 	1752
f 1755 	1756 	1752
f 1781 	1725 	1779
f 1725 	1781 	1726
f 1735 	1787 	1788
f 1784 	1776 	1729
f 1721 	1775 	1777
f 259 	123 	260
f 1726 	1782 	1783
f 1784 	1729 	1783
f 1729 	1776 	1721
f 2 	1765 	158
f 1450 	1778 	1732
f 1733 	1778 	1779
f 1766 	1765 	2
f 1768 	1767 	2
f 1767 	1766 	2
f 1769 	1768 	2
f 1770 	1769 	2
f 1771 	1770 	2
f 1731 	1785 	1732
f 77 	78 	1701
f 1773 	1772 	2
f 1772 	1771 	2
f 1774 	1773 	2
f 1785 	1731 	1786
f 1776 	1067 	1775
f 1347 	1345 	1029
f 1775 	1721 	1776
f 1775 	1068 	1777
f 1777 	1068 	260
f 1450 	1482 	1778
f 1781 	1779 	1074
f 1061 	1062 	1782
f 1733 	1732 	1778
f 212 	158 	1765
f 263 	212 	1765
f 1766 	263 	1765
f 1767 	263 	1766
f 1768 	263 	1767
f 1769 	263 	1768
f 1770 	263 	1769
f 1771 	263 	1770
f 1772 	263 	1771
f 1773 	263 	1772
f 1774 	263 	1773
f 263 	1774 	2
f 1481 	1479 	1778
f 89 	1780 	1760
f 1779 	1778 	1074
f 1780 	1296 	1294
f 1293 	978 	1294
f 1292 	1290 	978
f 1293 	1292 	978
f 1285 	1282 	978
f 1780 	1294 	978
f 1781 	1074 	1782
f 1726 	1781 	1782
f 1074 	1060 	1782
f 1060 	1061 	1782
f 1784 	1067 	1776
f 7 	5 	6
f 1731 	1735 	1786
f 1450 	1732 	1785
f 78 	1486 	1787
f 1787 	1486 	1788
f 77 	1486 	78
f 1760 	1780 	986
f 978 	986 	1780
f 1559 	17 	1558
f 1795 	152 	1792
f 1795 	14 	152
f 1789 	23 	724
f 1790 	1791 	725
f 1791 	1789 	725
f 724 	725 	1789
f 1792 	1793 	726
f 725 	726 	1790
f 1793 	1790 	726
f 726 	727 	1792
f 1795 	1792 	1794
f 1724 	1723 	1754
f 1718 	1717 	1756
f 1794 	446 	14
f 1794 	14 	1795
f 15 	446 	1794
f 1791 	150 	1789
f 157 	156 	4
f 1727 	1724 	1754
f 1720 	1719 	1755
f 1794 	727 	15
f 15 	729 	16
f 730 	16 	729
f 730 	17 	16
f 1723 	1720 	1755
f 1683 	1091 	1758
f 1743 	1761 	1169
f 1763 	1747 	1764
f 1751 	1759 	1750
f 1093 	1758 	1091
f 1761 	1743 	1762
f 1741 	1753 	1759
f 1727 	1754 	1753
f 1683 	1758 	1757
f 1764 	1750 	1759
f 1239 	1169 	1761
f 1744 	1762 	1743
f 1763 	1762 	1745
f 1741 	1742 	1753
f 1736 	1730 	1753
# 3594 faces

 #end of obj_0

