# Object Export From Tinkercad Server 2015

mtllib obj.mtl

o obj_0
v -14.344 		-25.578 		0
v -13.614 		-26.259 		0
v -20.131 		-38.659 		24.474
v -13.2899 		-32.9222 		21.7557
v -13.2967 		-33.026 		21.7118
v -14.604 		-26.33 		0
v -12.404 		-36.748 		26.838
v -20.972 		-38.591 		24.474
v -13.2808 		-32.7842 		21.66
v -29.778 		-30.211 		3.935
v -14.827 		-38.485 		26.838
v -29.508 		-29.198 		3.904
v -28.614 		-34.913 		22.973
v -28.475 		-35.332 		22.9909
v -22.614 		-23.688 		6.246
v -22.188 		-23.57 		6.246
v -23.034 		-23.826 		6.246
v -21.249 		-38.541 		23.999
v -28.56 		-29.571 		2.902
v -27.818 		-37.537 		21.444
v -18.191 		-23.693 		0
v -17.229 		-23.96 		0
v -14.123 		-37.831 		26.838
v -13.512 		-37.09 		26.838
v -29.239 		-30.279 		2.472
v -18.891 		-24.318 		0
v -13.599 		-38.342 		26.838
v -15.176 		-28.164 		2.364
v -21.749 		-25.778 		8.192
v -15.56 		-27.753 		2.364
v -16.003 		-24.475 		0
v -15.139 		-24.974 		0
v -14.583 		-39.237 		26.838
v -17.641 		-24.596 		0
v -16.294 		-40.254 		26.838
v -17.019 		-39.791 		26.838
v -16.743 		-24.939 		0
v -20.506 		-22.318 		5.524
v -21.524 		-38.479 		24.474
v -16.431 		-27.041 		2.364
v -15.618 		-25.549 		0
v -15.871 		-39.225 		26.838
v -19.614 		-23.321 		4.487
v -28.122 		-27.72 		0.518
v -12.975 		-27.027 		0
v -13.479 		-30.553 		21.6332
v -13.5038 		-30.48 		21.6489
v -18.873 		-40.281 		26.838
v -19.379 		-22.921 		4.888
v -13.007 		-28.321 		0
v -13.479 		-30.553 		20.48
v -17.93 		-40.097 		26.838
v -19.575 		-22.315 		5.492
v -27.852 		-27.289 		0.509
v -13.927 		-27.012 		0
v -13.4248 		-30.8261 		21.6495
v -13.4256 		-30.8217 		21.6486
v -13.4468 		-30.7151 		21.6426
v -13.4788 		-30.554 		21.6334
v -18.499 		-40.975 		26.838
v -13.4767 		-30.5647 		21.6358
v -13.307 		-31.419 		21.5924
v -13.3538 		-31.1833 		21.6727
v -13.3844 		-31.0294 		21.6884
v -19.491 		-23.523 		26.838
v -20.821 		-23.548 		26.838
v -12.465 		-29.481 		0
v -12.177 		-30.397 		0
v -29.079 		-28.111 		1.859
v -19.891 		-22.303 		5.977
v -27.785 		-27.78 		0.832
v -17.413 		-26.493 		2.364
v -21.109 		-24.318 		26.838
v -13.2941 		-31.6146 		21.6043
v -21.809 		-23.693 		26.838
v -22.771 		-23.96 		26.838
v -17.343 		-26.463 		3.734
v -11.968 		-28.746 		0
v -11.524 		-30 		0
v -28.721 		-27.405 		1.834
v -11.211 		-32.303 		0
v -13.2727 		-31.9402 		21.6538
v -13.2886 		-31.6978 		21.6096
v -12.05 		-31.026 		0
v -11.961 		-31.982 		0
v -13.2891 		-31.6914 		21.6084
v -13.2923 		-31.6426 		21.606
v -13.2887 		-31.6964 		21.6093
v -22.359 		-24.596 		26.838
v -12.265 		-34.516 		0
v -12.05 		-33.58 		0
v -28.176 		-26.547 		1.805
v -13.249 		-32.3 		21.5716
v -13.25 		-32.2843 		21.577
v -13.2675 		-32.0196 		21.6682
v -13.2648 		-32.0604 		21.6757
v -11.374 		-33.957 		0
v -12.713 		-35.715 		0
v -24.861 		-24.974 		26.838
v -23.997 		-24.475 		26.838
v -13.264 		-32.528 		21.6051
v -13.2553 		-32.3961 		21.5769
v -28.614 		-34.913 		20.841
v -28.475 		-35.332 		20.841
v -11.722 		-35.241 		0
v -23.257 		-24.939 		26.838
v -13.307 		-33.182 		21.6459
v -12.618 		-37.018 		0
v -13.346 		-36.828 		0
v -27.4601 		-38.9796 		20.841
v -24.382 		-25.549 		26.838
v -15.461 		-26.458 		1.321
v -13.927 		-37.593 		0
v -14.366 		-38.06 		0
v -28.475 		-35.332 		20.092
v -28.614 		-34.913 		20.092
v -25.396 		-26.33 		26.838
v -28.648 		-28.768 		0.538
v -28.955 		-29.591 		0.552
v -14.225 		-38.911 		0
v -22.587 		-38.113 		24.474
v -15.096 		-38.686 		0
v -25.656 		-25.578 		26.838
v -26.386 		-26.259 		26.838
v -15.887 		-39.231 		0
v -28.614 		-34.913 		22.8904
v -28.475 		-35.332 		22.9034
v -16.743 		-39.666 		0
v -27.025 		-27.027 		26.838
v -11.053 		-31.567 		4.027
v -22.064 		-38.319 		24.474
v -28.611 		-29.685 		0.906
v -26.073 		-27.012 		26.838
v -15.139 		-39.631 		0
v -16.003 		-40.13 		0
v -26.993 		-28.321 		26.838
v -17.951 		-40.091 		0
v -28.316 		-35.744 		22.937
v -11.162 		-30.738 		4.056
v -18.891 		-40.287 		0
v -28.057 		-28.744 		0
v -13.3923 		-33.6113 		21.6033
v -13.3298 		-33.2966 		21.59
v -13.4082 		-33.6914 		21.6067
v -28.44 		-29.843 		0
v -28.316 		-35.744 		22.9878
v -13.4108 		-33.7045 		21.6077
v -13.4088 		-33.6943 		21.6069
v -27.836 		-30.399 		0
v -28.476 		-30 		26.838
v -13.557 		-32.303 		4.031
v -13.479 		-34.048 		21.6144
v -27.535 		-29.481 		26.838
v -13.4742 		-34.0236 		21.6185
v -13.4165 		-33.7333 		21.6102
v -17.229 		-40.645 		0
v -27.823 		-30.397 		26.838
v -13.3198 		-33.2463 		21.5878
v -18.519 		-40.969 		0
v -13.322 		-33.2575 		21.6475
v -28.032 		-28.746 		26.838
v -28.209 		-28.613 		0.866
v -28.789 		-32.303 		26.838
v -20.509 		-23.523 		0
v -19.179 		-23.548 		0
v -27.95 		-31.026 		26.838
v -28.039 		-31.982 		26.838
v -28.316 		-35.744 		20.841
v -13.772 		-30.789 		3.734
v -13.674 		-31.081 		4.031
v -21.127 		-24.325 		0
v -27.735 		-34.516 		26.838
v -27.95 		-33.58 		26.838
v -13.6584 		-34.576 		21.6627
v -13.6068 		-34.4243 		21.685
v -13.5569 		-34.2772 		21.6753
v -28.626 		-33.957 		26.838
v -23.104 		-24.071 		0
v -22.153 		-23.768 		0
v -28.316 		-35.744 		20.092
v -27.287 		-35.715 		26.838
v -27.436 		-29.183 		0
v -22.981 		-24.815 		0
v -26.654 		-36.828 		26.838
v -11.675 		-37.844 		22.651
v -28.2748 		-35.837 		22.9496
v -12.176 		-38.532 		22.626
v -26.073 		-37.593 		26.838
v -28.2689 		-35.8503 		22.9502
v -29.772 		-30.171 		1.932
v -22.07 		-24.508 		0
v -25.634 		-38.06 		26.838
v -28.137 		-36.148 		22.9363
v -29.464 		-29.063 		1.892
v -28.2709 		-35.8459 		22.982
v -28.2805 		-35.8241 		22.983
v -28.2631 		-35.8633 		22.9837
v -24.732 		-24.898 		0
v -22.049 		-40.091 		26.838
v -28.205 		-35.9946 		23
v -21.109 		-40.287 		26.838
v -20.151 		-40.357 		26.838
v -25.173 		-26.12 		0
v -20.454 		-23.327 		4.516
v -24.129 		-25.38 		0
v -21.205 		-38.607 		23.104
v -29.848 		-34.036 		4.055
v -22.771 		-40.645 		26.838
v -29.933 		-31.127 		3.961
v -29.976 		-33.006 		4.019
v -25.68 		-25.573 		0
v -11.4141 		-37.4527 		20.841
v -11.3441 		-37.2991 		20.841
v -23.2 		-37.862 		23.104
v -21.481 		-40.969 		26.838
v -20.49 		-41.089 		26.838
v -11.493 		-37.6016 		20.841
v -24.904 		-38.686 		26.838
v -24.113 		-39.231 		26.838
v -20.692 		-22.964 		4.149
v -28.979 		-31.62 		2.976
v -23.257 		-39.666 		26.838
v -26.629 		-26.506 		0
v -11.6775 		-37.8837 		20.841
v -24.861 		-39.631 		26.838
v -23.997 		-40.13 		26.838
v -22.657 		-38.142 		23.104
v -22.079 		-38.338 		23.401
v -25.775 		-38.911 		26.838
v -11.7824 		-38.0157 		20.841
v -26.848 		-28.046 		0
v -28.278 		-35.241 		26.838
v -27.382 		-37.018 		26.838
v -13.375 		-38.588 		21.733
v -29.004 		-32.454 		3.006
v -13.642 		-32.01 		3.138
v -14.171 		-24.183 		25.139
v -14.872 		-23.719 		25.168
v -13.739 		-31.094 		3.437
v -28.949 		-33.286 		3.035
v -15.042 		-24.506 		26.4
v -28.814 		-34.112 		3.065
v -13.6464 		-38.672 		20.841
v -13.638 		-38.664 		20.841
v -19.152 		-23.3415 		5.998
v -19.56 		-23.311 		5.998
v -14.135 		-25.144 		26.383
v -13.301 		-25.88 		26.364
v -11.912 		-38.018 		20.092
v -13.586 		-31.689 		4.031
v -11.241 		-36.925 		20.092
v -20.002 		-23.3 		5.998
v -20.443 		-23.311 		5.998
v -20.884 		-23.344 		5.998
v -21.2 		-23.383 		5.998
v -25.006 		-36.237 		23.7
v -13.638 		-38.664 		20.092
v -26.298 		-27.258 		0
v -25.192 		-36.007 		23.401
v -14.32 		-25.573 		26.838
v -21.291 		-23.409 		4.546
v -21.435 		-22.408 		5.554
v -22.351 		-22.584 		5.582
v -12.512 		-25.677 		25.065
v -21.305 		-22.387 		5.977
v -25.549 		-35.513 		23.104
v -29.231 		-30.655 		0.569
v -29.399 		-32.184 		0.594
v -11.179 		-38.42 		18.833
v -11.221 		-38.114 		19.148
v -14.407 		-25.273 		26.124
v -11.184 		-37.77 		19.383
v -22.422 		-23.647 		4.587
v -28.752 		-31.306 		0
v -28.039 		-31.663 		0
v -11.072 		-37.493 		19.453
v -13.09 		-25.072 		25.091
v -13.618 		-25.964 		26.087
v -29.996 		-31.98 		1.994
v -29.457 		-31.933 		1.454
v -25.829 		-34.97 		23.104
v -28.137 		-36.148 		20.841
v -28.752 		-33.3 		0
v -28.137 		-36.148 		20.092
v -28.941 		-31.325 		0.965
v -27.963 		-33.579 		0
v -24.824 		-36.441 		24.474
v -28.064 		-32.623 		0
v -28.137 		-36.148 		23
v -27.017 		-36.287 		0
v -25.171 		-35.998 		24.474
v -27.312 		-35.718 		0
v -14.827 		-26.12 		26.838
v -27.9882 		-36.4448 		22.9376
v -25.173 		-38.485 		0
v -13.818 		-30.485 		4.031
v -16.482 		-23.787 		26.426
v -27.939 		-36.543 		22.938
v -25.877 		-37.831 		0
v -27.939 		-36.543 		20.841
v -26.488 		-37.09 		0
v -16.897 		-24.071 		26.838
v -27.939 		-36.543 		20.092
v -25.477 		-35.525 		24.474
v -28.813 		-30.496 		0.936
v -26.401 		-38.342 		0
v -27.939 		-36.543 		23
v -16.55 		-23.99 		26.213
v -19.849 		-40.357 		0
v -27.721 		-36.927 		22.962
v -21.127 		-40.281 		0
v -27.721 		-36.927 		20.841
v -27.721 		-36.927 		20.092
v -27.721 		-36.927 		23
v -22.07 		-40.097 		0
v -22.981 		-39.791 		0
v -27.485 		-37.3 		22.9945
v -27.5231 		-37.2398 		22.9971
v -27.5482 		-37.2002 		22.9946
v -21.501 		-40.975 		0
v -19.51 		-41.089 		0
v -27.485 		-37.3 		20.841
v -27.485 		-37.3 		20.092
v -23.706 		-40.254 		0
v -24.129 		-39.225 		0
v -27.485 		-37.3 		23
v -17.332 		-23.708 		26.243
v -27.403 		-31.997 		1.321
v -17.832 		-23.376 		26.451
v -25.417 		-39.237 		0
v -27.4484 		-37.352 		22.9953
v -27.66 		-34.823 		0
v -27.344 		-37.5002 		22.9976
v -27.344 		-37.5002 		20.841
v -17.847 		-23.768 		26.838
v -27.596 		-36.748 		0
v -28.378 		-34.917 		0
v -29.056 		-29.808 		25.161
v -29.701 		-30.246 		25.706
v -29.323 		-33.722 		0.623
v -28.851 		-33.93 		1.058
v -29.219 		-28.603 		25.681
v -13.608 		-38.6325 		20.841
v -13.333 		-38.344 		20.841
v -13.333 		-38.344 		20.092
v -18.141 		-23.503 		26.272
v -24.194 		-37.155 		23.104
v -23.578 		-37.604 		23.253
v -29.842 		-31.17 		25.72
v -18.873 		-24.325 		26.838
v -29.886 		-32.271 		25.738
v -12.343 		-37.231 		21.76
v -29.89 		-33.787 		2.047
v -28.972 		-32.999 		1.025
v -15.525 		-24.502 		26.172
v -15.268 		-24.898 		26.838
v -24.44 		-36.852 		24.474
v -13.249 		-38.2469 		20.841
v -13.044 		-38.01 		20.841
v -13.044 		-38.01 		20.092
v -15.94 		-26.102 		25.517
v -15.871 		-25.38 		26.838
v -29.991 		-32.788 		2.018
v -29.334 		-32.964 		25.235
v -16.466 		-25.789 		25.517
v -17.019 		-24.815 		26.838
v -17.016 		-25.52 		25.517
v -29.811 		-33.368 		25.758
v -23.569 		-37.565 		24.474
v -17.879 		-25.21 		25.517
v -18.771 		-24.997 		25.517
v -17.93 		-24.508 		26.838
v -13.008 		-37.9638 		20.841
v -12.773 		-37.662 		20.841
v -12.773 		-37.662 		20.092
v -27.344 		-37.4958 		23
v -27.2331 		-37.6576 		23
v -26.826 		-38.141 		23.062
v -29.653 		-29.768 		23.758
v -27.39 		-32.914 		1.321
v -29.082 		-28.165 		23.699
v -19.38 		-38.693 		23.104
v -13.169 		-25 		23.101
v -14.137 		-24.202 		23.138
v -12.518 		-37.3 		20.841
v -12.518 		-37.3 		20.092
v -19.99 		-38.723 		23.104
v -14.852 		-24.926 		24.144
v -29.092 		-28.162 		21.699
v -20.294 		-38.682 		23.401
v -29.587 		-29.495 		21.74
v -12.282 		-36.927 		20.841
v -12.282 		-36.927 		20.092
v -29.677 		-29.849 		20.861
v -15.142 		-23.574 		23.173
v -29.949 		-35.079 		13.169
v -29.93 		-35.299 		13.169
v -29.6965 		-29.8444 		20.841
v -12.11 		-36.624 		20.841
v -12.064 		-36.543 		20.841
v -30.01 		-35.73 		13.169
v -17.103 		-23.791 		24.233
v -12.064 		-36.543 		20.092
v -29.6952 		-29.84 		20.841
v -11.561 		-35.639 		21.79
v -29.233 		-28.506 		20.861
v -29.2537 		-28.5044 		20.841
v -21.3035 		-22.3657 		5.998
v -15.939 		-24.282 		24.189
v -23.202 		-40.692 		23.221
v -29.2522 		-28.5 		20.841
v -29.2504 		-28.4958 		20.841
v -11.866 		-36.148 		20.841
v -11.866 		-36.148 		20.092
v -29.2484 		-28.4917 		20.841
v -30.1 		-34.668 		13.169
v -19.044 		-23.36 		24.304
v -29.2461 		-28.4877 		20.841
v -21.3083 		-22.3663 		5.998
v -20.034 		-41.3 		23.336
v -29.2436 		-28.4839 		20.841
v -21.3154 		-22.3676 		5.998
v -22.692 		-22.669 		5.977
v -22.6944 		-22.648 		5.998
v -29.504 		-36.952 		13.169
v -17.91 		-23.555 		24.263
v -11.687 		-35.744 		20.841
v -29.143 		-37.201 		13.169
v -22.7013 		-22.6499 		5.998
v -11.687 		-35.744 		20.092
v -29.973 		-32.773 		23.852
v -29.938 		-31.34 		23.81
v -21.322 		-23.398 		5.998
v -21.074 		-41.227 		23.299
v -21.757 		-23.473 		5.998
v -29.914 		-33.487 		23.873
v -22.188 		-23.57 		5.998
v -22.614 		-23.688 		5.998
v -23.034 		-23.826 		5.998
v -11.528 		-35.332 		20.841
v -23.248 		-23.9086 		5.998
v -11.528 		-35.332 		20.092
v -18.732 		-26.065 		24.474
v -11.389 		-34.913 		20.841
v -29.002 		-32.3 		22.7826
v -11.389 		-34.913 		20.092
v -17.91 		-26.277 		23.7
v -11.2957 		-34.576 		20.841
v -21.2 		-25.669 		5.2027
v -21.0902 		-25.6472 		5.2261
v -20.2563 		-25.5647 		5.2741
v -21.694 		-41.13 		23.277
v -20.1972 		-25.5609 		5.2886
v -14.918 		-36.292 		22.807
v -21.0755 		-25.6442 		5.2283
v -22.306 		-40.985 		23.255
v -19.1693 		-25.6028 		5.2375
v -19.152 		-25.6039 		5.243
v -22.664 		-41.267 		23.611
v -17.653 		-26.384 		24.474
v -18.185 		-26.2 		24.474
v -29.002 		-32.3 		22.8944
v -29.989 		-32.303 		21.833
v -29.987 		-32.303 		21.835
v -29.501 		-32.303 		21.349
v -25.386 		-40.711 		24.153
v -27.037 		-39.391 		24.088
v -18.477 		-26.064 		23.104
v -26.295 		-40.054 		24.117
v -19.077 		-25.948 		23.104
v -29.387 		-32.476 		22.435
v -29.888 		-30.884 		21.784
v -26.259 		-38.752 		23.092
v -25.638 		-39.306 		23.121
v -14.734 		-36.046 		22.807
v -17.617 		-26.374 		23.401
v -30.0058 		-32.4055 		20.841
v -29.9964 		-32.5076 		20.841
v -24.251 		-40.221 		23.181
v -12.717 		-26.523 		26.347
v -11.878 		-27.72 		26.32
v -13.949 		-35.238 		21.641
v -13.9141 		-35.1905 		21.6011
v -13.9235 		-35.2095 		21.6049
v -14.02 		-35.03 		22.219
v -29.989 		-32.303 		20.861
v -14.156 		-35.311 		22.219
v -13.825 		-34.771 		21.93
v -12.148 		-27.289 		26.329
v -13.8207 		-35.0011 		21.5842
v -13.9132 		-35.1886 		21.6009
v -30.0089 		-32.3076 		20.841
v -30.0089 		-32.3007 		20.841
v -28.939 		-36.369 		25.808
v -28.2 		-35.963 		24.971
v -29.889 		-30.89 		20.861
v -29.909 		-30.8886 		20.841
v -30.0084 		-32.2939 		20.841
v -12.215 		-27.78 		26.006
v -29.9073 		-30.8796 		20.841
v -19.674 		-42.667 		13.169
v -29.002 		-32.3 		20.841
v -11.279 		-27.405 		25.004
v -19.468 		-42.744 		13.169
v -29.905 		-33.593 		21.879
v -28.502 		-35.184 		24.942
v -29.358 		-33.764 		21.374
v -13.7012 		-34.7021 		21.6442
v -13.763 		-34.884 		21.5737
v -14.172 		-35.662 		21.641
v -12.671 		-27.081 		26.035
v -13.9388 		-35.2405 		21.6112
v -11.824 		-26.547 		25.033
v -22.78 		-42.248 		13.169
v -29.8767 		-33.895 		20.841
v -29.8541 		-33.9996 		20.841
v -22.189 		-42.526 		13.169
v -27.66 		-38.391 		25.845
v -28.295 		-36.886 		25.487
v -27.923 		-38.057 		25.838
v -27.393 		-37.416 		25.03
v -29.8931 		-33.7895 		20.841
v -13.9397 		-35.2425 		21.6116
v -22.568 		-42.305 		13.169
v -14.126 		-35.6203 		21.5802
v -22.368 		-42.399 		13.169
v -29.498 		-34.877 		25.784
v -13.371 		-26.506 		26.838
v -26.696 		-33.182 		16.384
v -22.999 		-42.23 		13.169
v -29.129 		-36.333 		23.97
v -13.152 		-28.046 		26.838
v -14.344 		-27.52 		25.517
v -13.702 		-27.258 		26.838
v -13.791 		-28.252 		25.517
v -27.83 		-36.71 		25.001
v -14.975 		-26.853 		25.517
v -29.583 		-35.054 		23.924
v -14.2185 		-35.7736 		21.5722
v -14.6289 		-36.3884 		21.6346
v -23.378 		-26.452 		16.384
v -14.1708 		-35.7022 		21.5845
v -27.382 		-38.714 		25.852
v -14.1285 		-35.6254 		21.5798
v -14.1522 		-35.6734 		21.5828
v -14.154 		-35.677 		21.5825
v -14.1632 		-35.6909 		21.5865
v -14.515 		-35.822 		22.513
v -29.707 		-34.611 		21.912
v -27.978 		-38.31 		24.046
v -25.07 		-41.3 		13.169
v -11.352 		-28.768 		26.3
v -29.003 		-36.612 		21.976
v -11.045 		-29.591 		26.286
v -24.902 		-41.442 		13.169
v -29.362 		-35.774 		21.949
v -14.737 		-36.236 		22.219
v -24.653 		-41.803 		13.169
v -11.389 		-29.685 		25.932
v -28.619 		-37.328 		24.008
v -14.6438 		-36.4107 		21.6369
v -14.644 		-36.411 		21.6367
v -14.831 		-36.624 		21.6505
v -11.943 		-28.744 		26.838
v -23.431 		-42.31 		13.169
v -11.56 		-29.843 		26.838
v -27.5214 		-37.2371 		23
v -27.5017 		-37.2659 		23
v -12.164 		-30.399 		26.838
v -27.5733 		-37.1372 		23
v -27.5404 		-37.2033 		23
v -14.8346 		-36.6281 		21.6507
v -14.8472 		-36.6425 		21.6524
v -11.791 		-28.613 		25.972
v -14.8576 		-36.6543 		21.6538
v -27.509 		-37.216 		23.022
v -27.6604 		-36.9616 		23
v -15.0141 		-36.8325 		21.6766
v -29.4544 		-35.5573 		20.841
v -15.056 		-36.8802 		21.6734
v -29.4053 		-35.6571 		20.841
v -14.971 		-36.652 		21.93
v -14.9056 		-36.7089 		21.66
v -15.0094 		-36.8272 		21.6758
v -27.8029 		-36.6746 		23
v -29.172 		-34.626 		21.39
v -29.7056 		-34.754 		20.841
v -29.5974 		-35.0643 		20.841
v -12.986 		-29.898 		25.517
v -12.564 		-29.183 		26.838
v -27.531 		-38.862 		24.067
v -26.24 		-34.884 		16.384
v -29.046 		-28.249 		20.092
v -13.208 		-29.327 		25.517
v -13.477 		-28.777 		25.517
v -29.576 		-29.762 		20.092
v -29.002 		-32.3 		20.092
v -14.383 		-24.64 		22.636
v -29.782 		-30.702 		20.092
v -29.885 		-31.658 		20.092
v -29.782 		-33.898 		20.092
v -29.885 		-32.941 		20.092
v -29.046 		-36.35 		20.092
v -29.525 		-34.99 		20.092
v -29.146 		-27.4 		19.383
v -14.462 		-23.97 		21.149
v -11.187 		-30.496 		25.902
v -14.931 		-23.3 		13.169
v -14.081 		-24.236 		21.133
v -29.426 		-27.604 		19.148
v -11.248 		-31.306 		26.838
v -15.028 		-23.628 		20.861
v -17.633 		-22.201 		13.169
v -29.711 		-27.72 		18.833
v -15.0212 		-23.609 		20.841
v -17.812 		-22.073 		13.169
v -11.059 		-31.325 		25.873
v -15.0152 		-23.6123 		20.841
v -11.961 		-31.663 		26.838
v -14.133 		-24.199 		20.861
v -14.1251 		-24.1802 		20.841
v -14.1213 		-24.1828 		20.841
v -14.116 		-24.1871 		20.841
v -12.781 		-39.221 		22.598
v -14.154 		-40.415 		22.536
v -30.106 		-28.672 		18.833
v -13.359 		-24.819 		21.101
v -29.986 		-28.956 		19.148
v -12.597 		-31.997 		25.517
v -12.748 		-30.784 		25.517
v -29.932 		-29.297 		19.383
v -14.614 		-24.589 		21.735
v -12.6232 		-39.0855 		20.841
v -29.959 		-29.562 		19.456
v -12.7333 		-39.2081 		20.841
v -15.099 		-23.158 		13.169
v -13.98 		-39.19 		21.717
v -15.348 		-22.796 		13.169
v -11.149 		-33.93 		25.78
v -13.574 		-24.634 		20.861
v -13.4674 		-39.904 		20.841
v -12.9748 		-39.4317 		20.841
v -20.329 		-25.591 		5.197
v -19.193 		-25.6012 		5.2301
v -11.248 		-33.3 		26.838
v -30.103 		-29.934 		19.383
v -19.3818 		-25.5888 		5.2065
v -15.0168 		-40.9765 		20.841
v -14.8929 		-40.8812 		20.841
v -19.69 		-25.591 		5.197
v -13.333 		-26.256 		22.0596
v -13.2226 		-26.384 		22.0593
v -12.037 		-33.579 		26.838
v -30.32 		-30.203 		19.148
v -20.002 		-25.548 		5.3276
v -19.6702 		-25.5698 		5.2613
v -13.2226 		-26.384 		22.0723
v -19.3904 		-25.5882 		5.2055
v -13.333 		-26.256 		22.0837
v -13.5601 		-24.6197 		20.841
v -15.056 		-39.8187 		20.841
v -15.001 		-39.784 		20.841
v -19.4518 		-25.5842 		5.1978
v -19.62 		-25.5731 		5.2467
v -30.566 		-30.389 		18.833
v -11.028 		-32.999 		25.813
v -12.383 		-25.813 		21.054
v -12.501 		-38.779 		20.092
v -27.009 		-40.062 		13.169
v -11.936 		-32.623 		26.838
v -13.893 		-40.105 		20.092
v -15.001 		-39.784 		20.092
v -20.3865 		-25.5733 		5.2619
v -20.3116 		-25.5684 		5.2606
v -20.9427 		-25.6179 		5.2479
v -14.953 		-40.829 		20.092
v -12.45 		-25.761 		20.861
v -12.9 		-39.866 		19.383
v -12.4373 		-25.7452 		20.841
v -12.4422 		-25.7405 		20.841
v -27.226 		-39.681 		13.169
v -12.811 		-34.121 		25.517
v -12.72 		-39.627 		19.453
v -27.101 		-39.862 		13.169
v -12.4342 		-25.7486 		20.841
v -12.435 		-39.4 		19.383
v -12.43 		-25.754 		20.841
v -12.112 		-39.275 		19.148
v -13.746 		-31.182 		2.364
v -13.2226 		-26.384 		20.841
v -13.333 		-26.256 		20.841
v -12.097 		-26.319 		20.092
v -11.806 		-39.237 		18.833
v -13.671 		-31.74 		2.364
v -12.835 		-25.474 		20.092
v -25.905 		-41.081 		13.169
v -12.61 		-32.914 		25.517
v -25.467 		-41.115 		13.169
v -13.893 		-24.494 		20.092
v -20.9044 		-25.6103 		5.2535
v -13.333 		-26.256 		20.092
v -20.7234 		-25.5955 		5.2137
v -13.063 		-24.105 		18.833
v -11.772 		-26.616 		23.032
v -13.881 		-23.478 		18.833
v -20.883 		-25.606 		5.2561
v -20.7352 		-25.5963 		5.212
v -14.186 		-23.52 		19.148
v -14.53 		-23.483 		19.383
v -30.701 		-31.411 		18.833
v -30.511 		-31.654 		19.148
v -20.955 		-25.728 		4.908
v -14.865 		-23.337 		19.453
v -19.386 		-25.768 		4.619
v -12.188 		-27.835 		24.003
v -20.633 		-25.768 		4.619
v -30.371 		-31.97 		19.383
v -13.063 		-40.494 		18.833
v -30.328 		-32.233 		19.456
v -13.025 		-40.188 		19.148
v -20.01 		-25.794 		4.325
v -13.869 		-30.633 		2.364
v -11.179 		-26.18 		18.833
v -11.806 		-25.362 		18.833
v -12.112 		-25.324 		19.148
v -17.221 		-22.351 		13.169
v -12.435 		-25.199 		19.383
v -23.2399 		-26.384 		5.2578
v -23.1455 		-26.3375 		5.2595
v -22.1736 		-25.9221 		5.2009
v -22.0687 		-25.8865 		5.1897
v -23.088 		-26.33 		5.197
v -30.371 		-32.629 		19.383
v -23.1108 		-26.3204 		5.2546
v -11.063 		-33.231 		3.968
v -12.72 		-24.972 		19.453
v -22.0651 		-25.8852 		5.1893
v -21.9464 		-25.845 		5.197
v -30.511 		-32.945 		19.148
v -21.7302 		-25.7743 		5.254
v -21.481 		-25.7248 		5.2203
v -30.566 		-34.21 		18.833
v -21.2588 		-25.6806 		5.1902
v -30.701 		-33.189 		18.833
v -12.9 		-24.734 		19.383
v -14.865 		-41.262 		19.453
v -30.32 		-34.396 		19.148
v -21.9093 		-25.8324 		5.1994
v -21.749 		-25.778 		5.2558
v -11.144 		-33.848 		3.946
v -21.2847 		-25.6858 		5.1846
v -14.53 		-41.116 		19.383
v -14.186 		-41.079 		19.148
v -23.0826 		-26.3065 		5.2507
v -22.586 		-26.062 		5.2917
v -22.5534 		-26.0509 		5.2816
v -22.2133 		-25.9355 		5.2051
v -11.276 		-34.457 		3.923
v -13.881 		-41.122 		18.833
v -22.428 		-26.26 		4.325
v -13.586 		-32.916 		4.031
v -13.818 		-34.121 		4.031
v -13.465 		-40.817 		18.833
v -21.252 		-25.857 		4.619
v -13.025 		-24.411 		19.148
v -22.182 		-26.026 		4.908
v -21.575 		-25.848 		4.908
v -11.899 		-28.396 		23.981
v -21.859 		-26.004 		4.619
v -13.674 		-33.524 		4.031
v -28.89 		-37.559 		13.169
v -28.816 		-37.766 		13.169
v -13.772 		-33.816 		3.734
v -28.781 		-38.204 		13.169
v -14.978 		-28.382 		24.474
v -13.014 		-26.624 		24.055
v -13.739 		-33.511 		3.437
v -13.598 		-32.608 		3.734
v -14.64 		-39.529 		20.841
v -14.64 		-39.529 		20.092
v -11.44 		-29.571 		23.936
v -14.292 		-39.257 		20.841
v -14.292 		-39.257 		20.092
v -13.957 		-38.969 		20.841
v -13.957 		-38.969 		20.092
v -27.976 		-39.253 		13.169
v -27.382 		-39.525 		13.169
v -13.659 		-32.584 		2.364
v -13.702 		-33.145 		2.839
v -27.563 		-39.4 		13.169
v -23.629 		-22.194 		7.505
v -14.799 		-28.603 		23.7
v -13.949 		-34.243 		2.839
v -15.259 		-41.103 		22.491
v -23.607 		-23.068 		6.246
v -23.375 		-22.308 		7.215
v -13.93 		-30.363 		24.474
v -13.5768 		-26.0003 		22.0784
v -13.4809 		-26.1009 		22.071
v -13.638 		-25.936 		22.0728
v -14.041 		-34.509 		2.364
v -15.1461 		-41.0641 		20.841
v -15.2807 		-41.1436 		20.841
v -24.581 		-22.589 		7.505
v -15.563 		-41.2772 		20.841
v -24.901 		-23.154 		6.955
v -14.651 		-28.841 		24.474
v -13.746 		-33.423 		2.364
v -13.5757 		-26.0014 		22.0897
v -13.638 		-25.936 		22.102
v -13.4729 		-26.1092 		22.0704
v -24.74 		-22.953 		7.113
v -17.487 		-41.173 		21.644
v -13.638 		-25.936 		20.841
v -13.638 		-25.936 		20.092
v -14.366 		-29.326 		24.474
v -19.152 		-41.2594 		20.841
v -19.119 		-41.257 		20.841
v -15.515 		-41.138 		20.092
v -13.7564 		-25.8231 		22.07
v -25.046 		-23.775 		6.246
v -19.119 		-41.257 		20.092
v -23.446 		-23.985 		6.246
v -11.07 		-31.275 		2.037
v -25.852 		-24.3 		6.246
v -27.061 		-25.352 		6.246
v -25.107 		-23.322 		6.882
v -22.194 		-38.672 		5.2542
v -22.586 		-38.539 		5.2948
v -22.7362 		-38.4649 		5.2558
v -23.228 		-38.199 		5.197
v -22.801 		-38.415 		5.197
v -22.8019 		-38.4324 		5.2388
v -22.8444 		-38.4114 		5.244
v -23.1782 		-38.2466 		5.2544
v -23.238 		-38.2171 		5.2562
v -23.248 		-38.2122 		5.2594
v -30.103 		-34.666 		19.383
v -25.846 		-23.522 		7.215
v -12.667 		-31.387 		1.321
v -12.83 		-30.484 		1.321
v -29.993 		-34.908 		19.456
v -23.017 		-38.138 		4.619
v -26.12 		-23.478 		7.505
v -25.344 		-23.443 		6.907
v -13.957 		-25.632 		22.0653
v -22.008 		-38.554 		4.619
v -13.957 		-25.632 		22.1414
v -29.939 		-35.169 		19.432
v -26.938 		-24.105 		7.505
v -13.957 		-25.632 		20.841
v -13.957 		-25.632 		20.092
v -18.681 		-41.203 		20.841
v -12.604 		-32.303 		1.321
v -18.681 		-41.203 		20.092
v -11.165 		-33.867 		1.944
v -22.428 		-38.345 		4.325
v -14.292 		-25.343 		22.0788
v -14.619 		-28.85 		23.401
v -14.285 		-29.361 		23.104
v -14.292 		-25.343 		22.1597
v -14.292 		-25.343 		20.841
v -14.292 		-25.343 		20.092
v -27.133 		-24.791 		6.925
v -27.23 		-37.662 		6.246
v -26.959 		-38.01 		6.246
v -14.64 		-25.071 		22.1128
v -26.67 		-38.344 		6.246
v -27.01 		-24.528 		7.093
v -14.3843 		-25.2709 		22.159
v -26.365 		-38.664 		6.246
v -14.5276 		-25.1589 		22.158
v -14.64 		-25.071 		22.1571
v -29.947 		-35.463 		19.289
v -16.878 		-40.964 		21.655
v -14.64 		-25.071 		20.841
v -14.64 		-25.071 		20.092
v -13.956 		-30.214 		23.401
v -18.246 		-41.127 		20.841
v -25.263 		-36.236 		4.619
v -11.028 		-32.728 		1.985
v -18.246 		-41.127 		20.092
v -14.031 		-29.917 		23.104
v -25.172 		-36.624 		5.1947
v -25.296 		-36.4828 		5.2039
v -14.85 		-24.922 		22.144
v -30.01 		-35.73 		19.07
v -14.8417 		-24.9291 		22.1436
v -30.106 		-35.928 		18.833
v -12.705 		-33.522 		1.321
v -14.84 		-24.9302 		22.1437
v -15.001 		-24.817 		22.1426
v -14.8695 		-24.9096 		22.1447
v -14.868 		-24.9106 		22.1447
v -15.001 		-24.817 		22.1583
v -16.182 		-27.204 		24.474
v -15.001 		-24.817 		20.841
v -15.001 		-24.817 		20.092
v -26.0832 		-35.202 		5.2425
v -26.095 		-35.178 		5.2474
v -26.051 		-35.238 		5.197
v -14.931 		-41.3 		13.169
v -26.0962 		-35.1756 		5.2476
v -26.1916 		-34.9822 		5.2649
v -15.056 		-24.7823 		22.145
v -15.056 		-24.7823 		22.1604
v -15.056 		-24.7823 		20.841
v -25.828 		-35.662 		5.197
v -15.344 		-27.955 		24.474
v -26.0675 		-35.2339 		5.236
v -17.815 		-41.031 		20.841
v -17.815 		-41.031 		20.092
v -25.8794 		-35.6154 		5.265
v -26.0627 		-35.2436 		5.2341
v -25.3722 		-36.3912 		5.2117
v -25.7765 		-35.7856 		5.2731
v -25.8145 		-35.7288 		5.2634
v -23.849 		-24.164 		6.246
v -15.368 		-23.444 		21.184
v -25.8766 		-35.621 		5.2655
v -25.8293 		-35.7065 		5.2595
v -17.064 		-26.626 		23.401
v -24.244 		-24.363 		6.246
v -25.8377 		-35.6939 		5.2574
v -25.849 		-35.677 		5.2623
v -25.8501 		-35.6748 		5.262
v -24.628 		-24.581 		6.246
v -17.389 		-40.913 		20.841
v -16.538 		-26.93 		23.401
v -17.389 		-40.913 		20.092
v -25.002 		-24.817 		6.246
v -25.3574 		-36.4129 		5.2084
v -25.359 		-36.411 		5.2097
v -25.363 		-25.071 		6.246
v -15.712 		-40.426 		21.677
v -25.711 		-25.343 		6.246
v -26.24 		-34.884 		5.2737
v -26.3025 		-34.7 		5.2023
v -26.3446 		-34.576 		5.1841
v -26.046 		-25.632 		6.246
v -26.365 		-25.936 		6.246
v -26.67 		-26.256 		6.246
v -25.98 		-35.03 		4.619
v -29.146 		-37.2 		19.383
v -25.844 		-35.311 		4.619
v -26.175 		-34.771 		4.908
v -15.809 		-27.476 		23.401
v -15.561 		-27.656 		23.104
v -23.606 		-24.062 		4.631
v -23.898 		-23.09 		5.629
v -16.022 		-27.256 		23.104
v -24.632 		-23.444 		5.654
v -17.104 		-40.8187 		20.841
v -16.969 		-40.774 		20.841
v -29.711 		-36.88 		18.833
v -29.426 		-36.996 		19.148
v -16.969 		-40.774 		20.092
v -15.375 		-24.581 		22.1591
v -23.697 		-23.014 		5.977
v -15.375 		-24.581 		20.841
v -15.375 		-24.581 		22.1726
v -16.8291 		-40.72 		20.841
v -16.557 		-40.615 		20.841
v -15.665 		-23.403 		20.092
v -16.557 		-40.615 		20.092
v -15.375 		-24.581 		20.092
v -23.7005 		-22.9929 		5.998
v -16.154 		-40.436 		20.841
v -16.154 		-40.436 		20.092
v -25.485 		-35.822 		4.325
v -23.705 		-22.9945 		5.998
v -15.759 		-40.238 		20.841
v -15.759 		-40.238 		20.092
v -23.7115 		-22.9976 		5.998
v -17.139 		-26.613 		24.474
v -24.972 		-23.628 		5.977
v -15.375 		-40.02 		20.841
v -13.047 		-24.324 		13.169
v -15.375 		-40.02 		20.092
v -24.9792 		-23.608 		5.998
v -24.9855 		-23.6116 		5.998
v -15.114 		-36.529 		22.807
v -23.446 		-23.985 		5.998
v -23.849 		-24.164 		5.998
v -24.1904 		-24.336 		5.998
v -14.741 		-23.41 		13.169
v -23.3692 		-38.1524 		5.2976
v -23.378 		-38.148 		5.2996
v -23.4921 		-38.0717 		5.2659
v -11.021 		-31.62 		23.862
v -15.553 		-24.476 		22.173
v -25.0049 		-36.8143 		5.1711
v -25.0961 		-36.7104 		5.185
v -15.4938 		-24.5135 		22.1706
v -15.538 		-36.973 		22.807
v -15.759 		-24.363 		20.841
v -24.6935 		-37.1473 		5.2127
v -24.7506 		-37.0972 		5.2282
v -24.9922 		-36.8287 		5.1692
v -15.485 		-24.5185 		22.1707
v -24.776 		-37.075 		5.2313
v -15.759 		-24.363 		22.1711
v -15.6053 		-24.4502 		22.1751
v -24.8844 		-36.9515 		5.1766
v -24.9889 		-36.8325 		5.1687
v -15.759 		-24.363 		22.192
v -13.683 		-31.46 		24.474
v -15.759 		-24.363 		20.092
v -13.782 		-30.906 		24.474
v -23.7403 		-37.9057 		5.1925
v -23.9154 		-37.7885 		5.1705
v -24.0543 		-37.6956 		5.1985
v -24.112 		-37.657 		5.2204
v -18.668 		-41.835 		26.014
v -17.002 		-42.23 		13.169
v -24.1757 		-37.6011 		5.213
v -24.5434 		-37.2789 		5.1703
v -24.6576 		-37.1787 		5.203
v -13.634 		-32.021 		24.474
v -17.026 		-41.431 		26.041
v -16.002 		-37.375 		22.807
v -17.662 		-41.621 		26.031
v -16.154 		-24.164 		22.183
v -15.8126 		-24.336 		22.1727
v -15.8126 		-24.336 		22.1947
v -16.154 		-24.164 		22.2122
v -16.783 		-42.25 		13.169
v -15.8126 		-24.336 		20.841
v -16.154 		-24.164 		20.841
v -25.1689 		-36.6275 		5.1945
v -15.348 		-41.803 		13.169
v -24.2614 		-37.5261 		5.2028
v -24.5408 		-37.2812 		5.1695
v -24.4171 		-37.3896 		5.1587
v -24.5357 		-37.2856 		5.1681
v -16.154 		-24.164 		20.092
v -15.099 		-41.442 		13.169
v -16.502 		-37.732 		22.807
v -24.592 		-37.11 		4.908
v -24.76 		-36.833 		4.619
v -17.966 		-42.684 		13.169
v -17.433 		-42.305 		13.169
v -16.3928 		-24.0579 		22.2028
v -16.5016 		-24.0096 		22.1975
v -16.1914 		-24.1474 		22.1861
v -18.945 		-42.237 		24.368
v -16.557 		-23.985 		22.1948
v -17.633 		-42.399 		13.169
v -16.3954 		-24.0568 		22.2114
v -16.557 		-23.985 		22.2315
v -17.819 		-42.055 		24.405
v -16.3885 		-24.0598 		22.2113
v -16.238 		-41.561 		24.462
v -25.029 		-36.652 		4.908
v -16.557 		-23.985 		20.841
v -17.047 		-41.853 		24.432
v -18.506 		-41.659 		22.911
v -13.831 		-30.494 		23.104
v -18.469 		-38.574 		22.807
v -17.88 		-38.401 		22.807
v -16.557 		-23.985 		20.092
v -13.785 		-30.797 		23.401
v -24.115 		-37.524 		4.908
v -16.309 		-41.596 		22.454
v -12.619 		-25.074 		13.169
v -12.775 		-24.918 		13.169
v -12.9 		-24.738 		13.169
v -16.5177 		-41.698 		20.841
v -16.6614 		-41.7506 		20.841
v -18.897 		-42.236 		22.376
v -17.438 		-41.968 		22.42
v -17.162 		-41.9129 		20.841
v -18.428 		-41.394 		21.629
v -18.2271 		-42.1593 		20.841
v -17.9394 		-42.083 		20.841
v -18.3739 		-42.1842 		20.841
v -20.508 		-41.944 		25.981
v -21.528 		-41.855 		25.963
v -21.862 		-41.488 		25.648
v -22.704 		-41.606 		25.943
v -10.858 		-37.201 		13.169
v -10.497 		-36.952 		13.169
v -9.901 		-34.668 		13.169
v -9.995 		-34.867 		13.169
v -10.052 		-35.079 		13.169
v -21.098 		-42.23 		24.304
v -25.538 		-23.97 		5.689
v -25.919 		-24.236 		5.705
v -24.308 		-37.264 		4.619
v -16.969 		-23.826 		22.1967
v -20.019 		-42.298 		24.335
v -16.969 		-23.826 		22.2603
v -16.969 		-23.826 		20.841
v -14.682 		-23.943 		6.246
v -13.647 		-24.7 		6.246
v -16.969 		-23.826 		20.092
v -13.67 		-31.394 		23.401
v -13.601 		-31.692 		23.104
v -17.104 		-23.7816 		22.2044
v -13.687 		-31.088 		23.104
v -17.0365 		-23.8038 		22.2615
v -17.104 		-23.7816 		22.2626
v -17.104 		-23.7816 		20.841
v -23.083 		-41.807 		24.24
v -21.986 		-42.097 		24.277
v -12.936 		-25.349 		6.246
v -12.299 		-26.07 		6.246
v -23.6 		-37.89 		4.908
v -23.291 		-37.988 		4.619
v -17.389 		-23.688 		22.2208
v -13.333 		-26.256 		6.246
v -13.063 		-24.105 		7.505
v -17.389 		-23.688 		22.2674
v -13.465 		-23.783 		7.505
v -13.881 		-23.478 		7.505
v -17.389 		-23.688 		20.841
v -23.817 		-37.65 		4.619
v -17.389 		-23.688 		20.092
v -13.579 		-31.997 		23.104
v -15.408 		-37.11 		21.93
v -15.24 		-36.833 		22.219
v -26.625 		-38.588 		5.105
v -17.5606 		-23.6405 		22.2388
v -17.5788 		-23.6354 		22.2402
v -17.815 		-23.57 		22.2332
v -17.5896 		-23.6324 		22.2396
v -17.5685 		-23.6383 		22.2618
v -20.15 		-42.297 		22.335
v -11 		-37.369 		13.169
v -17.5783 		-23.6356 		22.2621
v -17.815 		-23.57 		22.2861
v -27.344 		-37.5002 		5.998
v -27.23 		-37.662 		5.998
v -15.3437 		-37.1773 		21.6411
v -26.959 		-38.01 		5.998
v -15.458 		-37.2775 		21.6739
v -26.67 		-38.344 		5.998
v -15.2527 		-37.0975 		21.6164
v -26.365 		-38.664 		5.998
v -17.815 		-23.57 		20.841
v -19.385 		-41.528 		21.614
v -17.815 		-23.57 		20.092
v -26.3566 		-38.672 		5.998
v -15.1172 		-36.95 		21.6687
v -15.227 		-37.075 		21.6133
v -20.928 		-42.25 		22.308
v -11.051 		-33.286 		23.803
v -11.186 		-34.112 		23.773
v -22.464 		-41.984 		22.254
v -19.199 		-42.178 		6.246
v -21.122 		-42.147 		6.246
v -20.002 		-41.3 		6.246
v -18.246 		-23.473 		22.2427
v -18.0673 		-23.5132 		22.2388
v -22.07 		-41.987 		6.246
v -19.735 		-42.653 		6.925
v -18.0219 		-23.5234 		22.2378
v -14.466 		-23.5 		6.985
v -18.246 		-23.473 		22.3078
v -14.276 		-23.522 		7.113
v -18.246 		-23.473 		20.841
v -14.657 		-23.443 		6.907
v -18.246 		-23.473 		20.092
v -11.111 		-37.559 		13.169
v -19.1631 		-42.2821 		20.841
v -20.034 		-42.629 		6.885
v -15.885 		-37.524 		21.93
v -15.8255 		-37.5996 		21.6311
v -15.8807 		-37.648 		21.6247
v -18.681 		-23.398 		22.2746
v -15.4606 		-37.2797 		21.6746
v -19.3087 		-42.2976 		20.841
v -18.681 		-23.398 		22.3075
v -20.394 		-42.688 		6.985
v -18.681 		-23.398 		20.841
v -18.681 		-23.398 		20.092
v -14.644 		-36.411 		12.288
v -13.924 		-34.402 		23.104
v -15.7416 		-37.526 		21.6411
v -19.5283 		-42.3033 		20.841
v -19.119 		-23.344 		22.2821
v -20.569 		-42.764 		7.113
v -18.7204 		-23.3931 		22.2778
v -15.692 		-37.264 		22.219
v -15.467 		-37.2854 		21.6764
v -18.707 		-23.3948 		22.2777
v -20.244 		-41.559 		21.599
v -18.7151 		-23.3938 		22.3067
v -18.7323 		-23.3917 		22.3075
v -19.119 		-23.344 		22.3308
v -13.831 		-34.111 		23.104
v -15.5842 		-37.3881 		21.6857
v -18.692 		-23.3966 		22.3069
v -19.119 		-23.344 		20.841
v -19.119 		-23.344 		20.092
v -20.236 		-42.3165 		20.841
v -21.208 		-41.496 		21.581
v -19.152 		-23.3415 		22.3313
v -22.074 		-42.64 		7.215
v -19.152 		-23.3415 		20.841
v -21.248 		-42.2375 		20.841
v -21.0363 		-42.2493 		20.841
v -13.785 		-33.808 		23.401
v -15.5946 		-37.3972 		21.6828
v -22.257 		-42.474 		7.025
v -18.769 		-25.966 		22.807
v -13.93 		-34.243 		24.474
v -21.3879 		-42.2181 		20.841
v -22.87 		-42.238 		6.907
v -15.7051 		-37.4941 		21.6515
v -16.4 		-37.89 		21.93
v -13.612 		-32.607 		23.401
v -22.4887 		-42.0037 		20.841
v -21.5265 		-42.1903 		20.841
v -13.782 		-33.699 		24.474
v -16.709 		-37.988 		22.219
v -16.983 		-38.138 		22.219
v -25.867 		-24.199 		5.977
v -22.6221 		-41.9684 		20.841
v -25.8753 		-24.1793 		5.998
v -18.173 		-26.111 		22.807
v -20.002 		-41.3 		20.841
v -25.8793 		-24.1819 		5.998
v -23.879 		-41.505 		24.211
v -25.8849 		-24.1865 		5.998
v -16.772 		-38.199 		21.641
v -16.8186 		-38.2436 		21.5873
v -17.104 		-38.3845 		21.5962
v -16.5362 		-38.0886 		21.5697
v -16.625 		-38.148 		21.5435
v -16.6399 		-38.1554 		21.5469
v -13.658 		-32.865 		24.474
v -25.15 		-24.922 		4.694
v -16.7627 		-38.216 		21.5856
v -23.39 		-41.701 		22.223
v -19.56 		-41.289 		6.246
v -24.244 		-24.363 		5.998
v -24.628 		-24.581 		5.998
v -16.183 		-37.65 		22.219
v -25.002 		-24.817 		5.998
v -23.034 		-40.774 		6.246
v -25.296 		-25.0239 		5.998
v -16.2623 		-37.9054 		21.6507
v -22.614 		-40.913 		6.246
v -23.5665 		-41.6475 		20.841
v -16.0855 		-37.7871 		21.6729
v -23.8188 		-41.5552 		20.841
v -22.188 		-41.031 		6.246
v -15.9481 		-37.6952 		21.6452
v -11.1 		-35.518 		26.183
v -11.395 		-36.26 		26.171
v -11.887 		-36.198 		25.695
v -21.757 		-41.127 		6.246
v -11.457 		-35.137 		25.736
v -15.891 		-37.657 		21.6235
v -21.322 		-41.203 		6.246
v -16.396 		-41.526 		20.092
v -20.884 		-41.257 		6.246
v -16.912 		-26.33 		21.641
v -16.8586 		-26.337 		21.5829
v -17.199 		-38.415 		21.641
v -16.7631 		-26.384 		21.5847
v -20.443 		-41.289 		6.246
v -18.561 		-42.106 		20.092
v -16.8909 		-26.3211 		21.5875
v -17.1592 		-38.4117 		21.5979
v -17.1982 		-38.431 		21.6027
v -11.622 		-34.917 		26.838
v -19.68 		-42.191 		20.092
v -16.917 		-26.3082 		21.5911
v -17.104 		-26.2161 		21.5757
v -21.122 		-42.147 		20.092
v -17.2584 		-38.4607 		21.5871
v -20.002 		-41.3 		20.092
v -17.417 		-38.539 		21.5459
v -17.809 		-38.672 		21.5866
v -23.002 		-41.745 		20.092
v -12.688 		-35.718 		26.838
v -12.983 		-36.287 		26.838
v -23.902 		-41.405 		20.092
v -12.34 		-34.823 		26.838
v -17.992 		-38.554 		22.219
v -17.572 		-26.26 		22.513
v -20.7223 		-39.0056 		5.2514
v -20.883 		-38.995 		5.2492
v -18.748 		-25.857 		22.219
v -16.998 		-42.232 		19.383
v -20.9065 		-38.9903 		5.2395
v -21.0848 		-38.9549 		5.2133
v -17.572 		-38.345 		22.513
v -19.045 		-25.728 		21.93
v -21.2 		-38.932 		5.1875
v -11.179 		-26.18 		7.505
v -12.775 		-39.681 		13.169
v -11.806 		-25.362 		7.505
v -20.3977 		-39.0269 		5.1803
v -20.5771 		-39.0151 		5.1929
v -12.438 		-39.4 		13.169
v -20.6658 		-39.0093 		5.2522
v -16.656 		-42.285 		19.148
v -12.377 		-25.232 		6.985
v -12.238 		-39.308 		13.169
v -17.818 		-26.026 		21.93
v -12.199 		-25.303 		7.113
v -19.3032 		-39.007 		5.2013
v -19.6431 		-39.0294 		5.2498
v -20.648 		-38.992 		5.197
v -13.035 		-24.381 		7.215
v -16.372 		-42.405 		18.833
v -18.425 		-25.848 		21.93
v -18.5184 		-25.7255 		21.6195
v -12.913 		-24.704 		6.975
v -18.2707 		-25.7747 		21.586
v -18.141 		-26.004 		22.219
v -19.69 		-39.015 		5.197
v -19.072 		-38.69 		22.807
v -20.1325 		-39.0444 		5.226
v -20.3303 		-39.0314 		5.1755
v -19.6891 		-39.0324 		5.247
v -15.42 		-42.011 		18.833
v -19.8473 		-39.0428 		5.2325
v -12.547 		-25.128 		6.907
v -15.305 		-41.725 		19.148
v -18.2706 		-25.7747 		21.586
v -20.002 		-39.053 		5.2534
v -18.9771 		-38.9666 		21.6175
v -19.0932 		-38.9897 		21.6004
v -19.9068 		-39.0467 		5.2334
v -19.12 		-38.995 		21.5894
v -19.152 		-38.9971 		21.5889
v -19.8859 		-39.0454 		5.229
v -15.1 		-41.445 		19.383
v -19.045 		-38.877 		21.93
v -19.2861 		-39.0059 		5.1989
v -19.152 		-38.9971 		5.2404
v -24.447 		-24.476 		4.665
v -20.322 		-38.86 		4.619
v -20.955 		-38.877 		4.908
v -18.916 		-38.9545 		21.6265
v -14.534 		-41.115 		13.169
v -18.7226 		-38.9161 		21.6698
v -17.8536 		-38.6871 		21.5912
v -17.945 		-38.701 		21.641
v -17.8939 		-38.7008 		21.5954
v -14.317 		-41.078 		13.169
v -18.6903 		-25.6913 		21.6507
v -17.9149 		-38.708 		21.5975
v -17.9839 		-38.7313 		21.5881
v -18.6937 		-25.6907 		21.6513
v -18.7154 		-25.6863 		21.6553
v -18.9105 		-25.6476 		21.6136
v -19.0953 		-25.6109 		21.5864
v -19.152 		-25.6039 		21.593
v -19.12 		-25.606 		21.5834
v -19.386 		-38.838 		4.619
v -17.904 		-42.619 		19.148
v -19.697 		-38.86 		4.619
v -18.748 		-38.749 		22.219
v -18.5589 		-38.8835 		21.6618
v -18.7164 		-38.9148 		21.6712
v -17.635 		-42.402 		19.383
v -17.9895 		-38.7332 		21.5878
v -18.254 		-38.823 		21.5729
v -18.4019 		-38.8524 		21.6261
v -13.638 		-25.936 		6.246
v -18.425 		-38.757 		21.93
v -17.359 		-42.286 		19.453
v -13.957 		-25.632 		6.246
v -20.01 		-38.945 		4.908
v -14.292 		-25.343 		6.246
v -14.64 		-25.071 		6.246
v -18.254 		-25.778 		21.5844
v -18.1548 		-25.8116 		21.6193
v -15.001 		-24.817 		6.246
v -14.923 		-23.694 		5.338
v -14.526 		-23.941 		5.324
v -17.936 		-25.8859 		21.6518
v -17.8263 		-25.9231 		21.6401
v -18.091 		-25.8333 		21.6418
v -14.251 		-24.135 		5.977
v -17.787 		-25.9365 		21.6359
v -17.4504 		-26.0507 		21.5602
v -14.2362 		-24.1198 		5.998
v -17.417 		-26.062 		21.5499
v -14.2401 		-24.1169 		5.998
v -14.2442 		-24.1144 		5.998
v -21.2779 		-38.9166 		5.17
v -18.254 		-25.778 		21.504
v -22.0138 		-38.7331 		5.253
v -22.0869 		-38.7084 		5.243
v -22.055 		-38.701 		5.197
v -21.252 		-38.749 		4.619
v -21.2837 		-38.9154 		5.1687
v -21.4418 		-38.884 		5.1781
v -21.5983 		-38.8529 		5.2137
v -21.749 		-38.823 		5.2679
v -22.0079 		-38.7352 		5.2534
v -21.575 		-38.757 		4.908
v -20.33 		-42.67 		19.383
v -13.208 		-35.278 		25.517
v -19.967 		-42.629 		19.453
v -13.409 		-24.792 		5.278
v -13.767 		-24.491 		5.294
v -23.248 		-40.6914 		5.998
v -23.1739 		-40.72 		5.998
v -19.671 		-42.67 		19.383
v -12.737 		-25.44 		5.246
v -12.424 		-25.788 		5.229
v -21.103 		-42.236 		4.462
v -19.85 		-42.297 		4.503
v -19.5452 		-23.3121 		22.3071
v -19.5404 		-23.3125 		22.3068
v -22.562 		-41.968 		4.418
v -19.5599 		-23.311 		22.3066
v -19.56 		-23.311 		22.3066
v -23.122 		-40.964 		5.183
v -26.641 		-24.819 		5.737
v -19.5367 		-23.3127 		22.3364
v -19.56 		-23.311 		22.3388
v -25.386 		-24.589 		5.103
v -12.197 		-26.072 		5.977
v -19.56 		-23.311 		20.841
v -19.56 		-23.311 		20.092
v -13.614 		-25.986 		4.249
v -19.5904 		-23.3102 		22.3066
v -20.002 		-23.3 		22.3134
v -26.426 		-24.634 		5.977
v -20.002 		-23.3 		22.3622
v -20.002 		-23.3 		20.841
v -20.002 		-23.3 		20.092
v -25.617 		-24.64 		4.202
v -26.959 		-26.591 		22.6016
v -26.7804 		-26.384 		22.5849
v -26.422 		-26.007 		4.754
v -23.003 		-42.232 		19.383
v -26.7804 		-26.384 		22.6333
v -26.959 		-26.591 		22.6361
v -12.1776 		-26.0629 		5.998
v -20.443 		-23.311 		22.3345
v -20.4181 		-23.3104 		22.3368
v -20.4083 		-23.3101 		22.3382
v -22.738 		-42.258 		19.456
v -20.3926 		-23.3097 		22.3397
v -14.907 		-24.906 		4.308
v -20.3946 		-23.3098 		22.3395
v -20.3924 		-23.3097 		22.3397
v -26.7804 		-26.384 		20.841
v -26.959 		-26.591 		20.841
v -26.959 		-26.591 		20.092
v -20.0691 		-23.3017 		22.3179
v -22.366 		-42.402 		19.383
v -20.3857 		-23.3096 		22.3624
v -20.3885 		-23.3096 		22.3628
v -22.513 		-41.173 		5.194
v -20.3708 		-23.3092 		22.3627
v -20.0423 		-23.301 		22.3622
v -22.097 		-42.619 		19.148
v -26.9615 		-26.5942 		22.602
v -20.3487 		-23.3086 		22.3627
v -26.9711 		-26.6066 		22.6026
v -20.414 		-23.3103 		22.3663
v -20.443 		-23.311 		22.3711
v -27.23 		-26.939 		22.5902
v -20.3885 		-23.3096 		22.3628
v -12.1836 		-26.0553 		5.998
v -26.9613 		-26.594 		22.6359
v -27.23 		-26.939 		22.6822
v -13.156 		-25.031 		5.977
v -27.23 		-26.939 		20.841
v -20.3708 		-23.3092 		22.3627
v -22.8384 		-41.9138 		5.998
v -27.23 		-26.939 		20.092
v -13.137 		-25.0204 		5.998
v -20.443 		-23.311 		20.841
v -13.1403 		-25.0169 		5.998
v -21.572 		-41.394 		5.209
v -27.344 		-27.1004 		22.5932
v -13.1476 		-25.0106 		5.998
v -27.344 		-27.1004 		22.6935
v -27.344 		-27.1004 		20.841
v -13.2226 		-26.384 		5.998
v -21.7732 		-42.1602 		5.998
v -22.0612 		-42.0838 		5.998
v -20.443 		-23.311 		20.092
v -23.248 		-26.388 		21.4702
v -23.2399 		-26.384 		21.4714
v -13.333 		-26.256 		5.998
v -13.638 		-25.936 		5.998
v -21.6262 		-42.1852 		5.998
v -13.957 		-25.632 		5.998
v -14.292 		-25.343 		5.998
v -14.64 		-25.071 		5.998
v -15.227 		-37.075 		8.192
v -22.858 		-26.4 		22.219
v -15.001 		-24.817 		5.998
v -15.056 		-24.7823 		5.998
v -20.615 		-41.528 		5.224
v -24.901 		-41.445 		19.383
v -20.8372 		-42.2831 		5.998
v -20.884 		-23.344 		22.3146
v -10.638 		-35.774 		4.889
v -20.884 		-23.344 		22.4219
v -20.884 		-23.344 		20.841
v -16.372 		-22.194 		7.505
v -24.74 		-41.646 		19.225
v -20.6914 		-42.2986 		5.998
v -24.581 		-42.011 		18.833
v -23.629 		-42.405 		18.833
v -10.293 		-34.611 		4.926
v -23.258 		-42.26 		19.225
v -24.867 		-28.077 		22.807
v -13.634 		-36.091 		25.517
v -20.4715 		-42.3043 		5.998
v -20.884 		-23.344 		20.092
v -19.756 		-41.559 		5.239
v -19.764 		-42.3175 		5.998
v -21.1421 		-23.3758 		22.3151
v -19.56 		-41.289 		5.998
v -20.002 		-41.3 		5.998
v -12.152 		-37.654 		26.146
v -21.2 		-23.383 		22.3153
v -19.152 		-41.2594 		5.998
v -21.2 		-23.383 		22.4438
v -21.2 		-23.383 		20.841
v -12.512 		-38.159 		26.136
v -23.034 		-40.774 		5.998
v -22.614 		-40.913 		5.998
v -22.188 		-41.031 		5.998
v -23.479 		-26.874 		22.807
v -21.757 		-41.127 		5.998
v -21.322 		-23.398 		22.3155
v -21.322 		-41.203 		5.998
v -21.322 		-23.398 		22.4523
v -20.884 		-41.257 		5.998
v -21.322 		-23.398 		20.841
v -20.443 		-41.289 		5.998
v -21.322 		-23.398 		20.092
v -26.4406 		-24.6189 		5.998
v -23.979 		-27.23 		22.807
v -25.363 		-25.071 		5.998
v -12.062 		-38.382 		24.626
v -25.711 		-25.343 		5.998
v -26.046 		-25.632 		5.998
v -26.365 		-25.936 		5.998
v -17.455 		-22.286 		6.888
v -26.67 		-26.256 		5.998
v -21.757 		-23.473 		22.3374
v -21.7434 		-23.4706 		22.3367
v -26.7804 		-26.384 		5.998
v -17.927 		-21.959 		7.215
v -18.09 		-21.734 		7.505
v -23.607 		-41.531 		6.246
v -21.757 		-23.473 		22.4623
v -24.581 		-42.011 		7.505
v -21.757 		-23.473 		20.841
v -21.757 		-23.473 		20.092
v -24.68 		-41.751 		7.215
v -17.744 		-22.125 		7.025
v -24.814 		-41.543 		7.025
v -19.644 		-22.315 		3.487
v -22.188 		-23.57 		22.3812
v -20.865 		-22.352 		3.524
v -19.111 		-43 		18.833
v -22.188 		-23.57 		22.4508
v -22.188 		-23.57 		20.841
v -22.188 		-23.57 		20.092
v -22.397 		-22.607 		3.576
v -18.09 		-42.865 		18.833
v -19.111 		-21.6 		7.505
v -25.246 		-28.559 		22.807
v -20.956 		-23.36 		2.534
v -20.017 		-23.307 		2.5
v -22.4463 		-23.6415 		22.4206
v -22.4499 		-23.6425 		22.4207
v -21.402 		-42.943 		18.833
v -22.614 		-23.688 		22.4116
v -23.629 		-42.405 		7.505
v -21.911 		-42.865 		18.833
v -22.4453 		-23.6413 		22.4313
v -22.464 		-23.6464 		22.4332
v -23.319 		-42.273 		7.161
v -22.614 		-23.688 		22.4523
v -20.89 		-43 		18.833
v -20.646 		-42.81 		19.148
v -22.614 		-23.688 		20.841
v -22.614 		-23.688 		20.092
v -12.345 		-37.019 		25.662
v -19.355 		-42.81 		19.148
v -24.289 		-27.342 		22.219
v -22.09 		-23.555 		2.575
v -11.428 		-37.447 		24.665
v -23.034 		-23.826 		22.4085
v -24.096 		-27.082 		21.93
v -23.034 		-23.826 		22.4864
v -22.897 		-23.791 		2.605
v -23.034 		-23.826 		20.841
v -23.034 		-23.826 		20.092
v -23.798 		-26.955 		22.219
v -24.5247 		-27.3053 		21.6164
v -24.4085 		-27.2033 		21.6253
v -23.248 		-23.9086 		22.4183
v -25.852 		-40.299 		6.246
v -26.597 		-39.69 		6.246
v -23.248 		-23.9086 		22.4929
v -24.6416 		-27.408 		21.5863
v -24.5394 		-27.3182 		21.6153
v -23.248 		-23.9086 		20.841
v -13.565 		-38.587 		25.592
v -19.706 		-25.924 		3.437
v -17.618 		-22.685 		6.246
v -16.695 		-22.956 		6.246
v -26.966 		-40.218 		7.215
v -24.3856 		-27.1832 		21.6187
v -15.42 		-22.589 		7.505
v -26.938 		-40.494 		7.505
v -15.321 		-22.848 		7.215
v -20.373 		-25.921 		3.286
v -20.909 		-25.915 		22.807
v -23.581 		-26.715 		21.93
v -19.399 		-25.912 		3.734
v -27.042 		-39.982 		7.025
v -24.2671 		-27.0792 		21.5846
v -24.0471 		-26.8996 		21.5897
v -23.905 		-26.8045 		21.6197
v -15.121 		-23.129 		6.975
v -24.1672 		-26.9915 		21.5722
v -24.112 		-26.943 		21.5661
v -24.0565 		-26.9058 		21.5878
v -23.8316 		-26.7555 		21.6104
v -23.744 		-26.6968 		21.5994
v -19.377 		-25.879 		22.807
v -10.228 		-30.171 		24.906
v -13.009 		-37.96 		25.621
v -10.536 		-29.063 		24.946
v -16.998 		-22.368 		6.955
v -10.921 		-28.111 		24.979
v -23.5082 		-26.5391 		21.504
v -17.263 		-22.341 		6.882
v -10.5448 		-35.558 		5.998
v -10.594 		-35.658 		5.998
v -10.828 		-34.626 		5.448
v -10.2935 		-34.7542 		5.998
v -10.4019 		-35.0651 		5.998
v -22.101 		-26.204 		22.807
v -10.769 		-30.655 		26.269
v -10.601 		-32.184 		26.244
v -24.741 		-27.773 		22.219
v -10.42 		-34.839 		6.246
v -21.808 		-26.111 		22.807
v -24.573 		-27.496 		21.93
v -10.717 		-35.755 		6.246
v -25.222 		-41.21 		6.882
v -9.895 		-35.928 		7.505
v -16.743 		-22.339 		7.113
v -10.004 		-31.98 		24.844
v -10.543 		-31.933 		25.384
v -24.9847 		-27.7637 		21.6136
v -24.8779 		-27.642 		21.6055
v -25.009 		-27.953 		21.93
v -25.296 		-28.1182 		21.5251
v -25.177 		-27.9827 		21.5867
v -9.879 		-34.64 		6.975
v -25.0896 		-27.8832 		21.5989
v -24.9929 		-27.773 		21.6142
v -26.536 		-40.817 		7.505
v -10.677 		-33.722 		26.215
v -26.12 		-41.122 		7.505
v -25.407 		-41.133 		6.925
v -25.787 		-41.075 		7.161
v -24.776 		-27.526 		21.5539
v -24.7583 		-27.5105 		21.5559
v -24.65 		-27.4154 		21.5839
v -10.068 		-35.368 		6.985
v -10.11 		-33.787 		24.791
v -23.378 		-26.452 		21.4513
v -10.04 		-35.557 		7.113
v -15.375 		-24.581 		6.246
v -25.5206 		-28.432 		21.5009
v -10.009 		-32.788 		24.82
v -25.359 		-28.19 		21.4925
v -15.759 		-24.363 		6.246
v -16.154 		-24.164 		6.246
v -25.607 		-28.971 		22.366
v -16.557 		-23.985 		6.246
v -10.069 		-35.236 		6.925
v -16.969 		-23.826 		6.246
v -17.389 		-23.688 		6.246
v -20.614 		-25.768 		22.219
v -17.815 		-23.57 		6.246
v -20.936 		-25.728 		21.93
v -26.156 		-29.834 		21.93
v -18.246 		-23.473 		6.246
v -10.222 		-30.211 		22.903
v -18.681 		-23.398 		6.246
v -10.492 		-29.198 		22.934
v -19.119 		-23.344 		6.246
v -24.483 		-41.133 		6.246
v -26.193 		-30.156 		22.219
v -26.363 		-30.431 		21.93
v -26.4718 		-30.3991 		21.5767
v -26.4253 		-30.2622 		21.6057
v -20.15 		-25.94 		2.364
v -21.076 		-25.6443 		21.6007
v -21.0798 		-25.6451 		21.6015
v -26.4992 		-30.48 		21.56
v -19.12 		-25.606 		6.144
v -21.2 		-25.669 		21.6272
v -20.9515 		-25.6196 		21.5897
v -20.883 		-25.606 		21.5834
v -20.8072 		-25.601 		21.6072
v -26.046 		-38.969 		6.246
v -10.761 		-30.279 		24.366
v -20.6957 		-25.5937 		21.6211
v -20.617 		-25.945 		3.437
v -26.4009 		-30.1901 		21.6103
v -25.711 		-39.257 		6.246
v -20.923 		-25.948 		3.734
v -16.832 		-22.824 		5.398
v -16.182 		-24.165 		4.36
v -16.175 		-23.067 		5.378
v -25.363 		-39.529 		6.246
v -19.367 		-25.768 		22.219
v -20.712 		-25.978 		2.364
v -25.002 		-39.784 		6.246
v -19.671 		-25.591 		21.641
v -19.8013 		-25.5612 		21.5505
v -19.7428 		-25.565 		21.5648
v -24.628 		-40.02 		6.246
v -20.6187 		-25.5886 		21.6307
v -24.244 		-40.238 		6.246
v -20.31 		-25.591 		21.641
v -15.463 		-23.404 		5.977
v -23.849 		-40.436 		6.246
v -19.99 		-25.794 		22.513
v -23.446 		-40.615 		6.246
v -26.032 		-29.368 		21.641
v -25.809 		-28.943 		21.641
v -20.6094 		-25.588 		21.6318
v -25.9694 		-29.168 		21.5453
v -25.8698 		-28.9661 		21.5312
v -20.33 		-25.5696 		21.576
v -20.002 		-25.548 		21.5104
v -20.5481 		-25.584 		21.6395
v -20.3807 		-25.5729 		21.5907
v -25.849 		-28.924 		21.5281
v -10.545 		-29.023 		20.944
v -25.847 		-28.9211 		21.529
v -25.7213 		-28.7327 		21.5113
v -25.7766 		-28.8155 		21.5257
v -10.697 		-28.613 		20.861
v -25.8255 		-28.8887 		21.5384
v -15.4492 		-23.3876 		5.998
v -25.5805 		-28.5217 		21.504
v -19.6882 		-25.5686 		21.5781
v -19.6141 		-25.5735 		21.5768
v -10.6781 		-28.6065 		20.841
v -19.5242 		-25.5794 		21.5897
v -20.623 		-25.879 		4.031
v -15.4577 		-23.3832 		5.998
v -16.765 		-22.851 		5.977
v -16.7522 		-22.8334 		5.998
v -10.269 		-29.962 		20.861
v -25.9716 		-29.1723 		21.5456
v -10.29 		-36.88 		7.505
v -16.7567 		-22.8316 		5.998
v -26.2031 		-29.6413 		21.504
v -26.1422 		-29.5179 		21.5149
v -10.2503 		-29.9545 		20.841
v -19.2649 		-25.5965 		21.6267
v -16.7636 		-22.8295 		5.998
v -26.3089 		-29.9191 		21.577
v -26.2457 		-29.7329 		21.504
v -10.549 		-36.979 		7.215
v -10.2525 		-29.948 		20.841
v -22.781 		-26.191 		21.641
v -22.487 		-26.065 		21.641
v -15.8126 		-24.336 		5.998
v -16.154 		-24.164 		5.998
v -22.8614 		-26.1976 		21.5542
v -26.0856 		-29.4033 		21.5507
v -22.7368 		-26.1363 		21.5506
v -26.0612 		-29.3538 		21.5583
v -16.557 		-23.985 		5.998
v -16.969 		-23.826 		5.998
v -22.586 		-26.062 		21.5263
v -10.2492 		-29.959 		20.841
v -22.4746 		-26.0242 		21.5514
v -21.523 		-26.064 		3.734
v -17.104 		-23.7816 		5.998
v -26.3685 		-30.0948 		21.6164
v -10.2484 		-29.9635 		20.841
v -22.1529 		-25.915 		21.6205
v -10.2478 		-29.968 		20.841
v -21.233 		-25.857 		22.219
v -22.012 		-25.978 		21.93
v -21.8482 		-25.8116 		21.5721
v -21.749 		-25.778 		21.5547
v -21.4324 		-25.7151 		21.6315
v -26.24 		-29.716 		21.4974
v -21.231 		-25.966 		4.031
v -22.1074 		-25.8996 		21.6302
v -10.829 		-37.18 		6.975
v -26.443 		-32.303 		22.807
v -17.554 		-23.647 		4.412
v -22.1396 		-25.9105 		21.6233
v -17.504 		-22.622 		5.42
v -10.152 		-34.036 		22.783
v -10.067 		-31.127 		22.877
v -10.025 		-33.006 		22.819
v -22.09 		-26.277 		3.138
v -22.383 		-26.374 		3.437
v -17.959 		-22.515 		5.435
v -18.879 		-22.367 		5.467
v -21.3223 		-25.6933 		21.638
v -21.2664 		-25.6821 		21.6414
v -21.827 		-26.111 		4.031
v -26.326 		-31.081 		22.807
v -17.785 		-22.553 		5.977
v -23.0483 		-26.2896 		21.5058
v -23.1051 		-26.3176 		21.491
v -22.9922 		-26.262 		21.5203
v -17.7777 		-22.5332 		5.998
v -10.502 		-34.877 		1.054
v -22.9001 		-26.2167 		21.5441
v -22.884 		-26.2088 		21.5483
v -26.414 		-31.689 		22.807
v -10.871 		-36.333 		2.868
v -10.417 		-35.054 		2.914
v -17.7847 		-22.5317 		5.998
v -21.268 		-26.065 		2.364
v -23.691 		-41.596 		4.384
v -18.832 		-22.379 		5.977
v -14.542 		-37.319 		25.517
v -27.219 		-39.221 		4.24
v -18.8257 		-22.3587 		5.998
v -25.846 		-40.415 		4.302
v -14.146 		-36.852 		25.517
v -18.8304 		-22.358 		5.998
v -24.741 		-41.103 		4.347
v -18.8376 		-22.3576 		5.998
v -22.409 		-26.26 		22.513
v -17.389 		-23.688 		5.998
v -17.815 		-23.57 		5.998
v -18.246 		-23.473 		5.998
v -22.347 		-26.384 		2.364
v -18.681 		-23.398 		5.998
v -21.815 		-26.2 		2.364
v -19.119 		-23.344 		5.998
v -15.94 		-38.503 		25.517
v -11.091 		-36.641 		6.246
v -15.442 		-38.148 		25.517
v -12.097 		-38.28 		6.246
v -13.638 		-38.664 		6.246
v -11.179 		-38.42 		7.505
v -19.984 		-23.314 		0.499
v -27.2674 		-39.2088 		5.998
v -11.201 		-37.834 		6.985
v -11.223 		-38.024 		7.113
v -19.616 		-23.174 		0.339
v -11.167 		-37.706 		6.925
v -21.055 		-23.198 		0.365
v -17.104 		-26.2161 		5.2899
v -16.9095 		-26.3119 		5.3402
v -26.02 		-39.19 		5.121
v -16.7631 		-26.384 		5.3615
v -26.5331 		-39.9048 		5.998
v -27.0257 		-39.4326 		5.998
v -13.32 		-39.095 		26.114
v -14.173 		-39.159 		25.562
v -14.242 		-39.921 		26.092
v -15.375 		-24.581 		5.998
v -19.742 		-22.322 		1.495
v -15.759 		-24.363 		5.998
v -24.288 		-40.426 		5.161
v -24.9841 		-40.9772 		5.998
v -25.1081 		-40.8818 		5.998
v -17.1161 		-26.2102 		5.2867
v -17.1053 		-26.2155 		5.2895
v -24.8546 		-41.0649 		5.998
v -22.668 		-23.708 		0.595
v -12.791 		-39.231 		24.591
v -22.168 		-23.376 		0.387
v -13.333 		-38.344 		6.246
v -17.219 		-26.191 		5.197
v -17.513 		-26.065 		5.197
v -17.8464 		-25.9163 		5.2151
v -17.525 		-26.0253 		5.2841
v -17.417 		-26.062 		5.3085
v -24.7199 		-41.1444 		5.998
v -13.044 		-38.01 		6.246
v -17.2612 		-26.1387 		5.2833
v -24.4372 		-41.2782 		5.998
v -17.1422 		-26.1973 		5.28
v -12.773 		-37.662 		6.246
v -23.4827 		-41.6989 		5.998
v -23.3389 		-41.7516 		5.998
v -26.046 		-38.969 		5.998
v -22.373 		-22.591 		1.576
v -23.741 		-23.607 		22.944
v -25.711 		-39.257 		5.998
v -25.363 		-39.529 		5.998
v -21.859 		-23.503 		0.566
v -18.3838 		-25.7522 		5.2493
v -18.254 		-25.778 		5.2808
v -25.002 		-39.784 		5.998
v -18.1503 		-25.8132 		5.2626
v -17.8616 		-25.9112 		5.2118
v -24.628 		-40.02 		5.998
v -24.244 		-40.238 		5.998
v -17.8935 		-25.9003 		5.205
v -23.849 		-40.436 		5.998
v -23.446 		-40.615 		5.998
v -12.518 		-37.3 		6.246
v -12.282 		-36.927 		6.246
v -12.064 		-36.543 		6.246
v -11.866 		-36.148 		6.246
v -23.446 		-23.985 		22.4273
v -21.272 		-22.395 		1.543
v -11.687 		-35.744 		6.246
v -10.508 		-32.654 		22.326
v -10.557 		-31.628 		22.34
v -11.528 		-35.332 		6.246
v -21.779 		-22.957 		2.043
v -11.389 		-34.913 		6.246
v -26.182 		-30.485 		22.807
v -22.984 		-25.52 		1.321
v -15.176 		-39.903 		25.518
v -22.121 		-25.21 		1.321
v -20.432 		-38.653 		2.839
v -16.657 		-40.654 		25.459
v -21.229 		-24.997 		1.321
v -11 		-35.188 		5.439
v -10.997 		-36.612 		4.862
v -9.9907 		-31.7685 		20.841
v -10.0019 		-31.5855 		20.841
v -19.398 		-24.921 		1.321
v -20.01 		-24.896 		1.321
v -9.9907 		-32.6557 		20.841
v -10.0018 		-33.0165 		20.841
v -10.1552 		-34.1227 		20.841
v -20.712 		-38.628 		2.364
v -10.2088 		-34.4722 		20.841
v -10.412 		-31.394 		21.238
v -10.0165 		-31.3606 		20.841
v -19.869 		-38.659 		2.364
v -17.016 		-39.086 		25.517
v -26.414 		-32.916 		22.807
v -12.11 		-36.624 		5.998
v -12.064 		-36.543 		5.998
v -16.466 		-38.817 		25.517
v -11.866 		-36.148 		5.998
v -11.687 		-35.744 		5.998
v -11.528 		-35.332 		5.998
v -26.182 		-34.121 		22.807
v -11.389 		-34.913 		5.998
v -11.2957 		-34.576 		5.998
v -26.831 		-25 		3.737
v -25.863 		-24.202 		3.7
v -23.4104 		-23.9712 		22.4257
v -24.858 		-23.574 		3.665
v -25.077 		-23.694 		21.5
v -25.474 		-23.941 		21.514
v -17.879 		-39.396 		25.517
v -18.771 		-39.609 		25.517
v -23.285 		-22.86 		3.608
v -21.224 		-38.607 		3.734
v -21.531 		-38.574 		4.031
v -22.12 		-38.401 		4.031
v -25.148 		-24.926 		2.694
v -26.326 		-33.524 		22.807
v -25.749 		-24.135 		20.861
v -15.576 		-40.798 		26.065
v -16.079 		-41.05 		26.056
v -22.936 		-37.979 		3.437
v -23.219 		-37.862 		3.734
v -24.061 		-24.282 		2.649
v -26.601 		-31.671 		21.93
v -26.549 		-32.381 		22.219
v -13.763 		-34.884 		5.4282
v -26.739 		-32.528 		21.5961
v -26.7397 		-32.5177 		21.5963
v -23.518 		-23.787 		0.412
v -14.2213 		-35.7778 		5.3001
v -14.269 		-35.8493 		5.3124
v -26.754 		-32.3 		21.5786
v -26.7519 		-32.2682 		21.5893
v -14.191 		-35.662 		5.197
v -13.968 		-35.238 		5.197
v -15.827 		-40.941 		24.889
v -19.09 		-41.244 		25.37
v -14.0159 		-35.397 		5.2775
v -14.1364 		-35.6414 		5.2956
v -14.154 		-35.677 		5.2983
v -25.829 		-24.183 		1.699
v -25.128 		-23.719 		1.67
v -14.1571 		-35.6816 		5.2968
v -22.676 		-38.142 		3.734
v -14.1763 		-35.7104 		5.2885
v -23.45 		-23.99 		0.625
v -22.09 		-38.329 		3.138
v -26.487 		-31.369 		22.219
v -23.354 		-22.888 		1.605
v -14.644 		-36.411 		5.2567
v -14.6559 		-36.4245 		5.2472
v -14.831 		-36.624 		5.2347
v -26.7119 		-31.6605 		21.5844
v -26.7028 		-31.5225 		21.5832
v -26.7515 		-32.2619 		21.5914
v -26.723 		-31.8288 		21.5951
v -21.529 		-38.494 		3.138
v -14.757 		-36.236 		4.619
v -24.475 		-24.502 		0.666
v -24.958 		-24.506 		0.438
v -11.396 		-34.925 		23.743
v -22.347 		-38.222 		2.364
v -21.268 		-38.541 		2.364
v -23.446 		-23.985 		22.499
v -25.7631 		-24.1205 		20.841
v -24.06 		-26.102 		1.321
v -23.534 		-25.789 		1.321
v -11.679 		-35.716 		23.714
v -26.6965 		-31.4266 		21.5667
v -25.7593 		-24.1178 		20.841
v -25.593 		-25.273 		0.714
v -25.865 		-25.144 		0.455
v -26.699 		-25.88 		0.474
v -25.7555 		-24.1154 		20.841
v -14.971 		-36.251 		23.401
v -24.537 		-23.404 		20.861
v -26.512 		-31.046 		21.93
v -14.431 		-35.513 		23.104
v -24.5501 		-23.3884 		20.841
v -24.542 		-23.3842 		20.841
v -14.315 		-35.229 		23.401
v -14.152 		-34.97 		23.104
v -23.446 		-23.985 		20.841
v -26.91 		-25.072 		1.747
v -26.382 		-25.964 		0.751
v -26.696 		-31.419 		21.5654
v -26.591 		-24.792 		21.56
v -26.6805 		-31.3407 		21.5854
v -25.082 		-36.292 		4.031
v -26.6439 		-31.1567 		21.5823
v -24.844 		-36.441 		2.839
v -26.6444 		-31.159 		21.5823
v -26.233 		-24.491 		21.544
v -10.996 		-32.454 		23.832
v -25.029 		-36.251 		3.437
v -25.266 		-36.046 		4.031
v -26.6179 		-31.0256 		21.5951
v -26.5895 		-30.8826 		21.6089
v -26.5803 		-30.8366 		21.6061
v -26.5192 		-30.5389 		21.5478
v -27.263 		-25.44 		21.592
v -14.125 		-34.771 		24.474
v -27.488 		-25.677 		1.773
v -26.369 		-30.755 		22.219
v -24.886 		-36.529 		4.031
v -14.25 		-35.448 		4.619
v -27.617 		-25.813 		5.784
v -26.5552 		-30.7099 		21.5986
v -24.839 		-36.437 		2.364
v -14.651 		-35.765 		24.474
v -26.524 		-30.553 		21.5463
v -13.844 		-34.771 		4.908
v -26.487 		-33.237 		22.219
v -26.6796 		-33.2646 		21.5882
v -26.696 		-33.182 		21.5671
v -26.7025 		-33.0832 		21.5842
v -13.8752 		-35.1116 		5.3031
v -13.9229 		-35.2083 		5.2729
v -13.9434 		-35.2499 		5.2666
v -27.55 		-25.761 		5.977
v -26.7143 		-32.9032 		21.5883
v -25.569 		-35.513 		3.734
v -13.8377 		-35.0354 		5.3099
v -27.5634 		-25.7444 		5.998
v -11.002 		-32.3 		21.8572
v -27.5581 		-25.7394 		5.998
v -11.002 		-32.3 		21.849
v -25.685 		-35.229 		3.437
v -27.5666 		-25.748 		5.998
v -25.848 		-34.97 		3.734
v -27.571 		-25.7537 		5.998
v -26.193 		-34.45 		22.219
v -11.002 		-32.3 		20.841
v -27.706 		-26.067 		6.246
v -12.937 		-37.885 		23.625
v -10.996 		-32.869 		21.843
v -27.35 		-25.044 		6.882
v -26.3446 		-34.576 		21.6068
v -26.367 		-34.5101 		21.6217
v -12.452 		-37.204 		23.654
v -26.4234 		-34.3441 		21.6108
v -13.7892 		-34.937 		5.3187
v -26.363 		-34.174 		21.93
v -27.596 		-25.212 		6.975
v -26.4705 		-34.2055 		21.5809
v -13.6584 		-34.576 		5.2222
v -13.6968 		-34.689 		5.2478
v -13.763 		-34.884 		5.3235
v -26.5174 		-34.0674 		21.5521
v -28.195 		-25.362 		7.505
v -26.524 		-34.048 		21.5501
v -26.5398 		-33.9682 		21.5767
v -27.919 		-25.334 		7.215
v -26.512 		-33.56 		21.93
v -26.6428 		-33.4498 		21.5852
v -25.349 		-35.765 		2.364
v -13.003 		-38.557 		5.37
v -26.369 		-33.85 		22.219
v -26.5884 		-33.7235 		21.6117
v -26.6169 		-33.5802 		21.5982
v -15.156 		-36.441 		23.999
v -25.875 		-34.771 		2.364
v -11.934 		-38.161 		4.803
v -26.5544 		-33.8949 		21.6011
v -26.844 		-25.031 		20.861
v -10.783 		-36.189 		24.714
v -15.161 		-36.437 		24.474
v -26.8621 		-25.0209 		20.841
v -10.332 		-34.859 		24.759
v -26.8589 		-25.0176 		20.841
v -26.852 		-25.0116 		20.841
v -15.541 		-36.852 		23.999
v -10.72 		-36.029 		22.712
v -24.77 		-23.612 		20.092
v -12.182 		-37.537 		5.394
v -23.446 		-23.985 		20.092
v -11.774 		-38.0016 		5.998
v -25.852 		-24.3 		20.092
v -16.415 		-37.56 		24.474
v -16.411 		-37.565 		23.999
v -26.597 		-24.91 		20.092
v -15.747 		-37.045 		24.474
v -11.6376 		-37.8063 		5.998
v -24.462 		-36.973 		4.031
v -11.829 		-36.985 		5.406
v -10.2515 		-34.6439 		20.841
v -11.3436 		-37.3274 		5.998
v -24.655 		-36.733 		3.734
v -10.5852 		-35.7137 		20.841
v -10.699 		-36.0402 		20.841
v -11.2856 		-37.2257 		5.998
v -25.107 		-23.322 		19.456
v -13.008 		-37.9638 		5.998
v -12.773 		-37.662 		5.998
v -12.518 		-37.3 		5.998
v -12.282 		-36.927 		5.998
v -23.498 		-37.732 		4.031
v -25.471 		-23.483 		19.383
v -25.815 		-23.52 		19.148
v -14.8311 		-36.6241 		5.2347
v -14.991 		-36.652 		4.908
v -24.416 		-36.925 		3.437
v -14.9141 		-36.7186 		5.2239
v -15.032 		-36.8529 		5.2085
v -15.056 		-36.8802 		5.2103
v -26.12 		-23.478 		18.833
v -15.0141 		-36.8325 		5.2071
v -26.938 		-24.105 		18.833
v -23.462 		-37.675 		3.437
v -15.345 		-36.733 		23.104
v -23.957 		-37.323 		3.437
v -15.584 		-36.925 		23.401
v -13.6464 		-38.672 		5.998
v -13.638 		-38.664 		5.998
v -23.998 		-37.375 		4.031
v -13.333 		-38.344 		5.998
v -13.044 		-38.01 		5.998
v -10.829 		-28.544 		20.092
v -26.976 		-24.411 		19.148
v -16.043 		-37.323 		23.401
v -10.276 		-30.386 		20.092
v -10.136 		-31.499 		20.092
v -27.101 		-24.734 		19.383
v -25.849 		-28.924 		20.48
v -10.173 		-33.58 		20.092
v -10.11 		-32.941 		20.092
v -24.459 		-36.852 		2.839
v -27.256 		-24.95 		19.456
v -11.002 		-32.3 		20.092
v -15.1259 		-36.9598 		5.2156
v -15.227 		-37.075 		5.2667
v -10.42 		-34.839 		20.092
v -15.2508 		-37.0958 		5.2638
v -10.29 		-27.72 		18.833
v -15.3541 		-37.1864 		5.2358
v -10.575 		-27.604 		19.148
v -23.585 		-37.56 		2.364
v -23.589 		-37.565 		2.839
v -15.4637 		-37.2825 		5.2044
v -24.253 		-37.045 		2.364
v -10.855 		-27.4 		19.383
v -24.776 		-27.526 		20.48
v -15.4689 		-37.287 		5.2029
v -15.5642 		-37.3706 		5.1962
v -16.538 		-37.675 		23.401
v -15.7419 		-37.5263 		5.2353
v -15.8368 		-37.6094 		5.2458
v -15.891 		-37.657 		5.2521
v -17.064 		-37.979 		23.401
v -15.9523 		-37.698 		5.2288
v -16.0984 		-37.7957 		5.1994
v -16.265 		-37.9072 		5.2204
v -16.625 		-38.148 		5.3003
v -16.6716 		-38.171 		5.2871
v -17.0647 		-38.3651 		5.1926
v -17.104 		-38.3845 		5.2146
v -16.781 		-37.862 		23.104
v -15.5953 		-37.3978 		5.194
v -10.032 		-29.594 		19.453
v -23.8089 		-24.1462 		22.4634
v -15.427 		-37.11 		4.908
v -23.8181 		-24.1503 		22.4643
v -10.068 		-29.231 		19.354
v -16.419 		-37.89 		4.908
v -23.836 		-24.1582 		22.464
v -18.776 		-38.607 		23.104
v -23.8435 		-24.1616 		22.4632
v -23.832 		-24.1565 		22.4641
v -16.202 		-37.65 		4.619
v -23.849 		-24.164 		22.4627
v -9.895 		-28.672 		18.833
v -15.904 		-37.524 		4.908
v -23.8421 		-24.1609 		22.4939
v -23.849 		-24.164 		22.495
v -23.8158 		-24.1493 		22.4911
v -23.849 		-24.164 		20.841
v -10.04 		-29.042 		19.225
v -15.711 		-37.264 		4.619
v -27.485 		-27.3 		22.597
v -27.063 		-37.885 		3.213
v -23.849 		-24.164 		20.092
v -17.324 		-38.142 		23.104
v -17.91 		-38.329 		23.7
v -9.681 		-30.203 		19.148
v -27.287 		-25.581 		20.092
v -9.898 		-29.934 		19.383
v -27.485 		-27.3 		22.7074
v -15.259 		-36.833 		4.619
v -28.412 		-26.913 		21.656
v -28.774 		-27.526 		21.678
v -26.792 		-35.278 		1.321
v -18.471 		-38.494 		23.7
v -17.653 		-38.222 		24.474
v -18.732 		-38.541 		24.474
v -9.435 		-30.389 		18.833
v -24.1641 		-24.3227 		22.528
v -24.1904 		-24.336 		22.5308
v -24.244 		-24.363 		22.5364
v -28.151 		-26.524 		21.641
v -26.366 		-36.091 		1.321
v -9.301 		-31.411 		18.833
v -24.1904 		-24.336 		22.4537
v -9.536 		-31.731 		19.225
v -9.612 		-31.906 		19.354
v -24.1904 		-24.336 		20.841
v -24.244 		-24.363 		22.4523
v -9.648 		-32.034 		19.413
v -9.671 		-32.333 		19.453
v -26.435 		-38.587 		1.246
v -24.244 		-24.363 		20.841
v -24.244 		-24.363 		20.092
v -27.485 		-27.3 		20.841
v -28.447 		-27.114 		20.092
v -18.4833 		-25.7325 		5.2252
v -13.589 		-39.974 		24.559
v -17.142 		-38.206 		4.619
v -17.591 		-38.345 		4.325
v -24.628 		-24.581 		22.5563
v -14.385 		-40.578 		24.53
v -18.9248 		-25.6448 		5.2355
v -18.921 		-25.6455 		5.2347
v -18.7338 		-25.6827 		5.1947
v -18.5682 		-25.7156 		5.2046
v -14.087 		-39.088 		23.565
v -9.63 		-32.629 		19.383
v -19.12 		-25.606 		5.2531
v -9.536 		-32.868 		19.225
v -24.628 		-24.581 		22.4634
v -19.0485 		-25.6202 		5.2465
v -9.301 		-33.189 		18.833
v -26.991 		-37.96 		1.217
v -17.1917 		-38.4278 		5.2638
v -17.2699 		-38.4664 		5.2846
v -17.3514 		-38.5066 		5.3062
v -17.219 		-38.415 		5.197
v -17.417 		-38.539 		5.3135
v -17.7719 		-38.6594 		5.1556
v -17.809 		-38.672 		5.146
v -24.628 		-24.581 		20.841
v -9.435 		-34.21 		18.833
v -24.628 		-24.581 		20.092
v -9.681 		-34.396 		19.148
v -18.767 		-25.857 		4.619
v -17.988 		-25.978 		4.908
v -15.449 		-40.057 		23.506
v -28.822 		-26.18 		7.505
v -25.002 		-24.817 		22.5561
v -24.06 		-38.503 		1.321
v -24.558 		-38.148 		1.321
v -17.591 		-26.26 		4.325
v -25.458 		-37.319 		1.321
v -15.12 		-41.026 		24.503
v -25.002 		-24.817 		22.4949
v -25.854 		-36.852 		1.321
v -18.584 		-41.188 		23.388
v -18.16 		-38.601 		4.619
v -25.002 		-24.817 		20.841
v -25.002 		-24.817 		20.092
v -17.767 		-41.016 		23.417
v -19.064 		-25.728 		4.908
v -20.62 		-38.693 		3.734
v -20.928 		-38.69 		4.031
v -25.0992 		-24.8854 		22.5503
v -12.94 		-39.362 		4.748
v -25.1126 		-24.8948 		22.5508
v -25.296 		-25.0239 		22.5767
v -14.807 		-40.836 		4.673
v -25.363 		-25.071 		22.5862
v -13.714 		-40.062 		4.714
v -20.01 		-38.723 		3.734
v -13.281 		-24.914 		3.262
v -14.202 		-25.446 		2.277
v -25.1007 		-24.8865 		22.5094
v -13.951 		-24.358 		3.289
v -12.443 		-25.788 		3.227
v -12.746 		-26.339 		2.627
v -21.063 		-23.379 		26.376
v -19.706 		-38.682 		3.437
v -25.363 		-25.071 		22.4936
v -25.363 		-25.071 		20.841
v -13.27 		-26.353 		2.23
v -25.363 		-25.071 		20.092
v -20.016 		-23.314 		26.339
v -15.0072 		-40.9706 		5.998
v -14.13 		-39.589 		5.343
v -25.711 		-25.343 		22.6156
v -13.8602 		-40.2038 		5.998
v -27.485 		-27.3 		20.092
v -23.132 		-23.771 		26.544
v -28.778 		-26.575 		19.225
v -13.7567 		-40.1292 		5.998
v -22.896 		-23.786 		26.443
v -21.975 		-23.42 		26.525
v -13.6112 		-40.0048 		5.998
v -25.6829 		-25.3211 		22.4944
v -12.6694 		-39.1111 		5.998
v -12.5391 		-38.9803 		5.998
v -12.4596 		-38.8862 		5.998
v -28.817 		-26.829 		19.383
v -15.054 		-41.398 		6.925
v -25.711 		-25.343 		22.4944
v -28.911 		-27.078 		19.456
v -25.711 		-25.343 		20.841
v -19.981 		-42.298 		2.503
v -25.711 		-25.343 		20.092
v -21.89 		-23.513 		26.406
v -21.055 		-42.237 		2.47
v -12.718 		-39.015 		6.246
v -22.181 		-42.055 		2.433
v -9.898 		-34.666 		19.383
v -22.953 		-41.853 		2.406
v -10.032 		-35.005 		19.453
v -13.647 		-39.899 		6.246
v -19.966 		-41.3 		3.502
v -10.069 		-35.302 		19.383
v -10.015 		-35.644 		19.148
v -21.494 		-41.659 		3.927
v -14.411 		-40.484 		6.246
v -21.416 		-41.188 		3.45
v -10.082 		-36.408 		18.833
v -15.001 		-39.784 		6.246
v -9.895 		-35.928 		18.833
v -26.046 		-25.632 		22.6242
v -13.063 		-40.494 		7.505
v -20.602 		-24.921 		25.517
v -19.99 		-24.896 		25.517
v -12.933 		-39.923 		6.985
v -12.082 		-39.266 		7.215
v -14.601 		-23.898 		3.315
v -21.509 		-25.06 		25.517
v -11.806 		-39.237 		7.505
v -22.395 		-25.297 		25.517
v -26.046 		-25.632 		22.5171
v -22.233 		-41.016 		3.421
v -26.046 		-25.632 		20.841
v -26.046 		-25.632 		20.092
v -26.365 		-25.936 		22.5621
v -26.3627 		-25.9338 		22.5616
v -24.206 		-24.277 		26.566
v -26.1236 		-25.7059 		22.528
v -12.714 		-26.076 		0.827
v -12.271 		-25.98 		1.218
v -24.684 		-23.477 		25.495
v -26.365 		-25.936 		22.6116
v -26.365 		-25.936 		20.841
v -26.365 		-25.936 		20.092
v -10.855 		-37.2 		19.383
v -26.4014 		-25.9742 		22.5698
v -26.3901 		-25.9623 		22.5686
v -10.575 		-36.996 		19.148
v -26.3828 		-25.9547 		22.5671
v -12.646 		-39.561 		6.894
v -26.4027 		-25.9756 		22.57
v -26.409 		-25.9822 		22.5701
v -26.4023 		-25.9752 		22.5699
v -10.29 		-36.88 		18.833
v -26.67 		-26.256 		22.5746
v -26.3786 		-25.9503 		22.6101
v -26.3926 		-25.9649 		22.6084
v -26.409 		-25.9821 		22.609
v -26.67 		-26.256 		22.6316
v -26.67 		-26.256 		20.841
v -26.67 		-26.256 		20.092
v -13.217 		-24.971 		1.266
v -20.621 		-39.684 		1.321
v -29.143 		-27.399 		13.169
v -22.121 		-39.396 		1.321
v -21.229 		-39.609 		1.321
v -14.637 		-24.584 		1.898
v -26.6737 		-26.2603 		22.5749
v -22.984 		-39.086 		1.321
v -29.504 		-27.647 		13.169
v -13.267 		-26.333 		0.212
v -13.966 		-25.648 		0.265
v -14.187 		-25.403 		0.234
v -20.01 		-39.71 		1.321
v -27.721 		-27.673 		22.6254
v -30.01 		-28.869 		13.169
v -29.949 		-29.52 		13.169
v -13.003 		-40.101 		7.113
v -30.1 		-29.932 		13.169
v -30.385 		-30.266 		13.169
v -25.271 		-25.032 		26.538
v -25.044 		-24.792 		26.585
v -27.576 		-25.788 		21.609
v -21.332 		-41.835 		0.824
v -19.492 		-41.944 		0.857
v -19.762 		-41.287 		1.509
v -27.803 		-26.072 		20.861
v -27.721 		-27.673 		22.7092
v -29.93 		-29.301 		13.169
v -16.646 		-22.888 		25.233
v -27.8215 		-26.0633 		20.841
v -22.974 		-41.431 		0.797
v -22.338 		-41.621 		0.807
v -27.8158 		-26.0561 		20.841
v -18.945 		-23.198 		26.473
v -27.9 		-26.323 		20.092
v -27.721 		-27.673 		20.841
v -13.881 		-41.122 		7.505
v -27.721 		-27.673 		20.092
v -27.566 		-25.199 		19.383
v -17.627 		-22.591 		25.262
v -27.802 		-25.303 		19.225
v -18.728 		-22.395 		25.295
v -14.155 		-41.078 		7.215
v -27.8963 		-27.9826 		22.6642
v -27.8914 		-27.9739 		22.6637
v -28.195 		-25.362 		18.833
v -27.9013 		-27.9915 		22.6639
v -28.822 		-26.18 		18.833
v -27.939 		-28.058 		22.661
v -18.221 		-22.957 		24.795
v -27.8879 		-27.9677 		22.6629
v -14.657 		-41.157 		6.907
v -27.8953 		-27.9809 		22.6918
v -27.8899 		-27.9713 		22.6918
v -27.8977 		-27.9851 		22.6923
v -20.91 		-41.244 		1.468
v -27.939 		-28.058 		22.7018
v -16.715 		-22.86 		23.23
v -27.8783 		-27.9509 		22.6942
v -19.135 		-22.352 		23.314
v -27.939 		-28.058 		20.841
v -24.168 		-24.341 		26.492
v -27.939 		-28.058 		20.092
v -17.603 		-22.607 		23.262
v -30.557 		-31.577 		13.169
v -24.88 		-41.026 		2.335
v -23.762 		-41.561 		2.376
v -26.411 		-39.974 		2.279
v -30.368 		-31.973 		13.169
v -25.615 		-40.578 		2.308
v -28.137 		-28.452 		22.6656
v -23.515 		-25.789 		25.517
v -27.209 		-39.231 		2.247
v -28.137 		-28.452 		22.7296
v -16.102 		-23.09 		21.209
v -30.368 		-32.626 		13.169
v -26.733 		-26.333 		26.626
v -16.303 		-23.014 		20.861
v -25.913 		-39.088 		3.273
v -28.137 		-28.452 		20.841
v -28.137 		-28.452 		20.092
v -16.2997 		-22.9939 		20.841
v -30.445 		-32.833 		13.169
v -11.099 		-27.747 		22.986
v -16.2954 		-22.9955 		20.841
v -16.2891 		-22.9984 		20.841
v -30.385 		-34.334 		13.169
v -24.551 		-40.057 		3.332
v -26.034 		-25.648 		26.573
v -25.813 		-25.403 		26.604
v -28.1413 		-28.4616 		22.6662
v -18.565 		-22.408 		21.284
v -11.553 		-26.936 		21.012
v -11.812 		-26.55 		21.025
v -28.3004 		-28.8207 		22.689
v -28.2091 		-28.6147 		22.6759
v -17.649 		-22.584 		21.256
v -27.286 		-26.076 		26.011
v -28.316 		-28.856 		22.687
v -18.695 		-22.387 		20.861
v -28.3003 		-28.8206 		22.7346
v -28.3026 		-28.8258 		22.7352
v -28.292 		-28.8018 		22.7349
v -26.783 		-24.971 		25.572
v -11.685 		-26.735 		20.861
v -24.824 		-39.903 		1.32
v -28.316 		-28.856 		22.7389
v -23.343 		-40.654 		1.379
v -28.316 		-28.856 		20.841
v -28.316 		-28.856 		20.092
v -18.6964 		-22.3668 		20.841
v -11.463 		-28.183 		22.457
v -15.001 		-39.784 		5.998
v -15.056 		-39.8187 		5.998
v -14.64 		-39.529 		6.246
v -14.64 		-39.529 		5.998
v -11.6692 		-26.7227 		20.841
v -18.6919 		-22.3672 		20.841
v -14.292 		-39.257 		6.246
v -14.292 		-39.257 		5.998
v -13.957 		-38.969 		6.246
v -18.6851 		-22.3685 		20.841
v -13.957 		-38.969 		5.998
v -11.092 		-27.742 		20.985
v -26.73 		-26.353 		24.608
v -17.308 		-22.669 		20.861
v -28.475 		-29.268 		22.6857
v -17.3058 		-22.649 		20.841
v -11.147 		-27.65 		20.861
v -17.2991 		-22.6508 		20.841
v -28.3176 		-28.8602 		22.7392
v -28.475 		-29.268 		22.7708
v -11.1305 		-27.6384 		20.841
v -11.1342 		-27.6326 		20.841
v -23.534 		-38.817 		1.321
v -11.1284 		-27.6425 		20.841
v -20.986 		-23.228 		26.509
v -16.396 		-41.526 		6.246
v -14.729 		-25.032 		0.3
v -14.956 		-24.792 		0.253
v -17.618 		-41.915 		6.246
v -18.561 		-42.106 		6.246
v -11.1257 		-27.6488 		20.841
v -16.626 		-42.291 		7.215
v -28.475 		-29.268 		20.841
v -28.475 		-29.268 		20.092
v -20.384 		-23.174 		26.499
v -16.372 		-42.405 		7.505
v -11.201 		-30.385 		21.906
v -28.5572 		-29.5163 		22.6979
v -15.42 		-42.011 		7.505
v -28.614 		-29.688 		22.7063
v -26.68 		-39.095 		0.724
v -25.827 		-39.159 		1.276
v -25.758 		-39.921 		0.746
v -20.258 		-22.322 		25.343
v -15.241 		-41.621 		7.093
v -11.1884 		-30.48 		20.841
v -11.271 		-30.113 		20.841
v -28.614 		-29.688 		22.7811
v -28.614 		-29.688 		20.841
v -28.614 		-29.688 		20.092
v -28.6662 		-29.876 		22.725
v -28.676 		-29.9114 		22.7292
v -28.732 		-30.113 		22.7261
v -22.861 		-22.733 		25.434
v -28.6777 		-29.9175 		22.7749
v -28.732 		-30.113 		22.7924
v -22.053 		-22.524 		25.406
v -28.732 		-30.113 		20.841
v -28.732 		-30.113 		20.092
v -24.424 		-40.798 		0.773
v -23.921 		-41.05 		0.782
v -17.577 		-42.369 		6.925
v -17.131 		-42.238 		6.907
v -28.8146 		-30.48 		22.7392
v -28.8146 		-30.48 		22.8062
v -28.8146 		-30.48 		20.841
v -23.913 		-23.114 		25.47
v -24.173 		-40.941 		1.949
v -17.816 		-42.535 		7.093
v -20.1095 		-22.283 		20.841
v -11.559 		-27.117 		20.092
v -29.046 		-36.35 		6.246
v -20.1026 		-22.2832 		20.841
v -28.829 		-30.544 		22.7415
v -11.271 		-30.113 		20.092
v -22.313 		-22.582 		23.408
v -11.072 		-27.106 		19.453
v -30.106 		-35.928 		7.505
v -11.184 		-26.829 		19.383
v -20.356 		-22.315 		23.351
v -28.829 		-30.544 		22.8086
v -29.992 		-35.674 		7.215
v -28.829 		-30.544 		20.841
v -11.221 		-26.485 		19.148
v -28.829 		-30.544 		20.092
v -19.308 		-22.964 		22.689
v -29.94 		-35.432 		7.025
v -25.363 		-24.584 		24.94
v -19.119 		-41.257 		6.246
v -28.904 		-30.98 		22.7572
v -28.8968 		-30.938 		22.7574
v -28.863 		-30.7415 		22.7583
v -28.857 		-30.7065 		22.7556
v -29.939 		-35.169 		6.907
v -22.475 		-23.667 		24.427
v -28.8649 		-30.7527 		22.8071
v -28.904 		-30.98 		22.8242
v -28.8582 		-30.7139 		22.8062
v -18.681 		-41.203 		6.246
v -28.904 		-30.98 		20.841
v -28.904 		-30.98 		20.092
v -18.246 		-41.127 		6.246
v -17.815 		-41.031 		6.246
v -21.655 		-23.47 		24.397
v -17.389 		-40.913 		6.246
v -16.969 		-40.774 		6.246
v -16.557 		-40.615 		6.246
v -28.958 		-31.418 		22.776
v -19.983 		-23.307 		24.338
v -16.154 		-40.436 		6.246
v -30.069 		-34.723 		6.925
v -15.759 		-40.238 		6.246
v -28.958 		-31.418 		22.836
v -15.375 		-40.02 		6.246
v -28.958 		-31.418 		20.841
v -28.958 		-31.418 		20.092
v -19.494 		-22.318 		21.314
v -19.627 		-25.921 		23.552
v -19.85 		-25.94 		24.474
v -20.972 		-26.015 		24.474
v -28.991 		-31.859 		22.7794
v -28.9732 		-31.6211 		22.7886
v -15.504 		-40.476 		5.317
v -28.968 		-31.5518 		22.7881
v -11.389 		-29.688 		20.841
v -20.621 		-22.921 		21.95
v -28.9688 		-31.562 		22.833
v -21.121 		-22.367 		21.371
v -28.9713 		-31.5955 		22.8356
v -28.991 		-31.859 		22.8656
v -11.329 		-29.863 		21.925
v -28.991 		-31.859 		20.841
v -28.991 		-31.859 		20.092
v -20.425 		-22.315 		21.346
v -16.557 		-40.615 		5.998
v -16.8291 		-40.72 		5.998
v -16.154 		-40.436 		5.998
v -15.759 		-40.238 		5.998
v -15.375 		-40.02 		5.998
v -29.711 		-36.88 		7.505
v -11.389 		-29.688 		20.092
v -29.099 		-37.246 		6.925
v -28.991 		-32.742 		22.8059
v -21.168 		-22.379 		20.861
v -29.322 		-37.059 		7.093
v -28.991 		-32.742 		22.902
v -17.9573 		-38.7223 		5.1078
v -18.0302 		-38.7471 		5.1987
v -28.9963 		-32.528 		20.841
v -28.991 		-32.742 		20.841
v -28.991 		-32.742 		20.092
v -19.064 		-38.877 		4.908
v -28.614 		-34.913 		6.246
v -18.615 		-38.715 		4.619
v -27.706 		-38.533 		6.246
v -11.528 		-29.268 		20.841
v -18.254 		-38.823 		5.4143
v -11.489 		-29.351 		21.944
v -18.8013 		-38.9317 		5.2048
v -18.9303 		-38.9573 		5.2226
v -19.114 		-38.9938 		5.2496
v -18.2203 		-38.8116 		5.2534
v -18.254 		-38.823 		5.2621
v -18.6576 		-38.9032 		5.185
v -21.174 		-22.3596 		20.841
v -28.517 		-37.34 		6.246
v -28.822 		-38.42 		7.505
v -16.259 		-23.607 		3.894
v -15.763 		-23.26 		3.361
v -11.528 		-29.268 		20.092
v -19.12 		-38.995 		5.2503
v -21.1695 		-22.359 		20.841
v -28.778 		-38.145 		7.215
v -20.109 		-22.303 		20.861
v -17.687 		-22.582 		3.43
v -21.1627 		-22.3586 		20.841
v -28.791 		-37.898 		7.025
v -16.725 		-23.938 		2.381
v -16.348 		-23.583 		2.84
v -16.61 		-41.701 		4.615
v -22.496 		-22.622 		21.418
v -23.168 		-22.824 		21.44
v -19.072 		-42.25 		4.53
v -28.857 		-37.643 		6.907
v -18.792 		-41.496 		5.257
v -17.525 		-23.667 		2.411
v -22.041 		-22.515 		21.403
v -17.536 		-41.984 		4.584
v -28.781 		-26.395 		13.169
v -11.687 		-28.856 		20.841
v -28.89 		-27.04 		13.169
v -11.687 		-28.856 		21.9419
v -11.5602 		-29.1847 		21.9475
v -11.5397 		-29.2376 		21.9484
v -23.235 		-22.851 		20.861
v -11.687 		-28.856 		21.9833
v -28.816 		-26.833 		13.169
v -11.687 		-28.856 		20.092
v -18.345 		-23.47 		2.441
v -23.2472 		-22.8343 		20.841
v -18.752 		-42.2385 		5.998
v -18.964 		-42.2503 		5.998
v -19.288 		-25.978 		24.474
v -15.22 		-24.69 		2.322
v -23.2429 		-22.8326 		20.841
v -23.2364 		-22.8305 		20.841
v -22.215 		-22.553 		20.861
v -17.921 		-26.268 		3.437
v -22.222 		-22.5342 		20.841
v -22.2153 		-22.5327 		20.841
v -11.866 		-28.452 		20.841
v -11.866 		-28.452 		21.9561
v -11.866 		-28.452 		22.0006
v -18.795 		-25.999 		3.734
v -11.866 		-28.452 		20.092
v -19.028 		-26.015 		2.364
v -18.6119 		-42.2191 		5.998
v -18.504 		-26.096 		3.437
v -17.629 		-41.293 		5.279
v -24.237 		-23.26 		23.477
v -17.5111 		-42.0047 		5.998
v -18.4731 		-42.1912 		5.998
v -28.9667 		-33.0662 		22.8379
v -23.248 		-26.388 		5.2576
v -28.958 		-33.182 		22.8493
v -26.959 		-26.591 		6.246
v -27.23 		-26.939 		6.246
v -23.825 		-23.067 		21.46
v -17.3776 		-41.9693 		5.998
v -12.064 		-28.058 		21.9914
v -12.0394 		-28.1069 		21.987
v -16.495 		-40.93 		5.3
v -12.0215 		-28.1425 		21.9982
v -28.958 		-33.182 		22.8883
v -12.064 		-28.058 		21.9975
v -16.4334 		-41.6486 		5.998
v -12.014 		-28.1575 		21.9983
v -16.1807 		-41.5561 		5.998
v -15.2341 		-41.1048 		5.998
v -15.3534 		-41.1613 		5.998
v -28.958 		-33.182 		20.841
v -28.958 		-33.182 		20.092
v -28.475 		-35.332 		6.246
v -15.1186 		-41.0412 		5.998
v -19.119 		-41.257 		5.998
v -28.9559 		-33.1993 		22.8518
v -28.9513 		-33.2364 		22.8553
v -18.681 		-41.203 		5.998
v -18.246 		-41.127 		5.998
v -28.9163 		-33.5212 		22.862
v -28.9493 		-33.253 		22.8547
v -20.601 		-25.912 		23.104
v -17.815 		-41.031 		5.998
v -25.296 		-28.1182 		5.2188
v -25.2672 		-28.0854 		5.208
v -17.389 		-40.913 		5.998
v -28.316 		-35.744 		6.246
v -16.969 		-40.774 		5.998
v -23.4084 		-26.4723 		5.2384
v -23.378 		-26.452 		5.2553
v -28.9528 		-33.224 		22.885
v -28.137 		-36.148 		6.246
v -28.904 		-33.621 		22.8646
v -27.939 		-36.543 		6.246
v -17.306 		-22.762 		20.092
v -27.721 		-36.927 		6.246
v -24.6657 		-27.4291 		5.2784
v -24.6211 		-27.39 		5.2713
v -28.9515 		-33.2348 		22.8849
v -27.485 		-37.3 		6.246
v -21.122 		-22.452 		20.092
v -23.6028 		-26.6024 		5.2113
v -23.5627 		-26.5755 		5.2115
v -23.4555 		-26.5038 		5.2121
v -28.904 		-33.621 		22.9018
v -19.199 		-22.421 		20.092
v -23.002 		-22.854 		20.092
v -29.28 		-36.029 		4.126
v -24.1339 		-26.9622 		5.1931
v -24.112 		-26.943 		5.2041
v -28.325 		-37.844 		4.187
v -20.294 		-25.924 		23.401
v -23.982 		-26.856 		5.1979
v -23.7467 		-26.6986 		5.2055
v -27.824 		-38.532 		4.212
v -28.904 		-33.621 		20.841
v -28.904 		-33.621 		20.092
v -24.528 		-27.332 		5.197
v -24.54 		-27.3188 		5.2425
v -24.2184 		-27.0364 		5.1507
v -16.372 		-22.194 		18.833
v -28.8841 		-33.7363 		22.8738
v -25.2014 		-28.0105 		5.1843
v -25.0981 		-27.8928 		5.1692
v -24.9619 		-27.7378 		5.2047
v -19.383 		-25.945 		23.401
v -24.776 		-27.526 		5.2961
v -11.743 		-35.838 		3.872
v -17.635 		-22.197 		19.383
v -25.2057 		-28.0154 		5.185
v -28.8637 		-33.8549 		22.8832
v -28.829 		-34.056 		22.8819
v -17.904 		-21.98 		19.148
v -29.7494 		-34.6443 		5.998
v -28.439 		-35.639 		5.048
v -18.09 		-21.734 		18.833
v -28.8654 		-33.8448 		22.9007
v -22.079 		-26.268 		23.401
v -28.8629 		-33.8594 		22.9018
v -28.829 		-34.056 		22.9179
v -19.111 		-21.6 		18.833
v -29.4159 		-35.7138 		5.998
v -28.829 		-34.056 		20.841
v -23.291 		-26.618 		4.619
v -28.829 		-34.056 		20.092
v -21.205 		-25.999 		23.104
v -21.496 		-26.096 		23.401
v -23.6 		-26.715 		4.908
v -23.942 		-27.049 		4.619
v -11.876 		-28.432 		21.9579
v -11.876 		-28.432 		22.0004
v -29.3019 		-36.0406 		5.998
v -11.876 		-28.432 		20.841
v -12.064 		-28.058 		20.841
v -27.657 		-37.231 		5.078
v -28.5869 		-37.4529 		5.998
v -28.657 		-37.2992 		5.998
v -12.064 		-28.058 		20.092
v -28.7899 		-34.2296 		22.8899
v -28.508 		-37.602 		5.998
v -22.064 		-26.286 		24.474
v -28.7383 		-34.4592 		22.9005
v -28.3232 		-37.8844 		5.998
v -28.7341 		-34.4778 		22.8997
v -28.732 		-34.487 		22.8991
v -28.2182 		-38.0166 		5.998
v -15.1 		-23.154 		19.383
v -28.7368 		-34.4659 		22.93
v -28.732 		-34.487 		22.933
v -28.7073 		-34.576 		5.998
v -28.614 		-34.913 		5.998
v -28.732 		-34.487 		20.841
v -28.475 		-35.332 		5.998
v -28.732 		-34.487 		20.092
v -28.316 		-35.744 		5.998
v -28.137 		-36.148 		5.998
v -27.939 		-36.543 		5.998
v -12.084 		-28.021 		21.996
v -14.994 		-36.237 		3.138
v -27.721 		-36.927 		5.998
v -27.485 		-37.3 		5.998
v -14.808 		-36.007 		3.437
v -24.308 		-27.342 		4.619
v -28.7073 		-34.576 		22.8973
v -12.0804 		-28.029 		21.9957
v -28.7073 		-34.576 		22.9413
v -14.451 		-35.513 		3.734
v -28.7073 		-34.576 		20.841
v -12.0746 		-28.0392 		21.9963
v -25.399 		-23.898 		23.523
v -24.97 		-28.004 		4.619
v -25.23 		-28.197 		4.908
v -27.3776 		-39.0861 		5.998
v -12.282 		-27.673 		21.994
v -12.0944 		-28.0043 		21.9967
v -14.171 		-34.97 		3.734
v -24.816 		-27.719 		4.908
v -28.518 		-38.835 		7.505
v -28.195 		-39.237 		7.505
v -12.282 		-27.673 		22.0259
v -19.56 		-41.289 		20.841
v -19.56 		-41.289 		20.092
v -27.454 		-39.472 		6.907
v -23.275 		-23.938 		24.457
v -23.652 		-23.583 		23.998
v -14.829 		-35.998 		2.364
v -12.282 		-27.673 		20.841
v -27.861 		-39.278 		7.161
v -24.539 		-27.552 		4.619
v -12.282 		-27.673 		20.092
v -14.523 		-35.525 		2.364
v -23.248 		-40.6914 		20.841
v -23.1739 		-40.72 		20.841
v -15.305 		-22.874 		19.148
v -12.518 		-27.3 		22.0124
v -15.42 		-22.589 		18.833
v -22.371 		-41.293 		21.559
v -12.4277 		-27.4428 		22.0337
v -12.518 		-27.3 		22.0384
v -24.78 		-24.69 		24.516
v -12.4023 		-27.4829 		22.0323
v -16.656 		-22.315 		19.148
v -12.518 		-27.3 		20.841
v -26.719 		-24.914 		23.576
v -25.798 		-25.446 		24.561
v -26.049 		-24.358 		23.549
v -16.998 		-22.368 		19.383
v -27.254 		-26.339 		24.211
v -12.518 		-27.3 		20.092
v -23.034 		-40.774 		20.841
v -23.034 		-40.774 		20.092
v -25.5206 		-28.432 		5.1813
v -25.3873 		-28.2324 		5.2333
v -12.5805 		-27.2115 		22.0217
v -12.5765 		-27.2172 		22.0218
v -12.5759 		-27.2181 		22.0217
v -22.614 		-40.913 		20.841
v -12.773 		-26.939 		22.0222
v -22.614 		-40.913 		20.092
v -29.217 		-36.189 		2.124
v -25.359 		-28.19 		5.2419
v -27.938 		-38.382 		2.212
v -12.5762 		-27.2176 		22.0362
v -25.3099 		-28.1341 		5.224
v -28.572 		-37.447 		2.173
v -17.899 		-26.204 		4.031
v -12.773 		-26.939 		22.0595
v -12.773 		-26.939 		20.841
v -18.192 		-26.111 		4.031
v -26.848 		-26.47 		4.776
v -29.668 		-34.859 		2.079
v -26.959 		-26.591 		5.998
v -27.23 		-26.939 		5.998
v -27.344 		-27.1004 		5.998
v -17.359 		-22.314 		19.453
v -12.773 		-26.939 		20.092
v -17.936 		-26.286 		2.364
v -12.8072 		-26.8951 		22.0249
v -13.008 		-26.6372 		22.0406
v -13.008 		-26.6372 		22.0679
v -13.008 		-26.6372 		20.841
v -13.044 		-26.591 		22.0434
v -13.044 		-26.591 		20.841
v -13.0141 		-26.6295 		22.0681
v -13.044 		-26.591 		22.0692
v -28.604 		-34.925 		3.095
v -13.044 		-26.591 		20.092
v -25.444 		-28.624 		4.619
v -13.1526 		-26.4651 		22.0591
v -13.1499 		-26.4682 		22.0593
v -25.859 		-28.9442 		5.3051
v -25.849 		-28.924 		5.3095
v -13.148 		-26.4704 		22.0648
v -25.5406 		-28.462 		5.1736
v -13.1521 		-26.4658 		22.065
v -19.091 		-25.915 		4.031
v -14.918 		-28.314 		22.807
v -28.321 		-35.716 		3.124
v -26.307 		-30.453 		4.619
v -26.24 		-29.716 		5.8194
v -25.8716 		-28.9698 		5.2996
v -27.548 		-37.204 		3.184
v -19.432 		-21.836 		19.225
v -26.3061 		-29.9108 		5.2582
v -26.2926 		-29.8711 		5.2667
v -26.2585 		-29.7704 		5.2883
v -26.1573 		-29.5485 		5.2537
v -26.0154 		-29.261 		5.2365
v -19.671 		-21.929 		19.383
v -26.4992 		-30.48 		5.1985
v -26.4735 		-30.4042 		5.1821
v -26.406 		-30.2053 		5.1951
v -20.034 		-21.97 		19.453
v -28.9 		-35.518 		0.655
v -15.794 		-24.277 		0.272
v -28.605 		-36.26 		0.667
v -28.113 		-36.198 		1.143
v -28.543 		-35.137 		1.102
v -20.33 		-21.929 		19.383
v -27.848 		-37.654 		0.692
v -15.316 		-23.477 		1.343
v -25.981 		-29.224 		5.197
v -27.488 		-38.159 		0.702
v -16.868 		-23.771 		0.294
v -26.0152 		-29.2606 		5.2364
v -25.9368 		-29.1018 		5.2709
v -25.8975 		-29.0222 		5.2882
v -17.104 		-23.786 		0.395
v -25.9938 		-29.2173 		5.2338
v -25.9858 		-29.2012 		5.2364
v -26.0015 		-29.2329 		5.2348
v -16.087 		-23.114 		1.368
v -20.646 		-21.789 		19.148
v -13.893 		-30.192 		22.807
v -26.184 		-29.658 		5.197
v -20.89 		-21.6 		18.833
v -26.285 		-30.13 		4.908
v -22.188 		-41.031 		20.841
v -22.188 		-41.031 		20.092
v -21.757 		-41.127 		20.841
v -25.9938 		-29.2174 		5.2338
v -21.757 		-41.127 		20.092
v -21.322 		-41.203 		20.841
v -21.322 		-41.203 		20.092
v -26.24 		-29.716 		5.2832
v -26.2268 		-29.6892 		5.2715
v -26.2066 		-29.6483 		5.2597
v -25.912 		-29.435 		4.619
v -27.655 		-37.019 		1.176
v -21.911 		-21.734 		18.833
v -22.097 		-21.98 		19.148
v -18.025 		-23.42 		0.313
v -18.11 		-23.513 		0.432
v -22.366 		-22.197 		19.383
v -19.014 		-23.228 		0.329
v -15.03 		-28.004 		22.219
v -14.77 		-28.197 		21.93
v -15.056 		-27.7208 		21.633
v -15.0415 		-27.7373 		21.6402
v -14.6162 		-28.2316 		21.612
v -14.4824 		-28.432 		21.6642
v -14.6919 		-28.1355 		21.621
v -14.644 		-28.19 		21.6036
v -14.7974 		-28.0152 		21.6606
v -17.139 		-22.733 		1.404
v -14.9217 		-27.8737 		21.6714
v -18.937 		-23.379 		0.462
v -19.111 		-43 		7.505
v -14.9036 		-27.8943 		21.6761
v -18.09 		-42.865 		7.505
v -17.947 		-22.524 		1.432
v -14.8794 		-27.9219 		21.6725
v -26.739 		-32.528 		5.2439
v -26.7469 		-32.4084 		5.2695
v -14.8018 		-28.0103 		21.6612
v -21.911 		-42.865 		7.505
v -26.728 		-32.303 		5.197
v -21.402 		-42.943 		7.505
v -20.89 		-43 		7.505
v -14.556 		-28.624 		22.219
v -26.7144 		-31.6987 		5.2384
v -26.7139 		-31.6905 		5.2388
v -15.832 		-24.341 		0.346
v -26.7148 		-31.7052 		5.2372
v -19.327 		-42.824 		7.215
v -14.4609 		-28.4643 		21.6726
v -26.7302 		-31.9382 		5.1947
v -14.154 		-28.924 		21.5373
v -14.1393 		-28.9537 		21.5437
v -26.7111 		-31.6482 		5.2409
v -26.5771 		-30.8205 		5.1985
v -26.5561 		-30.7144 		5.2045
v -26.5246 		-30.5559 		5.2136
v -26.524 		-30.553 		5.2142
v -13.693 		-30.453 		22.219
v -18.491 		-25.06 		1.321
v -17.605 		-25.297 		1.321
v -26.5267 		-30.5665 		5.2112
v -16.485 		-25.789 		1.321
v -14.1268 		-28.9791 		21.5492
v -26.698 		-31.664 		5.197
v -26.7103 		-31.6368 		5.2414
v -26.696 		-31.419 		5.2547
v -26.6496 		-31.1855 		5.1752
v -26.6185 		-31.0288 		5.1591
v -26.5779 		-30.8244 		5.1983
v -13.5978 		-30.2029 		21.6519
v -13.5292 		-30.405 		21.6651
v -14.019 		-29.224 		21.641
v -14.055 		-29.1246 		21.5808
v -26.754 		-32.3 		5.2755
v -14.0151 		-29.2054 		21.609
v -26.7528 		-32.2819 		5.2693
v -14.0086 		-29.2186 		21.611
v -26.7357 		-32.0215 		5.1795
v -13.816 		-29.658 		21.641
v -13.991 		-29.2541 		21.6089
v -13.8397 		-29.5605 		21.5905
v -13.9912 		-29.2538 		21.6089
v -26.7383 		-32.0616 		5.1722
v -14.0023 		-29.2312 		21.6103
v -13.715 		-30.13 		21.93
v -26.566 		-31.99 		4.619
v -26.57 		-32.459 		4.619
v -26.544 		-31.679 		4.619
v -26.455 		-31.06 		4.619
v -14.0086 		-29.2186 		21.611
v -13.7164 		-29.8535 		21.5771
v -13.7477 		-29.7611 		21.5573
v -13.7779 		-29.6858 		21.5747
v -13.763 		-29.716 		21.5615
v -13.7959 		-29.6494 		21.5852
v -14.088 		-29.435 		22.219
v -26.463 		-30.737 		4.908
v -10.497 		-27.647 		13.169
v -9.995 		-29.733 		13.169
v -10.052 		-29.52 		13.169
v -9.991 		-28.869 		13.169
v -16.502 		-26.874 		22.807
v -9.616 		-34.334 		13.169
v -9.556 		-32.833 		13.169
v -11.185 		-26.833 		13.169
v -11.222 		-26.616 		13.169
v -10.908 		-28.162 		5.139
v -10.413 		-29.495 		5.098
v -10.323 		-29.849 		5.977
v -10.3025 		-29.8441 		5.998
v -10.3038 		-29.8395 		5.998
v -10.767 		-28.506 		5.977
v -10.7453 		-28.5043 		5.998
v -10.7469 		-28.4997 		5.998
v -10.7487 		-28.4953 		5.998
v -10.7508 		-28.491 		5.998
v -10.7532 		-28.4868 		5.998
v -10.7558 		-28.4828 		5.998
v -10.829 		-28.544 		6.246
v -10.276 		-30.386 		6.246
v -10.29 		-27.72 		7.505
v -10.808 		-27.446 		6.985
v -10.654 		-27.56 		7.113
v -9.865 		-29.991 		6.985
v -10.015 		-28.956 		7.19
v -9.895 		-28.672 		7.505
v -10.069 		-29.297 		6.955
v -10.014 		-29.658 		6.885
v -9.746 		-30.141 		7.113
v -9.435 		-30.389 		7.505
v -20.884 		-41.257 		20.841
v -20.884 		-41.257 		20.092
v -20.443 		-41.289 		20.841
v -20.443 		-41.289 		20.092
v -10.105 		-32.139 		6.246
v -10.173 		-31.019 		6.246
v -12.022 		-38.31 		2.792
v -10.173 		-33.58 		6.246
v -27.729 		-25.98 		25.62
v -21.955 		-38.448 		22.807
v -9.301 		-31.411 		7.505
v -9.49 		-31.654 		7.19
v -11.381 		-37.328 		2.83
v -9.63 		-31.97 		6.955
v -27.557 		-25.788 		23.611
v -26.7218 		-32.7899 		5.1878
v -26.66 		-33.259 		5.197
v -26.6837 		-33.2441 		5.2592
v -26.6833 		-33.2459 		5.25
v -26.6815 		-33.2551 		5.2006
v -26.696 		-33.182 		5.2021
v -26.7062 		-33.0277 		5.1369
v -9.671 		-32.266 		6.885
v -12.491 		-37.216 		3.816
v -26.5993 		-33.669 		5.2411
v -25.006 		-26.853 		25.517
v -22.194 		-38.672 		21.6877
v -22.1977 		-38.6708 		21.6868
v -13.174 		-38.141 		3.776
v -24.539 		-26.458 		25.517
v -26.5984 		-33.6734 		5.2409
v -22.858 		-38.206 		22.219
v -22.409 		-38.345 		22.513
v -16.709 		-26.618 		22.219
v -26.573 		-33.731 		5.197
v -16.4 		-26.715 		21.93
v -16.058 		-27.049 		22.219
v -11.061 		-36.369 		1.03
v -16.0632 		-26.8278 		21.644
v -11.8 		-35.963 		1.867
v -16.0184 		-26.8578 		21.6454
v -26.5937 		-33.6972 		5.2394
v -26.5962 		-33.6843 		5.2405
v -27.335 		-27.109 		26.642
v -27.2897 		-27.0323 		26.6233
v -27.27 		-27.0319 		26.6392
v -27.2779 		-27.0449 		26.639
v -22.781 		-38.415 		21.641
v -22.6411 		-38.5118 		21.5256
v -22.7272 		-38.4693 		21.5485
v -16.3972 		-26.6044 		21.632
v -22.8098 		-38.4285 		21.5704
v -16.3991 		-26.6031 		21.632
v -26.3954 		-34.4265 		5.1622
v -26.4463 		-34.2768 		5.172
v -26.524 		-34.048 		5.2328
v -16.2559 		-26.6989 		21.6377
v -22.2274 		-38.6607 		21.6791
v -26.5296 		-34.0196 		5.2281
v -26.5864 		-33.7339 		5.2362
v -22.586 		-38.539 		21.5195
v -22.9359 		-38.3663 		21.6411
v -16.625 		-26.452 		21.5872
v -16.546 		-26.5049 		21.6312
v -21.84 		-38.601 		22.219
v -9.66 		-34.373 		7.215
v -9.435 		-34.21 		7.505
v -26.7154 		-32.8877 		5.12
v -26.7088 		-32.9877 		5.12
v -15.3892 		-27.3835 		21.575
v -15.3496 		-27.4184 		21.5686
v -26.481 		-33.391 		4.619
v -15.472 		-27.332 		21.641
v -15.4613 		-27.3202 		21.6005
v -22.738 		-22.341 		19.456
v -26.388 		-33.85 		4.619
v -9.648 		-32.565 		6.925
v -11.498 		-35.184 		1.896
v -9.612 		-32.693 		6.985
v -23.0094 		-38.33 		21.6234
v -23.248 		-38.2122 		21.5661
v -25.637 		-27.52 		25.517
v -26.26 		-34.301 		4.619
v -23.003 		-22.368 		19.383
v -9.536 		-32.868 		7.113
v -26.19 		-28.252 		25.517
v -9.301 		-33.189 		7.505
v -13.005 		-34.708 		1.321
v -13.496 		-35.828 		1.321
v -13.81 		-36.354 		1.321
v -26.772 		-29.327 		25.517
v -23.629 		-22.194 		18.833
v -23.258 		-22.339 		19.225
v -12.34 		-38.391 		0.993
v -11.705 		-36.886 		1.351
v -12.077 		-38.057 		1
v -24.581 		-22.589 		18.833
v -24.74 		-22.953 		19.225
v -10.011 		-32.303 		5.005
v -27.295 		-33.522 		25.517
v -10.013 		-32.303 		5.003
v -10.499 		-32.303 		5.489
v -24.901 		-23.154 		19.383
v -27.333 		-31.387 		25.517
v -27.17 		-30.484 		25.517
v -19.678 		-38.86 		22.219
v -19.352 		-38.992 		21.641
v -19.3344 		-39.0091 		21.5864
v -12.607 		-37.416 		1.808
v -19.4233 		-39.0149 		21.6459
v -26.7129 		-32.9256 		5.0938
v -10.613 		-32.476 		4.403
v -15.891 		-26.943 		21.6393
v -15.8666 		-26.9644 		21.6516
v -19.6024 		-39.0267 		21.6585
v -10.112 		-30.884 		5.054
v -15.7845 		-27.0366 		21.6928
v -12.17 		-36.71 		1.837
v -13.111 		-38.075 		1.778
v -9.9932 		-32.4057 		5.998
v -10.0026 		-32.508 		5.998
v -20.31 		-39.015 		21.641
v -20.3575 		-39.0296 		21.5874
v -20.697 		-39.0072 		21.636
v -15.184 		-27.719 		21.93
v -23.2 		-26.743 		23.104
v -15.227 		-27.526 		21.5489
v -20.303 		-38.86 		22.219
v -15.692 		-27.342 		22.219
v -22.657 		-26.463 		23.104
v -10.011 		-32.303 		5.977
v -15.461 		-27.552 		22.219
v -9.9902 		-32.3078 		5.998
v -9.9901 		-32.3006 		5.998
v -10.111 		-30.89 		5.977
v -10.09 		-30.8886 		5.998
v -9.9906 		-32.2934 		5.998
v -20.3109 		-39.0327 		21.5903
v -22.587 		-26.493 		24.474
v -19.99 		-38.945 		21.93
v -20.153 		-39.0431 		21.6047
v -22.861 		-26.613 		2.364
v -22.936 		-26.626 		3.437
v -14.363 		-37.086 		1.321
v -10.0918 		-30.8791 		5.998
v -14.994 		-37.752 		1.321
v -19.6697 		-39.0312 		21.6632
v -10.095 		-33.593 		4.959
v -10.642 		-33.764 		5.464
v -19.8678 		-39.0442 		21.6128
v -15.133 		-36.529 		4.031
v -20.002 		-39.053 		21.5846
v -20.1143 		-39.0456 		21.6082
v -15.176 		-36.441 		2.364
v -20.936 		-38.877 		21.93
v -23.462 		-26.93 		3.437
v -20.8857 		-38.9945 		21.5865
v -21.0705 		-38.9578 		21.6136
v -10.1223 		-33.8953 		5.998
v -10.145 		-34 		5.998
v -20.7041 		-39.0068 		21.637
v -16.521 		-37.732 		4.031
v -23.498 		-26.874 		4.031
v -16.8 		-37.862 		3.734
v -15.806 		-37.155 		3.734
v -16.021 		-37.375 		4.031
v -10.1059 		-33.7895 		5.998
v -20.8374 		-38.998 		21.6003
v -20.883 		-38.995 		21.5862
v -10.348 		-29.768 		3.08
v -21.2 		-38.932 		21.6315
v -10.918 		-28.165 		3.139
v -20.614 		-38.838 		22.219
v -20.7141 		-39.0061 		21.6384
v -16.422 		-37.604 		3.585
v -24.191 		-27.476 		3.437
v -24.439 		-27.656 		3.734
v -23.978 		-27.256 		3.734
v -10.944 		-29.808 		1.677
v -10.299 		-30.246 		1.132
v -25.082 		-28.314 		4.031
v -10.781 		-28.603 		1.157
v -15.56 		-36.852 		2.364
v -10.027 		-32.773 		2.986
v -10.062 		-31.34 		3.028
v -22.043 		-38.7232 		21.7266
v -10.086 		-33.487 		2.965
v -21.9705 		-38.7478 		21.6362
v -21.385 		-38.715 		22.219
v -21.3423 		-38.9038 		21.6512
v -21.749 		-38.823 		21.5734
v -21.7814 		-38.812 		21.5818
v -16.431 		-37.565 		2.364
v -21.2 		-38.932 		21.6315
v -23.818 		-27.204 		2.364
v -25.006 		-28.369 		23.7
v -10.158 		-31.17 		1.118
v -24.44 		-27.753 		24.474
v -25.022 		-28.382 		2.364
v -18.795 		-38.607 		3.734
v -24.824 		-28.164 		24.474
v -24.656 		-27.955 		2.364
v -18.751 		-38.541 		2.839
v -10.114 		-32.271 		1.1
v -20.002 		-39.053 		20.48
v -10.666 		-32.964 		1.603
v -10.189 		-33.368 		1.08
v -23.569 		-27.041 		24.474
v -11.165 		-34.278 		21.817
v -26.986 		-26.624 		2.783
v -11.271 		-30.113 		6.246
v -11.727 		-26.844 		6.246
v -11.091 		-27.958 		6.246
v -11.223 		-26.454 		7.215
v -11.167 		-26.893 		6.925
v -24.194 		-27.451 		23.104
v -23.578 		-27.002 		23.253
v -25.201 		-28.603 		3.138
v -11.271 		-34.487 		20.841
v -11.271 		-34.487 		20.092
v -11.038 		-27.164 		6.885
v -11.174 		-34.056 		20.841
v -25.381 		-28.85 		3.437
v -11.174 		-34.056 		20.092
v -11.099 		-33.621 		20.841
v -11.099 		-33.621 		20.092
v -25.829 		-29.636 		23.104
v -19.028 		-38.591 		2.364
v -11.389 		-29.688 		6.246
v -26.997 		-38.557 		21.468
v -11.528 		-29.268 		6.246
v -25.715 		-29.361 		3.734
v -11.687 		-28.856 		6.246
v -25.549 		-29.093 		23.104
v -17.343 		-38.142 		3.734
v -11.045 		-33.182 		20.841
v -17.921 		-38.338 		3.437
v -11.045 		-33.182 		20.092
v -11.866 		-28.452 		6.246
v -25.959 		-30.097 		24.474
v -12.064 		-28.058 		6.246
v -11.012 		-32.742 		20.841
v -11.012 		-32.742 		20.092
v -25.477 		-29.08 		24.474
v -18.045 		-38.448 		4.031
v -12.282 		-27.673 		6.246
v -12.518 		-27.3 		6.246
v -11.0043 		-32.4002 		21.8513
v -27.23 		-37.662 		20.841
v -12.773 		-26.939 		6.246
v -11.0072 		-32.528 		20.841
v -13.044 		-26.591 		6.246
v -27.06 		-39.362 		22.09
v -26.107 		-30.192 		4.031
v -26.286 		-40.062 		22.124
v -25.171 		-28.608 		24.474
v -11.588 		-26.913 		5.182
v -11.226 		-27.526 		5.16
v -12.116 		-27.989 		4.16
v -11.012 		-31.859 		21.8627
v -11.012 		-31.859 		21.859
v -11.849 		-26.524 		5.197
v -26.358 		-32.01 		23.7
v -26.07 		-30.363 		2.364
v -18.476 		-38.479 		2.364
v -11.012 		-31.859 		20.841
v -11.012 		-31.859 		20.092
v -26.254 		-31.182 		24.474
v -25.349 		-28.841 		2.364
v -17.413 		-38.113 		2.364
v -11.016 		-31.735 		21.863
v -11.0376 		-31.5172 		21.8712
v -11.045 		-31.418 		21.8773
v -17.936 		-38.319 		2.364
v -11.0144 		-31.8273 		21.8614
v -25.634 		-29.326 		2.364
v -11.0366 		-31.5309 		21.8703
v -26.329 		-31.74 		24.474
v -26.1394 		-40.2028 		20.841
v -11.876 		-28.432 		5.998
v -11.045 		-31.418 		21.8666
v -12.064 		-28.058 		5.998
v -11.0334 		-31.5725 		21.8678
v -12.282 		-27.673 		5.998
v -12.518 		-27.3 		5.998
v -12.773 		-26.939 		5.998
v -26.2427 		-40.1283 		20.841
v -11.045 		-31.418 		20.841
v -13.008 		-26.6372 		5.998
v -11.045 		-31.418 		20.092
v -26.388 		-40.0042 		20.841
v -26.131 		-30.633 		24.474
v -27.3301 		-39.1102 		20.841
v -11.0572 		-31.3187 		21.8786
v -11.0609 		-31.2888 		21.879
v -25.193 		-40.836 		22.165
v -11.0837 		-31.1037 		21.8815
v -11.104 		-30.915 		21.887
v -26.044 		-30.214 		3.437
v -25.969 		-29.917 		3.734
v -15.056 		-27.7208 		5.2201
v -15.0184 		-27.7635 		5.2172
v -14.9121 		-27.8847 		5.2321
v -14.8265 		-27.9821 		5.244
v -14.644 		-28.19 		5.3385
v -11.099 		-30.98 		20.841
v -14.4824 		-28.432 		5.3301
v -24.8808 		-41.0403 		20.841
v -14.991 		-27.953 		4.908
v -24.9921 		-40.9698 		20.841
v -11.099 		-30.98 		20.092
v -26.228 		-30.789 		23.104
v -27.23 		-37.662 		20.092
v -15.0101 		-27.773 		5.2166
v -11.174 		-30.544 		20.841
v -27.287 		-39.018 		20.092
v -26.261 		-31.094 		23.401
v -14.614 		-40.711 		2.685
v -12.963 		-39.391 		2.75
v -25.852 		-40.299 		20.092
v -13.705 		-40.054 		2.721
v -11.174 		-30.544 		20.092
v -12.469 		-38.862 		2.771
v -13.049 		-26.608 		4.219
v -13.741 		-38.752 		3.746
v -14.362 		-39.306 		3.717
v -13.044 		-26.591 		5.998
v -27.101 		-39.866 		19.383
v -13.72 		-30.781 		22.807
v -27.283 		-26.523 		0.491
v -27.329 		-27.081 		0.803
v -26.976 		-40.188 		19.148
v -11.718 		-28.836 		4.126
v -26.341 		-32.584 		24.474
v -26.298 		-33.145 		23.999
v -11.1884 		-30.48 		5.998
v -11.271 		-30.113 		5.998
v -11.389 		-29.688 		5.998
v -11.528 		-29.268 		5.998
v -14.628 		-39.5 		1.704
v -14.381 		-40.253 		0.944
v -26.938 		-40.494 		18.833
v -11.687 		-28.856 		5.998
v -25.656 		-27.52 		1.321
v -11.866 		-28.452 		5.998
v -26.209 		-28.252 		1.321
v -13.698 		-39.742 		0.959
v -12.618 		-38.714 		0.986
v -25.025 		-26.853 		1.321
v -26.051 		-34.243 		23.999
v -25.959 		-34.509 		24.474
v -13.538 		-32.303 		22.807
v -13.677 		-38.686 		1.749
v -26.254 		-33.423 		24.474
v -27.014 		-29.898 		1.321
v -13.6043 		-30.1836 		5.218
v -13.5782 		-30.2606 		5.223
v -13.5309 		-30.3999 		5.2524
v -26.792 		-29.327 		1.321
v -26.523 		-28.777 		1.321
v -14.393 		-28.971 		4.472
v -25.107 		-41.277 		19.456
v -15.749 		-40.221 		3.657
v -13.844 		-29.834 		4.908
v -16.798 		-40.692 		3.617
v -13.807 		-30.156 		4.619
v -13.637 		-30.431 		4.908
v -13.5038 		-30.48 		5.269
v -26.28 		-30.781 		4.031
v -26.169 		-30.494 		3.734
v -26.12 		-41.122 		18.833
v -25.815 		-41.079 		19.148
v -25.471 		-41.116 		19.383
v -26.215 		-30.797 		3.437
v -16.121 		-41.505 		2.627
v -26.33 		-31.394 		3.437
v -14.2737 		-28.7447 		5.3193
v -14.2216 		-28.8228 		5.3058
v -16.917 		-41.807 		2.598
v -26.399 		-31.692 		3.734
v -18.014 		-42.097 		2.561
v -26.228 		-33.816 		23.104
v -13.8669 		-29.5055 		5.3126
v -13.763 		-29.716 		5.3313
v -13.6948 		-29.9171 		5.2524
v -13.6341 		-30.0958 		5.2123
v -26.313 		-31.088 		3.734
v -13.968 		-29.368 		5.197
v -14.191 		-28.943 		5.197
v -14.1755 		-28.8918 		5.2937
v -14.1551 		-28.9223 		5.3026
v -14.154 		-28.924 		5.3032
v -26.261 		-33.511 		23.401
v -18.902 		-42.23 		2.534
v -14.1339 		-28.9647 		5.3001
v -14.0254 		-29.1845 		5.2848
v -26.402 		-32.608 		23.104
v -13.545 		-32.61 		22.807
v -26.959 		-38.01 		20.841
v -26.421 		-31.997 		3.734
v -13.655 		-33.524 		22.807
v -26.462 		-32.303 		4.031
v -14.0234 		-29.1885 		5.2845
v -28.483 		-27.056 		25.655
v -18.306 		-41.13 		3.561
v -27.356 		-26.682 		26.358
v -25.87 		-39.589 		21.495
v -13.9412 		-29.355 		5.2728
v -13.9188 		-29.4004 		5.2798
v -17.694 		-40.985 		3.583
v -13.434 		-31.99 		22.219
v -28.344 		-28.004 		25.095
v -13.43 		-32.459 		22.219
v -17.336 		-41.267 		3.227
v -27.75 		-27.777 		24.67
v -13.456 		-31.679 		22.219
v -26.317 		-31.46 		2.364
v -26.218 		-30.906 		2.364
v -28.785 		-27.602 		25.665
v -18.926 		-41.227 		3.539
v -15.245 		-27.5102 		5.2754
v -15.227 		-27.526 		5.2775
v -24.7655 		-41.1039 		20.841
v -24.6464 		-41.1603 		20.841
v -15.1238 		-27.6436 		5.2252
v -13.545 		-31.06 		22.219
v -26.366 		-32.021 		2.364
v -15.5661 		-27.2283 		5.2084
v -15.4782 		-27.3054 		5.2151
v -15.3514 		-27.4168 		5.2479
v -15.4633 		-27.3185 		5.2162
v -26.959 		-38.01 		20.092
v -28.62 		-29.784 		24.747
v -24.77 		-40.988 		20.092
v -15.658 		-27.1476 		5.2251
v -15.5928 		-27.2048 		5.2063
v -15.143 		-39.86 		1.682
v -16.625 		-26.452 		5.3816
v -16.2586 		-26.6971 		5.2334
v -16.1693 		-26.7568 		5.2221
v -15.7359 		-27.0792 		5.2475
v -13.537 		-30.737 		21.93
v -26.754 		-38.2469 		20.841
v -26.67 		-38.344 		20.841
v -16.096 		-26.8059 		5.2129
v -15.9553 		-26.9 		5.2425
v -15.834 		-26.9931 		5.2597
v -28.33 		-28.958 		24.716
v -15.9459 		-26.9063 		5.2445
v -15.891 		-26.943 		5.2659
v -16.433 		-40.551 		1.631
v -15.711 		-27.342 		4.619
v -15.259 		-27.773 		4.619
v -15.427 		-27.496 		4.908
v -28.93 		-31.275 		24.801
v -26.076 		-34.402 		3.734
v -16.485 		-38.817 		1.321
v -15.904 		-27.082 		4.908
v -16.202 		-26.955 		4.619
v -26.169 		-34.111 		3.734
v -26.67 		-38.344 		20.092
v -16.419 		-26.715 		4.908
v -17.605 		-39.308 		1.321
v -13.272 		-32.303 		21.641
v -26.215 		-33.808 		3.437
v -13.302 		-31.664 		21.641
v -26.365 		-38.664 		20.841
v -19.094 		-39.646 		1.321
v -26.07 		-34.243 		2.364
v -27.396 		-32.303 		25.517
v -26.388 		-32.607 		3.437
v -26.218 		-33.699 		2.364
v -18.192 		-39.483 		1.321
v -17.142 		-26.4 		4.619
v -26.455 		-32.61 		4.031
v -28.835 		-33.867 		24.894
v -26.345 		-33.524 		4.031
v -18.472 		-41.855 		0.875
v -13.519 		-33.391 		22.219
v -11.002 		-32.3 		6.246
v -11.271 		-34.487 		6.246
v -18.138 		-41.488 		1.19
v -13.612 		-33.85 		22.219
v -17.296 		-41.606 		0.895
v -17.211 		-40.851 		1.601
v -11.174 		-34.056 		6.246
v -11.099 		-33.621 		6.246
v -11.045 		-33.182 		6.246
v -11.012 		-32.742 		6.246
v -28.972 		-32.728 		24.853
v -15.804 		-41.055 		0.918
v -11.012 		-31.859 		6.246
v -26.365 		-38.664 		20.092
v -13.74 		-34.301 		22.219
v -11.045 		-31.418 		6.246
v -11.099 		-30.98 		6.246
v -26.3566 		-38.672 		20.841
v -11.174 		-30.544 		6.246
v -24.496 		-40.476 		21.521
v -26.342 		-32.865 		2.364
v -13.34 		-33.259 		21.641
v -18.419 		-41.148 		1.557
v -28.296 		-26.747 		23.646
v -28.7 		-27.403 		23.67
v -26.046 		-38.969 		20.841
v -11.0072 		-32.528 		5.998
v -11.002 		-32.3 		5.998
v -11.012 		-31.859 		5.998
v -11.045 		-31.418 		5.998
v -27.189 		-34.121 		1.321
v -11.099 		-30.98 		5.998
v -11.174 		-30.544 		5.998
v -27.252 		-30.784 		1.321
v -13.427 		-33.731 		21.641
v -26.046 		-38.969 		20.092
v -13.4847 		-30.5362 		5.2806
v -13.3597 		-31.1537 		5.2462
v -13.3592 		-31.1559 		5.2462
v -13.3422 		-31.2416 		5.2447
v -13.3225 		-31.3412 		5.243
v -13.307 		-31.419 		5.2629
v -13.3003 		-31.5203 		5.2455
v -13.2911 		-31.6608 		5.2444
v -13.251 		-32.2689 		5.2394
v -25.9483 		-39.053 		20.841
v -13.249 		-32.3 		5.2499
v -25.711 		-39.257 		20.841
v -13.2632 		-32.5157 		5.2324
v -13.264 		-32.528 		5.2326
v -29.046 		-28.249 		6.246
v -13.2803 		-31.8246 		5.2338
v -13.2514 		-32.2636 		5.2376
v -29.432 		-29.302 		6.246
v -25.711 		-39.257 		20.092
v -29.711 		-27.72 		7.505
v -29.452 		-27.62 		7.215
v -19.89 		-21.971 		13.169
v -20.327 		-21.932 		13.169
v -13.4139 		-30.8806 		5.2198
v -13.385 		-31.0262 		5.2337
v -13.4221 		-30.8396 		5.2222
v -20.533 		-21.855 		13.169
v -29.172 		-27.42 		6.975
v -25.363 		-39.529 		20.841
v -26.995 		-34.708 		25.517
v -13.479 		-30.553 		5.2824
v -13.4477 		-30.7106 		5.2299
v -26.504 		-35.828 		25.517
v -26.19 		-36.354 		25.517
v -13.399 		-31.671 		4.908
v -13.451 		-32.381 		4.619
v -25.363 		-39.529 		20.092
v -13.513 		-31.369 		4.619
v -26.889 		-38.075 		25.06
v -19.468 		-21.855 		13.169
v -25.002 		-39.784 		20.841
v -23.505 		-40.93 		21.538
v -30.106 		-28.672 		7.505
v -29.993 		-29.691 		6.882
v -22.035 		-21.916 		13.169
v -22.368 		-22.201 		13.169
v -30.566 		-30.389 		7.505
v -30.341 		-30.226 		7.215
v -25.002 		-39.784 		20.092
v -30.122 		-29.96 		6.975
v -24.628 		-40.02 		20.841
v -13.488 		-31.046 		4.908
v -24.628 		-40.02 		20.092
v -24.244 		-40.238 		20.841
v -22.568 		-22.294 		13.169
v -25.637 		-37.086 		25.517
v -24.244 		-40.238 		20.092
v -22.78 		-22.351 		13.169
v -29.932 		-29.364 		6.925
v -25.006 		-37.752 		25.517
v -22.999 		-22.37 		13.169
v -23.849 		-40.436 		20.841
v -23.218 		-22.349 		13.169
v -23.849 		-40.436 		20.092
v -23.446 		-40.615 		20.841
v -23.446 		-40.615 		20.092
v -13.631 		-30.755 		4.619
v -29.957 		-29.074 		7.093
v -11.271 		-34.487 		5.998
v -11.174 		-34.056 		5.998
v -11.099 		-33.621 		5.998
v -11.045 		-33.182 		5.998
v -24.867 		-36.529 		22.807
v -11.012 		-32.742 		5.998
v -23.431 		-22.29 		13.169
v -22.395 		-39.308 		25.517
v -20.906 		-39.646 		25.517
v -28.27 		-26.846 		6.246
v -24.653 		-22.796 		13.169
v -27.485 		-27.3 		6.246
v -24.902 		-23.158 		13.169
v -25.07 		-23.3 		13.169
v -28.978 		-27.193 		6.882
v -19.379 		-39.684 		25.517
v -28.834 		-26.893 		6.925
v -13.6192 		-34.4606 		5.2103
v -13.6357 		-34.5092 		5.2071
v -28.783 		-26.607 		7.093
v -21.808 		-39.483 		25.517
v -13.289 		-32.908 		5.2405
v -13.3006 		-33.0854 		5.2446
v -13.307 		-33.182 		5.2612
v -23.479 		-37.732 		22.807
v -13.3233 		-33.2642 		5.2402
v -13.3608 		-33.4528 		5.2433
v -13.5322 		-34.2047 		5.2482
v -13.5801 		-34.3457 		5.2178
v -19.99 		-39.71 		25.517
v -23.979 		-37.375 		22.807
v -13.4865 		-34.0701 		5.2763
v -27.721 		-27.673 		6.246
v -13.463 		-33.9675 		5.2518
v -13.479 		-34.048 		5.2786
v -27.939 		-28.058 		6.246
v -28.137 		-28.452 		6.246
v -28.316 		-28.856 		6.246
v -28.475 		-29.268 		6.246
v -13.386 		-33.5796 		5.2307
v -13.4149 		-33.7255 		5.2169
v -13.4224 		-33.7628 		5.2192
v -28.614 		-29.688 		6.246
v -28.732 		-30.113 		6.246
v -13.4484 		-33.8942 		5.2273
v -28.447 		-26.936 		5.826
v -13.513 		-33.237 		4.619
v -28.188 		-26.55 		5.813
v -13.807 		-34.45 		4.619
v -28.315 		-26.735 		5.977
v -22.789 		-40.851 		25.237
v -13.637 		-34.174 		4.908
v -28.537 		-28.183 		4.381
v -27.916 		-28.021 		4.842
v -13.488 		-33.56 		4.908
v -13.631 		-33.85 		4.619
v -27.418 		-27.222 		4.809
v -25.243 		-36.236 		22.219
v -25.1725 		-36.6235 		21.596
v -25.296 		-36.4828 		21.5872
v -25.172 		-36.624 		21.5961
v -21.581 		-41.148 		25.281
v -28.3315 		-26.7221 		5.998
v -28.908 		-27.742 		5.853
v -28.853 		-27.65 		5.977
v -25.809 		-35.662 		21.641
v -26.032 		-35.238 		21.641
v -25.8673 		-35.64 		21.5357
v -25.9793 		-35.4127 		21.5526
v -25.726 		-35.8613 		21.5182
v -25.7768 		-35.7852 		21.5313
v -28.8703 		-27.6378 		5.998
v -28.8664 		-27.6318 		5.998
v -25.8246 		-35.7135 		21.5436
v -14.994 		-28.369 		3.138
v -20.002 		-25.548 		12.288
v -25.3453 		-36.4266 		21.5837
v -25.359 		-36.411 		21.5728
v -28.8726 		-27.6421 		5.998
v -25.8451 		-35.6829 		21.5348
v -20.238 		-41.287 		25.329
v -25.849 		-35.677 		21.5329
v -28.8754 		-27.6487 		5.998
v -25.75 		-35.448 		22.219
v -27.485 		-27.3 		5.998
v -27.721 		-27.673 		5.998
v -11.704 		-26.747 		3.192
v -27.939 		-28.058 		5.998
v -11.3 		-27.403 		3.168
v -28.1269 		-28.432 		5.998
v -26.156 		-34.771 		21.93
v -12.25 		-27.777 		2.168
v -24.857 		-39.86 		25.156
v -29.455 		-29.023 		5.894
v -26.059 		-35.2511 		21.5646
v -26.0815 		-35.2054 		21.5576
v -26.1339 		-35.0992 		21.5244
v -26.1625 		-35.0412 		21.5193
v -29.303 		-28.613 		5.977
v -23.567 		-40.551 		25.207
v -25.467 		-23.484 		13.169
v -26.218 		-34.9286 		21.5092
v -28.511 		-29.351 		4.894
v -26.24 		-34.884 		21.5052
v -26.3069 		-34.687 		21.5816
v -25.684 		-23.521 		13.169
v -24.573 		-37.11 		21.93
v -23.326 		-38.1737 		21.5473
v -23.378 		-38.148 		21.5326
v -29.3228 		-28.6061 		5.998
v -23.7376 		-37.9075 		21.6124
v -23.581 		-37.89 		21.93
v -23.798 		-37.65 		22.219
v -11.38 		-29.784 		2.091
v -28.799 		-30.385 		4.932
v -23.9026 		-37.7971 		21.6332
v -23.515 		-38.817 		25.517
v -29.731 		-29.962 		5.977
v -26.954 		-24.324 		13.169
v -24.05 		-37.6985 		21.6035
v -24.096 		-37.524 		21.93
v -24.112 		-37.657 		21.5799
v -24.1645 		-37.611 		21.586
v -25.372 		-39.5 		25.134
v -27.226 		-24.918 		13.169
v -25.619 		-40.253 		25.894
v -11.345 		-29.921 		4.086
v -26.302 		-39.742 		25.879
v -27.101 		-24.738 		13.169
v -24.2611 		-37.5263 		21.5967
v -24.289 		-37.264 		22.219
v -11.67 		-28.958 		2.122
v -28.671 		-29.863 		4.913
v -26.323 		-38.686 		25.089
v -29.7506 		-29.9542 		5.998
v -29.7483 		-29.9473 		5.998
v -14.171 		-29.636 		3.734
v -29.7518 		-29.9588 		5.998
v -29.7527 		-29.9636 		5.998
v -14.451 		-29.093 		3.734
v -29.7533 		-29.9683 		5.998
v -14.041 		-30.097 		2.364
v -24.196 		-41.055 		25.92
v -28.137 		-28.452 		5.998
v -28.316 		-28.856 		5.998
v -14.523 		-29.08 		2.364
v -28.475 		-29.268 		5.998
v -28.614 		-29.688 		5.998
v -28.732 		-30.113 		5.998
v -28.8146 		-30.48 		5.998
v -24.3669 		-37.4335 		21.6266
v -14.754 		-28.559 		4.031
v -19.568 		-38.653 		23.999
v -29.782 		-30.702 		6.246
v -24.7525 		-37.0956 		21.5675
v -24.776 		-37.075 		21.5647
v -24.8757 		-36.9614 		21.615
v -29.002 		-32.3 		6.246
v -14.829 		-28.608 		2.364
v -24.406 		-37.3993 		21.6376
v -29.782 		-33.898 		6.246
v -24.5252 		-37.2948 		21.6292
v -29.885 		-32.941 		6.246
v -19.288 		-38.628 		24.474
v -24.6473 		-37.1878 		21.5961
v -24.5339 		-37.2872 		21.6286
v -30.644 		-30.898 		7.505
v -24.8903 		-36.9449 		21.6161
v -30.701 		-31.411 		7.505
v -25.009 		-36.652 		21.93
v -30.343 		-32.499 		6.907
v -11.517 		-27.056 		1.183
v -12.665 		-27.109 		0.196
v -12.644 		-26.682 		0.48
v -12.7103 		-27.0323 		0.2147
v -12.73 		-27.0319 		0.1988
v -12.7221 		-27.0449 		0.199
v -30.328 		-32.233 		6.882
v -12.6817 		-27.0807 		0.2029
v -24.9713 		-36.8526 		21.6223
v -30.353 		-32.034 		6.925
v -25.0876 		-36.7201 		21.6071
v -24.741 		-36.833 		22.219
v -24.9889 		-36.8325 		21.6236
v -30.453 		-31.761 		7.093
v -11.656 		-28.004 		1.743
v -11.215 		-27.602 		1.173
v -27.763 		-25.291 		13.169
v -27.976 		-25.346 		13.169
v -30.525 		-32.973 		7.215
v -30.701 		-33.189 		7.505
v -19.8905 		-22.282 		5.998
v -19.8977 		-22.2822 		5.998
v -14.363 		-27.52 		1.321
v -20.134 		-21.968 		6.888
v -14.994 		-26.853 		1.321
v -20.674 		-21.775 		7.215
v -20.89 		-21.6 		7.505
v -13.81 		-28.252 		1.321
v -30.644 		-33.701 		7.505
v -30.566 		-34.21 		7.505
v -30.236 		-34.485 		7.093
v -20.454 		-21.888 		7.025
v -24.776 		-37.075 		21.504
v -19.934 		-21.972 		6.882
v -13.228 		-29.327 		1.321
v -28.829 		-30.544 		6.246
v -19.671 		-21.929 		6.955
v -28.904 		-30.98 		6.246
v -28.958 		-31.418 		6.246
v -28.991 		-31.859 		6.246
v -28.991 		-32.742 		6.246
v -28.958 		-33.182 		6.246
v -28.904 		-33.621 		6.246
v -28.829 		-34.056 		6.246
v -15.133 		-28.077 		4.031
v -28.732 		-34.487 		6.246
v -19.432 		-21.836 		7.113
v -29.492 		-32.654 		4.512
v -29.443 		-31.628 		4.498
v -16.8 		-26.743 		3.734
v -16.521 		-26.874 		4.031
v -21.911 		-21.734 		7.505
v -28.984 		-31.735 		4.975
v -15.806 		-27.451 		3.734
v -22.366 		-22.197 		6.955
v -16.422 		-27.002 		3.585
v -22.16 		-22.045 		7.113
v -16.021 		-27.23 		4.031
v -30.0103 		-31.7686 		5.998
v -29.9991 		-31.5853 		5.998
v -28.066 		-38.161 		22.035
v -29.004 		-32.869 		4.995
v -30.0103 		-32.6555 		5.998
v -22.07 		-22.613 		6.246
v -21.122 		-22.452 		6.246
v -19.199 		-22.421 		6.246
v -20.002 		-23.3 		6.246
v -22.738 		-22.341 		6.882
v -29.9992 		-33.0166 		5.998
v -28.2253 		-38.0008 		20.841
v -28.835 		-34.278 		5.021
v -29.8459 		-34.1225 		5.998
v -28.3615 		-37.8058 		20.841
v -29.7922 		-34.4724 		5.998
v -28.171 		-36.985 		21.432
v -28.6556 		-37.3268 		20.841
v -28.896 		-30.915 		4.951
v -28.7135 		-37.2253 		20.841
v -29 		-35.188 		21.399
v -19.56 		-23.311 		6.246
v -29.9845 		-31.3605 		5.998
v -29.588 		-31.394 		5.6
v -20.443 		-23.311 		6.246
v -20.884 		-23.344 		6.246
v -28.829 		-30.544 		5.998
v -28.904 		-30.98 		5.998
v -21.322 		-23.398 		6.246
v -28.958 		-31.418 		5.998
v -21.757 		-23.473 		6.246
v -28.991 		-31.859 		5.998
v -29.002 		-32.3 		5.998
v -28.991 		-32.742 		5.998
v -28.958 		-33.182 		5.998
v -28.904 		-33.621 		5.998
v -27.5395 		-38.8857 		20.841
v -28.829 		-34.056 		5.998
v -28.732 		-34.487 		5.998
v -28.27 		-37.753 		20.092
v -27.706 		-38.533 		20.092
v -28.978 		-37.406 		19.456
v -28.857 		-37.643 		19.432
v -28.789 		-37.929 		19.289
v -28.228 		-26.616 		3.806
v -28.901 		-27.747 		3.852
v -28.781 		-38.204 		19.07
v -28.822 		-38.42 		18.833
v -27.812 		-27.835 		2.835
v -28.101 		-28.396 		2.857
v -28.195 		-39.237 		18.833
v -27.889 		-39.275 		19.148
v -27.566 		-39.4 		19.383
v -27.35 		-39.555 		19.456
# 4011 vertices

g group_0_11909273

usemtl color_11909273
s 0

f 9 	4 	3558
f 3737 	3758 	3
f 15 	439 	17
f 12 	19 	10
f 33 	27 	11
f 1279 	24 	7
f 24 	23 	27
f 27 	7 	24
f 2 	6 	1
f 1 	41 	32
f 23 	11 	27
f 11 	42 	33
f 26 	21 	34
f 31 	37 	22
f 19 	12 	4007
f 34 	22 	37
f 51 	46 	47
f 31 	32 	41
f 37 	31 	41
f 41 	1 	6
f 19 	4007 	69
f 42 	36 	35
f 35 	33 	42
f 48 	60 	52
f 58 	51 	57
f 36 	52 	35
f 60 	35 	52
f 57 	51 	56
f 3666 	62 	51
f 6 	2 	55
f 58 	61 	51
f 51 	59 	46
f 3476 	3475 	54
f 2 	45 	55
f 59 	51 	61
f 38 	70 	53
f 50 	55 	45
f 56 	51 	64
f 64 	51 	63
f 141 	44 	54
f 3077 	112 	40
f 63 	51 	62
f 40 	112 	3924
f 45 	78 	50
f 66 	73 	65
f 62 	3666 	74
f 67 	50 	78
f 67 	79 	68
f 79 	67 	78
f 94 	96 	3666
f 81 	84 	79
f 3077 	40 	72
f 69 	80 	71
f 86 	3666 	88
f 72 	77 	2736
f 71 	162 	69
f 68 	79 	84
f 74 	3666 	87
f 76 	89 	75
f 66 	75 	73
f 73 	75 	89
f 3476 	54 	44
f 85 	84 	81
f 83 	3666 	82
f 82 	3666 	95
f 95 	3666 	96
f 93 	94 	3666
f 86 	87 	3666
f 88 	3666 	83
f 81 	97 	91
f 85 	81 	91
f 90 	91 	97
f 97 	105 	90
f 20 	3974 	3972
f 98 	90 	105
f 104 	168 	581
f 3752 	102 	93
f 105 	108 	98
f 76 	106 	89
f 4 	9 	5
f 102 	3752 	101
f 9 	101 	3752
f 3752 	5 	9
f 76 	100 	106
f 107 	5 	3752
f 40 	3924 	30
f 109 	98 	108
f 99 	123 	111
f 106 	100 	111
f 113 	109 	108
f 3975 	3977 	312
f 99 	111 	100
f 116 	604 	115
f 108 	120 	113
f 111 	123 	117
f 114 	113 	120
f 134 	122 	120
f 114 	120 	122
f 123 	124 	117
f 125 	122 	134
f 129 	133 	124
f 134 	135 	125
f 14 	13 	127
f 126 	127 	13
f 18 	206 	131
f 131 	39 	18
f 104 	103 	115
f 116 	115 	103
f 135 	156 	128
f 128 	125 	135
f 127 	556 	138
f 133 	117 	124
f 71 	44 	118
f 118 	162 	71
f 140 	137 	159
f 143 	3752 	142
f 144 	3752 	148
f 142 	3752 	144
f 136 	133 	129
f 141 	118 	44
f 145 	119 	118
f 141 	145 	118
f 147 	3752 	155
f 137 	128 	156
f 196 	538 	146
f 145 	267 	119
f 148 	3752 	147
f 161 	136 	129
f 136 	161 	153
f 160 	107 	158
f 158 	3752 	143
f 305 	190 	132
f 156 	159 	137
f 150 	153 	161
f 153 	150 	157
f 162 	118 	119
f 164 	165 	26
f 22 	34 	21
f 21 	26 	165
f 119 	132 	162
f 152 	154 	3752
f 107 	3752 	158
f 155 	3752 	154
f 150 	166 	157
f 282 	581 	168
f 162 	194 	69
f 167 	166 	163
f 150 	163 	166
f 173 	177 	172
f 162 	132 	194
f 191 	179 	171
f 26 	171 	164
f 152 	1979 	176
f 190 	194 	132
f 164 	171 	179
f 163 	177 	173
f 167 	163 	173
f 115 	603 	180
f 19 	69 	194
f 146 	14 	138
f 127 	138 	14
f 104 	180 	168
f 178 	179 	191
f 115 	180 	104
f 556 	186 	138
f 556 	553 	186
f 184 	233 	188
f 131 	3749 	39
f 183 	178 	191
f 190 	25 	194
f 190 	221 	25
f 3736 	131 	121
f 178 	205 	198
f 25 	19 	194
f 201 	199 	215
f 208 	215 	199
f 215 	216 	201
f 202 	201 	216
f 216 	60 	202
f 183 	205 	178
f 38 	53 	204
f 204 	53 	49
f 198 	203 	211
f 48 	202 	60
f 204 	49 	43
f 192 	188 	229
f 205 	203 	198
f 224 	230 	385
f 1560 	1562 	43
f 192 	229 	218
f 204 	43 	220
f 209 	221 	235
f 223 	211 	203
f 219 	218 	225
f 240 	242 	207
f 258 	231 	223
f 225 	226 	219
f 222 	219 	226
f 208 	222 	226
f 222 	208 	199
f 210 	240 	207
f 141 	223 	231
f 225 	218 	229
f 210 	209 	235
f 221 	209 	10
f 10 	19 	221
f 43 	1562 	220
f 184 	181 	233
f 232 	233 	181
f 181 	172 	232
f 177 	232 	172
f 385 	392 	217
f 217 	224 	385
f 374 	385 	230
f 25 	221 	19
f 1562 	261 	220
f 229 	188 	233
f 38 	204 	261
f 261 	204 	220
f 210 	235 	240
f 1832 	70 	1840
f 230 	352 	234
f 131 	3155 	228
f 70 	3921 	3920
f 121 	131 	228
f 38 	265 	70
f 279 	235 	221
f 234 	642 	635
f 239 	236 	250
f 408 	3921 	265
f 70 	265 	3921
f 244 	343 	642
f 635 	642 	343
f 344 	358 	633
f 228 	227 	121
f 239 	250 	170
f 239 	170 	169
f 121 	227 	214
f 151 	250 	236
f 251 	393 	249
f 3920 	3921 	252
f 253 	252 	3921
f 1840 	246 	245
f 1840 	3920 	246
f 203 	258 	223
f 252 	246 	3920
f 255 	422 	433
f 353 	2949 	242
f 2964 	2806 	242
f 261 	262 	38
f 356 	247 	241
f 260 	248 	247
f 248 	260 	528
f 190 	279 	221
f 262 	261 	273
f 279 	363 	235
f 263 	262 	273
f 271 	355 	241
f 265 	262 	263
f 247 	271 	241
f 38 	262 	265
f 267 	268 	285
f 269 	270 	249
f 141 	182 	145
f 149 	145 	182
f 141 	231 	182
f 145 	274 	267
f 247 	248 	278
f 249 	270 	272
f 274 	268 	267
f 261 	1567 	273
f 276 	251 	249
f 261 	1562 	1567
f 277 	237 	271
f 276 	249 	272
f 145 	149 	274
f 363 	279 	280
f 275 	274 	149
f 271 	247 	278
f 180 	603 	284
f 271 	278 	277
f 264 	277 	278
f 195 	196 	186
f 138 	186 	196
f 146 	138 	196
f 274 	288 	283
f 275 	288 	274
f 332 	337 	286
f 256 	291 	287
f 289 	200 	193
f 288 	286 	283
f 186 	189 	195
f 200 	197 	189
f 189 	193 	200
f 277 	388 	237
f 285 	268 	354
f 197 	195 	189
f 180 	284 	282
f 180 	282 	168
f 292 	290 	336
f 285 	354 	363
f 170 	250 	3698
f 193 	553 	294
f 294 	553 	298
f 318 	319 	3960
f 280 	285 	363
f 304 	266 	281
f 3969 	3972 	322
f 322 	334 	3969
f 280 	190 	285
f 284 	603 	303
f 323 	3997 	3458
f 279 	190 	280
f 267 	305 	119
f 304 	256 	259
f 132 	119 	305
f 291 	256 	304
f 267 	285 	305
f 304 	259 	266
f 290 	301 	336
f 306 	336 	301
f 298 	307 	294
f 307 	289 	294
f 193 	294 	289
f 284 	300 	282
f 284 	303 	300
f 305 	285 	190
f 159 	321 	140
f 298 	553 	310
f 238 	308 	355
f 309 	140 	321
f 244 	243 	257
f 303 	3997 	313
f 321 	320 	309
f 314 	307 	310
f 298 	310 	307
f 300 	313 	312
f 303 	313 	300
f 318 	3960 	317
f 553 	319 	310
f 553 	3960 	319
f 334 	3394 	3969
f 311 	309 	320
f 311 	320 	315
f 313 	3997 	323
f 320 	324 	315
f 317 	326 	318
f 314 	318 	326
f 310 	319 	314
f 327 	297 	308
f 319 	318 	314
f 327 	329 	297
f 313 	322 	312
f 324 	330 	325
f 325 	316 	324
f 316 	315 	324
f 291 	304 	3694
f 313 	323 	322
f 295 	325 	330
f 301 	299 	306
f 330 	306 	295
f 295 	306 	299
f 275 	3658 	328
f 317 	3960 	331
f 331 	3960 	333
f 275 	149 	3658
f 317 	331 	326
f 283 	286 	337
f 332 	292 	337
f 336 	337 	292
f 224 	217 	352
f 335 	302 	329
f 333 	326 	331
f 302 	297 	329
f 352 	230 	224
f 346 	2450 	329
f 358 	359 	633
f 359 	373 	633
f 339 	342 	338
f 345 	668 	360
f 343 	345 	344
f 346 	329 	327
f 340 	2996 	341
f 340 	274 	283
f 244 	257 	343
f 345 	343 	257
f 274 	340 	268
f 283 	337 	340
f 161 	3564 	342
f 354 	340 	341
f 354 	268 	340
f 185 	187 	352
f 352 	212 	213
f 187 	234 	352
f 352 	217 	212
f 355 	297 	241
f 308 	297 	355
f 356 	297 	302
f 356 	241 	297
f 356 	260 	247
f 355 	237 	238
f 353 	354 	341
f 230 	633 	373
f 373 	374 	230
f 212 	217 	392
f 369 	347 	357
f 355 	271 	237
f 344 	345 	358
f 293 	362 	361
f 360 	358 	345
f 361 	362 	365
f 365 	362 	366
f 353 	363 	354
f 358 	360 	359
f 365 	366 	367
f 287 	357 	256
f 288 	275 	328
f 368 	351 	364
f 353 	242 	240
f 369 	121 	214
f 240 	235 	353
f 353 	235 	363
f 367 	366 	370
f 214 	348 	369
f 370 	366 	372
f 368 	177 	163
f 369 	348 	347
f 163 	351 	368
f 370 	350 	371
f 370 	372 	350
f 2143 	213 	413
f 380 	286 	288
f 360 	249 	375
f 251 	2185 	430
f 359 	360 	373
f 360 	375 	373
f 374 	373 	375
f 328 	380 	288
f 413 	427 	2143
f 375 	249 	386
f 375 	385 	374
f 375 	386 	385
f 384 	388 	383
f 388 	384 	395
f 238 	237 	388
f 2143 	405 	213
f 386 	249 	393
f 277 	776 	388
f 387 	3881 	382
f 385 	393 	392
f 776 	277 	264
f 386 	393 	385
f 352 	213 	405
f 440 	444 	2142
f 427 	440 	2142
f 2142 	2143 	427
f 393 	251 	403
f 403 	400 	399
f 392 	393 	399
f 403 	399 	393
f 3318 	3300 	390
f 394 	404 	398
f 388 	395 	409
f 3737 	3 	8
f 406 	391 	389
f 406 	394 	391
f 394 	406 	407
f 394 	407 	404
f 406 	411 	407
f 409 	238 	388
f 406 	412 	411
f 409 	402 	2445
f 2139 	2142 	444
f 2445 	238 	409
f 403 	251 	414
f 406 	415 	412
f 413 	400 	403
f 406 	418 	415
f 265 	419 	408
f 414 	413 	403
f 2442 	421 	406
f 265 	422 	419
f 406 	421 	418
f 265 	263 	423
f 424 	422 	423
f 265 	423 	422
f 407 	411 	2525
f 404 	407 	2577
f 415 	418 	2525
f 2496 	2525 	421
f 2477 	2496 	421
f 418 	421 	2525
f 2452 	2477 	421
f 423 	429 	424
f 2466 	426 	417
f 430 	427 	413
f 959 	967 	423
f 430 	413 	414
f 255 	433 	3986
f 3988 	3986 	435
f 433 	435 	3986
f 435 	437 	16
f 435 	16 	3988
f 15 	16 	438
f 437 	438 	16
f 438 	439 	15
f 444 	448 	2139
f 440 	427 	430
f 442 	440 	430
f 419 	255 	408
f 422 	255 	419
f 424 	435 	422
f 429 	438 	424
f 254 	408 	255
f 433 	422 	435
f 442 	2185 	446
f 435 	424 	437
f 429 	967 	439
f 2649 	471 	445
f 446 	444 	440
f 437 	424 	438
f 440 	442 	446
f 438 	429 	439
f 1221 	447 	443
f 448 	3364 	2139
f 448 	444 	446
f 455 	675 	29
f 450 	455 	29
f 740 	741 	29
f 453 	3804 	451
f 655 	3804 	453
f 674 	3804 	673
f 396 	2622 	397
f 396 	2639 	2622
f 656 	1706 	655
f 664 	1706 	656
f 644 	1706 	647
f 675 	700 	29
f 452 	459 	456
f 447 	460 	461
f 462 	2674 	431
f 459 	410 	456
f 460 	367 	370
f 2670 	428 	2673
f 460 	370 	461
f 431 	2789 	436
f 425 	2673 	428
f 447 	461 	443
f 2835 	2837 	436
f 2606 	401 	2610
f 443 	461 	370
f 443 	370 	371
f 1104 	410 	459
f 464 	463 	465
f 2610 	401 	397
f 2622 	2615 	397
f 465 	505 	464
f 443 	470 	468
f 3673 	3674 	93
f 470 	1206 	468
f 464 	471 	472
f 472 	463 	464
f 2620 	2621 	472
f 391 	394 	472
f 467 	473 	474
f 486 	463 	472
f 465 	477 	478
f 463 	486 	465
f 467 	474 	469
f 482 	483 	484
f 474 	466 	469
f 466 	479 	1224
f 474 	479 	466
f 485 	488 	482
f 472 	496 	486
f 488 	490 	491
f 491 	483 	488
f 492 	477 	486
f 465 	486 	477
f 591 	473 	467
f 248 	528 	480
f 485 	482 	487
f 486 	493 	492
f 564 	489 	480
f 482 	488 	483
f 497 	498 	496
f 486 	496 	498
f 528 	564 	480
f 480 	278 	248
f 486 	498 	493
f 496 	500 	497
f 496 	472 	394
f 496 	394 	500
f 398 	500 	394
f 2660 	502 	498
f 478 	477 	502
f 493 	498 	502
f 2643 	2660 	497
f 498 	497 	2660
f 2643 	497 	2628
f 500 	2628 	497
f 398 	2611 	500
f 527 	3621 	506
f 549 	505 	507
f 495 	494 	506
f 175 	174 	3639
f 488 	508 	509
f 488 	509 	490
f 487 	482 	510
f 511 	489 	481
f 480 	489 	511
f 2775 	2774 	505
f 523 	482 	512
f 484 	512 	482
f 523 	525 	482
f 505 	471 	464
f 511 	513 	264
f 172 	181 	3690
f 264 	278 	511
f 481 	499 	511
f 511 	503 	513
f 2779 	505 	549
f 507 	515 	516
f 495 	519 	494
f 503 	511 	499
f 507 	522 	515
f 587 	586 	516
f 520 	494 	519
f 507 	516 	586
f 507 	505 	465
f 522 	507 	478
f 465 	478 	507
f 510 	482 	525
f 233 	543 	229
f 2769 	2814 	522
f 522 	478 	2769
f 2678 	2769 	478
f 233 	518 	543
f 233 	520 	518
f 233 	494 	520
f 233 	232 	494
f 506 	494 	527
f 278 	480 	511
f 494 	232 	527
f 232 	177 	527
f 2035 	488 	485
f 177 	368 	527
f 533 	532 	534
f 521 	520 	536
f 533 	535 	532
f 519 	536 	520
f 537 	533 	534
f 519 	495 	536
f 537 	534 	293
f 361 	537 	293
f 540 	557 	539
f 542 	539 	510
f 525 	544 	510
f 544 	545 	510
f 538 	196 	531
f 436 	2837 	538
f 510 	545 	546
f 510 	546 	547
f 510 	547 	542
f 521 	550 	591
f 487 	548 	2031
f 557 	475 	548
f 487 	510 	548
f 566 	554 	552
f 564 	566 	552
f 548 	510 	557
f 3699 	521 	591
f 560 	550 	536
f 561 	557 	540
f 510 	539 	557
f 576 	550 	560
f 607 	559 	554
f 499 	481 	552
f 561 	562 	557
f 562 	563 	557
f 550 	521 	536
f 564 	481 	489
f 495 	531 	560
f 1581 	530 	565
f 549 	507 	586
f 536 	495 	560
f 982 	454 	557
f 564 	552 	481
f 495 	506 	531
f 506 	538 	531
f 195 	531 	196
f 557 	454 	475
f 582 	572 	573
f 195 	197 	531
f 560 	531 	197
f 572 	582 	563
f 582 	557 	563
f 574 	552 	554
f 573 	575 	582
f 576 	567 	568
f 377 	378 	376
f 378 	576 	376
f 554 	559 	574
f 571 	576 	570
f 577 	570 	576
f 571 	567 	576
f 578 	580 	1121
f 499 	552 	574
f 1121 	582 	584
f 578 	1121 	584
f 14 	146 	538
f 583 	582 	575
f 585 	577 	576
f 576 	560 	585
f 200 	585 	560
f 197 	200 	560
f 586 	587 	588
f 568 	376 	576
f 550 	576 	378
f 515 	522 	2814
f 982 	557 	582
f 591 	550 	378
f 579 	3978 	588
f 589 	569 	590
f 589 	590 	594
f 2841 	2870 	587
f 587 	516 	2841
f 2814 	2841 	516
f 516 	515 	2814
f 176 	1979 	175
f 174 	175 	1979
f 378 	473 	591
f 1209 	1205 	514
f 595 	594 	590
f 326 	377 	376
f 509 	508 	1979
f 532 	595 	590
f 568 	567 	326
f 314 	326 	567
f 595 	532 	535
f 596 	2562 	593
f 2497 	593 	2526
f 483 	491 	1979
f 491 	490 	1979
f 577 	585 	314
f 307 	314 	585
f 567 	571 	314
f 571 	570 	314
f 577 	314 	570
f 509 	1979 	490
f 1156 	504 	501
f 326 	376 	568
f 484 	1993 	512
f 200 	289 	585
f 289 	307 	585
f 599 	600 	2644
f 2629 	2613 	599
f 512 	1993 	523
f 525 	523 	1993
f 383 	598 	384
f 525 	1993 	544
f 546 	545 	1993
f 2661 	2644 	600
f 597 	2661 	600
f 530 	1209 	514
f 544 	1993 	545
f 1581 	1209 	530
f 1979 	2076 	483
f 598 	395 	384
f 604 	2843 	601
f 2843 	2815 	601
f 484 	483 	1993
f 809 	810 	383
f 2971 	2973 	704
f 539 	542 	1177
f 542 	547 	1177
f 547 	546 	1177
f 1993 	1177 	546
f 1557 	1554 	558
f 558 	555 	1557
f 540 	539 	1177
f 593 	610 	614
f 614 	626 	593
f 606 	609 	620
f 620 	612 	606
f 573 	572 	1177
f 612 	618 	615
f 572 	563 	1177
f 562 	1177 	563
f 573 	1177 	575
f 1559 	555 	551
f 618 	612 	621
f 620 	621 	612
f 583 	1177 	584
f 578 	584 	1177
f 620 	622 	621
f 583 	575 	1177
f 660 	623 	640
f 620 	623 	622
f 624 	234 	187
f 618 	621 	907
f 621 	622 	876
f 623 	876 	622
f 811 	651 	627
f 626 	628 	593
f 630 	629 	619
f 631 	596 	593
f 619 	569 	630
f 630 	569 	589
f 654 	599 	596
f 646 	654 	596
f 625 	624 	2277
f 628 	631 	593
f 632 	609 	606
f 230 	234 	633
f 3477 	3473 	684
f 667 	677 	627
f 677 	640 	627
f 234 	637 	642
f 609 	627 	620
f 631 	634 	596
f 640 	620 	627
f 643 	453 	451
f 644 	2313 	457
f 658 	714 	647
f 596 	634 	646
f 652 	627 	651
f 721 	650 	643
f 663 	1706 	664
f 457 	1706 	644
f 659 	383 	657
f 809 	383 	659
f 650 	656 	655
f 650 	655 	453
f 650 	453 	643
f 647 	1706 	658
f 658 	1706 	663
f 662 	649 	661
f 779 	649 	662
f 633 	635 	344
f 343 	344 	635
f 642 	641 	784
f 648 	972 	649
f 649 	779 	641
f 782 	784 	641
f 620 	640 	623
f 249 	360 	668
f 650 	664 	656
f 628 	626 	2431
f 628 	2431 	2444
f 451 	3804 	674
f 345 	257 	668
f 671 	668 	257
f 631 	628 	2444
f 2510 	677 	667
f 634 	631 	2432
f 677 	679 	680
f 654 	646 	2434
f 660 	640 	680
f 654 	2434 	2435
f 169 	3727 	296
f 677 	680 	640
f 670 	697 	653
f 677 	685 	679
f 683 	686 	668
f 2510 	2521 	677
f 697 	670 	629
f 2533 	687 	2521
f 670 	619 	629
f 677 	687 	685
f 689 	236 	239
f 688 	668 	686
f 691 	680 	690
f 660 	680 	814
f 814 	851 	660
f 862 	876 	660
f 814 	680 	691
f 680 	679 	690
f 687 	690 	685
f 679 	685 	690
f 694 	788 	236
f 249 	668 	688
f 169 	689 	239
f 689 	694 	236
f 697 	682 	653
f 706 	29 	700
f 2954 	2927 	692
f 2856 	2599 	2908
f 688 	693 	249
f 249 	693 	269
f 674 	673 	643
f 1669 	1668 	698
f 699 	852 	695
f 673 	3804 	702
f 696 	1669 	698
f 712 	700 	675
f 712 	675 	455
f 3517 	696 	698
f 707 	3804 	706
f 702 	3804 	707
f 712 	707 	706
f 712 	706 	700
f 451 	674 	643
f 665 	599 	654
f 665 	710 	600
f 710 	711 	600
f 683 	678 	1294
f 686 	683 	1294
f 647 	714 	644
f 665 	600 	599
f 753 	763 	671
f 658 	663 	714
f 711 	717 	600
f 663 	664 	714
f 264 	513 	776
f 718 	720 	671
f 717 	719 	600
f 719 	602 	600
f 720 	678 	671
f 678 	683 	671
f 683 	668 	671
f 169 	296 	689
f 715 	513 	503
f 650 	714 	664
f 669 	684 	1621
f 986 	713 	709
f 722 	689 	296
f 689 	841 	840
f 643 	716 	721
f 1625 	1616 	636
f 608 	2865 	713
f 694 	689 	840
f 681 	1621 	684
f 719 	2485 	3909
f 608 	1625 	636
f 1609 	714 	650
f 450 	449 	712
f 723 	724 	692
f 724 	725 	695
f 702 	716 	673
f 698 	1668 	1652
f 689 	722 	841
f 707 	716 	702
f 695 	725 	727
f 712 	455 	450
f 643 	673 	716
f 707 	712 	716
f 696 	1667 	1669
f 730 	731 	29
f 738 	29 	737
f 749 	29 	748
f 749 	740 	29
f 728 	2842 	729
f 755 	541 	754
f 734 	729 	732
f 724 	695 	692
f 733 	602 	719
f 756 	757 	29
f 755 	756 	29
f 738 	748 	29
f 733 	739 	602
f 741 	751 	29
f 743 	449 	29
f 449 	450 	29
f 742 	601 	602
f 730 	766 	731
f 602 	744 	742
f 736 	695 	727
f 739 	744 	602
f 787 	1621 	681
f 676 	746 	752
f 742 	747 	601
f 736 	745 	695
f 743 	29 	751
f 695 	765 	699
f 671 	752 	753
f 745 	765 	695
f 730 	29 	757
f 731 	737 	29
f 757 	756 	766
f 754 	734 	732
f 757 	766 	730
f 753 	759 	763
f 754 	732 	755
f 732 	766 	755
f 727 	1065 	736
f 671 	676 	752
f 733 	2492 	739
f 718 	671 	763
f 751 	764 	743
f 765 	703 	699
f 703 	705 	699
f 705 	708 	699
f 709 	699 	708
f 964 	699 	709
f 767 	741 	740
f 768 	704 	715
f 740 	749 	767
f 769 	767 	748
f 748 	767 	749
f 1340 	753 	752
f 977 	979 	661
f 662 	661 	672
f 1800 	764 	767
f 741 	767 	751
f 793 	762 	773
f 234 	624 	625
f 743 	764 	449
f 712 	449 	764
f 772 	2701 	774
f 776 	704 	383
f 764 	751 	767
f 234 	635 	633
f 776 	715 	704
f 234 	625 	637
f 388 	776 	383
f 715 	776 	513
f 770 	773 	3783
f 641 	642 	637
f 770 	777 	773
f 782 	641 	779
f 784 	243 	642
f 672 	671 	780
f 257 	785 	671
f 780 	779 	662
f 2712 	2705 	772
f 780 	662 	672
f 151 	236 	778
f 737 	731 	769
f 775 	535 	533
f 761 	777 	770
f 761 	778 	788
f 748 	738 	769
f 665 	654 	2435
f 761 	788 	789
f 780 	671 	783
f 761 	789 	777
f 782 	779 	780
f 3707 	3895 	665
f 783 	782 	780
f 783 	671 	785
f 782 	783 	784
f 785 	784 	783
f 243 	244 	642
f 737 	769 	738
f 978 	703 	765
f 257 	243 	785
f 784 	785 	243
f 778 	236 	788
f 769 	731 	766
f 781 	768 	1636
f 756 	755 	766
f 659 	657 	651
f 652 	651 	657
f 2973 	2967 	657
f 694 	840 	788
f 701 	691 	690
f 701 	690 	2965
f 798 	799 	627
f 811 	627 	799
f 627 	820 	800
f 627 	800 	798
f 807 	775 	792
f 954 	962 	1068
f 793 	801 	762
f 772 	2705 	2701
f 958 	905 	632
f 795 	804 	791
f 820 	627 	846
f 810 	848 	383
f 1068 	1069 	954
f 807 	535 	775
f 793 	773 	808
f 771 	2712 	772
f 862 	660 	851
f 808 	801 	793
f 701 	695 	815
f 964 	966 	699
f 799 	798 	809
f 810 	809 	798
f 800 	810 	798
f 651 	811 	659
f 811 	799 	659
f 809 	659 	799
f 777 	808 	773
f 879 	911 	1075
f 1072 	1075 	911
f 911 	928 	1072
f 808 	789 	788
f 691 	701 	814
f 815 	814 	701
f 807 	792 	816
f 791 	796 	795
f 777 	789 	808
f 795 	812 	804
f 711 	710 	2481
f 806 	812 	795
f 2481 	2485 	711
f 2900 	1269 	822
f 918 	923 	821
f 821 	795 	918
f 17 	823 	795
f 823 	918 	795
f 923 	927 	821
f 816 	594 	595
f 807 	816 	595
f 2485 	719 	717
f 595 	535 	807
f 2901 	787 	790
f 797 	878 	1062
f 2906 	790 	786
f 2492 	2499 	739
f 816 	797 	594
f 797 	883 	878
f 822 	818 	817
f 2899 	2900 	817
f 797 	630 	589
f 68 	84 	840
f 3336 	828 	829
f 797 	589 	594
f 830 	3837 	829
f 830 	833 	3837
f 834 	3837 	833
f 832 	834 	833
f 1558 	1550 	616
f 3837 	834 	835
f 835 	836 	3837
f 827 	806 	821
f 832 	831 	835
f 832 	835 	834
f 821 	845 	827
f 616 	613 	1558
f 613 	1545 	1558
f 806 	795 	821
f 837 	3837 	836
f 837 	836 	831
f 836 	835 	831
f 832 	830 	829
f 832 	829 	828
f 747 	838 	604
f 833 	830 	832
f 838 	842 	604
f 905 	892 	632
f 840 	84 	85
f 848 	861 	383
f 861 	870 	383
f 747 	604 	601
f 843 	1974 	1109
f 962 	963 	1068
f 805 	1068 	963
f 623 	660 	876
f 843 	831 	832
f 815 	695 	852
f 810 	820 	848
f 843 	1109 	831
f 1069 	1072 	928
f 928 	954 	1069
f 671 	672 	676
f 800 	820 	810
f 840 	85 	854
f 820 	846 	848
f 850 	844 	825
f 672 	979 	676
f 1616 	1614 	638
f 788 	840 	854
f 819 	746 	676
f 851 	814 	852
f 815 	852 	814
f 638 	636 	1616
f 818 	822 	853
f 855 	853 	822
f 850 	825 	869
f 846 	627 	858
f 857 	843 	832
f 859 	792 	3058
f 859 	816 	792
f 845 	2145 	827
f 870 	872 	383
f 857 	832 	847
f 821 	839 	845
f 839 	821 	825
f 825 	844 	839
f 848 	858 	861
f 848 	846 	858
f 847 	1968 	857
f 851 	863 	862
f 852 	863 	851
f 859 	860 	816
f 1133 	866 	865
f 858 	627 	867
f 383 	886 	598
f 868 	866 	1137
f 1135 	1137 	866
f 871 	1711 	1603
f 873 	383 	872
f 1137 	871 	868
f 873 	891 	383
f 726 	1635 	1638
f 598 	886 	395
f 604 	842 	849
f 890 	91 	90
f 849 	874 	604
f 860 	797 	816
f 897 	621 	876
f 863 	699 	877
f 860 	883 	797
f 875 	1069 	1068
f 861 	858 	870
f 813 	1072 	875
f 870 	858 	872
f 963 	968 	805
f 873 	872 	867
f 867 	872 	858
f 855 	1264 	882
f 876 	862 	877
f 863 	877 	862
f 882 	879 	853
f 882 	853 	855
f 886 	627 	609
f 609 	632 	886
f 91 	854 	85
f 886 	888 	627
f 874 	887 	604
f 893 	894 	632
f 889 	603 	604
f 888 	867 	627
f 887 	889 	604
f 854 	91 	890
f 886 	383 	888
f 891 	888 	383
f 878 	1058 	1062
f 880 	2042 	2049
f 935 	802 	648
f 886 	632 	894
f 880 	1054 	2058
f 808 	788 	890
f 894 	895 	395
f 886 	894 	395
f 890 	3233 	808
f 907 	621 	897
f 803 	802 	935
f 877 	699 	898
f 3233 	801 	808
f 900 	592 	899
f 903 	592 	900
f 3810 	925 	592
f 935 	805 	803
f 854 	890 	788
f 937 	938 	592
f 939 	3199 	592
f 901 	900 	899
f 873 	867 	891
f 888 	891 	867
f 968 	972 	805
f 903 	904 	592
f 937 	592 	904
f 894 	893 	895
f 892 	895 	893
f 877 	898 	897
f 877 	897 	876
f 901 	946 	900
f 892 	893 	632
f 1293 	723 	3359
f 892 	905 	895
f 1068 	805 	875
f 899 	592 	910
f 896 	947 	909
f 897 	898 	907
f 898 	966 	907
f 914 	901 	910
f 899 	910 	901
f 960 	907 	966
f 914 	913 	901
f 882 	1264 	912
f 957 	1257 	965
f 912 	911 	879
f 910 	592 	914
f 914 	592 	913
f 879 	882 	912
f 896 	537 	361
f 908 	901 	913
f 1066 	745 	736
f 935 	637 	625
f 1067 	745 	1066
f 933 	3932 	932
f 826 	869 	825
f 625 	794 	935
f 745 	1067 	765
f 826 	864 	869
f 395 	1052 	2474
f 909 	948 	2975
f 916 	3810 	915
f 917 	3810 	916
f 765 	1067 	978
f 896 	909 	537
f 915 	880 	916
f 823 	17 	441
f 439 	441 	17
f 917 	916 	908
f 2975 	792 	909
f 927 	931 	821
f 775 	909 	792
f 416 	2639 	842
f 926 	592 	925
f 913 	592 	920
f 909 	775 	533
f 838 	416 	842
f 909 	533 	537
f 917 	921 	3810
f 921 	924 	3810
f 925 	3810 	924
f 825 	821 	931
f 849 	842 	396
f 917 	908 	921
f 918 	823 	984
f 983 	984 	823
f 913 	920 	908
f 606 	919 	632
f 918 	985 	923
f 1237 	923 	985
f 984 	985 	918
f 920 	592 	926
f 934 	936 	825
f 931 	934 	825
f 908 	920 	926
f 908 	926 	925
f 908 	925 	924
f 1237 	927 	923
f 912 	1257 	930
f 936 	940 	825
f 908 	924 	921
f 2639 	396 	842
f 928 	911 	912
f 927 	1240 	931
f 930 	928 	912
f 941 	942 	826
f 1003 	1006 	395
f 991 	1003 	395
f 932 	880 	933
f 1049 	2474 	1052
f 603 	889 	955
f 919 	606 	612
f 934 	1542 	936
f 939 	592 	938
f 935 	648 	649
f 940 	936 	1543
f 1542 	1543 	936
f 938 	946 	939
f 2087 	826 	942
f 1543 	941 	940
f 946 	938 	937
f 904 	946 	937
f 903 	900 	946
f 941 	1546 	942
f 956 	944 	603
f 935 	649 	637
f 943 	946 	901
f 1546 	1549 	942
f 618 	960 	615
f 960 	996 	615
f 904 	903 	946
f 943 	901 	945
f 951 	929 	3117
f 950 	273 	949
f 950 	263 	273
f 953 	954 	928
f 909 	947 	948
f 991 	632 	919
f 930 	1257 	957
f 603 	955 	956
f 958 	632 	994
f 954 	953 	928
f 959 	950 	952
f 928 	930 	954
f 957 	954 	930
f 960 	618 	907
f 423 	950 	959
f 423 	263 	950
f 961 	395 	906
f 906 	395 	895
f 1000 	395 	961
f 994 	395 	1000
f 649 	641 	637
f 802 	803 	972
f 803 	805 	972
f 908 	945 	901
f 1008 	964 	1036
f 966 	964 	1008
f 898 	699 	966
f 852 	699 	863
f 1336 	949 	1960
f 709 	713 	964
f 965 	963 	962
f 954 	957 	962
f 965 	962 	957
f 1965 	1960 	949
f 929 	951 	896
f 429 	423 	967
f 977 	649 	972
f 648 	802 	972
f 713 	2865 	964
f 965 	1257 	969
f 979 	973 	676
f 963 	965 	968
f 969 	968 	965
f 959 	952 	976
f 959 	971 	967
f 849 	396 	397
f 895 	905 	906
f 849 	397 	874
f 969 	819 	973
f 896 	951 	947
f 397 	401 	874
f 961 	906 	958
f 958 	906 	905
f 887 	874 	401
f 959 	974 	971
f 973 	972 	968
f 973 	968 	969
f 661 	649 	977
f 819 	676 	973
f 476 	922 	975
f 980 	974 	976
f 959 	976 	974
f 972 	973 	977
f 979 	977 	973
f 1283 	922 	476
f 2491 	1044 	1043
f 976 	981 	980
f 672 	661 	979
f 1043 	1045 	2491
f 476 	975 	447
f 976 	1220 	981
f 945 	908 	970
f 983 	823 	441
f 908 	880 	970
f 1024 	1002 	2491
f 1024 	2491 	1023
f 1002 	1003 	2491
f 908 	916 	880
f 915 	933 	880
f 975 	460 	447
f 932 	885 	880
f 884 	880 	885
f 1025 	1026 	395
f 713 	986 	608
f 896 	975 	929
f 454 	982 	2114
f 1028 	1029 	615
f 896 	361 	975
f 975 	361 	365
f 988 	3837 	987
f 837 	987 	3837
f 975 	365 	367
f 3837 	988 	989
f 989 	1010 	3837
f 367 	460 	975
f 1001 	1004 	3932
f 3932 	992 	993
f 993 	1030 	3932
f 1030 	884 	3932
f 991 	994 	632
f 2606 	889 	401
f 887 	401 	889
f 997 	998 	3932
f 1001 	3932 	998
f 2606 	2668 	889
f 955 	889 	2668
f 991 	395 	994
f 992 	3932 	999
f 991 	2491 	1003
f 838 	747 	416
f 1005 	3932 	1004
f 999 	3932 	1005
f 1006 	1025 	395
f 956 	955 	425
f 1062 	1007 	1009
f 956 	425 	428
f 958 	994 	1000
f 958 	1000 	961
f 428 	944 	956
f 987 	1108 	988
f 831 	1108 	987
f 989 	988 	1108
f 797 	1062 	1009
f 1002 	1006 	1003
f 3999 	428 	2670
f 966 	1008 	996
f 966 	996 	960
f 428 	3999 	944
f 987 	837 	831
f 2668 	425 	955
f 1012 	1013 	3837
f 1011 	1012 	3837
f 1010 	1011 	3837
f 1016 	3932 	1013
f 1032 	3932 	1016
f 1018 	3932 	1017
f 997 	3932 	1018
f 1019 	1007 	1097
f 1044 	2491 	1047
f 1018 	1039 	997
f 998 	1040 	1001
f 1052 	395 	1026
f 1055 	2502 	1029
f 999 	1040 	992
f 884 	885 	3932
f 885 	932 	3932
f 1050 	1092 	2474
f 1034 	3932 	1032
f 1017 	3932 	1033
f 1035 	1039 	1033
f 1028 	615 	996
f 1035 	3932 	1034
f 1033 	3932 	1035
f 1061 	964 	1096
f 1023 	1026 	1025
f 1023 	1025 	1024
f 1007 	1019 	629
f 629 	630 	1007
f 1025 	1006 	1024
f 1002 	1024 	1006
f 630 	1009 	1007
f 1005 	1004 	1040
f 996 	1008 	1028
f 1029 	1028 	1036
f 1036 	1028 	1008
f 630 	797 	1009
f 1054 	992 	1040
f 1017 	1033 	1039
f 1018 	1017 	1039
f 1092 	1101 	2474
f 998 	997 	1039
f 1045 	1023 	2491
f 1004 	1001 	1040
f 1039 	1040 	998
f 2546 	2498 	1103
f 993 	992 	1054
f 1123 	1110 	2491
f 3048 	2597 	1041
f 1005 	1040 	999
f 1054 	1030 	993
f 1037 	2353 	902
f 2474 	1127 	2480
f 880 	884 	1054
f 1036 	964 	1061
f 1118 	1096 	2793
f 1049 	1044 	1050
f 1043 	1044 	1049
f 1030 	1054 	884
f 1117 	1063 	1012
f 1044 	1047 	1050
f 1016 	1013 	1063
f 1043 	1052 	1045
f 1049 	1052 	1043
f 1052 	1026 	1045
f 1023 	1045 	1026
f 1089 	2164 	1039
f 1029 	1061 	1055
f 1036 	1061 	1029
f 1062 	1058 	3474
f 1046 	2308 	2312
f 2312 	1051 	1046
f 1064 	813 	875
f 875 	935 	1064
f 935 	794 	1064
f 1066 	736 	1065
f 2298 	1064 	794
f 935 	875 	805
f 1075 	1074 	879
f 1067 	1066 	1312
f 813 	1064 	1071
f 1071 	1057 	1070
f 1015 	2560 	1027
f 1069 	875 	1072
f 813 	1071 	1073
f 1070 	1073 	1071
f 1073 	1074 	1075
f 1031 	2567 	2573
f 1073 	1076 	1074
f 978 	1112 	703
f 1075 	813 	1073
f 813 	1075 	1072
f 705 	1112 	1114
f 853 	879 	1074
f 1076 	1165 	853
f 1074 	1076 	853
f 818 	853 	1165
f 2590 	1042 	1048
f 1048 	1041 	2597
f 1162 	1625 	608
f 709 	708 	1158
f 709 	1158 	986
f 1080 	1079 	1078
f 1112 	978 	1308
f 1067 	1312 	1308
f 216 	1077 	1014
f 705 	1114 	1115
f 705 	703 	1112
f 1158 	708 	1160
f 1162 	608 	986
f 1081 	1773 	1082
f 1067 	1308 	978
f 967 	971 	441
f 974 	441 	971
f 980 	984 	974
f 1322 	1066 	1065
f 441 	439 	967
f 981 	1238 	980
f 441 	974 	983
f 983 	974 	984
f 984 	980 	985
f 1063 	1032 	1016
f 725 	1295 	1304
f 1089 	1039 	1035
f 725 	724 	1295
f 1047 	2491 	1090
f 1086 	1091 	3809
f 1101 	1102 	2474
f 1089 	1035 	1034
f 1103 	1116 	2546
f 1091 	1046 	1990
f 2491 	2513 	1123
f 1070 	1057 	420
f 1090 	2491 	1099
f 1102 	1113 	2474
f 1032 	1063 	1034
f 1130 	2480 	1127
f 2168 	1089 	1063
f 420 	434 	1146
f 2137 	1040 	1039
f 2137 	2141 	1040
f 1092 	1050 	1090
f 1047 	1090 	1050
f 1046 	1091 	420
f 1093 	1055 	1096
f 1061 	1096 	1055
f 2164 	2137 	1039
f 1019 	1097 	1098
f 1086 	420 	1091
f 1007 	1062 	1100
f 2141 	1054 	1040
f 1086 	434 	420
f 1086 	452 	434
f 1089 	1034 	1063
f 1107 	1111 	1106
f 2508 	1126 	2513
f 1104 	452 	1105
f 1099 	2491 	1110
f 1111 	1365 	1106
f 1124 	2513 	1126
f 1010 	989 	1108
f 1127 	2474 	1113
f 1131 	1159 	2480
f 452 	456 	1149
f 1109 	1108 	831
f 1095 	1114 	1112
f 2527 	2534 	1175
f 1161 	1175 	2538
f 2150 	1117 	1108
f 1007 	1100 	1097
f 1149 	434 	452
f 1059 	2236 	1060
f 1102 	1101 	1099
f 1090 	1099 	1101
f 1090 	1101 	1092
f 1011 	1010 	1108
f 1011 	1108 	1117
f 1096 	1103 	1093
f 1012 	1011 	1117
f 1084 	1662 	1083
f 1110 	1113 	1102
f 1110 	1102 	1099
f 1012 	1063 	1013
f 1019 	1098 	1119
f 1116 	1103 	1118
f 1096 	1118 	1103
f 452 	1086 	1105
f 1834 	1836 	1122
f 459 	452 	1104
f 3497 	1019 	1119
f 1125 	2508 	1157
f 2508 	1125 	1126
f 1122 	1836 	1864
f 1122 	1864 	1867
f 1122 	1867 	1856
f 866 	1133 	1135
f 1136 	1120 	1134
f 1120 	1138 	1134
f 871 	1137 	1139
f 1019 	3497 	1212
f 1139 	1143 	871
f 580 	1144 	1121
f 1123 	1124 	1127
f 1127 	1113 	1123
f 1110 	1123 	1113
f 1073 	1070 	1141
f 1124 	1126 	1130
f 1132 	2864 	1133
f 1120 	1121 	1144
f 1120 	1144 	1145
f 1120 	1145 	1138
f 1133 	2864 	1135
f 1135 	2891 	1137
f 1125 	1131 	1126
f 1131 	1130 	1126
f 583 	584 	582
f 1130 	1127 	1124
f 1116 	1142 	1140
f 1118 	1142 	1116
f 1263 	1152 	1151
f 1170 	1153 	2508
f 1154 	1157 	2508
f 1095 	1094 	1114
f 1149 	1146 	434
f 1114 	1094 	1115
f 1156 	3063 	504
f 420 	1146 	1128
f 1154 	1153 	1159
f 1070 	420 	1128
f 2163 	582 	1121
f 1164 	1129 	276
f 1162 	986 	1158
f 1154 	1159 	1157
f 1159 	1131 	1157
f 1125 	1157 	1131
f 1076 	1073 	1165
f 1141 	1165 	1073
f 1161 	1140 	1163
f 1142 	1163 	1140
f 1168 	1169 	1167
f 1129 	1164 	1860
f 1136 	1171 	1120
f 1164 	276 	272
f 1153 	1154 	2508
f 1115 	1160 	705
f 1171 	1185 	1120
f 708 	705 	1160
f 1094 	1160 	1115
f 1141 	1172 	1165
f 1159 	1173 	2480
f 1193 	2480 	1173
f 1399 	1174 	1166
f 1070 	1128 	1187
f 2070 	483 	2076
f 2793 	2804 	1163
f 1141 	1070 	1187
f 561 	540 	1177
f 562 	561 	1177
f 1128 	1146 	1187
f 1153 	1170 	1159
f 1197 	1146 	1149
f 1170 	1173 	1159
f 1163 	1175 	1161
f 1163 	1176 	1175
f 1151 	1150 	1156
f 1167 	1179 	1168
f 1141 	1180 	1172
f 1184 	1120 	1185
f 2645 	1183 	2508
f 1186 	1170 	2508
f 1298 	688 	686
f 1184 	1185 	1192
f 1298 	1302 	688
f 1146 	1197 	1187
f 1176 	1163 	2804
f 1120 	995 	1121
f 1181 	1189 	1183
f 1189 	1188 	1183
f 1186 	1183 	1188
f 1188 	1193 	1186
f 1170 	1186 	1193
f 1166 	1151 	1156
f 995 	2163 	1121
f 1166 	1174 	1151
f 1196 	1180 	1187
f 1141 	1187 	1180
f 1174 	1182 	1151
f 1181 	1190 	1189
f 1173 	1170 	1193
f 1194 	1175 	1195
f 1176 	1195 	1175
f 1204 	1210 	1184
f 1197 	1201 	1202
f 1190 	1181 	1198
f 1192 	1204 	1184
f 1205 	1199 	517
f 1412 	1198 	1181
f 1184 	1167 	1021
f 1208 	1201 	1197
f 443 	468 	1221
f 1196 	1187 	1202
f 1187 	1197 	1202
f 517 	526 	1205
f 1179 	1167 	1210
f 1167 	1184 	1210
f 2453 	763 	759
f 1205 	526 	524
f 1197 	1149 	2915
f 1213 	1214 	2915
f 1420 	1088 	1087
f 1197 	2915 	1214
f 1215 	1203 	1191
f 1205 	524 	514
f 1087 	1088 	1218
f 1197 	1214 	1208
f 3543 	1203 	1215
f 1218 	976 	1087
f 952 	1087 	976
f 1178 	1215 	1191
f 1178 	1207 	1215
f 976 	1218 	1220
f 3056 	1151 	3057
f 1400 	682 	1207
f 1218 	1223 	1220
f 1219 	1245 	2935
f 1180 	1196 	1222
f 2928 	2935 	1245
f 2899 	817 	1172
f 1222 	2899 	1180
f 3148 	1222 	1196
f 3148 	1202 	3146
f 1202 	3148 	1196
f 3021 	3146 	1201
f 1208 	3021 	1201
f 1214 	3021 	1208
f 1213 	3018 	1214
f 1219 	3016 	1213
f 1206 	1310 	468
f 1215 	1207 	682
f 1218 	1427 	1225
f 1538 	1225 	1427
f 1215 	682 	697
f 1218 	1225 	1223
f 3056 	1155 	1151
f 1261 	1226 	1228
f 1227 	1228 	1226
f 3497 	3543 	1212
f 1225 	1242 	1223
f 1538 	1540 	1225
f 1231 	1211 	1230
f 1226 	1211 	1231
f 1229 	1230 	1211
f 1226 	1261 	1217
f 3054 	1199 	1155
f 1226 	1217 	1216
f 410 	1224 	479
f 1205 	1155 	1199
f 1211 	1226 	1216
f 1209 	1155 	1205
f 1231 	1234 	1226
f 410 	1104 	1224
f 1232 	1019 	1212
f 1283 	476 	447
f 1226 	1234 	1227
f 1212 	3543 	1232
f 1232 	629 	1019
f 1236 	1150 	1152
f 1236 	1152 	1519
f 2915 	1149 	1235
f 927 	1237 	1238
f 1221 	1283 	447
f 1238 	1240 	927
f 1240 	1242 	931
f 1038 	1239 	1211
f 1232 	1215 	697
f 1220 	1240 	981
f 1243 	1229 	1211
f 1244 	1248 	1155
f 1248 	1253 	1155
f 1241 	1527 	1244
f 1237 	980 	1238
f 985 	980 	1237
f 1246 	1243 	1211
f 1246 	1211 	1239
f 468 	1314 	1221
f 1232 	697 	629
f 1249 	1246 	1239
f 1238 	981 	1240
f 1527 	1248 	1244
f 1250 	1251 	1252
f 1240 	1220 	1242
f 1253 	1256 	1155
f 1258 	1151 	1256
f 1254 	1250 	1252
f 1247 	2910 	1245
f 1239 	1167 	1249
f 1255 	1249 	1167
f 1169 	1255 	1167
f 1155 	1256 	1151
f 1253 	1532 	1256
f 1151 	1258 	1263
f 819 	969 	1257
f 1532 	1258 	1256
f 1262 	3179 	1260
f 1257 	912 	1264
f 1258 	1536 	1263
f 1259 	1265 	1260
f 1261 	1266 	1267
f 855 	822 	1264
f 1536 	1519 	1152
f 1536 	1152 	1263
f 1261 	1228 	1266
f 1270 	1265 	1259
f 1259 	1271 	1270
f 1268 	1251 	1250
f 1275 	1261 	1273
f 1261 	1275 	1276
f 1264 	822 	1269
f 3149 	1269 	1274
f 1261 	1267 	1273
f 1268 	7 	1251
f 1206 	470 	1286
f 1272 	3020 	1277
f 3017 	1277 	3020
f 1285 	3350 	1284
f 1345 	753 	1340
f 1288 	3336 	1285
f 1284 	3350 	1299
f 1261 	1343 	1282
f 1289 	3336 	1288
f 1094 	1158 	1160
f 1094 	1162 	1158
f 1217 	1261 	1290
f 1282 	1059 	1060
f 1323 	819 	1257
f 1295 	724 	1293
f 724 	723 	1293
f 1299 	3350 	1297
f 1296 	1297 	3350
f 1325 	1317 	3350
f 1261 	1282 	1290
f 1290 	2235 	1217
f 725 	1304 	1301
f 1319 	3350 	1306
f 1299 	1297 	1307
f 1282 	1060 	1290
f 1287 	1300 	1257
f 1288 	1285 	1338
f 1285 	1284 	1338
f 1299 	1307 	1284
f 1338 	1284 	1307
f 1060 	2236 	1290
f 1310 	1311 	1313
f 1355 	1306 	1305
f 1309 	1257 	1300
f 1296 	3350 	1318
f 1317 	1318 	3350
f 1319 	1321 	3350
f 1321 	1331 	3350
f 1320 	1257 	1309
f 1315 	1319 	1306
f 1221 	1314 	1303
f 1322 	1312 	1066
f 1313 	1324 	1310
f 1332 	819 	1323
f 1324 	1372 	1310
f 1310 	1373 	1314
f 1315 	1321 	1319
f 1322 	1095 	1312
f 1312 	1095 	1308
f 1328 	1369 	1325
f 1330 	1333 	1329
f 1327 	1329 	1333
f 1328 	3350 	1331
f 1325 	3350 	1328
f 1323 	1257 	1320
f 1369 	1328 	1331
f 1331 	1321 	1369
f 1315 	1369 	1321
f 752 	746 	902
f 1332 	746 	819
f 1065 	1301 	1322
f 1206 	1286 	1310
f 950 	1336 	952
f 727 	725 	1301
f 1355 	1305 	1334
f 1065 	727 	1301
f 1351 	1350 	1291
f 1337 	1307 	1297
f 1316 	1358 	1333
f 1337 	1338 	1307
f 468 	1310 	1314
f 1327 	1333 	1326
f 1339 	1326 	1333
f 1339 	1333 	1341
f 1350 	1349 	1286
f 1095 	1112 	1308
f 1342 	1343 	1276
f 1261 	1276 	1343
f 1338 	1289 	1288
f 1344 	1343 	1342
f 1338 	1392 	1292
f 1387 	1292 	1392
f 1338 	1292 	1289
f 1311 	1310 	1346
f 1310 	1286 	1346
f 1343 	1344 	1347
f 1323 	1320 	1031
f 1722 	1291 	1631
f 1318 	1337 	1296
f 1291 	1286 	470
f 1348 	1343 	1347
f 1349 	1346 	1286
f 2468 	1340 	752
f 1286 	1291 	1350
f 1332 	1323 	1037
f 1291 	470 	1631
f 1107 	1301 	1304
f 1332 	1037 	902
f 1332 	902 	746
f 1291 	1352 	1351
f 1354 	1291 	1353
f 1352 	1291 	1354
f 1722 	1769 	1291
f 1315 	1306 	1355
f 1283 	1221 	1303
f 1293 	1107 	1295
f 1107 	1304 	1295
f 1297 	1296 	1337
f 1318 	1369 	1337
f 1356 	1264 	1568
f 1322 	1301 	1107
f 1106 	1322 	1107
f 1359 	1360 	1358
f 1322 	1106 	1095
f 2314 	1337 	2323
f 1333 	1358 	1341
f 1360 	1341 	1358
f 1264 	1356 	1361
f 1337 	2314 	1338
f 1377 	1303 	1314
f 1487 	1111 	1481
f 1364 	1366 	1363
f 1348 	1362 	1343
f 1368 	1370 	1095
f 1095 	1106 	1368
f 1365 	1368 	1106
f 1365 	1111 	1487
f 1361 	1367 	1264
f 1314 	1379 	1377
f 1094 	1095 	1371
f 1370 	1371 	1095
f 1257 	1264 	1287
f 1364 	1359 	1366
f 1365 	1490 	1368
f 1358 	1366 	1359
f 1287 	1264 	1367
f 1490 	1370 	1368
f 1315 	1355 	1357
f 1371 	1374 	1094
f 1379 	1314 	1373
f 1373 	1310 	1372
f 1366 	1059 	1282
f 1317 	1369 	1318
f 1282 	1343 	1366
f 1371 	1495 	1374
f 1361 	1042 	1367
f 1857 	1860 	1164
f 1317 	1325 	1369
f 1857 	1164 	272
f 1357 	1369 	1315
f 1363 	1366 	1362
f 1366 	1343 	1362
f 1303 	1377 	1378
f 1356 	1041 	1048
f 1361 	1356 	1048
f 1361 	1048 	1042
f 1380 	1376 	1375
f 580 	578 	1177
f 1381 	1382 	1303
f 1287 	1367 	1042
f 1355 	2331 	1357
f 1381 	1303 	1378
f 1144 	1177 	1145
f 1271 	1303 	1384
f 1259 	1303 	1271
f 1382 	1384 	1303
f 1493 	1145 	1177
f 1144 	580 	1177
f 1168 	1493 	1169
f 1179 	1493 	1168
f 1027 	2560 	1300
f 1380 	1385 	1383
f 3336 	1396 	1397
f 1397 	1389 	3336
f 2560 	1309 	1300
f 1380 	1386 	1385
f 1138 	1493 	1134
f 1380 	1375 	1732
f 1493 	1138 	1145
f 2567 	1320 	2564
f 1289 	1292 	3336
f 2590 	1287 	1042
f 1179 	1210 	1493
f 1353 	3804 	1354
f 1393 	3336 	1387
f 1292 	1387 	3336
f 1300 	1287 	1015
f 1134 	1493 	1136
f 1027 	1300 	1015
f 1346 	1349 	1706
f 1311 	1346 	1706
f 1313 	1311 	1388
f 1372 	1324 	1388
f 1389 	1390 	3336
f 828 	3336 	1390
f 1309 	2564 	1320
f 693 	2384 	269
f 1136 	1493 	1171
f 1171 	1493 	1185
f 1185 	1493 	1192
f 1287 	2591 	1015
f 1204 	1192 	1493
f 1210 	1204 	1493
f 1349 	1350 	1706
f 1351 	1706 	1350
f 1390 	1391 	828
f 832 	828 	1391
f 2405 	1298 	686
f 1323 	1031 	1037
f 1706 	1351 	1352
f 1354 	1706 	1352
f 1389 	1391 	1390
f 1320 	2567 	1031
f 1255 	1169 	1493
f 1287 	2590 	2591
f 2201 	1255 	1493
f 847 	1391 	1398
f 1230 	1229 	2206
f 1313 	1388 	1324
f 1400 	1278 	1281
f 1388 	1311 	1706
f 1394 	3336 	1393
f 1394 	1395 	3336
f 1396 	3336 	1395
f 682 	1400 	1281
f 2201 	2203 	1255
f 1249 	2206 	1246
f 1243 	1246 	2206
f 1229 	1243 	2206
f 653 	682 	1281
f 1388 	1888 	1373
f 1382 	1381 	1888
f 1392 	1394 	1393
f 1372 	1388 	1373
f 1272 	1575 	1583
f 1249 	1255 	2206
f 2203 	2204 	1255
f 1387 	1392 	1393
f 1272 	1583 	1584
f 1234 	2206 	1227
f 2206 	1231 	1230
f 1379 	1373 	1888
f 1378 	1377 	1888
f 1391 	1397 	1398
f 1400 	1512 	1278
f 1377 	1379 	1888
f 1378 	1888 	1381
f 1395 	1398 	1396
f 1396 	1398 	1397
f 1399 	1401 	1269
f 1395 	1394 	1398
f 1231 	2206 	1234
f 1752 	1386 	1732
f 1392 	1398 	1394
f 1273 	1267 	2206
f 1777 	1873 	1752
f 1266 	2206 	1267
f 1228 	2206 	1266
f 1227 	2206 	1228
f 1401 	1399 	1166
f 1391 	847 	832
f 1275 	1273 	2206
f 1271 	3583 	1270
f 1275 	2685 	1276
f 1397 	1391 	1389
f 1584 	1269 	1272
f 1276 	2685 	1342
f 1342 	2685 	1344
f 1401 	1406 	1269
f 1336 	1420 	952
f 1336 	1233 	1420
f 1344 	2685 	1347
f 2685 	1363 	1362
f 1233 	1336 	1960
f 1425 	1415 	2662
f 1414 	2662 	1415
f 1362 	1348 	2685
f 950 	949 	1336
f 1402 	1407 	1424
f 1348 	1347 	2685
f 1380 	1468 	1403
f 1329 	1327 	2685
f 1418 	2614 	1198
f 1326 	2685 	1327
f 2598 	2601 	1429
f 2601 	2527 	1422
f 1421 	1408 	1407
f 1408 	1421 	3407
f 952 	1420 	1087
f 1341 	2685 	1339
f 1360 	1359 	2685
f 1339 	2685 	1326
f 1412 	1411 	1418
f 1360 	2685 	1341
f 1415 	1419 	1414
f 1418 	1411 	1419
f 1088 	1420 	1233
f 1364 	2685 	1359
f 1363 	2685 	1364
f 1414 	1419 	1411
f 1424 	1403 	1402
f 2367 	1410 	1409
f 1412 	1418 	1198
f 2685 	2692 	1329
f 1194 	1195 	1200
f 1424 	1407 	1408
f 1088 	1233 	1417
f 1422 	1200 	1423
f 1423 	1200 	1195
f 1233 	1434 	1417
f 2060 	2073 	1417
f 2073 	1427 	1417
f 1218 	1088 	1417
f 1427 	1218 	1417
f 1419 	1425 	1428
f 1433 	2438 	1432
f 1426 	1428 	1425
f 1415 	1425 	1419
f 1960 	1431 	1233
f 1424 	2328 	2324
f 1422 	1430 	1429
f 1423 	1430 	1422
f 1417 	1434 	2948
f 2709 	1439 	1440
f 1441 	2715 	1440
f 1340 	2468 	2459
f 1403 	1424 	1376
f 1450 	2654 	1446
f 2459 	1345 	1340
f 1435 	1442 	1277
f 1444 	1376 	1424
f 1426 	2654 	1450
f 1403 	1376 	1380
f 1437 	1436 	1432
f 2423 	1433 	2414
f 1452 	2608 	1455
f 1468 	1407 	1402
f 1442 	1451 	1272
f 1421 	1407 	1468
f 2415 	2416 	1447
f 1432 	2438 	1458
f 2377 	720 	718
f 1457 	1272 	1451
f 1460 	2252 	1463
f 2604 	1461 	1462
f 1462 	1502 	2604
f 2438 	1460 	1458
f 1421 	1465 	1438
f 1467 	3160 	1466
f 3160 	1437 	1466
f 688 	1302 	2381
f 1468 	1402 	1403
f 1455 	2608 	1470
f 2381 	693 	688
f 1458 	1460 	1466
f 1466 	1437 	1458
f 1432 	1458 	1437
f 1471 	1416 	1454
f 1463 	1467 	1460
f 2693 	2700 	1503
f 1465 	1421 	1473
f 1467 	1466 	1460
f 1468 	1473 	1421
f 1469 	1448 	1472
f 1449 	1472 	1448
f 1468 	1475 	1473
f 1454 	1413 	1476
f 1413 	1409 	1476
f 1468 	1478 	1475
f 1442 	1272 	1277
f 1480 	2265 	2446
f 1383 	1478 	1380
f 1468 	1380 	1478
f 1463 	1477 	1467
f 1479 	1467 	1477
f 1457 	1575 	1272
f 1279 	1278 	1512
f 1477 	2232 	1479
f 1476 	1482 	1483
f 1469 	1472 	1480
f 2405 	686 	1294
f 1472 	2341 	1480
f 1439 	1462 	1440
f 1440 	1461 	1441
f 1452 	1446 	1453
f 1486 	1820 	1619
f 1486 	1619 	1485
f 1441 	1461 	1445
f 1445 	1464 	1443
f 1443 	1464 	1446
f 1488 	1365 	1487
f 1488 	1490 	1365
f 1476 	1489 	1482
f 1426 	1456 	1428
f 1490 	1491 	1370
f 2377 	2433 	720
f 1371 	1370 	1492
f 1491 	1492 	1370
f 1499 	1506 	1536
f 1534 	1532 	1499
f 1492 	1495 	1371
f 1455 	1470 	1446
f 1455 	1446 	1452
f 1470 	1459 	1446
f 1450 	1446 	1459
f 1426 	1450 	1456
f 1461 	1440 	1462
f 1471 	1454 	1483
f 1476 	1483 	1454
f 1453 	1446 	1464
f 1464 	1445 	1461
f 1459 	1456 	1450
f 2206 	2207 	1275
f 1474 	1429 	1430
f 1476 	1409 	1497
f 1487 	1473 	1488
f 1473 	1475 	1490
f 1383 	1491 	1478
f 1478 	1490 	1475
f 1484 	1474 	1430
f 1383 	1385 	1495
f 1488 	1473 	1490
f 1490 	1478 	1491
f 1476 	1497 	1499
f 1489 	1476 	1499
f 1491 	1383 	1492
f 1439 	2709 	1500
f 1492 	1383 	1495
f 2710 	1574 	2709
f 1498 	1505 	1280
f 1497 	1506 	1499
f 1409 	1410 	1515
f 1505 	1507 	1280
f 1507 	1508 	1280
f 1497 	1409 	1515
f 1510 	1277 	1280
f 1497 	1513 	1506
f 1514 	2799 	1537
f 1439 	1500 	1462
f 1502 	1462 	1500
f 1510 	1280 	1508
f 1510 	1435 	1277
f 1503 	1474 	1514
f 1484 	1514 	1474
f 1516 	1513 	1515
f 1497 	1515 	1513
f 1498 	551 	555
f 1498 	555 	1505
f 1417 	2948 	2060
f 1579 	2604 	1564
f 1500 	2709 	1517
f 1517 	2709 	1521
f 1518 	1236 	1519
f 1431 	1957 	1233
f 1518 	1522 	1236
f 1251 	1520 	1587
f 1241 	1405 	1526
f 1233 	1957 	1434
f 1573 	2709 	1574
f 1526 	1527 	1241
f 1248 	1527 	1528
f 1573 	1561 	2709
f 1548 	1531 	2709
f 1253 	1248 	1530
f 1528 	1530 	1248
f 1521 	2709 	1531
f 1530 	1532 	1253
f 1435 	1510 	530
f 1533 	1553 	2604
f 1532 	1534 	1258
f 1435 	530 	514
f 1442 	1435 	514
f 1534 	1536 	1258
f 514 	524 	1442
f 1451 	1442 	524
f 1521 	1523 	1517
f 1523 	1502 	1517
f 1500 	1517 	1502
f 526 	1451 	524
f 1503 	1514 	1524
f 1457 	1451 	526
f 7 	1520 	1251
f 2730 	1518 	1516
f 1536 	1513 	1519
f 1471 	1483 	1528
f 1483 	1482 	1530
f 1482 	1489 	1532
f 1489 	1499 	1532
f 1513 	1536 	1506
f 1516 	1519 	1513
f 517 	1457 	526
f 1531 	1533 	1523
f 1531 	1523 	1521
f 1525 	1520 	27
f 1519 	1516 	1518
f 1868 	1525 	27
f 1457 	517 	1199
f 1535 	1524 	1537
f 1514 	1537 	1524
f 27 	1520 	7
f 1579 	1580 	2604
f 1404 	1895 	1405
f 1540 	934 	1242
f 931 	1242 	934
f 1526 	1896 	1527
f 1540 	1542 	934
f 1527 	1471 	1528
f 1530 	1528 	1483
f 1532 	1530 	1482
f 501 	1401 	1156
f 941 	1543 	1544
f 1406 	1401 	501
f 1544 	1546 	941
f 1534 	1499 	1536
f 1548 	2709 	1547
f 501 	1588 	1406
f 1401 	1166 	1156
f 1553 	1564 	2604
f 1223 	1242 	1220
f 1538 	2079 	1544
f 1585 	1596 	2734
f 1537 	2799 	1556
f 1547 	1553 	1548
f 1553 	1533 	1548
f 1531 	1548 	1533
f 1242 	1225 	1540
f 1540 	1538 	1542
f 1542 	1538 	1543
f 1555 	1535 	1556
f 1537 	1556 	1535
f 1543 	1538 	1544
f 555 	1559 	1557
f 1505 	555 	558
f 1544 	2079 	1546
f 1582 	1594 	1899
f 1505 	558 	1507
f 1554 	1507 	558
f 1577 	1508 	1507
f 1577 	1507 	1554
f 1510 	1508 	565
f 1547 	2709 	1561
f 530 	1510 	565
f 1560 	1572 	1562
f 565 	1508 	1577
f 1580 	1582 	1899
f 1563 	1264 	1269
f 1264 	1563 	1568
f 2733 	2734 	1596
f 1556 	2805 	1566
f 1586 	2805 	1597
f 1564 	1553 	1561
f 1547 	1561 	1553
f 1555 	1566 	1565
f 1556 	1566 	1555
f 1571 	1562 	1572
f 1041 	1356 	1568
f 3379 	1683 	1570
f 1574 	2710 	1576
f 1578 	1575 	1457
f 3965 	1551 	1550
f 1567 	1562 	1571
f 1607 	2728 	1596
f 1584 	1399 	1269
f 1566 	2805 	1586
f 1577 	1581 	565
f 1574 	1576 	1580
f 1580 	1579 	1574
f 1573 	1574 	1579
f 1252 	1251 	1587
f 1552 	1581 	1577
f 1520 	1525 	1587
f 1576 	1582 	1580
f 1269 	1406 	1588
f 1564 	1561 	1579
f 1573 	1579 	1561
f 1587 	1591 	2119
f 1566 	1585 	1565
f 1590 	1567 	1571
f 1554 	1552 	1577
f 1566 	1586 	1585
f 1563 	1269 	1588
f 1576 	2710 	1592
f 1457 	1199 	1578
f 1252 	1587 	2119
f 1604 	1899 	1594
f 1209 	1552 	1155
f 1567 	1590 	1595
f 1587 	1525 	1633
f 1581 	1552 	1209
f 1587 	1633 	1541
f 1611 	1654 	1504
f 1575 	3057 	1583
f 1576 	1592 	1582
f 1594 	1582 	1592
f 1541 	1591 	1587
f 1585 	1597 	1596
f 1593 	1539 	1589
f 1586 	1597 	1585
f 1600 	1589 	1599
f 1606 	1599 	1589
f 1604 	1594 	1601
f 1593 	1589 	1613
f 1622 	1593 	1613
f 1611 	1094 	1682
f 1692 	1694 	1610
f 3057 	1584 	1583
f 1592 	1601 	1594
f 1600 	1613 	1589
f 1622 	1626 	1593
f 3054 	3056 	1578
f 2129 	1607 	1597
f 27 	33 	1868
f 721 	1609 	650
f 1617 	1609 	721
f 1588 	504 	3063
f 669 	1621 	1612
f 3063 	1563 	1588
f 1623 	1624 	1598
f 714 	1609 	1620
f 23 	1833 	11
f 1626 	1627 	1593
f 1627 	1628 	1593
f 1598 	1593 	1628
f 1623 	1598 	1628
f 1630 	1619 	1629
f 1598 	1629 	1619
f 1616 	1611 	1614
f 1624 	1629 	1598
f 721 	716 	1617
f 1614 	1611 	1504
f 1525 	1608 	1633
f 1630 	1637 	1619
f 726 	1638 	1545
f 1636 	574 	1634
f 1775 	1494 	1619
f 1632 	1634 	559
f 1932 	1501 	1509
f 1603 	1612 	1621
f 1603 	1615 	1612
f 1598 	1619 	1529
f 1602 	1665 	1603
f 1606 	1589 	1650
f 1655 	990 	1632
f 1603 	1665 	1615
f 1641 	1642 	1643
f 1639 	1932 	1643
f 3361 	1511 	1647
f 1650 	1589 	3361
f 1550 	1610 	3965
f 611 	1646 	1645
f 1605 	1606 	1650
f 1647 	1650 	3361
f 551 	1652 	1559
f 1657 	1658 	1647
f 1656 	1632 	617
f 1655 	1632 	1656
f 1663 	1659 	1661
f 1663 	1664 	1659
f 1647 	1659 	1664
f 1685 	1662 	1084
f 1558 	1610 	1550
f 3516 	1615 	1665
f 3516 	1665 	1667
f 1657 	1647 	1664
f 1611 	1625 	1162
f 1666 	666 	1646
f 1611 	1616 	1625
f 1658 	1670 	1647
f 1670 	1671 	1647
f 1671 	1650 	1647
f 1610 	1638 	1635
f 1685 	1648 	1662
f 1545 	1638 	1610
f 1671 	1672 	1650
f 1602 	1652 	1668
f 1610 	1635 	1611
f 1511 	1570 	1659
f 1635 	1654 	1611
f 1610 	1558 	1545
f 1659 	1647 	1511
f 1672 	1605 	1650
f 1677 	1681 	1094
f 1637 	1675 	1619
f 1485 	1619 	1675
f 1681 	1682 	1094
f 1374 	1677 	1094
f 1651 	1676 	1653
f 1656 	1679 	1655
f 1737 	1748 	1659
f 1660 	1659 	1680
f 1661 	1659 	1660
f 1678 	1680 	1659
f 1611 	1162 	1094
f 1667 	696 	3516
f 1677 	1374 	1496
f 1495 	1496 	1374
f 1570 	1683 	1659
f 1682 	1684 	1611
f 1686 	1687 	1611
f 1684 	1686 	1611
f 1602 	1667 	1665
f 1777 	1682 	1681
f 1668 	1669 	1602
f 1687 	1689 	1610
f 1610 	1611 	1687
f 1684 	1784 	1686
f 1685 	1084 	1085
f 1669 	1667 	1602
f 1689 	1692 	1610
f 1683 	1737 	1659
f 1679 	1674 	2047
f 1687 	1843 	1689
f 1843 	1692 	1689
f 1617 	1702 	1609
f 1696 	3965 	1694
f 1691 	1736 	1683
f 1692 	1846 	1694
f 1711 	1716 	1603
f 1602 	1603 	1716
f 3379 	1691 	1683
f 1696 	1694 	1848
f 1846 	1848 	1694
f 1724 	1728 	1602
f 1700 	1701 	1699
f 1698 	1699 	1701
f 3979 	1696 	245
f 1697 	1552 	1554
f 1554 	1557 	1697
f 1703 	1690 	1704
f 1705 	1700 	1699
f 1557 	1559 	1697
f 1559 	1652 	1697
f 1707 	1704 	1690
f 1695 	781 	1693
f 1652 	1602 	1697
f 1690 	1703 	1708
f 1695 	768 	781
f 1716 	1721 	1602
f 1721 	1724 	1602
f 1384 	1382 	1888
f 1708 	1709 	1690
f 1709 	1710 	1690
f 1688 	1690 	1710
f 1712 	1634 	1632
f 1713 	1688 	1710
f 871 	1143 	1711
f 1715 	1698 	1701
f 24 	1279 	1512
f 1632 	990 	1712
f 1716 	1711 	1900
f 1897 	1900 	1711
f 1712 	781 	1634
f 1718 	1720 	1719
f 1697 	1602 	1728
f 1728 	1730 	1697
f 1155 	1552 	1244
f 1719 	1375 	1376
f 1716 	1900 	1721
f 1901 	1721 	1900
f 1375 	1719 	1720
f 1730 	1733 	1697
f 1552 	1697 	1733
f 1721 	1901 	1724
f 1905 	1724 	1901
f 1725 	1726 	1727
f 1733 	1735 	1552
f 1728 	1724 	1905
f 1729 	1688 	1713
f 1735 	1241 	1552
f 1241 	1244 	1552
f 1723 	1702 	1617
f 1744 	1731 	1688
f 1909 	1730 	1728
f 1732 	1375 	1720
f 1733 	1730 	1909
f 1734 	1731 	1725
f 1912 	1735 	1733
f 1731 	1741 	1742
f 1731 	1742 	1726
f 1731 	1726 	1725
f 1740 	1737 	1739
f 1736 	1763 	1737
f 1743 	1688 	1738
f 1729 	1738 	1688
f 1912 	1404 	1735
f 1735 	1404 	1241
f 1688 	1743 	1744
f 1737 	1740 	1745
f 1737 	1745 	1747
f 1731 	1744 	1741
f 1748 	1737 	1749
f 1673 	1685 	1085
f 1751 	1749 	1737
f 1725 	1722 	1734
f 1380 	1732 	1386
f 1754 	1755 	1725
f 1678 	1659 	1753
f 1753 	1659 	1748
f 1757 	1722 	1755
f 712 	1758 	716
f 1737 	1747 	1751
f 1727 	1754 	1725
f 1683 	1736 	1737
f 1617 	716 	1758
f 1673 	1651 	1685
f 1732 	1759 	1752
f 1673 	1676 	1651
f 1758 	1717 	1714
f 1685 	1651 	1648
f 1760 	1720 	1718
f 1714 	1617 	1758
f 1725 	1755 	1722
f 1732 	1720 	1760
f 712 	764 	1717
f 1717 	1758 	712
f 1732 	1760 	1761
f 1732 	1761 	1759
f 1739 	1737 	1763
f 1760 	1765 	1761
f 1762 	1750 	1746
f 1722 	1757 	1769
f 1760 	1770 	1765
f 1766 	1767 	1691
f 1771 	1772 	1691
f 1772 	1799 	1691
f 1762 	1768 	1774
f 1082 	1773 	1764
f 1723 	1931 	1702
f 1353 	1291 	1769
f 1691 	1767 	1736
f 1818 	1770 	1760
f 1944 	1935 	3433
f 1777 	1778 	1682
f 1756 	1750 	1774
f 1762 	1774 	1750
f 1775 	1779 	1781
f 1780 	1782 	1736
f 1684 	1682 	1783
f 1778 	1783 	1682
f 1767 	1780 	1736
f 1762 	1786 	1768
f 1783 	1784 	1684
f 1785 	1776 	1781
f 1787 	1776 	1785
f 1775 	1781 	1776
f 1736 	1782 	1763
f 1686 	1784 	1789
f 1698 	1715 	1790
f 1762 	1791 	1786
f 1792 	1776 	1787
f 1770 	1789 	1765
f 3442 	3426 	1762
f 1771 	1691 	1790
f 1698 	1790 	1691
f 1762 	1943 	1793
f 1783 	1778 	1759
f 1386 	1752 	1871
f 1761 	1783 	1759
f 1789 	1784 	1761
f 1794 	1795 	1796
f 1794 	1796 	1797
f 1794 	1797 	1798
f 1766 	1691 	1799
f 1800 	1788 	1717
f 1752 	1759 	1777
f 1795 	1801 	1796
f 1762 	1793 	1791
f 1778 	1777 	1759
f 1783 	1761 	1784
f 1802 	1773 	1081
f 1800 	767 	1788
f 1805 	1795 	1792
f 3451 	3460 	1793
f 3433 	3451 	1944
f 1793 	1944 	3451
f 1800 	1717 	764
f 1804 	1806 	1718
f 1801 	1795 	1805
f 1764 	1651 	1653
f 1776 	1792 	1795
f 1812 	1806 	43
f 43 	49 	1813
f 1802 	1081 	1129
f 49 	53 	1813
f 1813 	1812 	43
f 1794 	1798 	1814
f 1794 	1814 	1815
f 1830 	1788 	1816
f 1129 	1860 	1802
f 1649 	1644 	1795
f 1818 	1806 	1812
f 1815 	1707 	1794
f 1690 	1794 	1707
f 1690 	1618 	1794
f 1818 	1760 	1806
f 1649 	1794 	2844
f 1718 	1806 	1760
f 1649 	1795 	1794
f 1810 	1830 	1816
f 1810 	760 	1811
f 1693 	990 	1808
f 1804 	1718 	1719
f 1618 	2844 	1794
f 1819 	1775 	1820
f 43 	1806 	1804
f 1821 	1775 	1819
f 1816 	760 	1810
f 1816 	769 	766
f 1824 	1775 	1821
f 1788 	767 	769
f 1770 	1818 	1822
f 1816 	1788 	769
f 766 	760 	1816
f 1825 	1775 	1824
f 1779 	1775 	1825
f 1832 	1813 	53
f 24 	1833 	23
f 1812 	1813 	1832
f 1818 	1812 	1832
f 1830 	1617 	1714
f 1818 	1829 	1822
f 1714 	1717 	1830
f 1830 	1723 	1617
f 750 	758 	1828
f 1931 	1723 	1830
f 1818 	1832 	1829
f 1835 	1829 	1832
f 1717 	1788 	1830
f 1837 	1833 	24
f 1832 	53 	70
f 1775 	1619 	1820
f 1832 	1838 	1835
f 1914 	1915 	1850
f 1919 	1922 	1651
f 3920 	1840 	70
f 1832 	1840 	1838
f 24 	1512 	1837
f 1842 	1687 	1789
f 1686 	1789 	1687
f 1842 	1843 	1687
f 1841 	3275 	1494
f 1692 	1843 	1844
f 1764 	1850 	1651
f 1644 	1841 	1795
f 1844 	1846 	1692
f 1847 	1810 	1845
f 1764 	1773 	1850
f 1512 	2120 	1837
f 1773 	1802 	1850
f 1841 	1494 	1775
f 246 	3979 	245
f 1845 	1928 	1847
f 1841 	1775 	1776
f 1850 	1852 	1914
f 1810 	1847 	1830
f 1841 	1776 	1795
f 1851 	1849 	11
f 1844 	1829 	1846
f 1843 	1842 	1822
f 1822 	1829 	1843
f 1844 	1843 	1829
f 1829 	1835 	1846
f 1835 	1838 	1848
f 1840 	1848 	1838
f 1851 	11 	1833
f 1761 	1765 	1789
f 1824 	541 	1825
f 1821 	541 	1824
f 1819 	541 	1821
f 1789 	1770 	1842
f 1883 	1890 	2361
f 1852 	2361 	1890
f 1770 	1822 	1842
f 1928 	1830 	1847
f 1931 	1830 	1928
f 1825 	541 	1779
f 1836 	1839 	1874
f 245 	1848 	1840
f 1846 	1835 	1848
f 1781 	541 	1785
f 270 	1858 	1857
f 755 	29 	1785
f 1833 	2135 	1851
f 1413 	1454 	1831
f 1859 	1861 	1855
f 1792 	29 	1805
f 1796 	1801 	29
f 1797 	1796 	29
f 1864 	1836 	1874
f 1805 	29 	1801
f 1874 	1839 	1831
f 3033 	165 	1859
f 272 	270 	1857
f 1787 	1785 	29
f 165 	164 	1859
f 164 	1861 	1859
f 1608 	1868 	1869
f 1376 	1444 	1719
f 1868 	1870 	1869
f 1866 	1867 	1864
f 1496 	1871 	1677
f 1454 	1416 	1831
f 1704 	29 	1703
f 1681 	1677 	1873
f 1871 	1873 	1677
f 1802 	1852 	1850
f 1873 	1777 	1681
f 1703 	29 	1708
f 1852 	1802 	1860
f 1608 	1525 	1868
f 1871 	1496 	1386
f 1385 	1386 	1495
f 1496 	1495 	1386
f 1873 	1871 	1752
f 33 	1870 	1868
f 1798 	29 	1814
f 1814 	29 	1815
f 1815 	29 	1707
f 706 	1709 	29
f 1797 	29 	1798
f 270 	1854 	1858
f 1874 	1876 	1864
f 1572 	1918 	1571
f 33 	35 	1870
f 1708 	29 	1709
f 1707 	29 	1704
f 1918 	1572 	1872
f 1710 	1709 	3804
f 706 	3804 	1709
f 1886 	1887 	1388
f 1854 	1852 	1858
f 1854 	270 	269
f 1388 	1887 	1888
f 1857 	1852 	1860
f 1936 	171 	26
f 1857 	1858 	1852
f 1738 	1729 	3804
f 1743 	1738 	3804
f 1744 	1743 	3804
f 1874 	1875 	1876
f 1729 	1713 	3804
f 1713 	1710 	3804
f 1936 	1937 	171
f 1874 	1831 	1416
f 1608 	1869 	2268
f 1877 	1384 	1893
f 1863 	1384 	1862
f 1878 	1384 	1877
f 1891 	1893 	1384
f 1874 	1879 	1875
f 1741 	1744 	3804
f 1982 	1999 	1880
f 1742 	1741 	3804
f 2268 	1881 	1608
f 1879 	1909 	1875
f 1881 	1541 	1633
f 1706 	1354 	3804
f 1633 	1608 	1881
f 1890 	1894 	1852
f 1894 	1913 	1852
f 1866 	1864 	1876
f 164 	179 	1861
f 1727 	3804 	1754
f 1726 	3804 	1727
f 2167 	1883 	1853
f 179 	1882 	1861
f 1874 	1889 	1879
f 1913 	1914 	1852
f 179 	178 	1882
f 2169 	1890 	1883
f 1862 	1384 	1878
f 1874 	1892 	1889
f 1884 	1893 	1891
f 1755 	3804 	1757
f 1757 	3804 	1769
f 1888 	1885 	1891
f 1887 	1885 	1888
f 1884 	1891 	1885
f 2002 	1880 	1999
f 1754 	3804 	1755
f 3804 	1726 	1742
f 1769 	3804 	1353
f 1895 	1892 	1416
f 1874 	1416 	1892
f 1896 	1895 	1416
f 1902 	1882 	1880
f 1416 	1471 	1896
f 1861 	1882 	1902
f 1897 	1711 	1143
f 3804 	655 	1706
f 457 	458 	1706
f 2002 	1898 	1880
f 1902 	1855 	1861
f 2228 	2226 	1899
f 2279 	2282 	1706
f 1388 	1706 	1904
f 1903 	1904 	1706
f 2267 	1903 	1706
f 1388 	1904 	1906
f 1906 	1910 	1388
f 1886 	1388 	1907
f 1908 	1728 	1905
f 1147 	1807 	1809
f 1902 	1880 	1898
f 1728 	1908 	1909
f 1907 	1388 	1910
f 1604 	2017 	1899
f 1911 	1733 	1909
f 1733 	1911 	1912
f 1148 	1147 	1674
f 1915 	1916 	1850
f 1405 	1241 	1404
f 1471 	1527 	1896
f 1916 	1919 	1850
f 1651 	1850 	1919
f 1867 	1139 	1856
f 1866 	1897 	1867
f 1876 	1901 	1866
f 1875 	1909 	1876
f 1914 	1948 	1915
f 1949 	1915 	1948
f 1655 	1679 	2047
f 1137 	1856 	1139
f 1879 	1889 	1909
f 1892 	1909 	1889
f 1898 	1918 	1902
f 1895 	1912 	1892
f 1143 	1867 	1897
f 1918 	1872 	1855
f 1949 	1916 	1915
f 1139 	1867 	1143
f 1922 	1924 	1651
f 1855 	1902 	1918
f 1897 	1866 	1900
f 1896 	1526 	1895
f 1809 	1920 	1808
f 1900 	1866 	1901
f 1920 	1921 	1808
f 3626 	1648 	1924
f 1571 	1923 	1590
f 1901 	1876 	1905
f 1918 	1898 	1923
f 1905 	1876 	1908
f 1898 	1595 	1923
f 1908 	1876 	1909
f 1405 	1895 	1526
f 1922 	1955 	1924
f 1909 	1892 	1911
f 1912 	1895 	1404
f 1595 	1898 	2002
f 1911 	1892 	1912
f 1920 	1809 	2089
f 1950 	1946 	36
f 1923 	1595 	1590
f 36 	42 	1950
f 1571 	1918 	1923
f 42 	1849 	1950
f 11 	1849 	42
f 1926 	183 	1928
f 1993 	1996 	1177
f 1928 	183 	191
f 1928 	171 	1931
f 1928 	191 	171
f 1809 	1807 	2089
f 1931 	171 	1937
f 1973 	1930 	1927
f 1973 	1927 	1972
f 1932 	1933 	1501
f 1936 	26 	3074
f 1927 	1930 	1989
f 1929 	1945 	1941
f 1928 	1845 	1926
f 1869 	1870 	1927
f 1869 	1927 	2268
f 1932 	1639 	1640
f 1943 	1944 	1793
f 1943 	1935 	1944
f 2057 	1699 	1925
f 1930 	1053 	1989
f 1925 	1699 	1698
f 2144 	2138 	1640
f 1932 	1509 	1641
f 1937 	1702 	1931
f 1641 	1643 	1932
f 1949 	1951 	1916
f 3411 	3433 	1935
f 1935 	1934 	3411
f 3387 	3396 	1938
f 1938 	1939 	3387
f 3381 	3387 	1939
f 1940 	3370 	1939
f 1942 	3367 	1940
f 1919 	1916 	1952
f 1951 	1952 	1916
f 1922 	1919 	1953
f 1952 	1953 	1919
f 1953 	1955 	1922
f 499 	1636 	503
f 1945 	2331 	3345
f 499 	574 	1636
f 1643 	1955 	1639
f 1957 	1431 	1958
f 715 	503 	1636
f 715 	1636 	768
f 1917 	1959 	2710
f 1959 	1601 	2710
f 3348 	1945 	3345
f 1945 	3348 	3373
f 1960 	1958 	1431
f 607 	554 	1645
f 1963 	48 	52
f 566 	1645 	554
f 949 	273 	1965
f 611 	1645 	566
f 1963 	1964 	48
f 1963 	52 	36
f 607 	1632 	559
f 1945 	3613 	2429
f 1963 	36 	1946
f 1634 	574 	559
f 273 	1567 	1965
f 1632 	607 	617
f 847 	1967 	1968
f 1970 	2066 	1947
f 1958 	1969 	1957
f 1960 	1969 	1958
f 1960 	1976 	1969
f 617 	1645 	1646
f 1971 	1962 	1961
f 1965 	1976 	1960
f 1645 	617 	607
f 1971 	2046 	1962
f 1965 	1595 	1976
f 1398 	1966 	1967
f 1567 	1595 	1965
f 1972 	1927 	1870
f 1967 	847 	1398
f 1973 	1020 	1930
f 1592 	2710 	1601
f 611 	645 	1666
f 1966 	1398 	1392
f 611 	1666 	1646
f 1639 	1953 	1640
f 1020 	1022 	1930
f 1930 	1022 	1014
f 1947 	3538 	1970
f 1646 	666 	617
f 1948 	2149 	2140
f 1679 	1656 	617
f 2140 	2144 	1948
f 1643 	1642 	1956
f 1947 	3480 	3538
f 1951 	1640 	1952
f 35 	1972 	1870
f 1952 	1640 	1953
f 1666 	639 	666
f 1973 	1972 	35
f 1953 	1639 	1955
f 35 	1020 	1973
f 1976 	1995 	1969
f 1254 	639 	1666
f 35 	60 	1022
f 60 	1014 	1022
f 1981 	1978 	1980
f 2066 	2074 	1978
f 2070 	2071 	483
f 645 	1268 	1666
f 1974 	843 	1997
f 60 	216 	1014
f 1984 	1177 	1983
f 1022 	1020 	35
f 1978 	1981 	1985
f 1978 	1985 	1986
f 1880 	1882 	1982
f 2005 	1493 	2004
f 1882 	178 	1982
f 178 	198 	1982
f 1993 	483 	1992
f 1983 	1177 	1998
f 1996 	1998 	1177
f 1974 	1997 	2015
f 1988 	1987 	1991
f 1992 	1991 	1987
f 1014 	1990 	1930
f 1987 	1984 	1983
f 1990 	1046 	1930
f 1987 	1983 	1998
f 666 	639 	1674
f 1177 	1984 	2003
f 1995 	2002 	1999
f 1997 	843 	857
f 1679 	666 	1674
f 2006 	2007 	1977
f 2004 	1493 	2003
f 1051 	1930 	1046
f 1679 	617 	666
f 1997 	857 	2000
f 1977 	2007 	2001
f 1927 	1989 	2305
f 1987 	2011 	1984
f 2003 	1984 	2011
f 2008 	2009 	1978
f 1977 	1978 	2009
f 857 	1968 	2000
f 2008 	1978 	1986
f 1994 	1969 	1995
f 2016 	2010 	1966
f 1930 	1056 	1053
f 1051 	1056 	1930
f 1595 	2002 	1976
f 1987 	1998 	1996
f 1976 	2002 	1995
f 2012 	1982 	2013
f 2011 	1987 	2059
f 2004 	2003 	2011
f 1695 	2500 	768
f 2011 	2154 	2005
f 1977 	2009 	2006
f 1999 	1982 	2012
f 198 	2013 	1982
f 198 	211 	2025
f 1967 	1966 	2010
f 198 	2025 	2013
f 1995 	2012 	1994
f 2000 	1967 	2010
f 1634 	781 	1636
f 2000 	1968 	1967
f 1999 	2012 	1995
f 2013 	2024 	2012
f 1826 	1803 	1978
f 2016 	2015 	2010
f 2228 	1899 	2017
f 2015 	2000 	2010
f 203 	2019 	3494
f 2019 	203 	205
f 2019 	205 	2020
f 2545 	2540 	1750
f 2016 	1966 	2314
f 2020 	205 	183
f 2022 	2039 	2001
f 2020 	183 	1926
f 1756 	2559 	1750
f 2545 	1750 	2559
f 1929 	2016 	2314
f 2041 	2001 	2039
f 2022 	2001 	2007
f 2016 	1929 	1941
f 1971 	2023 	2018
f 2013 	2025 	2024
f 1961 	2756 	2029
f 2029 	1971 	1961
f 1978 	1977 	1826
f 1971 	2027 	2023
f 2028 	454 	2114
f 2659 	1762 	1746
f 2030 	2001 	2041
f 2015 	1997 	2000
f 2032 	2027 	2029
f 1971 	2029 	2027
f 211 	2026 	2025
f 2029 	2033 	2032
f 1207 	1178 	2055
f 2728 	2033 	2029
f 1817 	1826 	2001
f 2015 	2016 	2420
f 1994 	2012 	2024
f 2015 	2420 	2424
f 1826 	1977 	2001
f 2055 	1178 	2035
f 2734 	2737 	1585
f 2728 	2733 	1596
f 1607 	2036 	2728
f 2229 	2258 	2033
f 2027 	2032 	2292
f 2263 	2292 	2032
f 2258 	2263 	2032
f 2032 	2033 	2258
f 2036 	2229 	2033
f 2728 	2036 	2033
f 2024 	2037 	1994
f 2026 	2038 	2025
f 990 	1693 	781
f 2055 	2035 	2034
f 1712 	990 	781
f 2041 	2045 	2030
f 2024 	2025 	2038
f 2058 	2042 	880
f 990 	2047 	1808
f 2043 	2030 	2045
f 2044 	2048 	2042
f 2035 	485 	2034
f 2024 	2038 	2037
f 2048 	2049 	2042
f 2030 	2043 	2050
f 1809 	1808 	2047
f 2038 	2056 	2037
f 2034 	485 	487
f 2050 	2051 	2030
f 2057 	2030 	2051
f 1655 	2047 	990
f 2034 	487 	2031
f 2057 	2051 	2052
f 2038 	3476 	2056
f 1699 	2053 	1705
f 1969 	1994 	2037
f 2056 	3355 	2037
f 2001 	2030 	1817
f 1992 	1987 	1993
f 1996 	1993 	1987
f 2031 	2063 	2034
f 1147 	1148 	1807
f 2042 	2058 	2044
f 92 	3355 	2056
f 1400 	1207 	2055
f 2059 	1987 	1988
f 2052 	2061 	2057
f 2028 	475 	454
f 2047 	1147 	1809
f 2044 	2180 	2062
f 2063 	2031 	548
f 1699 	2057 	2061
f 2064 	1699 	2061
f 2053 	1699 	2064
f 2047 	1674 	1147
f 2063 	2055 	2034
f 3405 	3420 	1921
f 2059 	1988 	2065
f 3416 	3428 	1921
f 2066 	2067 	2068
f 2066 	2068 	2069
f 1991 	483 	2072
f 2071 	2072 	483
f 1988 	1991 	2072
f 2114 	2063 	2028
f 1988 	2072 	2071
f 2066 	2069 	2074
f 2070 	1988 	2071
f 1980 	1978 	2074
f 1400 	2055 	2063
f 1992 	483 	1991
f 2073 	2077 	2079
f 3405 	1921 	2078
f 2063 	548 	475
f 2073 	2079 	1427
f 2076 	2095 	2065
f 2080 	3393 	1938
f 2063 	475 	2028
f 2059 	2065 	2885
f 1538 	1427 	2079
f 3443 	3442 	1762
f 2073 	2082 	2077
f 2076 	2065 	2070
f 1512 	2063 	2120
f 1762 	3416 	1943
f 2073 	2084 	2082
f 2894 	2065 	3777
f 2063 	1512 	1400
f 826 	825 	940
f 940 	941 	826
f 1921 	1920 	2089
f 2083 	943 	2081
f 2085 	2091 	2092
f 2083 	946 	943
f 2088 	185 	2093
f 2085 	2092 	2094
f 2081 	943 	945
f 2088 	187 	185
f 2076 	1979 	2095
f 2101 	2095 	1979
f 2096 	2085 	2094
f 2089 	3393 	1921
f 2081 	945 	2075
f 2096 	2094 	2098
f 2101 	1979 	2100
f 2098 	2102 	2096
f 2075 	945 	970
f 2095 	2101 	2065
f 2093 	1541 	2088
f 3601 	2083 	2115
f 3393 	2089 	1938
f 2100 	2065 	2101
f 2105 	2096 	2104
f 2102 	2104 	2096
f 1541 	2093 	1591
f 2089 	1939 	1938
f 1988 	2070 	2065
f 3747 	3777 	2099
f 2099 	2065 	2100
f 2115 	2083 	2081
f 1881 	2277 	2088
f 880 	2049 	970
f 2108 	2067 	2107
f 2066 	2107 	2067
f 2093 	2021 	1591
f 2107 	2111 	2112
f 2107 	2112 	2113
f 2117 	2112 	2111
f 2046 	1971 	2118
f 3396 	2086 	1938
f 2086 	3411 	1934
f 1934 	1938 	2086
f 2118 	2040 	2046
f 2109 	2115 	2081
f 1254 	1666 	1250
f 1933 	2138 	2116
f 2118 	2054 	2040
f 2105 	2117 	2096
f 2111 	2096 	2117
f 2081 	2075 	2109
f 2116 	3174 	3169
f 1591 	2021 	2119
f 2116 	3169 	1933
f 2449 	2442 	2121
f 2122 	639 	1254
f 2063 	2114 	2120
f 2122 	1674 	639
f 2044 	2109 	2048
f 2118 	2123 	2121
f 2109 	2075 	970
f 2119 	2014 	2122
f 2107 	2113 	2108
f 2118 	2124 	2123
f 2244 	2115 	2109
f 2120 	1833 	1837
f 2119 	2021 	2014
f 2110 	2350 	2349
f 2111 	2107 	3527
f 2018 	2124 	1971
f 2118 	1971 	2124
f 2124 	2018 	2356
f 2333 	2356 	2018
f 2310 	2333 	2018
f 2109 	970 	2049
f 1954 	2085 	2096
f 2096 	2111 	1954
f 2125 	2120 	2114
f 2110 	2351 	2350
f 1978 	1947 	2066
f 2138 	1933 	1932
f 2109 	2049 	2048
f 2116 	2128 	2110
f 2116 	2138 	2128
f 2044 	2062 	2109
f 2264 	2234 	2127
f 1597 	2805 	2129
f 1970 	2107 	2066
f 1807 	1148 	2126
f 2351 	2110 	2130
f 2128 	2130 	2110
f 2135 	1833 	2120
f 1148 	1674 	2122
f 2131 	2311 	2127
f 2134 	2358 	2131
f 1148 	2122 	2014
f 2135 	2120 	2125
f 2091 	592 	2092
f 2094 	2092 	592
f 2128 	2136 	2130
f 2135 	2125 	2173
f 2138 	2140 	2136
f 2128 	2138 	2136
f 2138 	2144 	2140
f 2173 	2133 	2135
f 400 	413 	213
f 392 	399 	213
f 2102 	592 	2104
f 1932 	1640 	2138
f 2141 	2058 	1054
f 2108 	529 	2067
f 2147 	1894 	2146
f 1250 	1666 	1268
f 2104 	529 	2105
f 2147 	2148 	1913
f 2147 	1913 	1894
f 1254 	1252 	2119
f 1914 	1913 	2149
f 2148 	2149 	1913
f 2141 	2180 	2044
f 2044 	2058 	2141
f 2149 	1948 	1914
f 2131 	2127 	2152
f 2122 	1254 	2119
f 2149 	2148 	2136
f 1949 	1948 	2144
f 1640 	1951 	2144
f 1951 	1949 	2144
f 2112 	2117 	529
f 2105 	529 	2117
f 2113 	2112 	529
f 2108 	2113 	529
f 2133 	2132 	2135
f 2145 	3248 	3742
f 2068 	2067 	529
f 2147 	2146 	2130
f 2350 	2351 	2169
f 2147 	2130 	2148
f 1980 	529 	1981
f 2126 	185 	352
f 2137 	2155 	2141
f 2130 	2136 	2148
f 2136 	2140 	2149
f 2126 	2021 	2093
f 1851 	2135 	2132
f 2141 	2155 	2180
f 2074 	529 	1980
f 2068 	529 	2069
f 2005 	2153 	1493
f 185 	2126 	2093
f 2145 	2151 	2127
f 2069 	529 	2074
f 2014 	2021 	2126
f 2153 	2156 	1493
f 1985 	1981 	529
f 2159 	2131 	2152
f 2153 	2005 	2154
f 2126 	1148 	2014
f 2004 	2011 	2005
f 2006 	3089 	2007
f 2009 	2008 	3089
f 2006 	2009 	3089
f 2151 	2152 	2127
f 1985 	3089 	1986
f 1986 	3089 	2008
f 2157 	2241 	2158
f 2153 	2154 	2156
f 2022 	2007 	3089
f 2132 	1950 	1849
f 352 	405 	2126
f 2160 	2241 	2157
f 2132 	1849 	1851
f 2064 	2061 	3072
f 2039 	3072 	2041
f 2043 	2045 	3072
f 2163 	2114 	982
f 2156 	2154 	2160
f 2043 	3072 	2050
f 2050 	3072 	2051
f 2052 	2051 	3072
f 2052 	3072 	2061
f 2139 	3354 	2142
f 405 	2143 	2142
f 2164 	2155 	2137
f 2349 	2338 	2110
f 2125 	2114 	2163
f 1701 	2978 	1715
f 1700 	2978 	1701
f 2125 	2163 	2165
f 213 	212 	392
f 399 	400 	213
f 1705 	2053 	2978
f 1883 	2167 	2169
f 2169 	2170 	1890
f 1715 	2978 	1790
f 1771 	1790 	2978
f 2168 	2164 	1089
f 2146 	1894 	1890
f 2170 	2146 	1890
f 1799 	1772 	2978
f 2163 	982 	582
f 2539 	2536 	2347
f 2168 	2191 	2164
f 3072 	2988 	2053
f 3072 	2053 	2064
f 2347 	2349 	2539
f 2349 	2350 	2169
f 2134 	2159 	2161
f 1975 	2162 	2150
f 1700 	1705 	2978
f 1177 	2003 	1493
f 1772 	1771 	2978
f 2191 	2168 	1063
f 2200 	2201 	1493
f 1766 	1799 	2177
f 2165 	2173 	2125
f 2161 	2172 	2134
f 2165 	2163 	995
f 2290 	2291 	1275
f 2172 	2176 	2134
f 1763 	1782 	2177
f 2176 	2181 	2134
f 1767 	1766 	2177
f 1740 	1739 	2177
f 1739 	1763 	2177
f 1780 	2177 	1782
f 3296 	2154 	2011
f 1745 	1740 	2177
f 1780 	1767 	2177
f 2978 	2177 	1799
f 1108 	1109 	1975
f 1109 	1974 	1975
f 2165 	995 	2173
f 2156 	2160 	1493
f 2150 	1108 	1975
f 2131 	2159 	2134
f 1167 	2133 	1021
f 2171 	2669 	2174
f 2180 	2193 	2062
f 1751 	2177 	1749
f 1749 	2177 	1748
f 2173 	1120 	1184
f 1021 	2173 	1184
f 3412 	2182 	2175
f 2174 	3456 	2175
f 3383 	3371 	2178
f 1745 	2177 	1747
f 2173 	1021 	2133
f 2184 	1493 	2183
f 2158 	2183 	1493
f 2160 	2157 	1493
f 2157 	2158 	1493
f 995 	1120 	2173
f 1680 	1678 	2177
f 1751 	1747 	2177
f 1493 	2184 	2186
f 2186 	2188 	1493
f 2197 	2211 	1493
f 2172 	3857 	2176
f 2178 	3369 	2185
f 442 	430 	2185
f 430 	414 	251
f 1753 	2177 	1678
f 1748 	2177 	1753
f 2183 	2214 	2184
f 2155 	2164 	2180
f 2188 	2192 	1493
f 1167 	1239 	2133
f 2190 	2191 	2162
f 1657 	2195 	1658
f 1680 	2195 	1660
f 1038 	2133 	1239
f 1663 	2195 	1664
f 2193 	2180 	2164
f 1657 	1664 	2195
f 1663 	1661 	2195
f 1670 	1658 	2195
f 2197 	1493 	2196
f 2192 	2196 	1493
f 2188 	2214 	2192
f 2193 	2164 	2191
f 2198 	2132 	2133
f 1661 	1660 	2195
f 2206 	1255 	2205
f 1038 	2198 	2133
f 2200 	1493 	2199
f 1599 	2195 	1600
f 1605 	2195 	1606
f 1672 	2195 	1605
f 2205 	1255 	2204
f 1613 	1600 	2195
f 1622 	2195 	1626
f 2285 	1275 	2209
f 2208 	1275 	2207
f 1917 	2017 	1959
f 1959 	1604 	1601
f 1622 	1613 	2195
f 2210 	1038 	1211
f 2207 	2206 	2217
f 2217 	2206 	2205
f 1604 	1959 	2017
f 2132 	2198 	2210
f 2191 	1063 	1117
f 1671 	2195 	1672
f 1670 	2195 	1671
f 2204 	2217 	2205
f 2036 	1607 	2129
f 1596 	1597 	1607
f 1038 	2210 	2198
f 2222 	2204 	2203
f 2225 	2203 	2201
f 2225 	2201 	2200
f 2251 	2271 	2888
f 2271 	2300 	2888
f 2199 	2225 	2200
f 1627 	1626 	2195
f 1599 	1606 	2195
f 2132 	2210 	2202
f 2199 	1493 	2211
f 2316 	2318 	2888
f 1211 	1216 	2210
f 2225 	2199 	2211
f 1216 	1217 	2202
f 2191 	1117 	2150
f 1623 	541 	1624
f 1623 	1628 	541
f 2208 	2269 	2209
f 2193 	2191 	2190
f 2210 	1216 	2202
f 1627 	541 	1628
f 2191 	2150 	2162
f 1962 	2220 	1961
f 2218 	1961 	2220
f 2219 	1059 	1366
f 2756 	1961 	2218
f 2756 	2218 	2221
f 2222 	2217 	2204
f 1637 	1630 	541
f 2223 	1962 	2255
f 2220 	1962 	2223
f 2215 	2756 	2221
f 2245 	2236 	1059
f 1630 	1629 	541
f 1629 	1624 	541
f 2222 	2203 	2225
f 2888 	2226 	2227
f 2227 	2249 	2888
f 1675 	1637 	541
f 2888 	1899 	2226
f 1974 	2015 	2190
f 1485 	541 	1486
f 1820 	1486 	541
f 1820 	541 	1819
f 2190 	2162 	1975
f 2326 	2306 	1962
f 1675 	541 	1485
f 2304 	2062 	2193
f 1781 	1779 	541
f 755 	1785 	541
f 2219 	1366 	1358
f 1975 	1974 	2190
f 2219 	1358 	1316
f 389 	2463 	2243
f 2190 	2015 	2551
f 2211 	2197 	2231
f 2190 	2551 	2301
f 2231 	2196 	2214
f 2190 	2301 	2302
f 2235 	2202 	1217
f 2430 	2232 	2252
f 2054 	2118 	2442
f 2212 	2171 	2239
f 2212 	2216 	2171
f 2118 	2121 	2442
f 2230 	2171 	2216
f 2224 	2171 	2230
f 2171 	2224 	2187
f 2129 	2127 	2234
f 2187 	2189 	2171
f 2264 	2127 	2294
f 2189 	2194 	2171
f 2238 	2399 	2134
f 2225 	2211 	2231
f 2134 	2181 	2238
f 2240 	3160 	1479
f 2240 	2443 	3160
f 2226 	2228 	2221
f 2215 	2221 	2228
f 2213 	2215 	2228
f 2228 	2017 	2213
f 2236 	2235 	1290
f 2460 	2461 	2243
f 2242 	2243 	2461
f 2223 	2227 	2220
f 2227 	2226 	2220
f 2218 	2220 	2226
f 2186 	2184 	2214
f 2241 	2214 	2183
f 2221 	2218 	2226
f 2247 	2246 	2245
f 2253 	290 	292
f 1917 	2213 	2017
f 2214 	2188 	2186
f 2461 	2467 	2242
f 2129 	2229 	2036
f 2247 	2245 	2219
f 2196 	2231 	2197
f 2237 	2174 	2248
f 2129 	2234 	2229
f 2239 	2174 	2237
f 2171 	2174 	2239
f 2196 	2192 	2214
f 2251 	2888 	2250
f 406 	2243 	2242
f 2183 	2158 	2241
f 406 	389 	2243
f 2246 	2236 	2245
f 2160 	2154 	2241
f 3310 	3311 	2231
f 3310 	2231 	2214
f 2252 	1477 	1463
f 2174 	2175 	2248
f 2319 	2321 	2924
f 3310 	2214 	2241
f 1460 	2438 	2252
f 2248 	2175 	2254
f 2253 	292 	2244
f 3296 	2241 	2154
f 2249 	2250 	2888
f 2175 	2256 	2254
f 2292 	2310 	2027
f 2252 	406 	2242
f 2109 	2062 	2253
f 2256 	2175 	2257
f 2259 	1962 	2281
f 2253 	2244 	2109
f 2247 	1964 	1963
f 2175 	2260 	2257
f 2252 	2442 	406
f 2202 	2246 	2132
f 2202 	2235 	2246
f 2246 	1950 	2132
f 2236 	2246 	2235
f 2261 	2260 	2175
f 3307 	2217 	2222
f 1059 	2219 	2245
f 3307 	3309 	2217
f 2018 	2023 	2310
f 2023 	2027 	2310
f 2294 	2127 	2311
f 2227 	2223 	2249
f 1469 	1480 	2446
f 2265 	2452 	2446
f 421 	2446 	2452
f 412 	415 	2525
f 2301 	295 	2302
f 2250 	2249 	2255
f 2255 	2249 	2223
f 2247 	1963 	2246
f 1887 	1886 	1885
f 1907 	2297 	1886
f 2246 	1963 	1946
f 1910 	2297 	1907
f 2246 	1946 	1950
f 2255 	2259 	2250
f 2251 	2250 	2259
f 2267 	2296 	1903
f 1904 	1903 	2296
f 2208 	2209 	1275
f 2229 	2234 	2258
f 2263 	2258 	2264
f 2234 	2264 	2258
f 2272 	2268 	1927
f 2274 	1706 	2273
f 2275 	1706 	2274
f 2276 	1706 	2275
f 2267 	1706 	2276
f 2318 	2319 	2924
f 2261 	2175 	2179
f 2179 	2278 	2261
f 2279 	1706 	458
f 2255 	1962 	2259
f 2088 	2277 	624
f 2179 	2280 	2278
f 2273 	1706 	2282
f 458 	2313 	2279
f 2282 	2279 	2313
f 624 	187 	2088
f 1275 	2285 	2286
f 2287 	1275 	2286
f 2179 	2283 	2280
f 2272 	2277 	2268
f 2685 	1275 	2676
f 2289 	2290 	1275
f 1863 	1862 	1884
f 2286 	2288 	2287
f 2285 	2288 	2286
f 1878 	1884 	1862
f 2287 	2289 	1275
f 301 	290 	2253
f 2179 	2178 	2283
f 1893 	1884 	1877
f 2088 	1541 	1881
f 2291 	2676 	1275
f 1878 	1877 	1884
f 2290 	2270 	2291
f 2675 	2291 	2270
f 2277 	1881 	2268
f 301 	2307 	2304
f 299 	301 	2304
f 2123 	2124 	2388
f 2178 	2293 	2283
f 2271 	2251 	2281
f 2178 	2185 	2295
f 2259 	2281 	2251
f 2295 	2293 	2178
f 2263 	2294 	2292
f 1904 	2296 	1906
f 2297 	1906 	2296
f 2296 	2267 	2276
f 2298 	625 	2277
f 1910 	1906 	2297
f 2264 	2294 	2263
f 2284 	2262 	2489
f 2185 	2363 	2295
f 2298 	794 	625
f 1885 	1886 	2297
f 2298 	2277 	2272
f 2321 	2339 	2924
f 2298 	2272 	2305
f 2302 	295 	2304
f 2290 	2289 	2270
f 2304 	295 	299
f 2289 	2287 	2270
f 2288 	2270 	2287
f 2297 	2944 	2303
f 2281 	1962 	2306
f 2270 	2288 	2269
f 1989 	1053 	2305
f 2272 	1927 	2305
f 2303 	1884 	1885
f 2288 	2209 	2269
f 420 	1057 	2308
f 2307 	301 	2253
f 2285 	2209 	2288
f 2326 	1962 	2332
f 2303 	1885 	2297
f 1057 	1071 	2312
f 2308 	1057 	2312
f 1071 	1064 	2312
f 2296 	2276 	2275
f 2193 	2190 	2302
f 2194 	2605 	2599
f 2304 	2193 	2302
f 2207 	2217 	2269
f 2207 	2269 	2208
f 2311 	2131 	2335
f 2171 	2194 	2599
f 1046 	420 	2308
f 2281 	2306 	2271
f 2300 	2271 	2306
f 2307 	2062 	2304
f 2310 	2292 	2311
f 2294 	2311 	2292
f 2062 	2307 	2253
f 2274 	2313 	2275
f 2296 	2275 	2313
f 2212 	2239 	3114
f 2300 	2316 	2888
f 3114 	3115 	2212
f 1056 	2312 	1053
f 3115 	2216 	2212
f 2924 	2888 	2318
f 1056 	1051 	2312
f 2224 	2230 	3116
f 2314 	1966 	2315
f 1620 	2313 	714
f 2313 	2274 	2273
f 2322 	2317 	2338
f 2312 	1064 	2298
f 1966 	1392 	2315
f 2273 	2282 	2313
f 2312 	2298 	1053
f 644 	714 	2313
f 457 	2313 	458
f 2323 	1929 	2314
f 2327 	2324 	2325
f 1053 	2298 	2305
f 2317 	2322 	3470
f 2325 	2324 	2328
f 1338 	2314 	2315
f 1392 	1338 	2315
f 2325 	2328 	2329
f 1357 	2331 	2323
f 2323 	1337 	1369
f 2327 	1424 	2324
f 2323 	1369 	1357
f 66 	65 	2563
f 2338 	2320 	2322
f 2449 	2121 	2415
f 2358 	2134 	2389
f 2325 	2329 	2334
f 2110 	2338 	2317
f 2316 	2326 	2318
f 2237 	3145 	3144
f 2300 	2306 	2316
f 2326 	2316 	2306
f 2572 	2330 	2336
f 593 	2479 	2266
f 2318 	2326 	2319
f 2321 	2319 	2332
f 2338 	2651 	2320
f 2332 	2319 	2326
f 2311 	2333 	2310
f 2293 	2295 	3118
f 2333 	2311 	2335
f 350 	73 	2378
f 1472 	2451 	2341
f 2238 	2451 	1449
f 2341 	2266 	2454
f 2497 	2479 	593
f 2454 	2266 	2479
f 2323 	1945 	1929
f 2317 	2116 	2110
f 2338 	2344 	2340
f 2342 	2346 	2345
f 2338 	2347 	2344
f 2331 	1945 	2323
f 2349 	2347 	2338
f 2332 	1962 	2348
f 2331 	1355 	2680
f 2280 	2283 	3119
f 76 	2346 	2342
f 76 	75 	2346
f 3119 	3224 	2280
f 752 	902 	2353
f 605 	610 	2266
f 2418 	1941 	1945
f 2348 	1962 	2354
f 2407 	2438 	2410
f 2415 	1447 	2449
f 2352 	2355 	2266
f 2335 	2131 	2358
f 2346 	2359 	2345
f 2321 	2348 	2339
f 2332 	2348 	2321
f 2361 	2366 	1853
f 2355 	605 	2266
f 2346 	75 	66
f 2354 	2339 	2348
f 2266 	610 	593
f 2359 	2582 	2345
f 2371 	2531 	2366
f 2346 	2330 	2359
f 2356 	2333 	2358
f 2335 	2358 	2333
f 2537 	1853 	2366
f 2185 	2365 	2363
f 2585 	2582 	2359
f 2367 	1409 	2370
f 2725 	2352 	2343
f 2367 	2370 	2372
f 2640 	2642 	2371
f 2371 	2642 	2374
f 2374 	2531 	2371
f 2327 	1444 	1424
f 1409 	1413 	2370
f 2412 	2922 	2411
f 2453 	2377 	718
f 1413 	2387 	2370
f 1294 	678 	2380
f 2379 	371 	350
f 2378 	2379 	350
f 73 	2383 	2378
f 1444 	2382 	1719
f 2383 	73 	89
f 2383 	89 	2385
f 2384 	693 	2381
f 2354 	1962 	2386
f 1444 	2327 	2382
f 2372 	2360 	2367
f 2381 	1302 	1298
f 1447 	1448 	2449
f 2368 	1085 	2365
f 2087 	2103 	2106
f 2364 	2362 	2387
f 2354 	2386 	2339
f 2334 	2417 	2325
f 2185 	251 	2365
f 2372 	2370 	2387
f 2376 	2339 	2386
f 2360 	2372 	2387
f 2362 	2360 	2387
f 3738 	2299 	2103
f 2356 	2389 	2388
f 2357 	2367 	2360
f 2358 	2389 	2356
f 2087 	3738 	2103
f 2040 	2054 	2402
f 826 	2090 	864
f 2402 	2404 	2040
f 2046 	2040 	2404
f 2090 	826 	2097
f 2404 	2390 	2046
f 2390 	2391 	2046
f 1962 	2046 	2391
f 2369 	2375 	1653
f 2087 	2106 	826
f 1962 	2391 	2393
f 2368 	2369 	1673
f 2097 	826 	2106
f 1673 	1085 	2368
f 2402 	2054 	2401
f 2411 	2924 	2397
f 2376 	2397 	2924
f 2077 	1549 	2079
f 2084 	3791 	2951
f 2951 	2950 	2084
f 2342 	2478 	2392
f 1084 	2363 	2365
f 3160 	2922 	2413
f 1436 	3160 	2414
f 2413 	2414 	3160
f 1083 	2295 	2363
f 2418 	309 	311
f 2386 	1962 	2393
f 2345 	2595 	2396
f 2582 	2595 	2345
f 2389 	2134 	2399
f 2409 	2373 	2403
f 2397 	2376 	2393
f 2386 	2393 	2376
f 2393 	2391 	2397
f 2390 	2397 	2391
f 1854 	269 	2384
f 2389 	2398 	2388
f 2389 	2399 	2398
f 2240 	1479 	2232
f 1298 	2405 	2381
f 2406 	2054 	2407
f 251 	2400 	2403
f 2265 	1480 	2341
f 2054 	2406 	2408
f 2410 	2438 	2423
f 2401 	2054 	2408
f 2438 	1433 	2423
f 1437 	3160 	1436
f 1448 	1469 	2446
f 2365 	251 	2368
f 2399 	2238 	2416
f 2401 	2412 	2402
f 2404 	2402 	2411
f 2397 	2390 	2411
f 2412 	2411 	2402
f 2404 	2411 	2390
f 2369 	2368 	251
f 2429 	309 	2418
f 251 	2373 	2375
f 2410 	2413 	2407
f 2407 	2413 	2406
f 251 	2403 	2373
f 2406 	2412 	2408
f 2401 	2408 	2412
f 251 	2375 	2369
f 605 	3743 	2419
f 2420 	311 	315
f 2419 	610 	605
f 2417 	2334 	2395
f 2412 	2406 	2413
f 2418 	311 	2421
f 2417 	2422 	2325
f 2410 	2414 	2413
f 2421 	311 	2420
f 2405 	1294 	2380
f 2420 	315 	316
f 2399 	2416 	2415
f 2399 	2415 	2398
f 251 	276 	2400
f 2420 	316 	2424
f 3905 	3904 	2427
f 2427 	2426 	2428
f 2419 	2425 	610
f 1432 	1436 	1433
f 1436 	2414 	1433
f 610 	2425 	614
f 2460 	2243 	2463
f 1129 	1081 	2400
f 2410 	2423 	2414
f 2403 	2400 	1081
f 1081 	1082 	2403
f 2252 	2242 	2467
f 2409 	2403 	1082
f 1448 	1447 	1449
f 1449 	1447 	2416
f 1477 	2252 	2232
f 2467 	2430 	2252
f 2409 	1082 	1764
f 720 	2433 	2380
f 2409 	1764 	2373
f 1945 	2429 	2418
f 678 	720 	2380
f 1764 	2375 	2373
f 2418 	2421 	1941
f 2384 	2361 	1854
f 2016 	1941 	2421
f 2381 	2361 	2384
f 1764 	1653 	2375
f 1653 	1676 	2369
f 1852 	1854 	2361
f 2421 	2420 	2016
f 1 	2428 	2426
f 2405 	2361 	2381
f 2 	1 	2426
f 2361 	2405 	2366
f 99 	2392 	2437
f 2015 	2424 	2551
f 1676 	1673 	2369
f 2407 	2054 	2438
f 2439 	2440 	2441
f 2473 	3649 	2471
f 1084 	2365 	1085
f 2439 	321 	2440
f 2519 	3649 	2490
f 1084 	1083 	2363
f 2442 	2438 	2054
f 2470 	3648 	2475
f 2442 	2252 	2438
f 2475 	3160 	2443
f 2400 	276 	1129
f 2511 	2512 	389
f 238 	2445 	308
f 327 	308 	2445
f 2446 	421 	2442
f 2445 	2456 	327
f 2380 	2366 	2405
f 2433 	2366 	2380
f 2442 	2449 	2446
f 2377 	2366 	2433
f 2417 	2395 	2427
f 2356 	2388 	2124
f 2388 	2398 	2121
f 2446 	2449 	1448
f 2398 	2415 	2121
f 2121 	2123 	2388
f 631 	2444 	2432
f 65 	335 	2450
f 335 	329 	2450
f 320 	2439 	2448
f 411 	412 	2525
f 1449 	2416 	2238
f 2266 	2341 	2451
f 1472 	1449 	2451
f 718 	763 	2453
f 320 	321 	2439
f 2232 	2430 	2240
f 2443 	2240 	2430
f 346 	327 	2456
f 2455 	2238 	2181
f 2265 	2454 	2452
f 2455 	2457 	2238
f 2341 	2454 	2265
f 2456 	2458 	346
f 753 	1345 	2459
f 3906 	3899 	719
f 759 	753 	2459
f 719 	3909 	3906
f 2451 	2238 	2457
f 2459 	2453 	759
f 2457 	2462 	2451
f 2462 	2464 	2451
f 2456 	2466 	2458
f 2464 	2343 	2451
f 2352 	2266 	2451
f 2469 	3649 	2470
f 2445 	402 	2456
f 2343 	2352 	2451
f 2357 	2441 	3539
f 2471 	3649 	2469
f 2472 	2439 	2441
f 3918 	3919 	739
f 2473 	2490 	3649
f 1049 	1050 	2474
f 2377 	2453 	2366
f 2474 	409 	395
f 2437 	2392 	2436
f 2472 	2357 	2360
f 2474 	402 	409
f 2453 	2371 	2366
f 99 	100 	2392
f 2453 	2459 	2371
f 100 	2342 	2392
f 2371 	2459 	2468
f 742 	2503 	747
f 2524 	2439 	2472
f 2525 	2561 	407
f 2503 	416 	747
f 2342 	2345 	2478
f 1188 	1189 	2476
f 2460 	2463 	2471
f 2473 	2471 	2463
f 2461 	2460 	2469
f 2467 	2461 	2470
f 2470 	2475 	2467
f 2430 	2467 	2475
f 100 	76 	2342
f 2465 	2473 	2463
f 2472 	2441 	2357
f 2396 	2478 	2345
f 2471 	2469 	2460
f 1130 	1131 	2480
f 2436 	2392 	2478
f 2469 	2470 	2461
f 2396 	2436 	2478
f 752 	2353 	2468
f 2430 	2475 	2443
f 2454 	2477 	2452
f 2480 	417 	426
f 2477 	2454 	2479
f 2512 	2507 	389
f 2511 	389 	2515
f 2480 	426 	402
f 2385 	89 	106
f 2480 	402 	2474
f 2465 	389 	2487
f 2463 	389 	2465
f 106 	2488 	2385
f 2488 	106 	111
f 2480 	2476 	417
f 717 	711 	2485
f 2466 	2456 	402
f 402 	426 	2466
f 710 	3897 	2481
f 2458 	2466 	417
f 2547 	2548 	379
f 991 	919 	2491
f 2523 	2547 	381
f 1124 	1123 	2513
f 2494 	2491 	919
f 2495 	1834 	2233
f 3918 	739 	2499
f 2561 	2577 	407
f 2577 	2586 	404
f 2387 	1413 	1831
f 124 	123 	2493
f 2504 	1831 	1839
f 123 	99 	2437
f 1839 	1836 	2504
f 2546 	2542 	2498
f 1836 	1834 	2495
f 2500 	1695 	2528
f 2494 	2501 	2498
f 2495 	2484 	2486
f 2494 	2502 	2501
f 2494 	919 	612
f 2494 	612 	2502
f 615 	2502 	612
f 2490 	2473 	2487
f 2465 	2487 	2473
f 3930 	416 	2503
f 3191 	2493 	2505
f 2504 	1836 	2495
f 2498 	2501 	1055
f 2502 	1055 	2501
f 615 	1029 	2502
f 2496 	2477 	2497
f 2479 	2497 	2477
f 2506 	2505 	2493
f 2500 	704 	768
f 1183 	2645 	1181
f 742 	3929 	2503
f 2580 	2579 	391
f 2486 	2504 	2495
f 123 	2506 	2493
f 1186 	2508 	1183
f 123 	2437 	2506
f 3192 	2505 	3190
f 2495 	2489 	2484
f 2487 	389 	2507
f 2233 	2489 	2495
f 2387 	1831 	2504
f 2364 	2387 	2483
f 381 	2517 	2518
f 2516 	2508 	2513
f 2521 	2510 	2509
f 381 	2519 	2517
f 2387 	2504 	2483
f 2482 	2504 	2486
f 2505 	2520 	3154
f 2482 	2483 	2504
f 2614 	2476 	1189
f 2518 	2523 	381
f 1189 	1190 	2614
f 646 	634 	3704
f 2436 	2520 	2505
f 2480 	1193 	2476
f 1188 	2476 	1193
f 2487 	2507 	2490
f 2511 	2515 	2518
f 2517 	2519 	2511
f 2512 	2511 	2519
f 2519 	2490 	2512
f 2702 	2516 	2601
f 2529 	2374 	2530
f 2523 	2518 	2515
f 2535 	2366 	2531
f 2512 	2490 	2507
f 2505 	3154 	2514
f 2532 	2531 	2374
f 2532 	2374 	2529
f 2506 	2436 	2505
f 2516 	2534 	2527
f 2522 	2524 	2596
f 2506 	2437 	2436
f 2537 	2366 	2535
f 2517 	2511 	2518
f 2536 	2535 	2531
f 2536 	2531 	2532
f 2524 	2472 	2360
f 677 	2521 	687
f 1853 	1883 	2361
f 2496 	2526 	2525
f 2362 	2524 	2360
f 2520 	2436 	2396
f 2516 	2538 	2534
f 2497 	2526 	2496
f 2539 	2537 	2535
f 2539 	2535 	2536
f 2515 	389 	2543
f 2596 	2482 	2522
f 2542 	2513 	2491
f 2570 	2571 	2522
f 2542 	2516 	2513
f 389 	391 	2579
f 2539 	2166 	2537
f 2167 	1853 	2166
f 2537 	2166 	1853
f 1746 	1750 	2540
f 2522 	2486 	2484
f 2544 	2538 	2542
f 2516 	2542 	2538
f 2522 	2482 	2486
f 2542 	2491 	2494
f 2592 	2581 	391
f 2545 	2509 	2540
f 2542 	2546 	2544
f 2524 	2483 	2596
f 2545 	2521 	2509
f 2576 	379 	2548
f 2545 	2549 	2550
f 2494 	2498 	2542
f 2532 	2340 	2536
f 2530 	2337 	2529
f 2340 	2529 	2337
f 2166 	2539 	2349
f 2167 	2166 	2349
f 2169 	2167 	2349
f 2146 	2170 	2351
f 2170 	2169 	2351
f 2130 	2146 	2351
f 2424 	316 	2551
f 2529 	2340 	2532
f 2340 	2344 	2536
f 2545 	2552 	2549
f 2739 	2851 	2559
f 2427 	2555 	2417
f 2344 	2347 	2536
f 1116 	1140 	2544
f 2534 	2538 	1175
f 1175 	1194 	2527
f 1194 	1200 	2527
f 2538 	2544 	1161
f 1140 	1161 	2544
f 2544 	2546 	1116
f 1093 	1103 	2498
f 1055 	1093 	2498
f 2533 	2521 	2550
f 2427 	2395 	2394
f 2545 	2550 	2521
f 2553 	2330 	2346
f 2428 	2555 	2427
f 2330 	2553 	2336
f 2718 	2739 	1756
f 2627 	2630 	2558
f 1150 	2617 	2558
f 2545 	2559 	2552
f 2613 	2587 	596
f 2526 	593 	2562
f 2553 	2563 	2336
f 2560 	2564 	1309
f 2852 	2905 	2550
f 2550 	2549 	2852
f 2559 	1756 	2739
f 3703 	3728 	2431
f 2543 	2547 	2515
f 2346 	66 	2553
f 3703 	2431 	626
f 324 	320 	2448
f 2548 	2547 	2543
f 2523 	2515 	2547
f 66 	2563 	2553
f 324 	2448 	2447
f 1015 	2591 	2560
f 2526 	2562 	2561
f 2526 	2561 	2525
f 65 	2450 	2563
f 3680 	614 	2425
f 2543 	389 	2566
f 2579 	2568 	389
f 2551 	316 	325
f 3680 	626 	614
f 2301 	2551 	325
f 2425 	3681 	3680
f 2580 	391 	2581
f 2301 	325 	295
f 2336 	2450 	346
f 2566 	389 	2568
f 2563 	2450 	2336
f 3681 	2425 	2419
f 2569 	2571 	2570
f 1037 	2573 	2353
f 2572 	2336 	2458
f 1768 	1786 	2575
f 2575 	2653 	1774
f 1756 	1774 	2653
f 2336 	346 	2458
f 2572 	2585 	2330
f 1037 	1031 	2573
f 398 	404 	2586
f 2562 	596 	2578
f 330 	2569 	306
f 2540 	2686 	1746
f 330 	2571 	2569
f 2554 	2353 	2573
f 2565 	1762 	2659
f 2568 	2576 	2566
f 2576 	2548 	2566
f 2543 	2566 	2548
f 330 	324 	2571
f 2562 	2577 	2561
f 2522 	2484 	2570
f 2562 	2578 	2577
f 2434 	646 	3704
f 1808 	2565 	1693
f 2262 	2569 	2570
f 3707 	665 	2435
f 3707 	2435 	3708
f 2359 	2330 	2585
f 2573 	2567 	2554
f 2484 	2262 	2570
f 2578 	596 	2587
f 2435 	2434 	3708
f 2484 	2489 	2262
f 2567 	2564 	2554
f 2565 	2659 	1693
f 3710 	3708 	2434
f 2580 	2581 	2583
f 2579 	2580 	2583
f 2583 	2576 	2579
f 2568 	2579 	2576
f 2560 	2554 	2564
f 2584 	2583 	2581
f 3710 	2434 	3704
f 2588 	2522 	2571
f 3719 	3704 	2432
f 2578 	2587 	2586
f 2578 	2586 	2577
f 2524 	2589 	2447
f 2432 	2444 	3719
f 3719 	2444 	3728
f 2524 	2522 	2589
f 2448 	2524 	2447
f 2444 	2431 	3728
f 2686 	2659 	1746
f 2448 	2439 	2524
f 2588 	2589 	2522
f 324 	2588 	2571
f 2581 	2592 	2584
f 2591 	2554 	2560
f 2589 	2588 	324
f 2447 	2589 	324
f 2592 	2593 	2584
f 2595 	2918 	2396
f 2586 	2587 	2594
f 2597 	2590 	1048
f 2587 	2613 	2594
f 2554 	2591 	2557
f 2596 	2483 	2482
f 2557 	2591 	2590
f 2592 	391 	2602
f 2483 	2524 	2364
f 2902 	2595 	2582
f 2618 	2619 	472
f 2362 	2364 	2524
f 2599 	2856 	2171
f 3467 	2174 	2603
f 3456 	2174 	3467
f 2604 	1580 	1899
f 2597 	2557 	2590
f 2584 	2593 	379
f 379 	2593 	2609
f 2605 	2607 	2599
f 2628 	500 	2611
f 2594 	2611 	398
f 2594 	398 	2586
f 596 	599 	2613
f 2644 	2629 	599
f 2612 	2599 	2607
f 1523 	1533 	2604
f 397 	2615 	2610
f 2593 	2592 	2602
f 723 	692 	2599
f 2609 	2593 	2602
f 2617 	1150 	1236
f 1151 	1152 	1150
f 2557 	2558 	2630
f 2627 	2558 	2617
f 1470 	2608 	2476
f 2612 	723 	2599
f 2520 	2396 	2616
f 2611 	2594 	2613
f 2468 	2353 	2554
f 2620 	472 	2619
f 2614 	1459 	2476
f 391 	472 	2621
f 2621 	2602 	391
f 1236 	1522 	2617
f 2773 	2617 	1522
f 432 	2624 	2625
f 2625 	2641 	432
f 2633 	2634 	2554
f 2634 	2635 	2554
f 2630 	2631 	2557
f 2631 	2633 	2557
f 432 	379 	2626
f 432 	2626 	2624
f 379 	2609 	2626
f 2748 	2903 	2604
f 2468 	2554 	2371
f 2627 	2617 	2773
f 2902 	2582 	2585
f 2554 	2557 	2633
f 2620 	2619 	2624
f 2624 	2626 	2620
f 2621 	2620 	2626
f 2626 	2609 	2621
f 2777 	2630 	2627
f 2603 	2575 	2574
f 2604 	2623 	2632
f 2618 	2625 	2619
f 2625 	2624 	2619
f 2630 	2777 	2631
f 2781 	2631 	2777
f 2602 	2621 	2609
f 2784 	2633 	2631
f 2784 	2631 	2781
f 2611 	2629 	2628
f 2635 	2638 	2554
f 2638 	2640 	2554
f 2613 	2629 	2611
f 2634 	2633 	2784
f 2371 	2554 	2640
f 2618 	472 	2636
f 2585 	2572 	2632
f 2664 	2635 	2634
f 2652 	472 	2650
f 2604 	2632 	2637
f 2637 	417 	2476
f 2608 	2604 	2637
f 2655 	2657 	432
f 2476 	2608 	2637
f 2637 	2458 	417
f 2641 	2655 	432
f 477 	492 	502
f 492 	493 	502
f 2667 	2642 	2640
f 2458 	2637 	2572
f 2632 	2623 	2585
f 2572 	2637 	2632
f 2667 	2530 	2642
f 1411 	1412 	2645
f 2636 	2641 	2625
f 2618 	2636 	2625
f 2662 	1414 	2645
f 2643 	2628 	2644
f 2629 	2644 	2628
f 2615 	2600 	2610
f 2610 	2600 	2606
f 471 	2649 	2650
f 2740 	2720 	2540
f 472 	2652 	2636
f 2653 	2684 	1756
f 2684 	2718 	1756
f 2709 	1440 	2715
f 471 	2650 	472
f 431 	432 	2657
f 2656 	1445 	2654
f 1443 	2654 	1445
f 2657 	2658 	431
f 2651 	2767 	2768
f 1443 	1446 	2654
f 2760 	2651 	2768
f 2649 	2658 	2650
f 2652 	2650 	2657
f 2657 	2655 	2652
f 2655 	2641 	2652
f 2636 	2652 	2641
f 1445 	2656 	1441
f 2651 	2772 	2767
f 2654 	1425 	2662
f 2658 	2657 	2650
f 2651 	2337 	2772
f 3928 	3929 	742
f 2662 	2656 	2654
f 2340 	2337 	2338
f 2651 	2338 	2337
f 2644 	2661 	2660
f 2644 	2660 	2643
f 2663 	2635 	2664
f 2635 	2663 	2638
f 2665 	2638 	2663
f 2658 	462 	431
f 2666 	2640 	2638
f 2666 	2638 	2665
f 2640 	2666 	2667
f 2724 	2741 	2528
f 3895 	710 	665
f 2374 	2642 	2530
f 2603 	2174 	2669
f 692 	2927 	2599
f 2649 	445 	2658
f 2669 	2653 	2575
f 462 	2658 	445
f 2669 	2575 	2603
f 2661 	502 	2660
f 2661 	597 	502
f 2666 	2337 	2667
f 445 	471 	2671
f 2664 	2764 	2663
f 2663 	2766 	2665
f 2665 	2768 	2666
f 2672 	2656 	2662
f 2829 	2820 	549
f 2667 	2337 	2530
f 2860 	2857 	549
f 2485 	2481 	3913
f 1461 	2604 	2608
f 1464 	1461 	2608
f 2668 	2673 	425
f 733 	719 	3899
f 1452 	1453 	2608
f 2600 	2673 	2668
f 2956 	2936 	667
f 2674 	2762 	431
f 2492 	733 	3899
f 2797 	436 	2789
f 1181 	2645 	1412
f 744 	739 	3919
f 2291 	2675 	2676
f 2690 	2685 	2676
f 2835 	436 	2803
f 2668 	2606 	2600
f 744 	3919 	742
f 2876 	2893 	704
f 1411 	2645 	1414
f 478 	502 	2677
f 2309 	2676 	2675
f 2673 	2600 	2694
f 1426 	1425 	2654
f 2677 	2678 	478
f 1306 	3350 	1305
f 2843 	604 	2872
f 600 	602 	597
f 2785 	2790 	2600
f 2681 	2771 	2600
f 2771 	2785 	2600
f 2533 	2550 	2905
f 1418 	1419 	2614
f 1419 	1428 	2614
f 1428 	1456 	2614
f 2851 	2852 	2559
f 2614 	1456 	1459
f 2428 	2556 	2555
f 2692 	2687 	1329
f 2428 	1 	2556
f 1464 	2608 	1453
f 1305 	3350 	1334
f 1 	32 	2556
f 2720 	2721 	2540
f 2648 	2379 	2378
f 2659 	2686 	1693
f 2688 	1329 	2687
f 2689 	1329 	2688
f 2648 	2378 	2383
f 1470 	2476 	1459
f 1334 	3350 	1335
f 1190 	1198 	2614
f 2691 	2685 	2690
f 2685 	2691 	2692
f 2690 	2682 	2691
f 2692 	2691 	2682
f 2738 	2672 	2693
f 2686 	1695 	1693
f 2694 	2600 	2792
f 2682 	2690 	2309
f 2508 	2516 	2645
f 2528 	1695 	2686
f 2676 	2309 	2690
f 2516 	2702 	2645
f 2689 	2688 	2680
f 2686 	2722 	2528
f 2669 	2171 	2698
f 2726 	2171 	2743
f 1329 	2689 	2699
f 2382 	2697 	2696
f 2672 	2700 	2693
f 1335 	3350 	2699
f 2684 	2653 	2669
f 2695 	774 	2701
f 2698 	2684 	2669
f 2702 	2662 	2645
f 2702 	2672 	2662
f 2696 	1719 	2382
f 2598 	2704 	2702
f 2672 	2702 	2704
f 2688 	2687 	2680
f 2682 	2680 	2687
f 1804 	2696 	2703
f 2045 	2041 	3072
f 2697 	2703 	2696
f 2702 	2601 	2598
f 1804 	1719 	2696
f 2692 	2682 	2687
f 2703 	43 	1804
f 1335 	2680 	1334
f 1335 	2699 	2680
f 2703 	1560 	43
f 2672 	2704 	2700
f 1627 	2808 	541
f 2707 	2706 	2703
f 2960 	2957 	667
f 2527 	2601 	2516
f 2714 	2703 	2706
f 2788 	2752 	541
f 2689 	2680 	2699
f 1355 	1334 	2680
f 2707 	2703 	2697
f 1200 	1422 	2527
f 1474 	1503 	2704
f 2704 	2598 	1474
f 2704 	1503 	2700
f 1429 	1474 	2598
f 1422 	1429 	2601
f 2343 	2464 	2717
f 2941 	704 	2917
f 2703 	2727 	1572
f 2717 	2725 	2343
f 2703 	1572 	1560
f 2703 	2714 	2727
f 1410 	2711 	1515
f 2355 	2352 	2719
f 2876 	704 	2500
f 2697 	2732 	2707
f 3743 	605 	2355
f 1515 	2711 	2713
f 2905 	2921 	2533
f 1441 	2656 	2715
f 2552 	2559 	2852
f 2711 	2716 	2713
f 2656 	2672 	2715
f 3743 	2355 	2719
f 2721 	2722 	2540
f 2686 	2540 	2722
f 2740 	2540 	2848
f 2723 	2710 	2709
f 2722 	2724 	2528
f 2367 	2711 	1410
f 2714 	2706 	3049
f 2698 	2171 	2726
f 2352 	2725 	2719
f 2367 	3565 	2711
f 1523 	2604 	1502
f 2720 	2724 	2721
f 2722 	2721 	2724
f 2647 	2379 	2648
f 771 	2670 	2712
f 2684 	2698 	2718
f 2726 	2718 	2698
f 2509 	2876 	2540
f 2727 	2714 	3049
f 2727 	1872 	1572
f 2731 	2646 	443
f 2707 	2732 	2706
f 2713 	2729 	2730
f 2382 	2327 	2732
f 2509 	2510 	2876
f 2732 	2697 	2382
f 2723 	2733 	2728
f 2327 	2325 	2732
f 3010 	2706 	2732
f 2876 	2883 	2540
f 2709 	2715 	2735
f 2763 	2887 	2528
f 2735 	2723 	2709
f 2723 	2734 	2733
f 2325 	2422 	2732
f 2941 	2945 	704
f 2713 	2745 	2729
f 2715 	2672 	2735
f 2750 	2749 	2777
f 2730 	1516 	1515
f 72 	2736 	2955
f 2730 	1515 	2713
f 2737 	2734 	2735
f 2723 	2735 	2734
f 2549 	2552 	2852
f 2735 	2738 	2737
f 2744 	2746 	2742
f 3745 	3743 	2719
f 2735 	2672 	2738
f 2719 	2725 	3745
f 2741 	2724 	2740
f 2720 	2740 	2724
f 2718 	2726 	2739
f 2743 	2739 	2726
f 2320 	2651 	2708
f 1555 	1565 	2738
f 1535 	1555 	2738
f 2738 	2693 	1535
f 1524 	1535 	2693
f 1503 	1524 	2693
f 445 	2671 	462
f 2674 	462 	2671
f 2713 	2716 	2747
f 2716 	2708 	2747
f 2749 	2750 	2747
f 2713 	2747 	2750
f 2679 	2678 	2677
f 502 	597 	2677
f 2679 	2677 	597
f 734 	754 	541
f 729 	734 	541
f 2671 	471 	2751
f 2892 	2510 	2913
f 2748 	2604 	1899
f 2791 	2778 	549
f 2747 	2757 	2749
f 728 	729 	541
f 2759 	2540 	2758
f 2752 	2842 	728
f 505 	2779 	2775
f 766 	732 	2842
f 471 	2753 	2751
f 2713 	2750 	2745
f 942 	2754 	2087
f 2779 	549 	2778
f 2213 	1917 	2710
f 1549 	2754 	942
f 2694 	2670 	2673
f 3740 	3738 	2755
f 2754 	2755 	2087
f 2710 	2756 	2213
f 2215 	2213 	2756
f 2708 	2651 	2760
f 2760 	2747 	2708
f 2694 	2712 	2670
f 2694 	2705 	2712
f 2887 	2883 	2528
f 2789 	431 	2762
f 2760 	2764 	2747
f 2757 	2747 	2764
f 2763 	2528 	2761
f 2694 	2701 	2705
f 2916 	704 	2919
f 2898 	2919 	704
f 2760 	2766 	2764
f 2694 	2695 	2701
f 2870 	2886 	587
f 2790 	2792 	2600
f 2679 	597 	602
f 2770 	2679 	602
f 2646 	2731 	2647
f 2768 	2766 	2760
f 2753 	2762 	2751
f 2762 	2674 	2751
f 2671 	2751 	2674
f 2822 	2195 	2821
f 2647 	371 	2379
f 2710 	2723 	2756
f 2769 	2678 	2770
f 2679 	2770 	2678
f 471 	2774 	2753
f 2731 	443 	371
f 2788 	541 	2787
f 471 	505 	2774
f 2776 	2627 	2773
f 2647 	2731 	371
f 2029 	2756 	2723
f 2776 	2777 	2627
f 2869 	2771 	2681
f 2828 	2195 	2783
f 2728 	2029 	2723
f 2782 	2890 	2783
f 868 	871 	2683
f 2694 	2798 	2683
f 2798 	865 	2683
f 2792 	2794 	2694
f 1565 	1585 	2737
f 2737 	2738 	1565
f 2784 	2786 	2634
f 1618 	2780 	2844
f 2786 	2664 	2634
f 2798 	2694 	2794
f 2752 	728 	541
f 2752 	2788 	2842
f 2787 	2842 	2788
f 2745 	2750 	2776
f 2777 	2776 	2750
f 2749 	2757 	2781
f 2784 	2781 	2757
f 2764 	2784 	2757
f 2766 	2663 	2764
f 2825 	2195 	2823
f 2780 	1688 	2810
f 2829 	549 	2830
f 2790 	2875 	2792
f 2780 	1618 	1690
f 866 	2683 	865
f 1195 	1176 	2804
f 1163 	1142 	2793
f 1142 	1118 	2793
f 964 	2793 	1096
f 2195 	2825 	2795
f 2195 	2795 	2796
f 2817 	2818 	2195
f 2796 	2817 	2195
f 2875 	2794 	2792
f 1518 	2730 	1522
f 1522 	2730 	2773
f 2766 	2768 	2665
f 2768 	2767 	2666
f 2772 	2666 	2767
f 2811 	541 	2808
f 2801 	541 	2800
f 2787 	541 	2802
f 2802 	541 	2801
f 2730 	2729 	2773
f 2794 	2879 	2798
f 2780 	1690 	1688
f 2802 	2842 	2787
f 2776 	2773 	2729
f 2799 	1430 	2804
f 1430 	1423 	2804
f 1430 	2799 	1484
f 1423 	1195 	2804
f 2729 	2745 	2776
f 2337 	2666 	2772
f 2879 	1132 	2798
f 865 	2798 	1132
f 2780 	2810 	2648
f 2800 	2846 	2801
f 2781 	2777 	2749
f 2786 	2764 	2664
f 1688 	1731 	2810
f 2805 	1556 	2799
f 2866 	538 	2838
f 1627 	2195 	2808
f 2784 	2764 	2786
f 2647 	2648 	2810
f 2800 	541 	2812
f 2812 	541 	2811
f 1484 	2799 	1514
f 2810 	2646 	2647
f 2797 	2789 	2775
f 2789 	2762 	2774
f 2753 	2774 	2762
f 2812 	2811 	2847
f 1834 	1122 	2813
f 2127 	2129 	2805
f 2775 	2779 	2797
f 2795 	2825 	2895
f 2810 	1731 	1734
f 2778 	2797 	2779
f 2818 	2807 	2195
f 2807 	2808 	2195
f 2646 	2810 	1734
f 2817 	2796 	2816
f 2791 	2803 	2778
f 2774 	2775 	2789
f 2797 	2778 	2803
f 3223 	1827 	3185
f 2818 	2847 	2807
f 2807 	2847 	2808
f 3223 	1828 	1827
f 2769 	2815 	2814
f 2770 	2815 	2769
f 2646 	1734 	1722
f 2791 	549 	2820
f 2817 	2816 	2818
f 1631 	2646 	1722
f 2646 	2824 	443
f 2823 	2195 	2822
f 1680 	2939 	2195
f 2824 	470 	443
f 758 	1501 	2826
f 1501 	1933 	2826
f 2821 	2195 	2828
f 2824 	1631 	470
f 2828 	2783 	2890
f 2824 	2646 	1631
f 1828 	2826 	1827
f 2816 	2796 	2895
f 2796 	2795 	2895
f 2823 	2895 	2825
f 2833 	2806 	2853
f 2806 	2809 	2853
f 3284 	2836 	2859
f 2828 	2889 	2821
f 588 	587 	2886
f 602 	601 	2770
f 2848 	2540 	2759
f 2844 	2648 	2845
f 2813 	2853 	2809
f 2829 	2835 	2820
f 2829 	2830 	2837
f 2835 	2803 	2820
f 2791 	2820 	2803
f 2849 	2765 	2528
f 2765 	2761 	2528
f 613 	2831 	2827
f 2838 	2837 	2830
f 2833 	2850 	2840
f 2835 	2829 	2837
f 2836 	3275 	1841
f 2842 	2802 	2846
f 2800 	2812 	2846
f 2815 	2841 	2814
f 2853 	2813 	1122
f 1841 	1644 	2836
f 2528 	2741 	2849
f 2846 	2812 	2847
f 2853 	2854 	2855
f 2841 	2815 	2843
f 2743 	2171 	2856
f 2853 	2858 	2854
f 2830 	549 	2857
f 2761 	2759 	2763
f 732 	729 	2842
f 2860 	549 	2862
f 1649 	2844 	2845
f 2758 	2763 	2759
f 2759 	2761 	2765
f 2801 	2846 	2802
f 2833 	2853 	2855
f 2833 	2855 	2850
f 2848 	2765 	2849
f 2853 	2861 	2858
f 2836 	1644 	2859
f 2848 	2759 	2765
f 2811 	2808 	2847
f 2852 	2851 	2856
f 1122 	2864 	2853
f 2862 	556 	2863
f 2856 	2851 	2743
f 2845 	2648 	2859
f 2853 	2864 	2861
f 2849 	2741 	2848
f 2740 	2848 	2741
f 2771 	2869 	2871
f 2739 	2743 	2851
f 2859 	1644 	1649
f 2871 	2873 	2785
f 2871 	2785 	2771
f 2826 	1828 	758
f 2790 	2785 	2874
f 2873 	2874 	2785
f 2859 	1649 	2845
f 1933 	3169 	2826
f 2830 	2857 	2838
f 2816 	2847 	2818
f 2874 	2875 	2790
f 2794 	2875 	2878
f 2860 	2862 	2866
f 2857 	2860 	2866
f 2866 	2838 	2857
f 2878 	2879 	2794
f 2842 	2846 	3308
f 1133 	865 	1132
f 2874 	2873 	2850
f 2855 	2874 	2850
f 2863 	2867 	2862
f 2956 	667 	2957
f 2866 	2862 	2867
f 2011 	2877 	3296
f 2892 	2893 	2510
f 2816 	2881 	2847
f 2858 	2861 	2879
f 2868 	2832 	2869
f 2855 	2854 	2878
f 2858 	2878 	2854
f 2864 	2879 	2861
f 2843 	2872 	2870
f 2843 	2870 	2841
f 2780 	2648 	2844
f 2869 	2840 	2871
f 2871 	2840 	2873
f 2882 	2863 	556
f 2758 	2540 	2883
f 2884 	538 	2867
f 2886 	103 	588
f 2840 	2850 	2873
f 2874 	2855 	2875
f 2876 	2528 	2883
f 2011 	2059 	2880
f 3323 	2881 	3321
f 2875 	2855 	2878
f 2648 	2383 	2859
f 2878 	2858 	2879
f 1132 	2879 	2864
f 2383 	2385 	2859
f 2011 	2880 	2877
f 2880 	2059 	2885
f 1122 	2891 	2864
f 2876 	2510 	2893
f 1122 	1856 	2891
f 2748 	1899 	2888
f 2065 	2894 	2885
f 2863 	2882 	2867
f 2918 	2748 	2888
f 1856 	1137 	2891
f 2881 	2816 	2907
f 116 	2886 	2872
f 2898 	704 	2893
f 1165 	1172 	817
f 817 	818 	1165
f 1274 	1269 	2900
f 1621 	787 	2901
f 2942 	2939 	2890
f 2889 	2828 	2890
f 2876 	2500 	2528
f 1222 	1274 	2899
f 2900 	2899 	1274
f 2903 	2902 	2604
f 2901 	1603 	1621
f 2823 	2822 	2895
f 2889 	2895 	2822
f 2946 	2533 	2921
f 2906 	2901 	790
f 822 	817 	2900
f 2683 	1603 	2901
f 2954 	692 	2965
f 695 	2965 	692
f 1149 	456 	410
f 2758 	2887 	2763
f 2881 	2907 	3321
f 2758 	2883 	2887
f 2895 	2907 	2816
f 2893 	2892 	2898
f 2918 	2903 	2748
f 2909 	2877 	2880
f 2897 	2906 	786
f 2852 	2856 	2905
f 2908 	2905 	2856
f 2623 	2604 	2902
f 2933 	2510 	2932
f 667 	2932 	2510
f 2623 	2902 	2585
f 2902 	2903 	2918
f 2902 	2918 	2595
f 964 	2865 	2912
f 2821 	2889 	2822
f 2694 	2683 	2896
f 2912 	2914 	964
f 2896 	2683 	2897
f 964 	2914 	2819
f 2917 	704 	2916
f 2896 	2695 	2694
f 2533 	2946 	687
f 2915 	1219 	1213
f 2683 	2906 	2897
f 2918 	2616 	2396
f 2901 	2906 	2683
f 2918 	2923 	2616
f 2924 	2922 	2923
f 2961 	687 	2959
f 2793 	964 	2819
f 2945 	2958 	704
f 866 	868 	2683
f 2889 	3322 	2895
f 2908 	2599 	2927
f 2928 	1245 	2911
f 2917 	2916 	2913
f 2919 	2913 	2916
f 2892 	2913 	2919
f 2892 	2919 	2898
f 2783 	2195 	2782
f 2937 	2929 	1277
f 2924 	2411 	2922
f 2929 	2911 	2910
f 2927 	2921 	2905
f 2927 	2905 	2908
f 2412 	2413 	2922
f 1603 	2683 	871
f 2911 	2929 	2928
f 2931 	2939 	2177
f 2865 	636 	2912
f 2782 	2195 	2942
f 2510 	2933 	2934
f 1135 	2864 	2891
f 2918 	2888 	2924
f 2932 	667 	2936
f 2972 	2966 	2930
f 2931 	2930 	2890
f 2937 	1277 	3017
f 2934 	2913 	2510
f 1680 	2177 	2939
f 2923 	2926 	2541
f 2929 	2935 	2928
f 2942 	2195 	2939
f 2931 	2890 	2939
f 2958 	2962 	704
f 2303 	2736 	77
f 2890 	2782 	2942
f 2959 	687 	2946
f 2376 	2924 	2339
f 2968 	2960 	667
f 2944 	2297 	2947
f 2303 	2944 	2736
f 2819 	2920 	2793
f 2962 	2963 	704
f 1549 	2950 	2754
f 2920 	2925 	2793
f 2755 	2754 	2951
f 2950 	2951 	2754
f 2951 	2952 	2755
f 2746 	2947 	2742
f 701 	2965 	695
f 2925 	2953 	2793
f 1834 	2813 	2233
f 2936 	2945 	2932
f 2932 	2941 	2933
f 2941 	2932 	2945
f 2917 	2934 	2941
f 2736 	2944 	2955
f 2933 	2941 	2934
f 2913 	2934 	2917
f 2909 	2880 	2885
f 2804 	2827 	2831
f 2955 	2746 	2744
f 2831 	2834 	2804
f 2909 	2904 	2877
f 2954 	2946 	2921
f 2921 	2927 	2954
f 2955 	2944 	2947
f 2806 	207 	242
f 2955 	2947 	2746
f 2953 	1545 	2827
f 2909 	2885 	2894
f 2967 	627 	652
f 2968 	667 	2967
f 667 	627 	2967
f 1546 	2079 	1549
f 2077 	2082 	1549
f 2296 	2947 	2297
f 2082 	2084 	1549
f 690 	687 	2961
f 2971 	704 	2963
f 2980 	2806 	2976
f 2914 	1614 	2819
f 2948 	1434 	1957
f 2827 	1545 	613
f 2936 	2956 	2945
f 616 	2831 	613
f 2957 	2958 	2956
f 2958 	2945 	2956
f 2930 	2931 	2177
f 2959 	2946 	2954
f 1550 	1551 	2831
f 2834 	2831 	1551
f 2963 	2962 	2960
f 2957 	2960 	2962
f 2957 	2962 	2958
f 1551 	1569 	2834
f 2930 	2177 	2972
f 2970 	2972 	2177
f 2965 	2961 	2959
f 242 	2949 	2964
f 2965 	2959 	2954
f 1550 	2831 	616
f 2980 	2233 	2809
f 2839 	2834 	1569
f 2233 	2813 	2809
f 2970 	2177 	2969
f 2964 	2976 	2806
f 383 	704 	2973
f 2809 	2806 	2980
f 2973 	657 	383
f 2890 	2930 	2966
f 2972 	2970 	2966
f 2969 	2966 	2970
f 2969 	2979 	2966
f 2979 	3005 	2966
f 2963 	2960 	2971
f 652 	657 	2967
f 2744 	1609 	1702
f 2968 	2971 	2960
f 2819 	1504 	2920
f 2313 	1620 	2974
f 2966 	3326 	2890
f 2965 	690 	2961
f 2865 	608 	636
f 2974 	2296 	2313
f 2949 	2938 	2964
f 2971 	2968 	2973
f 2968 	2967 	2973
f 2912 	636 	638
f 2914 	2912 	638
f 1614 	2914 	638
f 2744 	2742 	1620
f 1614 	1504 	2819
f 2742 	2974 	1620
f 2953 	2925 	726
f 2742 	2947 	2296
f 3005 	2177 	3004
f 2953 	726 	1545
f 2974 	2742 	2296
f 1654 	1635 	2920
f 2925 	2920 	1635
f 2938 	2976 	2964
f 2978 	3004 	2177
f 2177 	2979 	2969
f 726 	2925 	1635
f 3005 	3004 	2966
f 1654 	2920 	1504
f 2744 	1620 	1609
f 2940 	2233 	2980
f 2744 	1937 	1936
f 2980 	2943 	2940
f 1702 	1937 	2744
f 2984 	2978 	2983
f 2744 	1936 	3074
f 2489 	2233 	2940
f 792 	2975 	3058
f 2955 	2744 	3074
f 2978 	2985 	2986
f 2986 	3003 	2978
f 2980 	2976 	2943
f 3074 	3075 	2955
f 2976 	2938 	2943
f 2990 	2978 	2989
f 2982 	2978 	2990
f 2992 	2994 	2995
f 2996 	2992 	2995
f 2555 	2999 	2417
f 3003 	3009 	2978
f 2979 	2177 	3005
f 3000 	2966 	3004
f 31 	22 	3002
f 3004 	2978 	3008
f 3009 	3019 	2978
f 3008 	2978 	3007
f 3000 	3004 	3008
f 3001 	2569 	2262
f 3000 	3008 	3007
f 3006 	3010 	2999
f 2996 	340 	2992
f 2986 	2985 	3000
f 3013 	3000 	2985
f 3043 	3010 	3006
f 340 	337 	2992
f 3000 	3003 	2986
f 3000 	3009 	3003
f 2929 	2937 	2935
f 2262 	2284 	3001
f 3018 	1213 	3016
f 3016 	1219 	2935
f 2990 	2989 	3015
f 3015 	2989 	2977
f 3020 	1272 	3022
f 883 	3100 	3012
f 337 	2994 	2992
f 2981 	2839 	1569
f 3016 	2935 	3017
f 2937 	3017 	2935
f 337 	336 	2994
f 3012 	1058 	878
f 3021 	1214 	3018
f 336 	2998 	2994
f 3007 	2978 	3019
f 3012 	878 	883
f 3007 	3019 	3000
f 306 	3001 	2998
f 3022 	1272 	3147
f 1269 	3149 	1272
f 3000 	3019 	3009
f 306 	2569 	3001
f 2983 	3013 	2984
f 3016 	3020 	3018
f 2982 	3015 	2983
f 3017 	3020 	3016
f 306 	2998 	336
f 1202 	1201 	3146
f 2244 	292 	332
f 3013 	2983 	3015
f 3021 	3018 	3022
f 3020 	3022 	3018
f 2990 	3015 	2982
f 2984 	3023 	2978
f 2978 	3023 	3024
f 2978 	3024 	3025
f 2985 	2978 	3025
f 2938 	2996 	2995
f 2984 	3013 	3023
f 3024 	3023 	3013
f 3061 	3006 	2999
f 2985 	3025 	3013
f 3100 	883 	860
f 2998 	3001 	3027
f 3025 	3024 	3013
f 3026 	2966 	3000
f 2999 	2422 	2417
f 2284 	2489 	2940
f 2995 	2994 	3027
f 2998 	3027 	2994
f 2706 	3043 	3049
f 3013 	3015 	3026
f 2706 	3010 	3043
f 3027 	2943 	2938
f 2284 	3027 	3001
f 2732 	2422 	2999
f 3027 	2940 	2943
f 3002 	3030 	3006
f 3013 	3026 	3000
f 3030 	3031 	3006
f 2995 	3027 	2938
f 2949 	2996 	2938
f 3030 	165 	3033
f 2949 	341 	2996
f 3029 	3028 	3705
f 353 	341 	2949
f 3270 	3036 	3037
f 1859 	1855 	3033
f 3027 	2284 	2940
f 3002 	22 	3030
f 22 	21 	3030
f 3035 	3038 	3039
f 3035 	3039 	3058
f 3035 	3040 	3041
f 3035 	3041 	3038
f 3035 	3034 	3042
f 3035 	3042 	3040
f 21 	165 	3030
f 3006 	3031 	3043
f 3037 	3044 	3270
f 3034 	3270 	3044
f 3045 	3030 	3033
f 3034 	3044 	3047
f 3031 	3030 	3045
f 3052 	3089 	529
f 3046 	3048 	1568
f 3046 	1568 	1563
f 3045 	3033 	1855
f 3045 	3049 	3031
f 3049 	3043 	3031
f 3053 	3034 	3050
f 3048 	1041 	1568
f 3051 	3052 	529
f 3047 	3050 	3034
f 3048 	2558 	2557
f 1872 	3045 	1855
f 3062 	3059 	2039
f 2039 	2022 	3089
f 3042 	3034 	3053
f 3048 	1150 	2558
f 1872 	3049 	3045
f 3048 	2557 	2597
f 3081 	3082 	2039
f 3046 	1150 	3048
f 3034 	3035 	2975
f 2978 	2053 	2988
f 2983 	2978 	2982
f 3049 	1872 	2727
f 3089 	3091 	2039
f 3054 	1578 	1199
f 2975 	3035 	3058
f 1575 	1578 	3056
f 3074 	26 	34
f 3056 	3057 	1575
f 3060 	3068 	2039
f 3068 	3080 	2039
f 3061 	2555 	2993
f 3039 	3064 	3058
f 501 	504 	1588
f 2993 	3002 	3061
f 3082 	3083 	2039
f 3002 	3006 	3061
f 3059 	3060 	2039
f 3062 	2039 	3065
f 2556 	2993 	2555
f 3063 	3046 	1563
f 2556 	32 	2993
f 3063 	1150 	3046
f 32 	31 	2993
f 3058 	3064 	3066
f 3058 	3066 	3067
f 3067 	3078 	3058
f 3002 	2993 	31
f 3081 	2039 	3080
f 1150 	3063 	1156
f 3059 	3079 	3060
f 1584 	1182 	1174
f 1174 	1399 	1584
f 2555 	3061 	2999
f 3070 	3076 	2039
f 1584 	3057 	1182
f 2999 	3010 	2732
f 3057 	1151 	1182
f 859 	3058 	3111
f 3071 	2039 	3076
f 3072 	2039 	3071
f 2989 	2978 	2988
f 3056 	3054 	1155
f 3071 	2977 	3072
f 2988 	3072 	2977
f 3074 	34 	3075
f 3084 	3112 	3069
f 3075 	34 	37
f 3111 	3058 	3087
f 3075 	37 	3077
f 2977 	3071 	3076
f 3077 	37 	41
f 3070 	3112 	3076
f 3077 	41 	112
f 3087 	3094 	3111
f 3065 	3101 	3062
f 6 	112 	41
f 3084 	3069 	2039
f 3083 	3084 	2039
f 3069 	3070 	2039
f 2955 	3075 	72
f 3075 	3077 	72
f 3068 	3060 	3079
f 3080 	3068 	3079
f 3079 	3104 	3080
f 3081 	3080 	3104
f 3062 	3079 	3059
f 3087 	3058 	3088
f 3051 	3102 	3052
f 3078 	3088 	3058
f 1985 	529 	3089
f 3088 	3090 	3087
f 3093 	2039 	3098
f 3091 	3098 	2039
f 3087 	3090 	3092
f 3065 	2039 	3093
f 3095 	3096 	3087
f 3094 	3087 	3096
f 3087 	3097 	3095
f 3055 	3091 	3089
f 3055 	3089 	3052
f 3087 	3099 	3097
f 3098 	3091 	3055
f 3085 	3086 	3100
f 3100 	3086 	3073
f 3086 	47 	3073
f 3079 	3101 	3103
f 3113 	2189 	2187
f 3092 	3105 	3087
f 3087 	3105 	3099
f 3106 	3094 	3107
f 3106 	3100 	3094
f 3085 	3100 	3106
f 3107 	3094 	3109
f 3108 	3109 	3094
f 3096 	3110 	3094
f 3108 	3094 	3110
f 3111 	860 	859
f 3112 	3104 	3514
f 3113 	2187 	3136
f 3012 	3100 	3073
f 3111 	3100 	860
f 2216 	3115 	3142
f 3094 	3100 	3111
f 3118 	2295 	1083
f 3116 	2230 	3140
f 2224 	3116 	3141
f 3141 	3116 	3140
f 2224 	3136 	2187
f 3115 	3114 	3143
f 2194 	3137 	3366
f 2189 	3138 	3137
f 2194 	2189 	3137
f 3138 	2189 	3113
f 2237 	3144 	3139
f 2239 	2237 	3139
f 3139 	3114 	2239
f 3145 	2237 	2248
f 2254 	3156 	2248
f 2293 	3118 	3212
f 3212 	2283 	2293
f 2261 	3224 	3222
f 2257 	3159 	3157
f 2194 	3366 	2605
f 2612 	3120 	3121
f 2607 	2605 	3120
f 2612 	2607 	3120
f 1384 	1865 	3583
f 3359 	723 	2612
f 2605 	3360 	3120
f 3360 	2605 	3366
f 3121 	3120 	3360
f 1888 	1891 	1384
f 3668 	93 	3667
f 3666 	3667 	93
f 508 	174 	1979
f 3280 	3124 	3290
f 3125 	3290 	3124
f 3403 	3127 	3122
f 3123 	3122 	3127
f 3124 	3126 	3125
f 3124 	3123 	3127
f 3126 	3124 	3128
f 3127 	3128 	3124
f 3127 	3129 	3128
f 3127 	3130 	3129
f 3127 	3131 	3130
f 3127 	3132 	3131
f 3127 	3133 	3132
f 3138 	3113 	3136
f 3136 	2224 	3141
f 2216 	3142 	3140
f 2230 	2216 	3140
f 3115 	3143 	3142
f 3141 	3134 	3136
f 3134 	3141 	3140
f 3139 	3143 	3114
f 3142 	3134 	3140
f 3143 	3134 	3142
f 2909 	2894 	801
f 3022 	3146 	3021
f 3022 	3147 	3146
f 2953 	2827 	2804
f 3104 	3112 	3083
f 3147 	1272 	3149
f 2989 	2988 	2977
f 3070 	3069 	3112
f 3146 	3149 	3148
f 2953 	2804 	2793
f 3147 	3149 	3146
f 2977 	3076 	3112
f 2834 	2839 	2804
f 3143 	3135 	3134
f 1172 	1180 	2899
f 2839 	2981 	2804
f 3135 	3143 	3139
f 2981 	2987 	2804
f 2987 	2991 	2799
f 2991 	2997 	2799
f 3149 	1222 	3148
f 3103 	3104 	3079
f 1222 	3149 	1274
f 2987 	2799 	2804
f 3084 	3083 	3112
f 2997 	3011 	2799
f 3104 	3083 	3082
f 2894 	762 	801
f 3011 	3014 	2799
f 3144 	3135 	3139
f 3082 	3081 	3104
f 3145 	3135 	3144
f 3014 	3028 	2799
f 3028 	3029 	2799
f 801 	3233 	3234
f 801 	3234 	2909
f 2909 	3235 	2904
f 3129 	3130 	3488
f 3130 	3131 	3488
f 3131 	3132 	3488
f 3133 	3488 	3132
f 2918 	2924 	2923
f 2923 	2541 	2520
f 3155 	131 	206
f 2520 	2616 	2923
f 3102 	3101 	3055
f 3101 	3098 	3055
f 1651 	1924 	1648
f 3093 	3101 	3065
f 1648 	3631 	3153
f 3632 	3633 	3153
f 3079 	3062 	3101
f 3093 	3098 	3101
f 3334 	3210 	206
f 3055 	3052 	3102
f 3161 	3102 	3051
f 3145 	3151 	3135
f 2975 	948 	3034
f 3151 	3145 	3156
f 3161 	3213 	3102
f 3156 	3157 	3150
f 227 	228 	3178
f 3152 	3263 	3158
f 3157 	3159 	3150
f 1827 	2826 	3158
f 2541 	3154 	2520
f 228 	3155 	3178
f 3158 	3185 	1827
f 3166 	529 	3163
f 2923 	2922 	3160
f 3166 	3167 	529
f 529 	3213 	3161
f 529 	3161 	3051
f 3158 	3263 	3185
f 2926 	2923 	3160
f 3156 	2254 	3157
f 3164 	3166 	3163
f 3165 	3166 	3164
f 3156 	3150 	3151
f 3167 	3214 	529
f 3163 	3162 	3164
f 947 	951 	3274
f 3174 	2116 	2317
f 3155 	206 	3210
f 3164 	3162 	3165
f 3150 	3159 	3168
f 3170 	529 	3176
f 2104 	3201 	529
f 3163 	529 	3170
f 3163 	3170 	3162
f 3152 	3158 	3169
f 2104 	592 	3201
f 3199 	3200 	592
f 3175 	3353 	2488
f 3173 	3178 	3172
f 3204 	529 	3201
f 3188 	529 	3187
f 1283 	1303 	922
f 2826 	3169 	3158
f 2488 	111 	3175
f 3175 	111 	117
f 3174 	2317 	3470
f 3175 	117 	3171
f 3169 	3174 	3152
f 3180 	3162 	3170
f 3187 	529 	3205
f 3178 	3177 	227
f 3182 	3117 	3181
f 3170 	3176 	3180
f 3186 	3182 	3184
f 3181 	3202 	3182
f 3176 	529 	3188
f 3180 	3188 	3187
f 3190 	3191 	3192
f 3189 	3191 	3190
f 3193 	3194 	3195
f 3189 	3192 	3191
f 3188 	3180 	3176
f 3145 	2248 	3156
f 3196 	3181 	3198
f 3197 	3193 	3195
f 3192 	3191 	2505
f 3179 	3209 	3181
f 3189 	2493 	3191
f 2260 	2261 	3168
f 3181 	3196 	3202
f 3200 	3201 	592
f 3172 	3178 	3331
f 3155 	3331 	3178
f 3178 	3173 	3203
f 3191 	3192 	129
f 3191 	129 	3189
f 3168 	2257 	2260
f 3184 	3182 	3202
f 3205 	529 	3204
f 3178 	3203 	3206
f 3178 	3206 	3194
f 3178 	3194 	3193
f 129 	2493 	3189
f 3187 	3205 	3180
f 3168 	3159 	2257
f 129 	124 	2493
f 105 	1823 	3183
f 3193 	3177 	3178
f 3192 	3189 	3190
f 3180 	3205 	3204
f 2256 	2257 	3157
f 105 	97 	1823
f 3551 	3190 	2505
f 3177 	3193 	3207
f 3197 	3207 	3193
f 3200 	3228 	3201
f 3208 	3179 	1262
f 3209 	3179 	3208
f 1259 	1260 	3179
f 946 	3228 	939
f 3157 	2254 	2256
f 3333 	3331 	3210
f 1259 	3179 	1303
f 3551 	2505 	2514
f 3198 	3181 	3209
f 3211 	3212 	3118
f 3334 	3337 	3210
f 3256 	3213 	3214
f 922 	1303 	3179
f 3211 	3118 	1083
f 3216 	3270 	3215
f 1083 	1662 	3211
f 3029 	3032 	2799
f 1648 	3211 	1662
f 2799 	3220 	2805
f 3150 	3168 	3222
f 3177 	3207 	3225
f 3836 	3840 	3226
f 129 	3192 	161
f 3192 	3190 	161
f 3183 	3223 	3185
f 3224 	3150 	3222
f 3183 	1823 	3223
f 3177 	3225 	3226
f 2799 	3032 	3220
f 3620 	3256 	3217
f 3227 	117 	133
f 3220 	3229 	2805
f 117 	3227 	3171
f 227 	3177 	3840
f 3227 	133 	3231
f 3223 	1823 	856
f 3231 	133 	136
f 3217 	3165 	3162
f 3233 	890 	90
f 3032 	3715 	3220
f 3231 	136 	3236
f 3224 	3230 	3150
f 1828 	3223 	856
f 3217 	3166 	3165
f 3232 	3153 	3150
f 382 	2219 	1316
f 3233 	90 	98
f 3217 	3162 	3180
f 1648 	3212 	3211
f 3233 	98 	3234
f 3217 	3180 	3221
f 1648 	3153 	3232
f 109 	3235 	3234
f 3212 	1648 	3232
f 3232 	2283 	3212
f 3230 	3232 	3150
f 3228 	3221 	3180
f 3180 	3204 	3228
f 136 	153 	3236
f 2909 	3234 	3235
f 3204 	3201 	3228
f 3199 	939 	3228
f 3289 	2904 	3235
f 3230 	3119 	2283
f 3199 	3228 	3200
f 3238 	2805 	3229
f 3232 	3230 	2283
f 3622 	3620 	3217
f 2278 	2280 	3224
f 3185 	3240 	3183
f 3610 	3217 	3221
f 3227 	3231 	3401
f 3230 	3224 	3119
f 3605 	3221 	3228
f 3389 	3401 	3231
f 2127 	2805 	3238
f 3389 	3231 	3236
f 3238 	3237 	2127
f 3241 	3183 	3240
f 3228 	946 	2083
f 3237 	3242 	2127
f 3224 	2261 	2278
f 3236 	3250 	3385
f 2261 	3222 	3168
f 3264 	3239 	3241
f 3246 	3244 	3247
f 2083 	3601 	3228
f 2127 	3242 	3243
f 3493 	108 	3239
f 3605 	3228 	3601
f 108 	3241 	3239
f 206 	390 	3334
f 108 	3183 	3241
f 108 	105 	3183
f 3243 	3248 	2127
f 3253 	3255 	3252
f 3251 	3252 	3255
f 3254 	3264 	3241
f 3166 	3217 	3167
f 2127 	3248 	2145
f 3251 	1333 	3252
f 529 	3214 	3213
f 3253 	3252 	1330
f 1333 	1330 	3252
f 3219 	3215 	3218
f 3240 	3263 	3241
f 3182 	3186 	3258
f 3259 	3182 	3258
f 3240 	3185 	3263
f 3292 	3251 	3260
f 3255 	3260 	3251
f 3182 	3259 	3262
f 3264 	3254 	3468
f 3246 	3257 	3261
f 3179 	3117 	929
f 3263 	3254 	3241
f 3261 	3244 	3246
f 382 	1316 	1333
f 3179 	3181 	3117
f 3243 	3741 	3248
f 929 	975 	3179
f 3254 	3263 	3152
f 3123 	3124 	3261
f 3239 	3264 	3493
f 1333 	3251 	382
f 922 	3179 	975
f 3266 	3247 	3265
f 3269 	3318 	3268
f 3244 	3276 	3247
f 3234 	98 	109
f 3182 	3262 	3218
f 3219 	3218 	3262
f 3244 	3261 	3276
f 3280 	3276 	3261
f 3270 	3218 	3215
f 3270 	3216 	3272
f 3036 	3270 	3272
f 114 	3289 	113
f 3271 	3275 	3284
f 3274 	3218 	3277
f 3280 	3261 	3124
f 387 	3251 	3285
f 109 	113 	3289
f 3275 	1619 	1494
f 3251 	387 	382
f 3275 	3271 	1619
f 3278 	3265 	3276
f 3247 	3276 	3265
f 1529 	1619 	3271
f 3464 	3264 	3468
f 3276 	3279 	3278
f 3167 	3217 	3214
f 3214 	3217 	3256
f 3275 	2836 	3284
f 3281 	3282 	3280
f 3276 	3280 	3282
f 3267 	3283 	3268
f 3620 	3102 	3256
f 3256 	3102 	3213
f 3280 	3290 	3281
f 3284 	3353 	3271
f 948 	3270 	3034
f 3267 	3286 	3283
f 3290 	3656 	3281
f 2842 	3287 	3288
f 109 	3289 	3235
f 3276 	3282 	3279
f 1811 	3288 	3287
f 3291 	3289 	114
f 3270 	3277 	3218
f 3721 	3238 	3229
f 3278 	3279 	3652
f 3279 	3282 	3652
f 3282 	3281 	3653
f 3654 	3653 	3281
f 3656 	3654 	3281
f 3125 	3657 	3290
f 3287 	1810 	1811
f 3247 	3293 	3246
f 1811 	760 	3288
f 3294 	1509 	3293
f 760 	766 	3288
f 3295 	3285 	3292
f 3287 	1845 	1810
f 3251 	3292 	3285
f 1641 	1509 	3294
f 3218 	3274 	3182
f 3270 	948 	3277
f 3296 	2877 	3328
f 948 	947 	3277
f 3298 	3285 	3297
f 3295 	3297 	3285
f 3288 	766 	2842
f 3293 	3257 	3246
f 3298 	3286 	3285
f 1509 	750 	735
f 3267 	3285 	3286
f 2877 	2904 	3299
f 1509 	758 	750
f 3287 	2019 	2020
f 3289 	3299 	2904
f 3273 	3285 	3267
f 3287 	2020 	1926
f 3273 	3267 	3318
f 3287 	1926 	1845
f 735 	3293 	1509
f 3300 	3302 	3303
f 3274 	3277 	947
f 3294 	3304 	3305
f 3306 	3318 	3269
f 3294 	3312 	3304
f 3734 	3732 	3266
f 3307 	3320 	3309
f 1642 	1641 	3305
f 3294 	3305 	1641
f 3182 	951 	3117
f 3294 	3293 	3247
f 3312 	3294 	3266
f 3247 	3266 	3294
f 3274 	951 	3182
f 3305 	3304 	3731
f 3304 	3312 	3731
f 3732 	3731 	3312
f 3312 	3266 	3732
f 3308 	3301 	2842
f 3302 	3300 	3314
f 3313 	3314 	3300
f 2842 	3301 	3287
f 3303 	3316 	3300
f 3339 	3334 	3316
f 1260 	3583 	1262
f 3320 	3307 	2222
f 2846 	2847 	3308
f 3319 	3318 	3306
f 3267 	3268 	3318
f 1260 	1265 	3583
f 1265 	1270 	3583
f 3208 	1262 	3583
f 1271 	1384 	3583
f 3301 	3308 	3323
f 350 	65 	73
f 3273 	387 	3285
f 3184 	3583 	3186
f 3320 	2225 	3311
f 3196 	3198 	3583
f 3202 	3196 	3583
f 3310 	3320 	3311
f 3325 	3324 	824
f 2225 	2231 	3311
f 3300 	3318 	3319
f 350 	335 	65
f 372 	335 	350
f 3325 	3327 	3324
f 356 	293 	260
f 3300 	3319 	3313
f 3208 	3583 	3209
f 3198 	3209 	3583
f 3321 	2907 	3322
f 528 	260 	293
f 302 	362 	356
f 390 	387 	3273
f 3184 	3202 	3583
f 3320 	2222 	2225
f 3583 	3258 	3186
f 293 	356 	362
f 3258 	3595 	3259
f 302 	366 	362
f 3273 	3318 	390
f 3259 	3595 	3262
f 881 	3329 	856
f 3328 	3310 	3296
f 3326 	2889 	2890
f 335 	372 	302
f 881 	824 	3329
f 2907 	2895 	3322
f 3310 	2241 	3296
f 3215 	3219 	3595
f 3330 	3329 	824
f 366 	302 	372
f 2889 	3326 	3322
f 3328 	2877 	3299
f 3219 	3262 	3595
f 1828 	856 	3332
f 3329 	3332 	856
f 3155 	3210 	3331
f 3337 	3334 	3336
f 3335 	3336 	3334
f 3047 	3044 	3450
f 3042 	3053 	3450
f 2217 	3309 	3380
f 3333 	3210 	3337
f 3044 	3037 	3450
f 3036 	3272 	3450
f 824 	3315 	3330
f 3300 	3316 	3334
f 824 	3842 	3315
f 3050 	3047 	3450
f 3037 	3036 	3450
f 3338 	3309 	3320
f 3053 	3050 	3450
f 3257 	735 	130
f 534 	532 	528
f 735 	3257 	3293
f 3338 	3320 	3310
f 3308 	2847 	3323
f 3330 	130 	3329
f 3449 	3450 	3272
f 3328 	3338 	3310
f 735 	3329 	130
f 3330 	139 	130
f 3299 	3289 	3328
f 2847 	2881 	3323
f 3329 	735 	3332
f 2385 	3284 	2859
f 534 	528 	293
f 3340 	3301 	3323
f 735 	750 	3332
f 3328 	3291 	3338
f 3284 	2488 	3353
f 3340 	3323 	3321
f 1828 	3332 	750
f 3271 	3353 	3362
f 3284 	2385 	2488
f 3330 	3315 	139
f 566 	564 	590
f 3335 	3334 	3339
f 3340 	3287 	3301
f 564 	528 	532
f 590 	564 	532
f 3039 	3537 	3064
f 566 	590 	569
f 390 	3300 	3334
f 3066 	3064 	3537
f 3537 	3038 	3041
f 3039 	3038 	3537
f 3350 	3269 	3268
f 3268 	3283 	3350
f 3066 	3537 	3067
f 3078 	3067 	3537
f 2309 	3345 	2682
f 611 	566 	569
f 569 	619 	611
f 3283 	3286 	3350
f 3343 	3346 	3341
f 3298 	3350 	3286
f 3350 	3298 	3297
f 3340 	3321 	3347
f 3313 	3319 	3350
f 3269 	3350 	3306
f 824 	3342 	3325
f 3306 	3350 	3319
f 3095 	3097 	3537
f 3096 	3095 	3537
f 3537 	3109 	3108
f 3347 	3321 	3322
f 824 	3349 	3342
f 3350 	3314 	3313
f 3351 	881 	856
f 3097 	3099 	3537
f 3078 	3537 	3088
f 3314 	3350 	1285
f 881 	3351 	824
f 3099 	3105 	3537
f 3088 	3537 	3090
f 3090 	3537 	3092
f 3343 	3227 	3346
f 619 	670 	611
f 611 	670 	645
f 2019 	3287 	3340
f 3351 	3349 	824
f 3302 	1285 	3303
f 3092 	3537 	3105
f 3352 	3351 	856
f 3227 	3401 	3346
f 670 	653 	645
f 3322 	3326 	3347
f 3096 	3537 	3110
f 3108 	3110 	3537
f 856 	1823 	3352
f 3339 	3316 	1285
f 3336 	3335 	1285
f 3352 	3349 	3351
f 3537 	3540 	3109
f 1823 	97 	3352
f 3353 	3171 	3343
f 97 	81 	3352
f 1278 	1279 	7
f 3343 	3171 	3227
f 3085 	51 	3086
f 3109 	51 	3107
f 3085 	3106 	51
f 3106 	3107 	51
f 47 	3086 	51
f 7 	1268 	1278
f 81 	3349 	3352
f 3303 	1285 	3316
f 3342 	3349 	81
f 645 	653 	1268
f 653 	1281 	1268
f 1281 	1278 	1268
f 3339 	1285 	3335
f 3314 	1285 	3302
f 3325 	3342 	81
f 3529 	51 	3109
f 3374 	3376 	3134
f 3134 	3135 	3374
f 3356 	3374 	3135
f 3333 	829 	3172
f 3136 	3134 	3358
f 3489 	3347 	3344
f 3173 	3172 	829
f 3347 	3489 	3494
f 3353 	3175 	3171
f 3358 	3137 	3138
f 3347 	3494 	3340
f 3203 	3173 	829
f 2126 	3354 	1807
f 3494 	2019 	3340
f 3366 	3137 	3358
f 3354 	2126 	405
f 2089 	1807 	3354
f 3331 	3333 	3172
f 1511 	3343 	3341
f 3135 	3643 	3356
f 3376 	3378 	3134
f 2612 	3121 	3359
f 3354 	1940 	2089
f 3336 	829 	3337
f 3333 	3337 	829
f 3354 	1942 	1940
f 3355 	1957 	1969
f 2037 	3355 	1969
f 3206 	3203 	829
f 3121 	3360 	3359
f 3354 	2139 	1942
f 1511 	3361 	3343
f 3837 	3836 	829
f 3361 	3362 	3353
f 405 	2142 	3354
f 3361 	1539 	3362
f 3363 	3326 	2966
f 3367 	1942 	3364
f 1942 	2139 	3364
f 3225 	3207 	829
f 3195 	829 	3197
f 3194 	829 	3195
f 3206 	829 	3194
f 1593 	3362 	1539
f 3347 	3326 	3363
f 3343 	3361 	3353
f 446 	2185 	3365
f 3365 	2185 	3369
f 3197 	829 	3207
f 3359 	3357 	1293
f 446 	3365 	448
f 3364 	448 	3365
f 3363 	3344 	3347
f 1539 	3361 	1589
f 3253 	3350 	3255
f 3260 	3255 	3350
f 3253 	1330 	3350
f 3357 	3359 	3360
f 1329 	3350 	1330
f 1529 	3271 	3362
f 3344 	3414 	3491
f 3370 	1940 	3367
f 3369 	2178 	3371
f 3260 	3350 	3292
f 3295 	3292 	3350
f 3364 	3369 	3367
f 3297 	3295 	3350
f 1107 	1293 	3357
f 3365 	3369 	3364
f 3358 	3138 	3136
f 1329 	2699 	3350
f 3362 	1593 	1598
f 3362 	1598 	1529
f 1940 	1939 	2089
f 3358 	3357 	3366
f 3381 	1939 	3370
f 3357 	3360 	3366
f 377 	3960 	378
f 333 	3960 	377
f 3370 	3367 	3371
f 3369 	3371 	3367
f 3481 	3482 	3356
f 3960 	3398 	378
f 3348 	3410 	3373
f 3372 	1698 	1691
f 3363 	2966 	3368
f 3378 	3384 	3134
f 3358 	3134 	3384
f 3482 	3374 	3356
f 3384 	3386 	3358
f 3385 	1925 	3372
f 3613 	1945 	3373
f 1925 	1698 	3372
f 3375 	3960 	20
f 3386 	3391 	3358
f 3357 	3358 	3391
f 3379 	3372 	1691
f 2178 	2179 	3383
f 3391 	3392 	3357
f 3368 	2966 	3026
f 3371 	3383 	3381
f 3371 	3381 	3370
f 3378 	3490 	3384
f 3375 	110 	3438
f 3392 	3395 	3357
f 2270 	2269 	3380
f 3383 	2179 	3388
f 3388 	2179 	2182
f 3379 	3389 	3372
f 1107 	3357 	3395
f 3345 	2309 	3390
f 3387 	3381 	3388
f 3383 	3388 	3381
f 2270 	3380 	3382
f 3386 	3429 	3391
f 3377 	3368 	3026
f 3389 	3385 	3372
f 3395 	3397 	1107
f 3389 	3236 	3385
f 3429 	3392 	3391
f 2078 	1921 	3393
f 3994 	3969 	3394
f 3394 	3544 	3994
f 3026 	3015 	3377
f 3382 	3390 	2270
f 3341 	3389 	3379
f 1111 	1107 	3397
f 3341 	3379 	1570
f 1111 	3397 	1481
f 3472 	1481 	3397
f 2080 	2078 	3393
f 2675 	2270 	3390
f 3390 	2309 	2675
f 3341 	1570 	1511
f 3388 	2182 	3396
f 2086 	3396 	2182
f 3388 	3396 	3387
f 3522 	3523 	3041
f 3380 	2269 	2217
f 3529 	3109 	3528
f 3428 	3422 	1921
f 2977 	3399 	3015
f 3346 	3401 	3341
f 3389 	3341 	3401
f 3404 	3402 	3403
f 3416 	1934 	1935
f 3403 	3122 	3404
f 3416 	3420 	1934
f 3406 	2080 	1934
f 1938 	1934 	2080
f 3404 	3407 	3402
f 3426 	3428 	1762
f 3469 	1408 	3407
f 3460 	2574 	1793
f 1768 	2575 	1774
f 3402 	3407 	3127
f 3412 	2175 	3435
f 2179 	2175 	2182
f 3127 	3403 	3402
f 3405 	2078 	3406
f 2080 	3406 	2078
f 3412 	3411 	2086
f 3338 	3415 	3309
f 2086 	2182 	3412
f 3127 	3407 	1421
f 3414 	3344 	3363
f 3439 	3440 	1921
f 3418 	3439 	1921
f 3417 	3418 	1921
f 3415 	3382 	3380
f 1921 	2565 	1808
f 3345 	3419 	3348
f 3122 	3478 	3404
f 3552 	3400 	3398
f 3419 	3345 	3390
f 1921 	3420 	3416
f 3421 	3363 	3368
f 3406 	1934 	3420
f 3414 	3363 	3421
f 3419 	3410 	3348
f 3417 	1921 	3422
f 3413 	3423 	3408
f 1935 	1943 	3416
f 1438 	3133 	1421
f 3127 	1421 	3133
f 3421 	3368 	3377
f 3427 	3386 	3425
f 3384 	3425 	3386
f 3416 	1762 	3428
f 3427 	3429 	3386
f 3392 	3429 	3430
f 3430 	3431 	3395
f 3430 	3395 	3392
f 3382 	3419 	3390
f 3472 	3397 	3434
f 3431 	3434 	3395
f 3415 	3419 	3382
f 3482 	3126 	3483
f 1438 	3429 	3133
f 3409 	3421 	3377
f 3415 	3608 	3419
f 3398 	3960 	3375
f 3406 	3420 	3405
f 3422 	3426 	3417
f 3418 	3417 	3426
f 3426 	3422 	3428
f 3433 	3411 	3412
f 3436 	3552 	3438
f 3415 	3380 	3309
f 3435 	3433 	3412
f 3437 	3250 	3413
f 3431 	1438 	3434
f 3425 	3133 	3427
f 3413 	3250 	3249
f 3440 	3442 	1921
f 3427 	3133 	3429
f 3249 	3423 	3413
f 3429 	1438 	3430
f 3430 	1438 	3431
f 3443 	1921 	3442
f 3419 	3618 	3410
f 3544 	3588 	3994
f 3588 	3589 	110
f 3612 	3438 	3589
f 3438 	110 	3589
f 3642 	3650 	3438
f 3612 	3642 	3438
f 3452 	3041 	3450
f 1925 	3385 	3437
f 3444 	3519 	3409
f 3400 	3552 	3441
f 1762 	2565 	3443
f 3385 	3250 	3437
f 3447 	3459 	3272
f 3459 	3448 	3272
f 3448 	3449 	3272
f 3041 	3040 	3450
f 1791 	1793 	2575
f 2574 	2575 	1793
f 3445 	3377 	3015
f 3289 	3291 	3328
f 3435 	2175 	3456
f 3452 	3450 	3454
f 3449 	3454 	3450
f 1803 	3408 	3542
f 3399 	3445 	3015
f 3670 	3672 	3436
f 3418 	3426 	3439
f 3399 	3515 	3444
f 3426 	3442 	3440
f 3440 	3439 	3426
f 3445 	3399 	3444
f 3458 	3998 	3577
f 3444 	3515 	3519
f 3454 	3449 	3448
f 3433 	3435 	3451
f 3456 	3451 	3435
f 3040 	3042 	3450
f 3419 	3608 	3618
f 3598 	3454 	3459
f 1786 	1791 	2575
f 3448 	3459 	3454
f 3445 	3409 	3377
f 3443 	2565 	1921
f 1803 	1826 	3408
f 3447 	3598 	3459
f 3451 	3456 	3460
f 3467 	3460 	3456
f 3462 	1826 	1817
f 3445 	3444 	3409
f 3462 	1817 	3457
f 3152 	3468 	3254
f 2603 	2574 	3467
f 3460 	3467 	2574
f 1424 	1408 	3469
f 3407 	3404 	3469
f 2322 	3471 	3470
f 1058 	3012 	3073
f 3462 	3408 	1826
f 3409 	3500 	3504
f 3395 	3434 	3397
f 3409 	3504 	3421
f 2057 	1925 	3457
f 2322 	2320 	3471
f 3457 	1817 	2030
f 3473 	3465 	4011
f 2026 	3475 	2038
f 1481 	1465 	1487
f 3473 	3477 	3465
f 3457 	2030 	2057
f 3464 	3470 	3471
f 2038 	3475 	3476
f 3472 	1465 	1481
f 3413 	3408 	3462
f 2328 	3469 	3404
f 3457 	3413 	3462
f 3464 	3471 	3466
f 1925 	3413 	3457
f 2026 	211 	223
f 3469 	2328 	1424
f 223 	3475 	2026
f 1100 	1062 	3474
f 3437 	3413 	1925
f 141 	54 	3475
f 3471 	3463 	3466
f 223 	141 	3475
f 3476 	92 	2056
f 3152 	3174 	3468
f 139 	3855 	3123
f 3476 	44 	71
f 80 	92 	3476
f 4011 	3465 	3461
f 3174 	3470 	3468
f 3476 	71 	80
f 3374 	3482 	3483
f 3468 	3470 	3464
f 3408 	3423 	3479
f 3483 	3484 	3376
f 3483 	3376 	3374
f 3378 	3376 	3488
f 3484 	3488 	3376
f 3489 	231 	258
f 3423 	3249 	3479
f 3488 	3490 	3378
f 3615 	3245 	3479
f 3465 	3477 	3487
f 3491 	3505 	231
f 3486 	3492 	3485
f 3384 	3490 	3425
f 3491 	231 	3489
f 3494 	3489 	258
f 3128 	3483 	3126
f 3129 	3488 	3128
f 1058 	3073 	3587
f 3496 	304 	281
f 203 	3494 	258
f 3657 	3125 	3481
f 3481 	3125 	3482
f 1473 	1487 	1465
f 3483 	3128 	3484
f 3473 	681 	684
f 3484 	3128 	3488
f 1438 	1465 	3434
f 3488 	3133 	3490
f 3434 	1465 	3472
f 3490 	3133 	3425
f 684 	669 	3477
f 120 	3492 	3486
f 3477 	669 	1612
f 304 	3496 	3693
f 3344 	3491 	3489
f 134 	120 	3486
f 120 	3493 	3492
f 3477 	1612 	3487
f 120 	108 	3493
f 1615 	3487 	1612
f 3582 	3485 	3463
f 3493 	3264 	3498
f 3498 	3492 	3493
f 3452 	3522 	3041
f 3523 	3535 	3041
f 3498 	3464 	3466
f 3485 	3492 	3498
f 51 	3501 	3502
f 51 	3502 	3503
f 51 	3503 	3513
f 3500 	149 	182
f 3485 	3466 	3463
f 3504 	3500 	182
f 3485 	3498 	3466
f 3495 	3499 	3496
f 3556 	1119 	1098
f 3505 	3504 	182
f 3498 	3264 	3464
f 182 	231 	3505
f 3499 	3690 	3496
f 2331 	2682 	3345
f 2331 	2680 	2682
f 3504 	3505 	3421
f 3507 	3579 	3518
f 3421 	3505 	3414
f 2320 	3508 	3471
f 3480 	3479 	3499
f 3414 	3505 	3491
f 2320 	2708 	3508
f 3480 	3499 	3538
f 2977 	3515 	3399
f 2708 	3510 	3508
f 3499 	3479 	3245
f 3499 	3245 	3690
f 3503 	3502 	3512
f 3511 	3512 	3502
f 3515 	2977 	3112
f 1498 	3579 	3507
f 1652 	3507 	3518
f 3503 	3512 	3513
f 3661 	3513 	3512
f 3507 	1652 	551
f 3507 	551 	1498
f 3487 	3516 	3465
f 3692 	3691 	3512
f 3514 	3515 	3112
f 3542 	1978 	1803
f 3463 	3471 	3508
f 3516 	3517 	3465
f 3502 	3501 	3511
f 3527 	3495 	1954
f 296 	3727 	3512
f 3511 	296 	3512
f 3517 	3518 	3579
f 3530 	3509 	3531
f 1203 	3543 	3546
f 3613 	3373 	3410
f 3519 	3515 	3514
f 3639 	488 	2035
f 3613 	3410 	3618
f 3496 	281 	1954
f 3519 	3514 	3532
f 3496 	1954 	3495
f 3628 	3639 	1191
f 1954 	2111 	3527
f 3537 	3041 	3536
f 3536 	3041 	3535
f 3487 	1615 	3516
f 3517 	3516 	696
f 3530 	51 	3529
f 3531 	51 	3530
f 3501 	51 	3531
f 698 	3518 	3517
f 1652 	3518 	698
f 3541 	3548 	3109
f 3540 	3541 	3109
f 3548 	3553 	3109
f 333 	377 	326
f 1191 	3639 	1178
f 3540 	3534 	3541
f 3533 	3541 	3534
f 1970 	3527 	2107
f 3534 	3540 	3537
f 3534 	3537 	3536
f 334 	3458 	3394
f 1970 	3538 	3527
f 3514 	3104 	3532
f 334 	323 	3458
f 322 	323 	334
f 3522 	3534 	3523
f 3521 	3532 	3104
f 3479 	1947 	3542
f 3535 	3523 	3534
f 1947 	1978 	3542
f 110 	3994 	3588
f 3534 	3522 	3454
f 3452 	3454 	3522
f 3479 	3542 	3408
f 3536 	3535 	3534
f 3506 	3533 	3534
f 3454 	3506 	3534
f 3543 	3624 	3546
f 3102 	3547 	3545
f 3398 	473 	378
f 3102 	3545 	3101
f 2716 	3510 	2708
f 3479 	3480 	1947
f 3533 	3506 	3509
f 3525 	3101 	3545
f 3548 	3541 	3533
f 3527 	3499 	3495
f 3400 	3441 	474
f 3525 	3103 	3101
f 3508 	3510 	3520
f 3538 	3499 	3527
f 3521 	3104 	3103
f 3533 	3509 	3528
f 3521 	3103 	3525
f 2716 	3550 	3555
f 3565 	2716 	2711
f 3549 	3189 	3551
f 3528 	3509 	3529
f 3189 	3190 	3551
f 3530 	3529 	3509
f 2514 	3154 	3549
f 3549 	3154 	2541
f 3528 	3109 	3554
f 3554 	3109 	3553
f 3554 	3553 	3533
f 3551 	2514 	3549
f 3528 	3554 	3533
f 3553 	3548 	3533
f 3539 	3526 	3550
f 3511 	3501 	3531
f 1215 	1232 	3543
f 3526 	3524 	3550
f 3552 	3432 	3424
f 3550 	3559 	3555
f 3511 	3531 	3509
f 2716 	3555 	3510
f 3552 	3436 	3432
f 3398 	3375 	3552
f 3559 	3510 	3555
f 3375 	3438 	3552
f 3556 	3561 	3611
f 3215 	3595 	3216
f 3436 	3438 	3650
f 3563 	3519 	3562
f 1865 	1384 	1863
f 3539 	2367 	2357
f 3409 	3519 	3563
f 3549 	3560 	3557
f 3567 	3272 	3566
f 3216 	3595 	3272
f 3567 	3570 	3272
f 3446 	3272 	3570
f 3446 	3447 	3272
f 3564 	3549 	3557
f 3539 	3565 	2367
f 3447 	3446 	3598
f 3570 	3598 	3446
f 3572 	3562 	3521
f 3549 	2541 	3560
f 3550 	2716 	3565
f 3574 	3576 	3272
f 3566 	3272 	3575
f 3573 	3574 	3272
f 3539 	3550 	3565
f 3564 	161 	3549
f 3521 	3525 	3572
f 3559 	3550 	3524
f 3575 	3272 	3576
f 3455 	3424 	3701
f 3190 	3549 	161
f 3577 	3998 	3606
f 3508 	3520 	3463
f 3581 	3597 	3573
f 3465 	3660 	3461
f 3549 	3190 	3189
f 3562 	3519 	3532
f 3524 	3520 	3510
f 3583 	3584 	3258
f 3713 	3709 	3579
f 3524 	3510 	3559
f 3561 	3556 	1098
f 3592 	3272 	3595
f 3573 	3272 	3581
f 3580 	3581 	3272
f 3521 	3562 	3532
f 3485 	3582 	3636
f 3465 	3517 	3579
f 1098 	1097 	3561
f 3485 	3636 	3486
f 3585 	3590 	3258
f 3584 	3585 	3258
f 3636 	3582 	3596
f 3580 	3272 	3586
f 3545 	3572 	3525
f 3458 	3544 	3394
f 3593 	3578 	342
f 3544 	3458 	3577
f 47 	46 	3073
f 338 	342 	3578
f 3591 	3258 	3590
f 3591 	3594 	3258
f 3595 	3258 	3594
f 135 	134 	3636
f 3586 	3272 	3592
f 3545 	3547 	3572
f 3587 	3073 	61
f 3486 	3636 	134
f 3593 	3560 	3649
f 3291 	114 	122
f 3571 	3474 	3587
f 3398 	3400 	473
f 3594 	3603 	3595
f 342 	3557 	3593
f 3590 	3604 	3591
f 3557 	3560 	3593
f 342 	3564 	3557
f 1884 	3607 	1863
f 1863 	3607 	1865
f 1865 	3607 	3583
f 150 	342 	339
f 3587 	3474 	1058
f 150 	161 	342
f 3616 	3572 	3547
f 3587 	57 	56
f 56 	64 	3587
f 3520 	3596 	3582
f 59 	3073 	46
f 3250 	3236 	153
f 3602 	122 	125
f 3587 	58 	57
f 3250 	153 	157
f 3645 	3572 	3616
f 61 	3073 	59
f 3455 	3552 	3424
f 3463 	3520 	3582
f 58 	3587 	61
f 3572 	328 	3562
f 328 	3658 	3562
f 3566 	3598 	3567
f 3570 	3567 	3598
f 3598 	3566 	3599
f 338 	3600 	339
f 3600 	349 	339
f 3598 	3944 	3454
f 122 	3602 	3291
f 3600 	351 	349
f 3611 	3561 	3571
f 3571 	3587 	64
f 125 	128 	3602
f 364 	351 	3600
f 3571 	64 	63
f 128 	3608 	3602
f 3597 	3603 	3957
f 3338 	3291 	3602
f 163 	349 	351
f 3571 	63 	62
f 3571 	62 	74
f 3415 	3338 	3602
f 3574 	3573 	3597
f 150 	339 	163
f 3474 	3571 	1100
f 3599 	3566 	3575
f 163 	339 	349
f 3602 	3608 	3415
f 1097 	1100 	3571
f 3597 	3599 	3576
f 3575 	3576 	3599
f 3453 	3455 	3714
f 3576 	3574 	3597
f 1097 	3571 	3561
f 3249 	166 	167
f 3586 	3603 	3580
f 3603 	3597 	3580
f 1280 	3724 	3579
f 3581 	3580 	3597
f 3579 	1498 	1280
f 3558 	3543 	3497
f 3636 	156 	135
f 3544 	3577 	3588
f 3635 	3600 	431
f 3556 	3609 	3558
f 2115 	3614 	3601
f 3617 	3610 	3605
f 3577 	3606 	3588
f 3603 	3586 	3592
f 128 	137 	3608
f 3589 	3588 	3606
f 3592 	3595 	3603
f 3604 	3603 	3594
f 96 	3609 	3556
f 3650 	3670 	3436
f 3432 	3436 	3672
f 3613 	137 	140
f 3594 	3591 	3604
f 3610 	3221 	3605
f 473 	3400 	474
f 3584 	3607 	3585
f 3608 	137 	3618
f 3590 	3585 	3604
f 3604 	3585 	3607
f 96 	3556 	95
f 82 	3556 	83
f 95 	3556 	82
f 3611 	88 	3556
f 431 	3600 	432
f 3618 	137 	3613
f 3600 	379 	432
f 3601 	3617 	3605
f 87 	86 	3611
f 3613 	140 	309
f 3614 	3617 	3601
f 3584 	3583 	3607
f 88 	3611 	86
f 3613 	309 	2429
f 3578 	3600 	338
f 3571 	74 	3611
f 87 	3611 	74
f 3619 	77 	3607
f 83 	3556 	88
f 3607 	77 	3949
f 166 	3249 	157
f 3250 	157 	3249
f 3558 	3609 	102
f 3558 	102 	101
f 2244 	3614 	2115
f 3609 	94 	93
f 3609 	93 	102
f 3615 	3249 	167
f 4 	3543 	3558
f 3604 	3607 	3950
f 3479 	3249 	3615
f 3619 	3607 	1884
f 1119 	3558 	3497
f 364 	3621 	368
f 2303 	3619 	1884
f 3620 	3610 	3617
f 3556 	3558 	1119
f 96 	94 	3609
f 527 	368 	3621
f 2303 	77 	3619
f 3622 	3610 	3620
f 3455 	3453 	3644
f 1203 	3546 	3624
f 3622 	3217 	3610
f 3626 	3631 	1648
f 3633 	3634 	3153
f 3150 	3153 	3634
f 3634 	3625 	3150
f 3151 	3150 	3637
f 2440 	3623 	2441
f 3543 	4 	3624
f 4 	5 	3624
f 3552 	3455 	3644
f 1924 	1956 	3626
f 1955 	1956 	1924
f 3632 	3153 	3631
f 3424 	3432 	3672
f 3729 	3631 	3626
f 3644 	3453 	3568
f 3621 	538 	506
f 3625 	3637 	3150
f 3633 	3734 	3634
f 3635 	3621 	364
f 3627 	3623 	3629
f 3568 	3453 	3714
f 3637 	3640 	3151
f 364 	3600 	3635
f 3606 	3461 	3638
f 3679 	3465 	3697
f 3697 	3465 	3709
f 3653 	3637 	3625
f 3630 	3629 	3636
f 3640 	3641 	3151
f 3135 	3151 	3641
f 3640 	3637 	3653
f 3612 	3589 	3638
f 3606 	3638 	3589
f 3547 	3620 	3616
f 3643 	3135 	3641
f 3624 	3628 	1203
f 3596 	3630 	3636
f 3441 	479 	474
f 3620 	3547 	3102
f 173 	3615 	167
f 431 	436 	3621
f 159 	3623 	2440
f 3635 	431 	3621
f 159 	2440 	321
f 3481 	3356 	3643
f 1235 	3441 	3644
f 3629 	3623 	159
f 3629 	159 	156
f 3644 	3568 	3569
f 3691 	3692 	51
f 436 	538 	3621
f 156 	3636 	3629
f 3620 	3645 	3616
f 3645 	328 	3572
f 3615 	173 	3245
f 3630 	3520 	3524
f 3624 	3646 	3659
f 3617 	3645 	3620
f 172 	3245 	173
f 3245 	172 	3690
f 3647 	3623 	3627
f 2244 	3655 	3614
f 3629 	3630 	3647
f 3627 	3629 	3647
f 142 	3646 	143
f 3659 	3646 	142
f 158 	143 	3646
f 3644 	3441 	3552
f 2541 	3648 	3649
f 3123 	3261 	139
f 2541 	2926 	3648
f 2926 	3160 	3648
f 3624 	3659 	3628
f 3524 	3526 	3647
f 2470 	3649 	3648
f 3261 	130 	139
f 3672 	3689 	3424
f 3689 	3701 	3424
f 3701 	3711 	3455
f 3261 	3257 	130
f 142 	144 	3659
f 3652 	3625 	3651
f 3634 	3651 	3625
f 3644 	3702 	1235
f 2541 	3649 	3560
f 3524 	3647 	3630
f 3628 	3659 	3639
f 2441 	3623 	3647
f 3625 	3652 	3653
f 3526 	3539 	3647
f 3654 	3640 	3653
f 2244 	332 	3655
f 3655 	332 	286
f 3656 	3641 	3640
f 3656 	3640 	3654
f 3600 	3578 	379
f 3655 	286 	380
f 3647 	3539 	2441
f 3641 	3656 	3643
f 3657 	3643 	3656
f 3481 	3643 	3657
f 3578 	3593 	379
f 3596 	3520 	3630
f 3126 	3482 	3125
f 3652 	3651 	3266
f 381 	379 	3593
f 149 	3500 	3658
f 3651 	3734 	3266
f 3266 	3265 	3652
f 3638 	3461 	3660
f 3265 	3278 	3652
f 3653 	3652 	3282
f 3659 	148 	147
f 3612 	3638 	3642
f 3617 	3614 	3655
f 3656 	3290 	3657
f 3659 	144 	148
f 3650 	3642 	3660
f 380 	3617 	3655
f 3593 	3649 	381
f 3660 	3642 	3638
f 51 	3661 	3691
f 3513 	3661 	51
f 147 	155 	3659
f 3659 	155 	154
f 3659 	154 	3639
f 2547 	379 	381
f 3685 	51 	3684
f 3663 	51 	3662
f 3664 	51 	3663
f 3665 	51 	3664
f 3666 	51 	3665
f 3639 	154 	152
f 3639 	152 	176
f 3645 	3617 	380
f 2519 	381 	3649
f 3645 	380 	328
f 3683 	3687 	3011
f 508 	488 	174
f 488 	3639 	174
f 3644 	3569 	3702
f 3639 	176 	175
f 3668 	3676 	93
f 3676 	3677 	93
f 3711 	3714 	3455
f 2583 	379 	2576
f 3658 	3500 	3409
f 3674 	3750 	93
f 3563 	3562 	3658
f 2583 	2584 	379
f 3409 	3563 	3658
f 3673 	3696 	3674
f 3160 	2475 	3648
f 1219 	2915 	1245
f 3696 	3673 	3671
f 3696 	3671 	3669
f 1467 	1479 	3160
f 3695 	3668 	3667
f 3669 	93 	3677
f 3671 	93 	3669
f 2797 	2803 	436
f 3569 	3722 	1247
f 3628 	1191 	1203
f 3660 	3465 	3679
f 2837 	2838 	538
f 2035 	1178 	3639
f 3678 	3675 	3767
f 3650 	3660 	3670
f 3676 	3696 	3677
f 3679 	3670 	3660
f 3669 	3677 	3696
f 3670 	3679 	3672
f 3695 	3676 	3668
f 3665 	3698 	3666
f 158 	3646 	160
f 160 	3646 	3624
f 160 	3624 	107
f 5 	107 	3624
f 3441 	1235 	479
f 9 	3558 	101
f 3662 	51 	3685
f 3686 	3684 	51
f 2419 	3688 	3681
f 1247 	3702 	3569
f 626 	3680 	3703
f 3569 	3568 	3714
f 3686 	51 	3692
f 3690 	181 	3693
f 181 	184 	3693
f 3692 	3727 	3686
f 3661 	3512 	3691
f 184 	3694 	3693
f 3775 	3750 	3696
f 3011 	2997 	3683
f 3496 	3690 	3693
f 3693 	3694 	304
f 2991 	2987 	3682
f 3713 	3579 	3717
f 3682 	3923 	2991
f 3689 	3672 	3679
f 3697 	3689 	3679
f 3716 	287 	291
f 3688 	3675 	3681
f 357 	287 	3716
f 3695 	3667 	3698
f 518 	3699 	543
f 543 	3699 	3862
f 3946 	2987 	3700
f 520 	521 	3699
f 3695 	3696 	3676
f 479 	1235 	410
f 518 	520 	3699
f 1569 	3946 	3700
f 3675 	3680 	3681
f 2981 	1569 	3700
f 2981 	3700 	2987
f 634 	2432 	3704
f 3702 	2915 	1235
f 3702 	1245 	2915
f 3702 	1247 	1245
f 3667 	3666 	3698
f 3956 	3706 	3705
f 3029 	3705 	3706
f 151 	778 	3696
f 3032 	3029 	3706
f 3689 	3697 	3701
f 3709 	3701 	3697
f 3715 	3032 	3706
f 3716 	188 	192
f 3696 	250 	151
f 1235 	1149 	410
f 250 	3696 	3695
f 3695 	3698 	250
f 3720 	192 	218
f 3714 	3722 	3569
f 3725 	1247 	3722
f 3664 	3698 	3665
f 3725 	2910 	1247
f 3465 	3579 	3709
f 3713 	3711 	3701
f 3723 	3238 	3721
f 3701 	3709 	3713
f 3694 	184 	3716
f 1277 	2929 	1280
f 3716 	184 	188
f 3711 	3713 	3714
f 3717 	3714 	3713
f 3716 	192 	3720
f 3721 	3229 	3718
f 3698 	3664 	3712
f 3720 	218 	3845
f 3662 	3712 	3663
f 3663 	3712 	3664
f 3717 	3579 	3724
f 291 	3694 	3716
f 3712 	3662 	3685
f 3722 	3714 	3717
f 3712 	3685 	3684
f 3724 	3722 	3717
f 2911 	1245 	2910
f 3716 	3720 	357
f 3698 	3712 	170
f 369 	357 	3720
f 3724 	1280 	3726
f 369 	3720 	3845
f 3726 	3725 	3722
f 169 	170 	3712
f 3726 	3722 	3724
f 3220 	3715 	3718
f 3229 	3220 	3718
f 3726 	1280 	2929
f 3712 	3727 	169
f 2929 	2910 	3726
f 3725 	3726 	2910
f 3727 	3712 	3684
f 3684 	3686 	3727
f 3678 	3710 	3704
f 3727 	3692 	3512
f 791 	3237 	3735
f 3242 	3237 	804
f 791 	804 	3237
f 3238 	3723 	3735
f 199 	3736 	222
f 3243 	3242 	3739
f 1501 	758 	1509
f 199 	201 	3737
f 3243 	3739 	3741
f 3729 	3626 	1956
f 3631 	3729 	3730
f 3737 	201 	202
f 3730 	3731 	3632
f 3730 	3632 	3631
f 3680 	3675 	3703
f 3633 	3632 	3732
f 3731 	3732 	3632
f 3703 	3675 	3678
f 3732 	3734 	3633
f 3678 	3728 	3703
f 3735 	3237 	3238
f 3678 	3719 	3728
f 3634 	3734 	3651
f 3678 	3704 	3719
f 3730 	3729 	1642
f 3731 	3730 	3305
f 357 	3733 	256
f 3765 	3675 	3764
f 1955 	1643 	1956
f 3729 	1956 	1642
f 1642 	3305 	3730
f 2087 	2755 	3738
f 3740 	3761 	3738
f 3764 	3738 	3761
f 3749 	3736 	199
f 3671 	3673 	93
f 3758 	3737 	202
f 3743 	3688 	2419
f 3744 	3758 	202
f 3744 	202 	48
f 3675 	3688 	3743
f 3756 	3757 	152
f 3744 	48 	1964
f 3248 	3741 	3742
f 3746 	3747 	152
f 3747 	2099 	152
f 2099 	2100 	152
f 1979 	152 	2100
f 804 	3739 	3242
f 131 	3736 	3749
f 3748 	3745 	2725
f 2085 	281 	3819
f 2997 	3923 	3683
f 3925 	3926 	3011
f 3750 	3751 	93
f 39 	3737 	8
f 2717 	3748 	2725
f 3738 	3745 	3748
f 3749 	199 	3737
f 3752 	93 	3751
f 1954 	281 	2085
f 3745 	3738 	3743
f 3743 	3738 	3675
f 3925 	3011 	3687
f 3748 	2717 	2299
f 3755 	152 	3754
f 3768 	152 	3755
f 3773 	152 	3770
f 3752 	3754 	152
f 39 	3749 	3737
f 3757 	3746 	152
f 3931 	3925 	3687
f 3753 	214 	3840
f 3757 	3777 	3746
f 2299 	3738 	3748
f 3753 	348 	214
f 3687 	3683 	3931
f 3751 	3775 	3752
f 3754 	3752 	3775
f 3926 	3951 	3014
f 347 	3759 	3859
f 152 	3763 	3760
f 3756 	152 	3760
f 2952 	3740 	2755
f 3 	3758 	3744
f 3738 	3764 	3675
f 3765 	3766 	3675
f 3762 	3780 	3763
f 3766 	3767 	3675
f 2997 	2991 	3923
f 3818 	3765 	3764
f 3775 	3751 	3750
f 3674 	3696 	3750
f 3715 	3706 	3954
f 3767 	3771 	3678
f 3771 	3772 	3678
f 3775 	3783 	3754
f 3759 	347 	348
f 3766 	3875 	3767
f 3770 	152 	3769
f 3769 	152 	3768
f 3773 	3762 	152
f 3771 	3767 	3876
f 3875 	3876 	3767
f 3763 	152 	3762
f 3876 	3877 	3772
f 3876 	3772 	3771
f 3769 	3784 	3770
f 347 	3859 	3835
f 3877 	3878 	3772
f 778 	761 	3696
f 3785 	3776 	2060
f 3778 	3776 	3774
f 2073 	2060 	3776
f 3778 	2073 	3776
f 3785 	2060 	2948
f 2065 	2099 	3777
f 3778 	3774 	3793
f 3747 	3746 	3777
f 3718 	796 	3721
f 347 	3835 	3911
f 3756 	3780 	3757
f 3777 	3757 	3780
f 3733 	357 	347
f 3756 	3760 	3780
f 3760 	3763 	3780
f 3911 	3733 	347
f 3755 	3754 	3783
f 3776 	3782 	3774
f 3768 	3783 	3769
f 3784 	3769 	3783
f 3840 	214 	227
f 215 	1078 	1077
f 3773 	3770 	3784
f 3784 	3780 	3773
f 3762 	3773 	3780
f 216 	215 	1077
f 812 	806 	3741
f 3739 	812 	3741
f 3782 	3776 	3785
f 1080 	1078 	215
f 804 	812 	3739
f 215 	208 	1080
f 4002 	3782 	3785
f 3735 	796 	791
f 3871 	1080 	208
f 3735 	3723 	796
f 3784 	762 	3780
f 3783 	3768 	3755
f 3788 	3786 	3787
f 3805 	3786 	3788
f 796 	3723 	3721
f 3898 	3787 	3786
f 3784 	3783 	773
f 3898 	3789 	3787
f 3777 	762 	2894
f 3784 	773 	762
f 256 	3733 	3786
f 3791 	2084 	3778
f 762 	3777 	3780
f 2073 	3778 	2084
f 1078 	1079 	3790
f 806 	3742 	3741
f 3733 	3898 	3786
f 3779 	3790 	1080
f 3792 	3774 	3782
f 1079 	1080 	3790
f 3786 	3812 	259
f 1104 	1105 	3790
f 761 	3775 	3696
f 259 	256 	3786
f 3775 	761 	770
f 3793 	3774 	3792
f 3794 	3796 	3797
f 3794 	3797 	3795
f 3775 	770 	3783
f 3794 	3798 	3799
f 1792 	1787 	29
f 3793 	3800 	3801
f 3794 	3799 	3802
f 1104 	3790 	3779
f 3794 	3786 	3798
f 3806 	3798 	3786
f 3793 	3807 	3800
f 3790 	1105 	1086
f 3800 	3807 	3816
f 3794 	3802 	3808
f 1014 	1077 	3809
f 3778 	3801 	3791
f 1077 	1078 	3809
f 3793 	3801 	3778
f 3805 	3806 	3786
f 2152 	2151 	3829
f 3809 	1990 	1014
f 2152 	3829 	3834
f 3792 	3827 	3793
f 3790 	3809 	1078
f 3808 	3810 	3794
f 3796 	3794 	3810
f 3793 	3827 	3811
f 1086 	3809 	3790
f 3803 	28 	3887
f 3793 	3811 	3807
f 3812 	3786 	3794
f 2952 	3813 	3740
f 3812 	3794 	3795
f 3761 	3740 	3814
f 3813 	3814 	3740
f 3764 	3761 	3816
f 3814 	3816 	3761
f 3816 	3818 	3764
f 2329 	2328 	3815
f 1091 	1990 	3809
f 3813 	2952 	3791
f 2950 	1549 	2084
f 2952 	2951 	3791
f 3791 	3801 	3814
f 3816 	3814 	3801
f 3801 	3800 	3816
f 3816 	3807 	3811
f 3838 	3872 	3811
f 3813 	3791 	3814
f 2334 	3817 	3820
f 3819 	3812 	3795
f 3795 	3797 	3823
f 3795 	3823 	3824
f 3825 	3795 	3824
f 226 	3871 	208
f 2161 	3847 	2172
f 225 	3871 	226
f 3826 	3819 	3825
f 3817 	3815 	3404
f 3792 	3822 	3827
f 3812 	3819 	266
f 3317 	3817 	3478
f 2176 	3853 	2181
f 259 	3812 	266
f 3404 	3478 	3817
f 281 	266 	3819
f 2328 	3404 	3815
f 3792 	3831 	3822
f 2334 	2329 	3815
f 3830 	3819 	3826
f 3832 	3819 	3830
f 3833 	3819 	3832
f 3900 	3820 	3914
f 3828 	3871 	3821
f 3817 	2334 	3815
f 3831 	3792 	3782
f 3795 	3825 	3819
f 222 	3845 	219
f 3833 	2091 	3819
f 3819 	2091 	2085
f 3831 	3782 	3781
f 219 	3845 	218
f 3900 	2334 	3820
f 3839 	3840 	3837
f 3836 	3837 	3840
f 3811 	3827 	3838
f 2151 	2145 	3829
f 3839 	3844 	3840
f 3841 	3840 	3844
f 3860 	3315 	3842
f 3841 	3844 	3848
f 3860 	3317 	3315
f 222 	3736 	3845
f 3846 	3827 	3822
f 121 	369 	3845
f 3315 	3317 	3478
f 3849 	3841 	3848
f 3849 	3848 	3850
f 3849 	3850 	3851
f 3736 	121 	3845
f 3871 	3854 	3852
f 3855 	3478 	3122
f 3843 	10 	209
f 3854 	3856 	3852
f 3123 	3855 	3122
f 3861 	3822 	3831
f 3861 	3843 	3846
f 3855 	3315 	3478
f 3846 	3822 	3861
f 2176 	3857 	3853
f 3858 	3849 	3851
f 3862 	3856 	543
f 3843 	3861 	10
f 139 	3315 	3855
f 225 	3854 	3871
f 229 	3856 	3854
f 3324 	3842 	824
f 3847 	3857 	2172
f 225 	229 	3854
f 229 	543 	3856
f 3860 	3817 	3317
f 3852 	466 	3821
f 3817 	3860 	3820
f 3846 	3863 	3864
f 3849 	3879 	3859
f 3914 	3820 	3860
f 469 	3862 	467
f 3865 	3511 	3509
f 3827 	3846 	3864
f 3827 	3864 	3838
f 3846 	3866 	3863
f 3852 	469 	466
f 3862 	3852 	3856
f 3859 	3759 	3849
f 3843 	3976 	3846
f 3865 	296 	3511
f 3846 	3867 	3866
f 3852 	3862 	469
f 3699 	467 	3862
f 591 	467 	3699
f 3870 	722 	296
f 3829 	845 	839
f 3852 	3821 	3871
f 3846 	3869 	3867
f 3870 	296 	3865
f 839 	2152 	3834
f 3818 	3872 	3765
f 3871 	3779 	1080
f 3766 	3765 	3873
f 3872 	3873 	3765
f 348 	3849 	3759
f 3868 	3874 	3865
f 2159 	844 	2161
f 3873 	3875 	3766
f 839 	3834 	3829
f 3779 	3871 	3828
f 3874 	3870 	3865
f 3984 	3935 	3878
f 841 	722 	3870
f 3849 	3858 	3879
f 3888 	3859 	3879
f 845 	3829 	2145
f 3864 	3876 	3838
f 3867 	3877 	3866
f 3866 	3877 	3863
f 3816 	3811 	3818
f 3803 	3874 	3868
f 1224 	3828 	3821
f 466 	1224 	3821
f 3880 	3803 	3868
f 3818 	3811 	3872
f 3872 	3838 	3873
f 3779 	1224 	1104
f 3868 	3506 	3880
f 3873 	3838 	3875
f 3506 	3454 	3880
f 3779 	3828 	1224
f 3875 	3838 	3876
f 3864 	3863 	3877
f 382 	2247 	2219
f 827 	2145 	3742
f 3944 	3803 	3880
f 3876 	3864 	3877
f 3878 	3877 	3869
f 3944 	3880 	3454
f 382 	3881 	2247
f 3509 	3506 	3868
f 2247 	3881 	3892
f 864 	3853 	3857
f 3835 	3883 	3884
f 3835 	3884 	3885
f 3885 	3911 	3835
f 3868 	3865 	3509
f 3678 	3772 	3882
f 3937 	3882 	3935
f 3935 	3882 	3772
f 3938 	3939 	3882
f 3835 	3893 	3883
f 2159 	2152 	839
f 3940 	3941 	3891
f 3894 	3859 	3890
f 3888 	3890 	3859
f 3874 	3803 	3887
f 839 	844 	2159
f 3882 	3939 	3891
f 3894 	3893 	3835
f 3859 	3894 	3835
f 1964 	2247 	3892
f 3887 	3927 	3874
f 3895 	3897 	710
f 3 	3881 	387
f 850 	2161 	844
f 3881 	3 	3892
f 3900 	3901 	3902
f 3903 	3904 	3905
f 3903 	3907 	3901
f 3903 	3901 	3904
f 3901 	3905 	3904
f 3892 	3 	3744
f 3908 	3911 	3896
f 3885 	3896 	3911
f 1964 	3892 	3744
f 3847 	2161 	850
f 2426 	2427 	3904
f 3901 	2426 	3904
f 3789 	3898 	3910
f 3904 	3905 	45
f 78 	45 	3905
f 3904 	45 	3901
f 45 	2426 	3901
f 3 	390 	206
f 850 	869 	3847
f 3905 	3901 	3907
f 3905 	3907 	3903
f 3 	387 	390
f 3742 	806 	827
f 2181 	3853 	2090
f 18 	3 	206
f 3901 	3907 	3903
f 3901 	3903 	3902
f 3911 	3908 	3912
f 8 	18 	39
f 2394 	2395 	3900
f 3898 	3911 	3912
f 864 	2090 	3853
f 8 	3 	18
f 3902 	2394 	3900
f 3898 	3912 	3910
f 3913 	3909 	2485
f 869 	864 	3857
f 3857 	3847 	869
f 2455 	2181 	2090
f 3898 	3733 	3911
f 2090 	2097 	2455
f 2457 	2455 	2097
f 3915 	3900 	3914
f 2457 	2097 	3916
f 2395 	2334 	3900
f 3897 	3913 	2481
f 3917 	2103 	2462
f 2299 	2464 	2103
f 3915 	3327 	78
f 2106 	2103 	3917
f 78 	3900 	3915
f 3905 	3903 	78
f 3900 	78 	3903
f 3917 	3916 	2106
f 3177 	3226 	3840
f 3710 	3678 	3882
f 2457 	3916 	3917
f 2462 	2457 	3917
f 3882 	3708 	3710
f 3900 	3907 	3901
f 3841 	3753 	3840
f 3882 	3707 	3708
f 3900 	3903 	3907
f 3916 	2097 	2106
f 3882 	3895 	3707
f 2462 	2103 	2464
f 3882 	3897 	3895
f 348 	3753 	3841
f 3882 	3913 	3897
f 45 	2 	2426
f 3882 	3909 	3913
f 348 	3841 	3849
f 3902 	3903 	2427
f 3905 	2427 	3903
f 3891 	3906 	3882
f 2427 	2394 	3902
f 3882 	3906 	3909
f 2717 	2464 	2299
f 3921 	408 	253
f 254 	253 	408
f 3922 	6 	55
f 112 	6 	3924
f 3836 	3226 	829
f 6 	3922 	3924
f 3926 	3014 	3011
f 3922 	55 	3927
f 3226 	3225 	829
f 3927 	55 	50
f 3899 	3918 	2492
f 3839 	1013 	3844
f 3848 	3844 	1013
f 3918 	2499 	2492
f 3919 	3928 	742
f 1013 	3839 	3837
f 3850 	3848 	1013
f 30 	3924 	3922
f 3850 	1013 	3851
f 3851 	1013 	3858
f 3930 	2639 	416
f 3887 	28 	3922
f 3922 	3927 	3887
f 3883 	3893 	3932
f 3884 	3883 	3932
f 3929 	3930 	2503
f 3879 	1013 	3888
f 3888 	1013 	3890
f 3858 	1013 	3879
f 3894 	1013 	3893
f 3890 	1013 	3894
f 3842 	3327 	3860
f 3932 	3893 	1013
f 3891 	3899 	3906
f 3860 	3327 	3914
f 3891 	3918 	3899
f 3891 	3919 	3918
f 3324 	3327 	3842
f 3891 	3889 	3928
f 3889 	3929 	3928
f 3327 	3915 	3914
f 3910 	3912 	933
f 3931 	3683 	3923
f 3788 	933 	3805
f 3806 	3805 	933
f 3325 	81 	79
f 79 	3327 	3325
f 3787 	933 	3788
f 79 	78 	3327
f 3928 	3919 	3891
f 3912 	3908 	933
f 3910 	933 	3789
f 3932 	933 	3885
f 3932 	3885 	3884
f 3889 	3930 	3929
f 3896 	3885 	933
f 3933 	3923 	3682
f 3908 	3896 	933
f 3889 	2639 	3930
f 3927 	50 	3934
f 2622 	2639 	3889
f 3934 	50 	67
f 2615 	3889 	2600
f 3787 	3789 	933
f 3923 	3964 	3931
f 3934 	67 	841
f 2622 	3889 	2615
f 841 	67 	68
f 3810 	3808 	933
f 933 	3799 	3798
f 933 	3798 	3806
f 3772 	3878 	3935
f 3808 	3802 	933
f 3799 	933 	3802
f 3938 	3882 	3937
f 3936 	3933 	3682
f 3937 	3935 	3985
f 3984 	3985 	3935
f 3964 	3923 	3933
f 933 	915 	3810
f 841 	68 	840
f 3985 	3987 	3938
f 3985 	3938 	3937
f 3824 	3823 	592
f 3810 	592 	3796
f 3987 	3939 	3938
f 3925 	3964 	3926
f 3886 	3891 	3939
f 3939 	3990 	3886
f 3874 	3927 	3934
f 3936 	3682 	2987
f 3870 	3874 	3934
f 3889 	3891 	3941
f 3886 	3940 	3891
f 3796 	592 	3797
f 3797 	592 	3823
f 3940 	3886 	3990
f 3870 	3934 	841
f 3825 	3824 	592
f 3941 	3942 	3889
f 3942 	3943 	3889
f 3943 	3945 	3889
f 3830 	3826 	592
f 3826 	3825 	592
f 3941 	3993 	3942
f 3945 	2681 	3889
f 2600 	3889 	2681
f 3993 	3943 	3942
f 3832 	3830 	592
f 3943 	3996 	3945
f 3946 	3936 	2987
f 3832 	592 	3833
f 3996 	2868 	3945
f 2681 	3945 	2868
f 2098 	2094 	592
f 3953 	3944 	3598
f 3833 	592 	2091
f 210 	3947 	209
f 1569 	1551 	3965
f 2102 	2098 	592
f 3948 	209 	3947
f 3965 	3946 	1569
f 3948 	3947 	3961
f 3607 	3949 	3950
f 3028 	3014 	3951
f 556 	2862 	549
f 3947 	210 	3961
f 30 	3944 	3953
f 3952 	3948 	3961
f 126 	556 	127
f 126 	2882 	556
f 3953 	3957 	3955
f 40 	30 	3953
f 3956 	3954 	3706
f 189 	553 	193
f 3843 	209 	3948
f 3599 	3597 	3953
f 14 	538 	13
f 538 	2866 	2867
f 13 	538 	2884
f 3598 	3599 	3953
f 3597 	3957 	3953
f 3705 	3951 	3956
f 3959 	3952 	3958
f 3949 	3955 	3950
f 3951 	3705 	3028
f 3953 	3955 	40
f 3949 	77 	72
f 3949 	72 	40
f 3961 	210 	207
f 3949 	40 	3955
f 3955 	3957 	3603
f 189 	186 	553
f 3955 	3603 	3604
f 3958 	3952 	3962
f 3961 	3962 	3952
f 3955 	3604 	3950
f 1696 	3979 	3965
f 3964 	3965 	3966
f 1610 	1694 	3965
f 3966 	3982 	3964
f 3982 	3983 	3964
f 3967 	796 	3718
f 3967 	795 	796
f 30 	3803 	3944
f 3970 	3961 	207
f 3967 	3718 	3715
f 30 	28 	3803
f 30 	3922 	28
f 3961 	3968 	3962
f 3954 	3967 	3715
f 3970 	207 	2806
f 3375 	20 	3969
f 3964 	3933 	3936
f 3960 	553 	3974
f 3968 	3961 	3971
f 3970 	3971 	3961
f 3964 	3925 	3931
f 20 	3972 	3969
f 3965 	3964 	3936
f 3970 	3973 	3971
f 3936 	3946 	3965
f 3951 	3926 	3963
f 3970 	2832 	3973
f 20 	3960 	3974
f 3970 	2806 	2833
f 3963 	3956 	3951
f 3963 	3954 	3956
f 3972 	3974 	3975
f 2832 	3970 	2840
f 2833 	2840 	3970
f 3963 	3926 	3964
f 3963 	3967 	3954
f 3952 	3976 	3948
f 3963 	795 	3967
f 3974 	3977 	3975
f 3976 	3843 	3948
f 3846 	3981 	3869
f 3980 	3869 	3981
f 3974 	553 	3978
f 3978 	556 	549
f 1848 	245 	1696
f 3966 	3965 	3979
f 3981 	3952 	3959
f 3981 	3959 	3980
f 553 	556 	3978
f 3966 	3979 	252
f 246 	252 	3979
f 3978 	579 	581
f 3952 	3846 	3976
f 3963 	3964 	3986
f 3983 	3986 	3964
f 549 	586 	3978
f 3952 	3981 	3846
f 252 	253 	3982
f 252 	3982 	3966
f 3986 	3988 	3963
f 3983 	3982 	254
f 253 	254 	3982
f 3978 	581 	3974
f 3977 	3974 	581
f 3988 	16 	3963
f 3986 	3983 	255
f 254 	255 	3983
f 586 	588 	3978
f 795 	3963 	15
f 16 	15 	3963
f 3939 	3987 	3989
f 3989 	3990 	3939
f 17 	795 	15
f 3991 	3940 	3990
f 103 	104 	579
f 579 	588 	103
f 581 	579 	104
f 3972 	3975 	312
f 300 	312 	3977
f 282 	300 	3977
f 581 	282 	3977
f 3941 	3940 	3992
f 3991 	3992 	3940
f 3992 	3993 	3941
f 3375 	3994 	110
f 3943 	3993 	3995
f 3969 	3994 	3375
f 312 	322 	3972
f 3995 	3996 	3943
f 2869 	2681 	2868
f 2872 	604 	116
f 2815 	2770 	601
f 3997 	303 	603
f 603 	115 	604
f 2840 	2869 	2832
f 3869 	3980 	3985
f 3987 	3985 	3980
f 3990 	3989 	3958
f 3958 	3962 	3990
f 3991 	3990 	3962
f 3992 	3991 	3968
f 3971 	3993 	3968
f 3973 	3995 	3971
f 2832 	3996 	3973
f 3461 	3606 	3998
f 3997 	3998 	3458
f 3869 	3877 	3867
f 3878 	3869 	3984
f 3984 	3869 	3985
f 944 	3999 	603
f 3980 	3959 	3987
f 3989 	3987 	3959
f 3999 	3997 	603
f 3959 	3958 	3989
f 3962 	3968 	3991
f 3992 	3968 	3993
f 3993 	3971 	3995
f 3997 	3999 	4000
f 3995 	3973 	3996
f 3996 	2832 	2868
f 3785 	2948 	4002
f 2948 	1957 	4002
f 4000 	4001 	3997
f 4003 	12 	3781
f 3781 	3782 	4003
f 3997 	4001 	4004
f 3782 	4002 	4003
f 1957 	3355 	4002
f 4004 	4005 	3997
f 3998 	3997 	4005
f 3355 	4006 	4002
f 92 	4006 	3355
f 771 	4000 	3999
f 4001 	4000 	772
f 4001 	772 	774
f 4004 	4001 	774
f 4007 	4003 	4002
f 4004 	774 	4005
f 2695 	2896 	4005
f 2670 	771 	3999
f 4006 	92 	80
f 12 	4003 	4007
f 4007 	4002 	4006
f 772 	4000 	771
f 80 	69 	4006
f 4006 	69 	4007
f 2695 	4005 	774
f 3861 	3831 	10
f 10 	3831 	12
f 3831 	3781 	12
f 3998 	4005 	4008
f 4009 	3998 	4008
f 3998 	4009 	3461
f 4010 	3461 	4009
f 4010 	4011 	3461
f 681 	3473 	4011
f 2897 	4008 	2896
f 4005 	2896 	4008
f 4009 	4008 	786
f 4009 	786 	790
f 4009 	790 	4010
f 4010 	790 	787
f 4011 	4010 	787
f 4011 	787 	681
f 2897 	786 	4008
f 126 	2884 	2882
f 13 	2884 	126
f 2884 	2867 	2882
f 103 	2886 	116
f 2870 	2872 	2886
# 8036 faces

 #end of obj_0

