# Object Export From Tinkercad Server 2015

mtllib obj.mtl

o obj_0
v -55.044 		-25.578 		0
v -54.314 		-26.259 		0
v -55.839 		-24.974 		0
v -62.508 		-26.111 		17.807
v -55.691 		-27.953 		4.908
v -55.304 		-26.33 		0
v -60.371 		-21.929 		6.412
v -55.2851 		-28.2782 		5.3355
v -55.344 		-28.19 		5.3385
v -55.5265 		-27.9821 		5.244
v -55.6121 		-27.8847 		5.2321
v -55.7184 		-27.7635 		5.2172
v -55.7101 		-27.773 		5.2166
v -55.959 		-27.773 		4.619
v -53.64 		-39.362 		4.748
v -55.507 		-40.836 		4.673
v -55.9341 		-41.1048 		5.998
v -60.132 		-21.836 		6.526
v -54.334 		-32.021 		19.474
v -67.492 		-35.278 		1.321
v -67.066 		-36.091 		1.321
v -57.929 		-23.96 		0
v -55.8186 		-41.0412 		5.998
v -55.945 		-27.5102 		5.2754
v -55.9411 		-27.5137 		5.2759
v -59.879 		-23.548 		0
v -58.891 		-23.693 		0
v -55.111 		-40.484 		5.9
v -59.591 		-24.318 		0
v -55.8238 		-27.6436 		5.2252
v -55.927 		-27.526 		5.2775
v -62.611 		-21.734 		6.809
v -63.481 		-26.191 		16.641
v -64.76 		-38.503 		1.321
v -56.016 		-27.4479 		5.2571
v -65.873 		-38.485 		0
v -56.703 		-24.475 		0
v -65.258 		-38.148 		1.321
v -66.158 		-37.319 		1.321
v -63.066 		-22.197 		6.412
v -64.812 		-37.657 		16.002
v -58.341 		-24.596 		0
v -55.7072 		-40.9706 		5.998
v -54.7921 		-40.2398 		5.9
v -55.3268 		-40.5973 		5.9
v -57.443 		-24.939 		0
v -52.418 		-28.836 		4.126
v -54.8583 		-40.403 		5.998
v -56.318 		-25.549 		0
v -62.86 		-22.045 		6.526
v -55.2765 		-40.6826 		5.998
v -61.209 		-23.523 		0
v -54.83 		-39.589 		5.343
v -61.827 		-24.325 		0
v -69.112 		-26.913 		16.656
v -69.474 		-27.526 		16.678
v -63.9399 		-26.384 		16.4714
v -63.8051 		-26.3176 		16.491
v -68.188 		-38.159 		0.702
v -63.804 		-24.071 		0
v -62.853 		-23.768 		0
v -54.5602 		-40.2038 		5.998
v -64.075 		-22.308 		6.599
v -68.851 		-26.524 		16.641
v -54.63 		-34.243 		19.474
v -67.135 		-38.587 		1.246
v -68.421 		-27.673 		17.6254
v -68.304 		-27.4881 		17.6113
v -63.438 		-22.341 		6.359
v -68.296 		-36.748 		0
v -54.3043 		-30.1836 		5.218
v -63.681 		-24.815 		0
v -54.2782 		-30.2606 		5.223
v -54.2309 		-30.3999 		5.2524
v -67.101 		-38.342 		0
v -54.4567 		-40.1292 		5.998
v -62.77 		-24.508 		0
v -55.093 		-28.971 		4.472
v -54.3112 		-40.0048 		5.998
v -67.188 		-37.09 		0
v -63.109 		-26.26 		17.513
v -66.577 		-37.831 		0
v -65.432 		-24.898 		0
v -53.3694 		-39.1111 		5.998
v -53.2392 		-38.9803 		5.998
v -53.1596 		-38.8862 		5.998
v -54.544 		-29.834 		4.908
v -65.873 		-26.12 		0
v -64.829 		-25.38 		0
v -68.304 		-27.4881 		17.7083
v -68.421 		-27.673 		17.7092
v -54.507 		-30.156 		4.619
v -54.337 		-30.431 		4.908
v -53.2493 		-38.9476 		5.998
v -53.0165 		-38.672 		5.998
v -54.2038 		-30.48 		5.269
v -67.691 		-37.96 		1.217
v -66.38 		-25.573 		0
v -61.583 		-25.606 		8.192
v -53.3197 		-39.0389 		5.998
v -53.2521 		-38.9509 		5.998
v -68.5963 		-27.9826 		17.6642
v -68.5914 		-27.9739 		17.6637
v -53.3288 		-39.0502 		5.998
v -61.206 		-22.318 		5.524
v -68.6013 		-27.9915 		17.6639
v -63.6001 		-26.2167 		16.5441
v -63.6266 		-26.2297 		16.5373
v -63.6922 		-26.262 		16.5203
v -63.7483 		-26.2896 		16.5058
v -53.4025 		-39.1288 		5.998
v -68.639 		-28.058 		17.661
v -62.135 		-22.408 		5.554
v -63.286 		-26.062 		16.5263
v -63.4368 		-26.1363 		16.5506
v -63.5614 		-26.1976 		16.5542
v -68.5879 		-27.9677 		17.6629
v -53.4029 		-39.1293 		5.998
v -51.911 		-32.303 		0
v -53.5805 		-39.2983 		5.998
v -68.5953 		-27.9809 		17.6918
v -68.5899 		-27.9713 		17.6918
v -60.275 		-22.315 		5.492
v -53.675 		-27.027 		0
v -62.449 		-25.778 		16.5547
v -53.6191 		-39.335 		5.998
v -62.5482 		-25.8116 		16.5721
v -54.1374 		-39.8282 		5.998
v -53.707 		-28.321 		0
v -62.8074 		-25.8996 		16.6302
v -62.8107 		-25.9007 		16.6295
v -68.5977 		-27.9851 		17.6923
v -54.2157 		-39.9034 		5.998
v -63.1746 		-26.0242 		16.5514
v -68.639 		-28.058 		17.7018
v -54.2462 		-39.9306 		5.998
v -61.9991 		-25.6886 		16.6394
v -62.1324 		-25.7151 		16.6315
v -62.16 		-25.7206 		16.6248
v -60.591 		-22.303 		5.977
v -54.284 		-39.9631 		5.998
v -68.5783 		-27.9509 		17.6942
v -54.3722 		-40.0309 		5.998
v -61.776 		-25.6443 		16.6007
v -54.627 		-27.012 		0
v -61.7798 		-25.6451 		16.6015
v -61.9664 		-25.6821 		16.6414
v -61.583 		-25.606 		16.5834
v -61.6515 		-25.6196 		16.5897
v -55.3477 		-40.72 		5.998
v -66.554 		-36.852 		1.321
v -54.9737 		-28.7447 		5.3193
v -54.9216 		-28.8228 		5.3058
v -53.165 		-29.481 		0
v -54.5669 		-29.5055 		5.3126
v -54.463 		-29.716 		5.3313
v -61.5306 		-25.6025 		16.5999
v -54.3948 		-29.9171 		5.2524
v -55.5851 		-40.8446 		5.998
v -54.3341 		-30.0958 		5.2123
v -61.3187 		-25.5886 		16.6307
v -61.5072 		-25.601 		16.6072
v -52.877 		-30.397 		0
v -54.668 		-29.368 		5.197
v -54.891 		-28.943 		5.197
v -56.016 		-41.0708 		5.998
v -60.702 		-25.548 		16.5104
v -61.03 		-25.5696 		16.576
v -61.3094 		-25.588 		16.6318
v -54.8755 		-28.8918 		5.2937
v -54.8551 		-28.9223 		5.3026
v -61.32 		-38.693 		3.734
v -54.854 		-28.924 		5.3032
v -61.628 		-38.69 		4.031
v -61.2481 		-25.584 		16.6395
v -61.0807 		-25.5729 		16.5907
v -68.837 		-28.452 		17.6656
v -54.8339 		-28.9647 		5.3001
v -54.7254 		-29.1845 		5.2848
v -60.4428 		-25.565 		16.5648
v -60.5013 		-25.5612 		16.5505
v -62.005 		-22.387 		5.977
v -52.668 		-28.746 		0
v -52.224 		-30 		0
v -52.965 		-34.516 		0
v -52.75 		-33.58 		0
v -60.3141 		-25.5735 		16.5768
v -60.3883 		-25.5686 		16.5781
v -62.0035 		-22.3657 		5.998
v -55.1824 		-28.432 		5.3301
v -60.112 		-25.5868 		16.6057
v -60.71 		-38.723 		3.734
v -52.75 		-31.026 		0
v -68.837 		-28.452 		17.7296
v -52.661 		-31.982 		0
v -64.5086 		-24.1457 		17.463
v -64.208 		-24.0125 		17.4334
v -62.0083 		-22.3663 		5.998
v -52.074 		-33.957 		0
v -62.0154 		-22.3676 		5.998
v -64.5181 		-24.1499 		17.464
v -64.5366 		-24.1581 		17.4636
v -65.777 		-23.694 		16.5
v -66.174 		-23.941 		16.514
v -64.5442 		-24.1615 		17.4627
v -64.5324 		-24.1562 		17.4637
v -67.329 		-26.506 		0
v -60.406 		-38.682 		3.437
v -61.5443 		-22.3519 		5.998
v -61.5684 		-22.3495 		5.998
v -54.7234 		-29.1885 		5.2845
v -61.6133 		-22.3498 		5.998
v -61.7055 		-22.3537 		5.998
v -67.548 		-28.046 		0
v -64.55 		-24.164 		17.4623
v -61.7231 		-22.3548 		5.998
v -60.112 		-22.3288 		5.998
v -68.8413 		-28.4616 		17.6662
v -66.998 		-27.258 		0
v -61.7592 		-22.3571 		5.998
v -54.358 		-32.865 		19.474
v -61.797 		-22.3601 		5.998
v -69.0004 		-28.8207 		17.689
v -68.9091 		-28.6147 		17.6759
v -62.16 		-22.4218 		5.998
v -69.016 		-28.856 		17.687
v -54.6412 		-29.355 		5.2728
v -54.6188 		-29.4004 		5.2798
v -54.482 		-33.699 		19.474
v -68.136 		-29.183 		0
v -69.0003 		-28.8206 		17.7346
v -69.0026 		-28.8258 		17.7352
v -64.5428 		-24.1608 		17.4944
v -64.55 		-24.164 		17.4955
v -68.992 		-28.8018 		17.7349
v -64.441 		-23.607 		17.944
v -64.5158 		-24.1488 		17.4915
v -53.413 		-35.715 		0
v -69.016 		-28.856 		17.7389
v -52.422 		-35.241 		0
v -64.208 		-24.0125 		17.4977
v -57.326 		-42.291 		6.599
v -57.072 		-42.405 		6.809
v -67.291 		-24.792 		16.56
v -60.314 		-23.321 		4.487
v -66.933 		-24.491 		16.544
v -53.318 		-37.018 		0
v -57.831 		-42.238 		6.377
v -69.175 		-29.268 		17.6857
v -54.046 		-36.828 		0
v -56.2661 		-27.2283 		5.2084
v -56.1782 		-27.3054 		5.2151
v -56.0514 		-27.4168 		5.2479
v -54.627 		-37.593 		0
v -55.066 		-38.06 		0
v -69.0176 		-28.8602 		17.7392
v -56.1633 		-27.3185 		5.2162
v -67.963 		-25.44 		16.592
v -68.276 		-25.788 		16.609
v -69.175 		-29.268 		17.7708
v -55.796 		-38.686 		0
v -61.154 		-23.327 		4.516
v -56.12 		-42.011 		6.809
v -56.358 		-27.1476 		5.2251
v -54.925 		-38.911 		0
v -56.2928 		-27.2048 		5.2063
v -55.839 		-39.631 		0
v -56.587 		-39.231 		0
v -57.4631 		-26.384 		5.3615
v -57.325 		-26.452 		5.3816
v -57.443 		-39.666 		0
v -69.2572 		-29.5163 		17.6979
v -56.9586 		-26.6971 		5.2334
v -56.8693 		-26.7568 		5.2221
v -56.4359 		-27.0792 		5.2475
v -56.703 		-40.13 		0
v -57.929 		-40.645 		0
v -69.314 		-29.688 		17.7063
v -58.651 		-40.091 		0
v -56.796 		-26.8059 		5.2129
v -56.6553 		-26.9 		5.2425
v -69.314 		-29.688 		17.7811
v -61.392 		-22.964 		4.149
v -56.534 		-26.9931 		5.2597
v -60.681 		-42.298 		2.503
v -59.591 		-40.287 		0
v -61.755 		-42.237 		2.47
v -69.3662 		-29.876 		17.725
v -56.6459 		-26.9063 		5.2445
v -56.591 		-26.943 		5.2659
v -69.376 		-29.9114 		17.7292
v -69.432 		-30.113 		17.7261
v -62.881 		-42.055 		2.433
v -69.3777 		-29.9175 		17.7749
v -69.432 		-30.113 		17.7924
v -63.653 		-41.853 		2.406
v -61.991 		-23.409 		4.546
v -60.667 		-41.3 		3.502
v -69.5146 		-30.48 		17.7392
v -58.277 		-42.369 		6.39
v -56.411 		-27.342 		4.619
v -62.194 		-41.659 		3.927
v -69.5146 		-30.48 		17.8062
v -59.219 		-40.969 		0
v -62.116 		-41.188 		3.45
v -56.127 		-27.496 		4.908
v -58.516 		-42.535 		6.511
v -67.717 		-36.287 		0
v -68.012 		-35.718 		0
v -64.8905 		-24.336 		17.4536
v -63.122 		-23.647 		4.587
v -64.8905 		-24.336 		17.5308
v -63.051 		-22.584 		5.582
v -56.604 		-27.082 		4.908
v -56.902 		-26.955 		4.619
v -69.529 		-30.544 		17.7415
v -63.392 		-22.669 		5.977
v -62.7391 		-22.5363 		5.977
v -62.7568 		-22.5398 		5.9757
v -62.7542 		-22.5254 		5.9906
v -69.529 		-30.544 		17.8086
v -62.7808 		-22.5447 		5.9753
v -62.7838 		-22.5259 		5.9959
v -62.8138 		-22.5514 		5.9758
v -62.8216 		-22.5405 		5.9893
v -62.8301 		-22.5547 		5.9766
v -62.8335 		-22.5515 		5.9808
v -62.8388 		-22.5565 		5.977
v -62.933 		-41.016 		3.421
v -69.604 		-30.98 		17.7572
v -69.5968 		-30.938 		17.7574
v -69.563 		-30.7415 		17.7583
v -69.557 		-30.7065 		17.7556
v -57.119 		-26.715 		4.908
v -64.944 		-24.363 		17.4523
v -64.944 		-24.363 		17.5364
v -69.5649 		-30.7527 		17.8071
v -69.604 		-30.98 		17.8242
v -69.5582 		-30.7139 		17.8062
v -56.204 		-40.476 		5.317
v -65.328 		-24.581 		17.4634
v -65.2491 		-24.5362 		17.4611
v -69.658 		-31.418 		17.776
v -57.842 		-26.4 		4.619
v -54.531 		-30.494 		18.104
v -60.549 		-40.357 		0
v -63.3944 		-22.648 		5.998
v -69.658 		-31.418 		17.836
v -61.321 		-39.684 		1.321
v -61.827 		-40.281 		0
v -61.929 		-39.609 		1.321
v -54.485 		-30.797 		18.401
v -69.691 		-31.859 		17.7794
v -69.6732 		-31.6211 		17.7886
v -65.328 		-24.581 		17.5563
v -69.668 		-31.5518 		17.7881
v -63.4013 		-22.6499 		5.998
v -69.6688 		-31.562 		17.833
v -69.6713 		-31.5955 		17.8356
v -69.691 		-31.859 		17.8656
v -65.702 		-24.817 		17.4949
v -60.71 		-39.71 		1.321
v -62.6428 		-22.5038 		5.998
v -62.7529 		-22.5182 		5.998
v -62.7841 		-22.5241 		5.998
v -62.8267 		-22.5334 		5.998
v -62.8469 		-22.5385 		5.998
v -62.9126 		-22.5549 		5.998
v -69.702 		-32.3 		17.7826
v -64.1215 		-22.9128 		5.998
v -69.702 		-32.3 		17.8944
v -54.37 		-31.394 		18.401
v -54.301 		-31.692 		18.104
v -54.007 		-33.182 		8.192
v -64.043 		-40.654 		1.379
v -69.6963 		-32.528 		17.7946
v -54.387 		-31.088 		18.104
v -69.6963 		-32.528 		17.8983
v -69.691 		-32.742 		17.8059
v -53.951 		-32.2689 		5.2394
v -53.949 		-32.3 		5.2499
v -65.702 		-24.817 		17.5561
v -53.9632 		-32.5157 		5.2324
v -53.964 		-32.528 		5.2326
v -62.77 		-40.097 		0
v -61.9588 		-25.6806 		5.1902
v -61.7902 		-25.6472 		5.2261
v -63.681 		-39.791 		0
v -65.8007 		-24.8865 		17.5094
v -60.9563 		-25.5647 		5.2741
v -60.8972 		-25.5609 		5.2886
v -58.509 		-38.672 		5.146
v -58.6573 		-38.7223 		5.1078
v -58.7302 		-38.7471 		5.1987
v -53.968 		-32.0114 		5.2355
v -53.9514 		-32.2636 		5.2376
v -69.691 		-32.742 		17.902
v -54.279 		-31.997 		18.104
v -66.063 		-25.071 		17.4936
v -61.7755 		-25.6442 		5.2283
v -62.16 		-25.7206 		5.2164
v -61.9847 		-25.6858 		5.1846
v -54.0069 		-31.4206 		5.2626
v -54.0003 		-31.5203 		5.2455
v -53.9911 		-31.6608 		5.2444
v -54.099 		-31.671 		4.908
v -54.151 		-32.381 		4.619
v -65.7444 		-24.8468 		17.5536
v -65.7992 		-24.8854 		17.5503
v -61.029 		-25.591 		5.197
v -65.8126 		-24.8948 		17.5508
v -66.063 		-25.071 		17.5862
v -69.658 		-33.182 		17.8493
v -69.6619 		-33.1299 		17.8442
v -60.39 		-25.591 		5.197
v -62.201 		-40.975 		0
v -60.21 		-41.089 		0
v -60.702 		-25.548 		5.3276
v -64.406 		-40.254 		0
v -62.821 		-39.396 		1.321
v -60.3702 		-25.5698 		5.2613
v -64.829 		-39.225 		0
v -60.32 		-25.5731 		5.2467
v -60.1518 		-25.5842 		5.1978
v -60.112 		-25.5868 		5.2028
v -63.684 		-39.086 		1.321
v -66.117 		-39.237 		0
v -69.658 		-33.182 		17.8883
v -54.213 		-31.369 		4.619
v -69.6559 		-33.1993 		17.8518
v -61.0865 		-25.5733 		5.2619
v -61.0116 		-25.5684 		5.2606
v -69.6513 		-33.2364 		17.8553
v -69.6465 		-33.2758 		17.8554
v -69.6493 		-33.253 		17.8547
v -61.6427 		-25.6179 		5.2479
v -53.9803 		-31.8246 		5.2338
v -58.9203 		-38.8116 		5.2534
v -54.624 		-34.402 		18.104
v -58.954 		-38.823 		5.2621
v -66.3829 		-25.3211 		17.4944
v -59.1871 		-38.8693 		5.2176
v -62.032 		-41.835 		0.824
v -60.192 		-41.944 		0.857
v -60.462 		-41.287 		1.509
v -69.6163 		-33.5212 		17.862
v -61.6044 		-25.6103 		5.2535
v -61.4234 		-25.5955 		5.2137
v -69.6528 		-33.224 		17.885
v -69.604 		-33.621 		17.8646
v -61.583 		-25.606 		5.2561
v -69.14 		-29.843 		0
v -68.757 		-28.744 		0
v -61.4352 		-25.5963 		5.212
v -54.531 		-34.111 		18.104
v -68.536 		-30.399 		0
v -69.6515 		-33.2348 		17.8849
v -69.604 		-33.621 		17.9018
v -63.674 		-41.431 		0.797
v -66.411 		-25.343 		17.4944
v -61.952 		-25.857 		4.619
v -63.038 		-41.621 		0.807
v -61.655 		-25.728 		4.908
v -69.452 		-31.306 		0
v -66.1061 		-25.1047 		17.5898
v -66.411 		-25.343 		17.6156
v -68.739 		-31.663 		0
v -69.5841 		-33.7363 		17.8738
v -54.188 		-31.046 		4.908
v -61.333 		-25.768 		4.619
v -69.452 		-33.3 		0
v -54.485 		-33.808 		18.401
v -69.5637 		-33.8549 		17.8832
v -68.663 		-33.579 		0
v -69.529 		-34.056 		17.8819
v -60.71 		-25.794 		4.325
v -69.5654 		-33.8448 		17.9007
v -68.764 		-32.623 		0
v -69.5629 		-33.8594 		17.9018
v -68.36 		-34.823 		0
v -69.529 		-34.056 		17.9179
v -54.312 		-32.607 		18.401
v -69.078 		-34.917 		0
v -70.401 		-30.246 		20.706
v -69.919 		-28.603 		20.681
v -60.0933 		-39.013 		5.2142
v -60.112 		-39.0142 		5.2168
v -63.9 		-26.743 		18.104
v -54.1847 		-30.5362 		5.2806
v -69.4899 		-34.2296 		17.8899
v -54.0597 		-31.1537 		5.2462
v -54.0592 		-31.1559 		5.2462
v -54.0225 		-31.3412 		5.243
v -63.357 		-26.463 		18.104
v -54.007 		-31.419 		5.2629
v -61.61 		-41.244 		1.468
v -59.764 		-38.877 		4.908
v -69.4382 		-34.4592 		17.9005
v -69.4341 		-34.4778 		17.8997
v -69.432 		-34.487 		17.8991
v -69.4368 		-34.4659 		17.93
v -54.1139 		-30.8806 		5.2198
v -54.085 		-31.0262 		5.2337
v -69.432 		-34.487 		17.933
v -66.746 		-25.632 		17.5171
v -54.1221 		-30.8396 		5.2222
v -63.128 		-26.26 		4.325
v -63.287 		-26.493 		19.474
v -66.746 		-25.632 		17.6242
v -69.4073 		-34.576 		17.8973
v -54.331 		-30.755 		4.619
v -69.4073 		-34.576 		17.9413
v -59.315 		-38.715 		4.619
v -59.3576 		-38.9032 		5.185
v -59.6303 		-38.9573 		5.2226
v -59.814 		-38.9938 		5.2496
v -60.0032 		-39.007 		5.2013
v -54.1356 		-30.7715 		5.2262
v -68.035 		-27.109 		21.642
v -68.056 		-26.682 		21.358
v -67.9895 		-27.0323 		21.6234
v -67.97 		-27.0319 		21.6392
v -67.9779 		-27.0448 		21.639
v -67.065 		-25.936 		17.5621
v -67.0627 		-25.9338 		17.5616
v -65.58 		-41.026 		2.335
v -64.462 		-41.561 		2.376
v -67.111 		-39.974 		2.279
v -67.725 		-27.027 		21.838
v -66.315 		-40.578 		2.308
v -67.065 		-25.936 		17.6116
v -70.353 		-29.768 		18.758
v -67.909 		-39.231 		2.247
v -54.179 		-30.553 		5.2824
v -54.1477 		-30.7106 		5.2299
v -69.782 		-28.165 		18.699
v -59.82 		-38.995 		5.2503
v -66.337 		-27.52 		20.517
v -66.773 		-27.012 		21.838
v -59.996 		-39.0066 		5.2003
v -65.706 		-26.853 		20.517
v -67.1014 		-25.9742 		17.5698
v -67.0901 		-25.9623 		17.5686
v -66.89 		-28.252 		20.517
v -69.7 		-35.188 		16.399
v -67.0828 		-25.9547 		17.5671
v -67.693 		-28.321 		21.838
v -53.968 		-32.5889 		5.2339
v -67.1027 		-25.9756 		17.57
v -67.109 		-25.9822 		17.5701
v -59.8624 		-38.9978 		5.2371
v -67.1023 		-25.9752 		17.5699
v -53.989 		-32.908 		5.2405
v -54.0006 		-33.0854 		5.2446
v -54.007 		-33.182 		5.2612
v -67.37 		-26.256 		17.5746
v -65.239 		-26.458 		20.517
v -54.0233 		-33.2642 		5.2402
v -54.0608 		-33.4528 		5.2433
v -67.0786 		-25.9503 		17.6101
v -67.0926 		-25.9649 		17.6084
v -54.213 		-33.237 		4.619
v -67.109 		-25.9821 		17.609
v -69.3769 		-34.6859 		17.8951
v -67.37 		-26.256 		17.6316
v -60.086 		-38.838 		4.619
v -69.314 		-34.913 		17.8904
v -62.4284 		-25.7739 		5.2538
v -62.181 		-25.7248 		5.2203
v -67.472 		-29.327 		20.517
v -62.882 		-26.026 		4.908
v -68.235 		-29.481 		21.838
v -69.756 		-29.808 		20.161
v -54.507 		-34.45 		4.619
v -69.314 		-34.913 		17.973
v -66.613 		-39.088 		3.273
v -67.3737 		-26.2603 		17.5749
v -62.275 		-25.848 		4.908
v -67.4804 		-26.384 		17.5849
v -67.4804 		-26.384 		17.6333
v -65.706 		-28.369 		18.7
v -62.559 		-26.004 		4.619
v -59.9861 		-39.0059 		5.1989
v -68.766 		-38.161 		17.035
v -65.14 		-27.753 		19.474
v -59.899 		-42.178 		5.9
v -59.9572 		-42.1771 		5.9
v -59.6972 		-42.1552 		5.9
v -65.251 		-40.057 		3.332
v -54.2322 		-34.2047 		5.2482
v -54.2801 		-34.3457 		5.2178
v -54.3357 		-34.5092 		5.2071
v -59.8483 		-42.2094 		5.9415
v -54.3584 		-34.576 		5.2222
v -59.8924 		-42.2392 		5.9677
v -59.9109 		-42.238 		5.965
v -59.92 		-42.2351 		5.9612
v -59.9517 		-42.2247 		5.9482
v -65.524 		-28.164 		19.474
v -57.31 		-41.701 		4.615
v -54.337 		-34.174 		4.908
v -59.772 		-42.25 		4.53
v -54.1865 		-34.0701 		5.2763
v -68.871 		-36.985 		16.432
v -59.492 		-41.496 		5.257
v -54.163 		-33.9675 		5.2518
v -54.179 		-34.048 		5.2786
v -58.236 		-41.984 		4.584
v -64.269 		-27.041 		19.474
v -65.524 		-39.903 		1.32
v -69.792 		-28.162 		16.699
v -62.4302 		-25.7743 		5.254
v -70.287 		-29.495 		16.74
v -54.188 		-33.56 		4.908
v -54.0748 		-33.5234 		5.2363
v -54.086 		-33.5796 		5.2307
v -54.1149 		-33.7255 		5.2169
v -54.1224 		-33.7628 		5.2192
v -62.5427 		-25.8098 		5.2228
v -62.449 		-25.778 		5.2558
v -54.1484 		-33.8942 		5.2273
v -54.331 		-33.85 		4.619
v -59.452 		-42.2385 		5.998
v -59.664 		-42.2503 		5.998
v -62.8736 		-25.9221 		5.2009
v -62.7651 		-25.8852 		5.1893
v -62.6464 		-25.845 		5.197
v -63.9399 		-26.384 		5.2578
v -63.8455 		-26.3375 		5.2595
v -63.788 		-26.33 		5.197
v -63.8108 		-26.3204 		5.2546
v -64.234 		-38.817 		1.321
v -51.865 		-34.278 		16.817
v -62.6093 		-25.8324 		5.1994
v -70.542 		-31.17 		20.72
v -67.38 		-39.095 		0.724
v -66.527 		-39.159 		1.276
v -66.458 		-39.921 		0.746
v -70.586 		-32.271 		20.738
v -70.511 		-33.368 		20.758
v -63.7826 		-26.3065 		5.2507
v -66.659 		-30.097 		19.474
v -63.286 		-26.062 		5.2917
v -63.2534 		-26.0509 		5.2816
v -62.9133 		-25.9355 		5.2051
v -66.177 		-29.08 		19.474
v -69.175 		-35.332 		17.9034
v -69.175 		-35.332 		17.9909
v -59.3119 		-42.2191 		5.998
v -52.404 		-26.747 		3.192
v -52 		-27.403 		3.168
v -68.518 		-37.537 		16.444
v -58.329 		-41.293 		5.279
v -64.329 		-22.194 		6.809
v -65.871 		-28.608 		19.474
v -52.95 		-27.777 		2.168
v -58.2111 		-42.0047 		5.998
v -59.1731 		-42.1912 		5.998
v -65.124 		-40.798 		0.773
v -64.621 		-41.05 		0.782
v -65.281 		-22.589 		6.809
v -65.601 		-23.154 		6.412
v -64.873 		-40.941 		1.949
v -65.44 		-22.953 		6.526
v -51.7043 		-32.4002 		16.8513
v -51.702 		-32.3 		16.8572
v -51.702 		-32.3 		16.849
v -69.016 		-35.744 		17.937
v -58.0776 		-41.9693 		5.998
v -57.195 		-40.93 		5.3
v -57.1334 		-41.6486 		5.998
v -56.8807 		-41.5561 		5.998
v -64.894 		-27.451 		18.104
v -68.503 		-26.072 		15.861
v -69.016 		-35.744 		17.9878
v -55.694 		-28.369 		3.138
v -64.278 		-27.002 		18.253
v -56.0534 		-41.1613 		5.998
v -68.5215 		-26.0633 		15.841
v -55.833 		-28.077 		4.031
v -68.5158 		-26.0561 		15.841
v -70.034 		-32.964 		20.235
v -56.8276 		-41.5004 		5.998
v -56.7387 		-41.4502 		5.998
v -56.9107 		-41.5412 		5.998
v -55.876 		-28.164 		2.364
v -56.9228 		-41.5468 		5.998
v -51.799 		-27.747 		17.986
v -68.9748 		-35.837 		17.9496
v -56.4526 		-41.3 		5.998
v -68.502 		-25.303 		15.274
v -68.9689 		-35.8503 		17.9502
v -56.9908 		-41.5783 		5.998
v -68.837 		-36.148 		17.9363
v -57.0934 		-41.6208 		5.998
v -68.9805 		-35.8241 		17.983
v -68.9709 		-35.8459 		17.982
v -57.1282 		-41.6333 		5.998
v -68.9631 		-35.8633 		17.9837
v -57.247 		-41.6723 		5.998
v -68.905 		-35.9946 		18
v -58.064 		-41.9324 		5.998
v -58.2179 		-41.9814 		5.998
v -58.3098 		-42.0058 		5.998
v -66.249 		-29.093 		18.104
v -70.673 		-32.773 		18.852
v -58.3498 		-42.0144 		5.998
v -59.2102 		-42.1878 		5.998
v -58.3689 		-42.0174 		5.998
v -68.304 		-25.8798 		15.841
v -68.5908 		-26.2269 		15.841
v -68.6191 		-26.2606 		15.841
v -68.837 		-36.148 		18
v -51.712 		-31.859 		16.8627
v -59.8895 		-42.2666 		5.998
v -59.7794 		-42.2521 		5.998
v -59.9169 		-42.2686 		5.998
v -68.6882 		-36.4448 		17.9376
v -51.712 		-31.859 		16.859
v -68.895 		-25.362 		14.991
v -59.9325 		-42.2693 		5.998
v -68.639 		-36.543 		17.938
v -52.08 		-29.784 		2.091
v -60.0062 		-42.273 		5.998
v -70.638 		-31.34 		18.81
v -60.0108 		-42.2729 		5.998
v -68.639 		-36.543 		18
v -68.593 		-36.624 		17.943
v -66.529 		-29.636 		18.104
v -68.421 		-36.927 		17.962
v -70.614 		-33.487 		18.873
v -66.044 		-23.443 		6.377
v -52.045 		-29.921 		4.086
v -68.6598 		-26.3137 		15.841
v -60.112 		-42.2713 		5.998
v -68.421 		-36.927 		18
v -69.522 		-26.18 		14.991
v -65.807 		-23.322 		6.359
v -68.304 		-37.1119 		17.984
v -51.879 		-26.18 		14.991
v -68.6828 		-26.3468 		15.841
v -67.995 		-33.522 		20.517
v -52.37 		-28.958 		2.122
v -68.7057 		-26.3813 		15.841
v -68.7075 		-26.384 		15.841
v -51.879 		-26.18 		6.809
v -68.033 		-31.387 		20.517
v -67.87 		-30.484 		20.517
v -68.463 		-25.291 		10.9
v -54.871 		-29.636 		3.734
v -68.676 		-25.346 		10.9
v -55.151 		-29.093 		3.734
v -54.741 		-30.097 		2.364
v -51.716 		-31.735 		16.863
v -51.7376 		-31.5172 		16.8712
v -51.745 		-31.418 		16.8773
v -55.223 		-29.08 		2.364
v -51.7144 		-31.8273 		16.8614
v -68.096 		-32.303 		20.517
v -51.7365 		-31.5309 		16.8703
v -66.546 		-23.522 		6.599
v -51.745 		-31.418 		16.8666
v -51.7334 		-31.5725 		16.8678
v -67.058 		-32.01 		18.7
v -66.82 		-23.478 		6.809
v -55.454 		-28.559 		4.031
v -66.954 		-31.182 		19.474
v -55.8 		-23.154 		15.388
v -68.317 		-25.813 		5.784
v -56.005 		-22.874 		15.218
v -67.638 		-24.105 		6.809
v -55.529 		-28.608 		2.364
v -67.029 		-31.74 		19.474
v -55.631 		-23.3 		10.9
v -68.05 		-25.044 		6.359
v -55.799 		-23.158 		10.9
v -68.296 		-25.212 		6.426
v -70.689 		-32.303 		16.833
v -66.831 		-30.633 		19.474
v -70.687 		-32.303 		16.835
v -68.4288 		-25.9884 		5.9749
v -68.4349 		-25.9676 		5.9947
v -68.4098 		-25.9645 		5.977
v -52.217 		-27.056 		1.183
v -68.4457 		-26.0097 		5.9738
v -67.833 		-24.791 		6.39
v -52.443 		-35.838 		3.872
v -53.365 		-27.109 		0.196
v -53.344 		-26.682 		0.48
v -53.4103 		-27.0323 		0.2147
v -53.43 		-27.0319 		0.1988
v -53.4221 		-27.0449 		0.199
v -53.3817 		-27.0807 		0.2029
v -51.7572 		-31.3187 		16.8786
v -51.7609 		-31.2888 		16.879
v -70.087 		-32.476 		17.435
v -67.71 		-24.528 		6.511
v -51.7838 		-31.1037 		16.8815
v -51.804 		-30.915 		16.887
v -70.588 		-30.884 		16.784
v -55.694 		-36.237 		3.138
v -57.072 		-22.194 		14.991
v -55.508 		-36.007 		3.437
v -67.041 		-32.584 		19.474
v -58.335 		-22.197 		15.388
v -66.998 		-33.145 		18.999
v -52.356 		-28.004 		1.743
v -64.306 		-24.062 		4.631
v -64.598 		-23.09 		5.629
v -58.604 		-21.98 		15.218
v -65.332 		-23.444 		5.654
v -58.79 		-21.734 		14.991
v -51.901 		-30.385 		16.906
v -55.151 		-35.513 		3.734
v -59.811 		-21.6 		14.991
v -66.751 		-34.243 		18.999
v -64.397 		-23.014 		5.977
v -55.833 		-36.529 		4.031
v -66.659 		-34.509 		19.474
v -68.4417 		-25.971 		5.998
v -68.4944 		-26.0722 		5.977
v -68.4749 		-26.0133 		5.998
v -64.4005 		-22.9929 		5.998
v -70.605 		-33.593 		16.879
v -68.4359 		-25.9642 		5.998
v -68.4061 		-25.9312 		5.998
v -66.954 		-33.423 		19.474
v -66.238 		-23.97 		5.689
v -55.063 		-27.52 		1.321
v -68.5359 		-26.0976 		5.998
v -55.694 		-26.853 		1.321
v -54.51 		-28.252 		1.321
v -64.405 		-22.9945 		5.998
v -64.4115 		-22.9976 		5.998
v -65.672 		-23.628 		5.977
v -68.895 		-25.362 		6.809
v -65.6792 		-23.608 		5.998
v -68.619 		-25.334 		6.599
v -65.6855 		-23.6116 		5.998
v -64.2745 		-22.9614 		5.998
v -64.3094 		-22.9738 		5.998
v -64.412 		-23.0164 		5.998
v -64.4844 		-23.05 		5.998
v -64.5547 		-23.0845 		5.998
v -52.163 		-28.183 		17.457
v -66.928 		-30.789 		18.104
v -66.0761 		-23.8815 		5.998
v -66.256 		-23.9987 		5.998
v -65.7559 		-23.6766 		5.998
v -65.759 		-23.6783 		5.998
v -53.928 		-29.327 		1.321
v -57.003 		-23.014 		15.861
v -66.961 		-31.094 		18.401
v -65.8072 		-23.7068 		5.998
v -69.522 		-26.18 		6.809
v -65.8582 		-23.7395 		5.998
v -56.9997 		-22.9939 		15.841
v -65.6386 		-23.617 		5.998
v -65.7182 		-23.6561 		5.998
v -56.9954 		-22.9955 		15.841
v -68.304 		-25.8181 		5.998
v -56.9891 		-22.9984 		15.841
v -68.7433 		-26.384 		5.998
v -56.12 		-22.589 		14.991
v -58.043 		-26.463 		3.734
v -52.253 		-26.936 		16.012
v -57.5 		-26.743 		3.734
v -52.512 		-26.55 		16.025
v -58.008 		-22.669 		15.861
v -58.0058 		-22.649 		15.841
v -57.221 		-26.874 		4.031
v -56.506 		-27.451 		3.734
v -57.9991 		-22.6508 		15.841
v -57.122 		-27.002 		3.585
v -56.4737 		-23.3 		15.841
v -57.9454 		-22.7251 		15.841
v -57.9498 		-22.7233 		15.841
v -66.928 		-33.816 		18.104
v -56.721 		-27.23 		4.031
v -57.356 		-22.315 		15.218
v -57.9511 		-22.7229 		15.841
v -66.961 		-33.511 		18.401
v -70.201 		-32.303 		16.349
v -67.102 		-32.608 		18.104
v -52.029 		-29.863 		16.925
v -56.26 		-27.753 		2.364
v -66.619 		-24.236 		5.705
v -57.9705 		-22.7166 		15.841
v -57.131 		-27.041 		2.364
v -57.698 		-22.368 		15.388
v -52.095 		-36.26 		21.171
v -52.587 		-36.198 		20.695
v -52.157 		-35.137 		20.736
v -58.0128 		-22.7048 		15.841
v -58.059 		-22.314 		15.438
v -52.322 		-34.917 		21.838
v -70.058 		-33.764 		16.374
v -66.567 		-24.199 		5.977
v -66.5753 		-24.1793 		5.998
v -69.846 		-27.4 		15.388
v -53.388 		-35.718 		21.838
v -53.683 		-36.287 		21.838
v -66.5793 		-24.1819 		5.998
v -70.198 		-34.877 		20.784
v -53.04 		-34.823 		21.838
v -66.5849 		-24.1865 		5.998
v -58.113 		-26.493 		2.364
v -69.702 		-28.1107 		15.8726
v -69.7644 		-28.2179 		15.8671
v -69.829 		-36.333 		18.97
v -66.5512 		-24.1909 		5.998
v -70.283 		-35.054 		18.924
v -70.126 		-27.604 		15.218
v -66.5809 		-24.2114 		5.998
v -69.7709 		-28.2292 		15.866
v -66.6691 		-24.279 		5.998
v -59.395 		-22.387 		15.861
v -66.7371 		-24.336 		5.998
v -53.908 		-35.278 		20.517
v -59.3964 		-22.3668 		15.841
v -56.161 		-26.458 		1.321
v -70.407 		-34.611 		16.912
v -69.703 		-36.612 		16.976
v -70.062 		-35.774 		16.949
v -65.85 		-24.922 		4.694
v -59.3919 		-22.3672 		15.841
v -66.086 		-24.589 		5.103
v -69.7761 		-28.2382 		15.8645
v -69.7886 		-28.2602 		15.861
v -59.3851 		-22.3685 		15.841
v -69.7981 		-28.2362 		15.841
v -69.8148 		-28.2765 		15.841
v -54.257 		-32.303 		4.031
v -54.334 		-36.091 		20.517
v -59.664 		-22.4073 		15.841
v -59.7188 		-22.3952 		15.841
v -69.824 		-28.3011 		15.841
v -69.8273 		-28.3102 		15.841
v -59.787 		-22.3828 		15.841
v -69.8481 		-28.3698 		15.841
v -69.8699 		-28.432 		15.841
v -52.852 		-37.654 		21.146
v -53.212 		-38.159 		21.136
v -59.827 		-22.3764 		15.841
v -52.189 		-29.351 		16.944
v -59.859 		-22.3722 		15.841
v -69.872 		-34.626 		16.39
v -53.709 		-37.96 		20.621
v -59.8933 		-22.3677 		15.841
v -70.411 		-27.72 		14.991
v -54.472 		-30.789 		3.734
v -54.374 		-31.081 		4.031
v -53.104 		-36.748 		21.838
v -59.368 		-41.835 		21.014
v -54.342 		-32.01 		3.138
v -59.921 		-22.3659 		15.841
v -53.045 		-37.019 		20.662
v -57.726 		-41.431 		21.041
v -69.933 		-28.506 		15.861
v -65.147 		-24.476 		4.665
v -59.9534 		-22.3643 		15.841
v -54.439 		-31.094 		3.437
v -58.362 		-41.621 		21.031
v -69.9537 		-28.5044 		15.841
v -54.286 		-31.689 		4.031
v -54.265 		-38.587 		20.592
v -69.9522 		-28.5 		15.841
v -67.341 		-24.819 		5.737
v -69.9504 		-28.4958 		15.841
v -54.299 		-38.342 		21.838
v -69.9484 		-28.4917 		15.841
v -69.9461 		-28.4877 		15.841
v -55.527 		-38.485 		21.838
v -69.9436 		-28.4839 		15.841
v -52.387 		-28.856 		16.9419
v -52.2602 		-29.1847 		16.9475
v -54.518 		-30.485 		4.031
v -59.645 		-42.237 		19.368
v -58.333 		-22.201 		10.9
v -54.212 		-37.09 		21.838
v -54.823 		-37.831 		21.838
v -58.512 		-22.073 		10.9
v -67.126 		-24.634 		5.977
v -58.519 		-42.055 		19.405
v -56.938 		-41.561 		19.462
v -66.317 		-24.64 		4.202
v -52.2397 		-29.2376 		16.9484
v -57.747 		-41.853 		19.432
v -52.387 		-28.856 		16.9833
v -67.122 		-26.007 		4.754
v -70.317 		-29.7084 		15.841
v -70.3252 		-29.7363 		15.841
v -70.3272 		-29.7441 		15.841
v -57.009 		-41.596 		17.454
v -70.3367 		-29.7818 		15.841
v -55.242 		-37.319 		20.517
v -67.1406 		-24.6189 		5.998
v -70.3404 		-29.8002 		15.841
v -70.352 		-29.8532 		15.841
v -54.846 		-36.852 		20.517
v -70.806 		-28.672 		14.991
v -59.597 		-42.236 		17.376
v -56.048 		-22.796 		10.9
v -58.138 		-41.968 		17.42
v -54.446 		-31.182 		2.364
v -70.686 		-28.956 		15.218
v -52.566 		-28.452 		16.9561
v -52.096 		-34.925 		18.743
v -52.566 		-28.452 		17.0006
v -54.371 		-31.74 		2.364
v -59.206 		-41.659 		17.911
v -57.921 		-22.351 		10.9
v -70.377 		-29.849 		15.861
v -70.3965 		-29.8444 		15.841
v -52.379 		-35.716 		18.714
v -70.3952 		-29.84 		15.841
v -68.25 		-25.761 		5.977
v -54.569 		-30.633 		2.364
v -59.128 		-41.394 		16.629
v -70.632 		-29.297 		15.388
v -55.856 		-36.441 		18.999
v -55.351 		-35.765 		19.474
v -54.825 		-34.771 		19.474
v -60.085 		-41.528 		16.614
v -52.6171 		-28.3502 		16.9652
v -52.576 		-28.432 		16.9579
v -51.976 		-34.457 		3.923
v -52.764 		-28.058 		16.9914
v -68.0009 		-25.5084 		5.979
v -67.9955 		-25.4761 		5.998
v -54.286 		-32.916 		4.031
v -52.7215 		-28.1425 		16.9982
v -52.764 		-28.058 		16.9975
v -52.576 		-28.432 		17.0004
v -54.518 		-34.121 		4.031
v -67.6554 		-25.135 		5.998
v -67.6382 		-25.1408 		5.9818
v -61.208 		-41.944 		20.981
v -70.659 		-29.562 		15.441
v -67.8514 		-25.36 		5.9665
v -62.228 		-41.855 		20.963
v -68.0014 		-25.5118 		5.977
v -67.7555 		-25.2637 		5.9654
v -67.6331 		-25.1425 		5.977
v -67.7704 		-25.2785 		5.9642
v -67.8011 		-25.3092 		5.9637
v -67.8266 		-25.3348 		5.9645
v -67.8418 		-25.3503 		5.9658
v -62.562 		-41.488 		20.648
v -52.784 		-28.021 		16.996
v -63.404 		-41.606 		20.943
v -54.374 		-33.524 		4.031
v -70.803 		-29.934 		15.388
v -52.7804 		-28.029 		16.9957
v -52.7746 		-28.0392 		16.9963
v -55.861 		-36.437 		19.474
v -54.472 		-33.816 		3.734
v -68.2634 		-25.7444 		5.998
v -68.2581 		-25.7394 		5.998
v -70.4893 		-30.48 		15.841
v -52.982 		-27.673 		16.994
v -54.439 		-33.511 		3.437
v -52.7944 		-28.0043 		16.9967
v -71.02 		-30.203 		15.218
v -54.298 		-32.608 		3.734
v -71.266 		-30.389 		14.991
v -61.798 		-42.23 		19.304
v -68.2666 		-25.748 		5.998
v -52.982 		-27.673 		17.0259
v -54.833 		-24.199 		15.861
v -68.271 		-25.7537 		5.998
v -54.8251 		-24.1802 		15.841
v -52.762 		-38.382 		19.626
v -68.0767 		-25.566 		5.998
v -52.128 		-37.447 		19.665
v -60.719 		-42.298 		19.335
v -54.8213 		-24.1828 		15.841
v -54.816 		-24.1871 		15.841
v -53.218 		-27.3 		17.0124
v -53.763 		-24.105 		14.991
v -66.7377 		-24.3366 		5.998
v -53.1277 		-27.4428 		17.0337
v -53.218 		-27.3 		17.0384
v -53.1023 		-27.4829 		17.0323
v -53.637 		-37.885 		18.625
v -53.152 		-37.204 		18.654
v -63.783 		-41.807 		19.24
v -62.686 		-42.097 		19.277
v -54.581 		-23.478 		14.991
v -53.2805 		-27.2115 		17.0217
v -53.2765 		-27.2172 		17.0218
v -55.728 		-23.628 		15.861
v -53.2759 		-27.2181 		17.0217
v -60.344 		-22.315 		3.487
v -53.473 		-26.939 		17.0222
v -55.7212 		-23.609 		15.841
v -61.565 		-22.352 		3.524
v -53.2762 		-27.2176 		17.0362
v -55.7152 		-23.6123 		15.841
v -63.985 		-22.86 		3.608
v -53.473 		-26.939 		17.0595
v -63.097 		-22.607 		3.576
v -54.886 		-23.52 		15.218
v -61.656 		-23.36 		2.534
v -60.85 		-42.297 		17.335
v -60.717 		-23.307 		2.5
v -53.5072 		-26.8951 		17.0249
v -55.23 		-23.483 		15.388
v -61.628 		-42.25 		17.308
v -53.744 		-26.591 		17.0434
v -54.7338 		-24.336 		15.841
v -55.8905 		-23.6239 		15.841
v -56.016 		-23.5466 		15.841
v -53.7141 		-26.6295 		17.0681
v -53.744 		-26.591 		17.0692
v -55.565 		-23.337 		15.438
v -54.359 		-32.584 		2.364
v -54.402 		-33.145 		2.839
v -55.671 		-36.251 		18.401
v -55.131 		-35.513 		18.104
v -53.9226 		-26.384 		17.0593
v -69.843 		-27.399 		10.9
v -53.8526 		-26.4651 		17.0591
v -62.79 		-23.555 		2.575
v -53.8499 		-26.4682 		17.0593
v -60.734 		-41.3 		18.336
v -55.015 		-35.229 		18.401
v -53.848 		-26.4704 		17.0648
v -54.852 		-34.97 		18.104
v -53.8521 		-26.4658 		17.065
v -53.9226 		-26.384 		17.0723
v -54.649 		-34.243 		2.839
v -70.204 		-27.647 		10.9
v -63.597 		-23.791 		2.605
v -54.741 		-34.509 		2.364
v -60.406 		-25.924 		3.437
v -54.446 		-33.423 		2.364
v -61.073 		-25.921 		3.286
v -60.944 		-41.559 		16.599
v -70.71 		-28.869 		10.9
v -70.649 		-29.52 		10.9
v -61.908 		-41.496 		16.581
v -70.8 		-29.932 		10.9
v -71.085 		-30.266 		10.9
v -61.317 		-25.945 		3.437
v -64.09 		-41.701 		17.223
v -63.164 		-41.984 		17.254
v -56.64 		-38.503 		20.517
v -70.63 		-29.301 		10.9
v -52.6875 		-26.384 		15.841
v -56.142 		-38.148 		20.517
v -52.7374 		-26.31 		15.841
v -53.15 		-25.761 		15.861
v -53.1373 		-25.7452 		15.841
v -53.1422 		-25.7405 		15.841
v -56.241 		-36.852 		18.999
v -53.1342 		-25.7486 		15.841
v -53.13 		-25.754 		15.841
v -53.405 		-33.522 		1.321
v -52.7781 		-26.2569 		15.841
v -64.579 		-41.505 		19.211
v -53.367 		-31.387 		1.321
v -57.115 		-37.56 		19.474
v -53.53 		-30.484 		1.321
v -57.111 		-37.565 		18.999
v -55.73 		-28.004 		17.219
v -55.47 		-28.197 		16.93
v -56.447 		-37.045 		19.474
v -53.1292 		-25.8548 		15.841
v -55.884 		-27.719 		16.93
v -56.016 		-27.4479 		16.5632
v -55.927 		-27.526 		16.5489
v -55.7415 		-27.7373 		16.6402
v -52.506 		-25.362 		14.991
v -55.3162 		-28.2316 		16.612
v -55.1824 		-28.432 		16.6642
v -55.3919 		-28.1355 		16.621
v -55.344 		-28.19 		16.6036
v -53.4682 		-25.4667 		15.841
v -53.4725 		-25.461 		15.841
v -55.4974 		-28.0152 		16.6606
v -52.812 		-25.324 		15.218
v -53.4889 		-25.4423 		15.841
v -53.135 		-25.199 		15.388
v -55.6217 		-27.8737 		16.6714
v -55.6037 		-27.8943 		16.6761
v -61.623 		-25.948 		3.734
v -70.589 		-30.89 		15.861
v -50.928 		-30.171 		19.906
v -55.5794 		-27.9219 		16.6725
v -70.609 		-30.8886 		15.841
v -61.931 		-25.966 		4.031
v -55.5018 		-28.0103 		16.6612
v -51.236 		-29.063 		19.946
v -51.621 		-28.111 		19.979
v -54.871 		-34.97 		3.734
v -55.876 		-36.441 		2.364
v -70.6073 		-30.8796 		15.841
v -61.323 		-25.879 		4.031
v -70.5285 		-30.6588 		15.841
v -51.461 		-30.279 		19.366
v -55.529 		-35.998 		2.364
v -55.618 		-28.314 		17.807
v -70.5329 		-30.6817 		15.841
v -60.85 		-25.94 		2.364
v -53.4953 		-25.4357 		15.841
v -61.968 		-26.065 		2.364
v -53.304 		-32.303 		1.321
v -61.412 		-25.978 		2.364
v -59.988 		-38.628 		19.474
v -55.223 		-35.525 		2.364
v -70.6292 		-31.5756 		15.841
v -70.638 		-31.642 		15.841
v -71.401 		-31.411 		14.991
v -50.922 		-30.211 		17.903
v -51.192 		-29.198 		17.934
v -53.5203 		-25.4099 		15.841
v -58.61 		-38.329 		18.7
v -53.42 		-24.972 		15.438
v -59.171 		-38.494 		18.7
v -58.353 		-38.222 		19.474
v -70.7089 		-32.3076 		15.841
v -59.432 		-38.541 		19.474
v -70.7089 		-32.3007 		15.841
v -51.377 		-33.722 		21.215
v -51.301 		-32.184 		21.244
v -70.7084 		-32.2939 		15.841
v -53.5425 		-25.3887 		15.841
v -53.6 		-24.734 		15.388
v -63.991 		-26.618 		4.619
v -70.6392 		-31.6577 		15.841
v -71.211 		-31.654 		15.218
v -53.725 		-24.411 		15.218
v -70.6402 		-31.6773 		15.841
v -53.5514 		-25.382 		15.841
v -53.968 		-24.9962 		15.841
v -64.078 		-26.452 		5.9672
v -64.208 		-26.539 		5.2118
v -64.1555 		-26.5038 		5.2121
v -64.078 		-26.452 		5.2553
v -51.469 		-30.655 		21.269
v -70.7058 		-32.4055 		15.841
v -70.6964 		-32.5076 		15.841
v -70.689 		-32.303 		15.861
v -54.593 		-30.192 		17.807
v -65.476 		-27.526 		6.144
v -52.722 		-38.31 		2.792
v -66.059 		-28.19 		5.3788
v -56.743 		-37.323 		18.401
v -54.274 		-24.634 		15.861
v -56.045 		-36.733 		18.104
v -70.641 		-31.694 		15.841
v -56.284 		-36.925 		18.401
v -52.081 		-37.328 		2.83
v -54.2601 		-24.6197 		15.841
v -71.071 		-31.97 		15.388
v -66.2206 		-28.432 		5.1813
v -66.0873 		-28.2324 		5.2333
v -70.6419 		-31.7319 		15.841
v -66.059 		-28.19 		5.2419
v -71.028 		-32.233 		15.441
v -66.0099 		-28.1341 		5.224
v -54.5179 		-24.4868 		15.841
v -54.5391 		-24.4688 		15.841
v -65.9672 		-28.0854 		5.208
v -54.5922 		-24.4281 		15.841
v -65.3657 		-27.4291 		5.2784
v -65.3211 		-27.39 		5.2713
v -50.81 		-33.787 		19.791
v -54.6183 		-24.4097 		15.841
v -64.3028 		-26.6024 		5.2113
v -64.2627 		-26.5755 		5.2115
v -50.709 		-32.788 		19.82
v -50.704 		-31.98 		19.844
v -51.243 		-31.933 		20.384
v -54.6664 		-24.3775 		15.841
v -64.8339 		-26.9622 		5.1931
v -64.812 		-26.943 		5.2041
v -64.682 		-26.856 		5.1979
v -64.4467 		-26.6986 		5.2055
v -53.191 		-37.216 		3.816
v -65.228 		-27.332 		5.197
v -65.24 		-27.3188 		5.2425
v -64.9184 		-27.0364 		5.1507
v -56.2342 		-23.4122 		15.841
v -56.2628 		-23.3946 		15.841
v -56.2632 		-23.3944 		15.841
v -53.874 		-38.141 		3.776
v -56.2999 		-23.3743 		15.841
v -65.9014 		-28.0105 		5.1843
v -65.798 		-27.8928 		5.1692
v -65.6619 		-27.7378 		5.2047
v -65.476 		-27.526 		5.2961
v -56.3339 		-23.3572 		15.841
v -57.238 		-37.675 		18.401
v -55.256 		-28.624 		17.219
v -65.9057 		-28.0154 		5.185
v -56.3491 		-23.3502 		15.841
v -56.4109 		-23.3245 		15.841
v -51.696 		-32.454 		18.832
v -55.1609 		-28.4643 		16.6726
v -57.764 		-37.979 		18.401
v -54.854 		-28.924 		16.5373
v -59.82 		-25.606 		16.002
v -58.024 		-38.142 		18.104
v -54.8393 		-28.9537 		16.5437
v -52.5 		-35.963 		1.867
v -58.954 		-25.778 		16.002
v -70.6419 		-32.85 		15.841
v -57.481 		-37.862 		18.104
v -70.641 		-32.905 		15.841
v -53.747 		-24.324 		10.9
v -71.071 		-32.629 		15.388
v -64.3 		-26.715 		4.908
v -64.642 		-27.049 		4.619
v -54.393 		-30.453 		17.219
v -70.6392 		-32.9413 		15.841
v -71.211 		-32.945 		15.218
v -70.5767 		-33.895 		15.841
v -70.5541 		-33.9996 		15.841
v -54.8268 		-28.9791 		16.5492
v -70.5931 		-33.7895 		15.841
v -55.441 		-23.41 		10.9
v -70.638 		-32.9571 		15.841
v -70.6292 		-33.0234 		15.841
v -70.5329 		-33.9183 		15.841
v -50.767 		-31.127 		17.877
v -71.266 		-34.21 		14.991
v -54.2978 		-30.2029 		16.6519
v -54.2292 		-30.405 		16.6651
v -70.5285 		-33.9411 		15.841
v -54.2038 		-30.48 		16.6489
v -51.257 		-31.628 		17.34
v -70.4813 		-34.1417 		15.841
v -52.198 		-35.184 		1.896
v -71.401 		-33.189 		14.991
v -54.719 		-29.224 		16.641
v -65.67 		-28.004 		4.619
v -65.93 		-28.197 		4.908
v -54.755 		-29.1246 		16.5808
v -59.476 		-38.607 		18.104
v -65.516 		-27.719 		4.908
v -54.7151 		-29.2054 		16.609
v -62.223 		-26.064 		3.734
v -65.008 		-27.342 		4.619
v -54.7086 		-29.2186 		16.611
v -71.02 		-34.396 		15.218
v -54.516 		-29.658 		16.641
v -54.691 		-29.2541 		16.6089
v -54.5397 		-29.5605 		16.5905
v -54.6912 		-29.2538 		16.6089
v -70.3791 		-34.576 		15.841
v -54.7023 		-29.2312 		16.6103
v -54.415 		-30.13 		16.93
v -53.705 		-34.708 		1.321
v -62.79 		-26.277 		3.138
v -54.196 		-35.828 		1.321
v -65.239 		-27.552 		4.619
v -54.51 		-36.354 		1.321
v -63.083 		-26.374 		3.437
v -54.7085 		-29.2186 		16.611
v -62.527 		-26.111 		4.031
v -54.4164 		-29.8535 		16.5771
v -54.4477 		-29.7611 		16.5573
v -53.319 		-25.074 		10.9
v -53.475 		-24.918 		10.9
v -50.852 		-34.036 		17.783
v -53.04 		-38.391 		0.993
v -53.811 		-38.075 		1.778
v -54.02 		-39.095 		21.114
v -53.6 		-24.738 		10.9
v -50.725 		-33.006 		17.819
v -51.208 		-32.654 		17.326
v -54.942 		-39.921 		21.092
v -55.876 		-39.903 		20.518
v -51.696 		-32.869 		16.843
v -52.405 		-36.886 		1.351
v -52.777 		-38.057 		1
v -55.283 		-39.237 		21.838
v -54.4779 		-29.6858 		16.5747
v -54.463 		-29.716 		16.5615
v -54.4959 		-29.6494 		16.5852
v -54.788 		-29.435 		17.219
v -53.307 		-37.416 		1.808
v -71.257 		-31.577 		10.9
v -54.873 		-39.159 		20.562
v -71.068 		-31.973 		10.9
v -63.047 		-26.384 		2.364
v -62.515 		-26.2 		2.364
v -52.87 		-36.71 		1.837
v -71.068 		-32.626 		10.9
v -55.82 		-41.026 		19.503
v -60.316 		-23.174 		0.339
v -61.755 		-23.198 		0.365
v -54.289 		-39.974 		19.559
v -55.085 		-40.578 		19.53
v -71.145 		-32.833 		10.9
v -61.972 		-22.395 		1.543
v -60.684 		-23.314 		0.499
v -53.491 		-39.231 		19.591
v -51.112 		-31.394 		16.238
v -68.118 		-27.222 		4.809
v -60.442 		-22.322 		1.495
v -55.063 		-37.086 		1.321
v -71.085 		-34.334 		10.9
v -54.787 		-39.088 		18.565
v -51.42 		-36.029 		17.712
v -55.694 		-37.752 		1.321
v -51.483 		-36.189 		19.714
v -67.548 		-26.47 		4.776
v -51.032 		-34.859 		19.759
v -57.221 		-37.732 		4.031
v -64.15 		-23.99 		0.625
v -57.5 		-37.862 		3.734
v -62.868 		-23.376 		0.387
v -56.506 		-37.155 		3.734
v -56.721 		-37.375 		4.031
v -57.122 		-37.604 		3.585
v -66.144 		-28.624 		4.619
v -64.054 		-22.888 		1.605
v -56.994 		-40.254 		21.838
v -63.368 		-23.708 		0.595
v -57.719 		-39.791 		21.838
v -56.571 		-39.225 		21.838
v -63.073 		-22.591 		1.576
v -68.9629 		-26.8478 		15.9
v -69.0782 		-27.0441 		15.9
v -69.1814 		-27.2197 		15.9
v -69.2291 		-27.301 		15.9
v -69.3916 		-27.5774 		15.9
v -62.559 		-23.503 		0.566
v -69.147 		-27.114 		15.9
v -57.716 		-39.086 		20.517
v -58.043 		-38.142 		3.734
v -57.166 		-38.817 		20.517
v -62.479 		-22.957 		2.043
v -57.202 		-26.874 		17.807
v -69.478 		-26.575 		15.274
v -60.079 		-39.684 		20.517
v -59.573 		-40.281 		21.838
v -57.131 		-37.565 		2.364
v -58.579 		-39.396 		20.517
v -58.63 		-40.097 		21.838
v -59.471 		-39.609 		20.517
v -63.684 		-25.52 		1.321
v -62.821 		-25.21 		1.321
v -56.26 		-36.852 		2.364
v -68.8592 		-26.6739 		15.8851
v -68.6915 		-26.3929 		15.861
v -61.929 		-24.997 		1.321
v -68.7233 		-26.4068 		15.841
v -59.645 		-23.198 		21.473
v -69.517 		-26.829 		15.388
v -60.71 		-24.896 		1.321
v -66.559 		-28.9442 		5.3051
v -66.549 		-28.924 		5.3095
v -66.2405 		-28.462 		5.1736
v -56.276 		-40.798 		21.065
v -56.779 		-41.05 		21.056
v -59.495 		-38.607 		3.734
v -67.007 		-30.453 		4.619
v -66.94 		-29.716 		5.8194
v -69.611 		-27.078 		15.441
v -59.199 		-40.975 		21.838
v -59.451 		-38.541 		2.839
v -66.5716 		-28.9698 		5.2996
v -67.531 		-25 		3.737
v -66.563 		-24.202 		3.7
v -65.558 		-23.574 		3.665
v -57.357 		-40.654 		20.459
v -55.821 		-23.129 		6.426
v -59.176 		-38.479 		2.364
v -59.728 		-38.591 		2.364
v -67.0061 		-29.9108 		5.2582
v -66.9926 		-29.8711 		5.2667
v -66.9585 		-29.7704 		5.2883
v -66.8573 		-29.5485 		5.2537
v -66.7154 		-29.261 		5.2365
v -56.149 		-40.057 		18.506
v -67.1992 		-30.48 		5.1985
v -67.1735 		-30.4042 		5.1821
v -67.106 		-30.2053 		5.1951
v -65.848 		-24.926 		2.694
v -58.113 		-38.113 		2.364
v -66.681 		-29.224 		5.197
v -58.621 		-38.338 		3.437
v -69.481 		-26.395 		10.9
v -69.591 		-27.04 		10.9
v -66.7152 		-29.2606 		5.2364
v -66.6368 		-29.1018 		5.2709
v -66.5975 		-29.0222 		5.2882
v -69.516 		-26.833 		10.9
v -66.6938 		-29.2173 		5.2338
v -66.6858 		-29.2012 		5.2364
v -66.7015 		-29.2329 		5.2348
v -58.745 		-38.448 		4.031
v -66.884 		-29.658 		5.197
v -57.346 		-22.888 		20.233
v -66.985 		-30.13 		4.908
v -58.636 		-38.319 		2.364
v -58.327 		-22.591 		20.262
v -56.527 		-40.941 		19.889
v -66.6938 		-29.2174 		5.2338
v -53.763 		-24.105 		6.809
v -59.79 		-41.244 		20.37
v -59.428 		-22.395 		20.295
v -54.165 		-23.783 		6.809
v -54.581 		-23.478 		6.809
v -66.94 		-29.716 		5.2832
v -55.166 		-23.5 		6.433
v -66.9268 		-29.6892 		5.2715
v -66.9066 		-29.6483 		5.2597
v -54.976 		-23.522 		6.526
v -70.411 		-27.72 		6.809
v -55.357 		-23.443 		6.377
v -70.152 		-27.62 		6.599
v -66.612 		-29.435 		4.619
v -69.872 		-27.42 		6.426
v -58.921 		-22.957 		19.795
v -57.409 		-26.618 		17.219
v -57.1 		-26.715 		16.93
v -56.758 		-27.049 		17.219
v -56.7632 		-26.8278 		16.644
v -56.7184 		-26.8578 		16.6454
v -52.506 		-25.362 		6.809
v -57.0972 		-26.6044 		16.632
v -57.0991 		-26.6031 		16.632
v -55.314 		-40.711 		2.685
v -53.077 		-25.232 		6.433
v -53.663 		-39.391 		2.75
v -56.9559 		-26.6989 		16.6377
v -52.899 		-25.303 		6.526
v -54.405 		-40.054 		2.721
v -53.735 		-24.381 		6.599
v -60.08 		-38.693 		18.104
v -70.806 		-28.672 		6.809
v -53.169 		-38.862 		2.771
v -53.613 		-24.704 		6.426
v -57.4631 		-26.384 		16.5847
v -57.325 		-26.452 		16.5872
v -57.246 		-26.5049 		16.6312
v -70.693 		-29.691 		6.359
v -54.441 		-38.752 		3.746
v -55.062 		-39.306 		3.717
v -71.266 		-30.389 		6.809
v -71.041 		-30.226 		6.599
v -53.247 		-25.128 		6.377
v -67.439 		-32.528 		5.2439
v -67.4469 		-32.4084 		5.2695
v -64.761 		-24.282 		2.649
v -70.822 		-29.96 		6.426
v -64.218 		-23.787 		0.412
v -59.284 		-41.188 		18.388
v -67.428 		-32.303 		5.197
v -56.0892 		-27.3835 		16.575
v -56.0496 		-27.4184 		16.5686
v -56.172 		-27.332 		16.641
v -56.1613 		-27.3202 		16.6005
v -66.529 		-24.183 		1.699
v -65.828 		-23.719 		1.67
v -56.591 		-26.943 		16.6393
v -56.5666 		-26.9644 		16.6516
v -56.4845 		-27.0366 		16.6928
v -58.467 		-41.016 		18.417
v -67.4144 		-31.6987 		5.2384
v -67.4139 		-31.6905 		5.2388
v -70.632 		-29.364 		6.39
v -65.175 		-24.502 		0.666
v -65.658 		-24.506 		0.438
v -60.008 		-22.964 		17.689
v -60.268 		-38.653 		18.999
v -59.835 		-22.352 		18.314
v -60.831 		-38.659 		19.474
v -70.657 		-29.074 		6.511
v -56.161 		-27.552 		17.219
v -57.415 		-22.86 		18.23
v -64.76 		-26.102 		1.321
v -56.392 		-27.342 		17.219
v -55.843 		-39.86 		1.682
v -58.303 		-22.607 		18.262
v -55.328 		-39.5 		1.704
v -64.234 		-25.789 		1.321
v -67.4148 		-31.7052 		5.2372
v -55.081 		-40.253 		0.944
v -54.398 		-39.742 		0.959
v -67.4302 		-31.9382 		5.1947
v -53.318 		-38.714 		0.986
v -67.4111 		-31.6482 		5.2409
v -61.949 		-38.541 		18.999
v -67.2771 		-30.8205 		5.1985
v -67.2561 		-30.7144 		5.2045
v -67.2246 		-30.5559 		5.2136
v -67.224 		-30.553 		5.2142
v -59.265 		-22.408 		16.284
v -67.2267 		-30.5665 		5.2112
v -58.349 		-22.584 		16.256
v -54.377 		-38.686 		1.749
v -67.398 		-31.664 		5.197
v -67.4103 		-31.6368 		5.2414
v -67.396 		-31.419 		5.2547
v -67.3496 		-31.1855 		5.1752
v -67.3185 		-31.0288 		5.1591
v -67.2779 		-30.8244 		5.1983
v -53.9553 		-32.3961 		16.5769
v -53.964 		-32.528 		16.6051
v -56.802 		-23.09 		16.209
v -53.968 		-32.0114 		16.6668
v -53.9675 		-32.0196 		16.6682
v -69.678 		-27.193 		6.359
v -53.95 		-32.2843 		16.577
v -53.949 		-32.3 		16.5716
v -53.9648 		-32.0604 		16.6757
v -62.224 		-38.479 		19.474
v -69.534 		-26.893 		6.39
v -61.672 		-38.591 		19.474
v -56.449 		-40.221 		3.657
v -67.454 		-32.3 		5.2755
v -57.498 		-40.692 		3.617
v -67.4528 		-32.2819 		5.2693
v -55.623 		-23.694 		5.338
v -55.226 		-23.941 		5.324
v -67.4357 		-32.0215 		5.1795
v -54.42 		-30.781 		17.807
v -67.4383 		-32.0616 		5.1722
v -69.483 		-26.607 		6.511
v -67.266 		-31.99 		4.619
v -67.27 		-32.459 		4.619
v -66.565 		-25.144 		0.455
v -67.399 		-25.88 		0.474
v -67.244 		-31.679 		4.619
v -54.951 		-24.135 		5.977
v -54.9362 		-24.1198 		5.998
v -67.155 		-31.06 		4.619
v -61.686 		-23.228 		21.509
v -54.9401 		-24.1169 		5.998
v -56.821 		-41.505 		2.627
v -55.3241 		-23.9094 		5.9658
v -55.2948 		-23.9272 		5.9689
v -55.3401 		-23.8996 		5.9645
v -55.3561 		-23.8899 		5.9639
v -57.617 		-41.807 		2.598
v -55.3787 		-23.8763 		5.9636
v -68.188 		-25.677 		1.773
v -58.714 		-42.097 		2.561
v -55.4053 		-23.8604 		5.9663
v -66.293 		-25.273 		0.714
v -63.287 		-38.113 		19.474
v -67.163 		-30.737 		4.908
v -59.602 		-42.23 		2.534
v -54.9442 		-24.1144 		5.998
v -55.2219 		-23.9469 		5.998
v -55.2183 		-23.9738 		5.977
v -55.2889 		-23.9308 		5.9695
v -69.147 		-26.936 		5.826
v -68.888 		-26.55 		5.813
v -61.084 		-23.174 		21.499
v -62.764 		-38.319 		19.474
v -67.61 		-25.072 		1.747
v -55.5126 		-23.7962 		5.977
v -55.4934 		-23.7831 		5.998
v -67.082 		-25.964 		0.751
v -69.015 		-26.735 		5.977
v -69.237 		-28.183 		4.381
v -68.616 		-28.021 		4.842
v -55.8316 		-23.6173 		5.998
v -56.016 		-23.5269 		5.998
v -54.6899 		-24.336 		5.998
v -59.006 		-41.13 		3.561
v -69.0315 		-26.7221 		5.998
v -54.109 		-24.792 		5.278
v -54.467 		-24.491 		5.294
v -69.608 		-27.742 		5.853
v -51.245 		-29.023 		15.944
v -61.905 		-38.607 		18.104
v -69.553 		-27.65 		5.977
v -53.437 		-25.44 		5.246
v -53.124 		-25.788 		5.229
v -69.5703 		-27.6378 		5.998
v -69.5664 		-27.6318 		5.998
v -69.5726 		-27.6421 		5.998
v -67.4218 		-32.7899 		5.1878
v -67.36 		-33.259 		5.197
v -69.5754 		-27.6487 		5.998
v -63.9 		-37.862 		18.104
v -67.3837 		-33.2441 		5.2592
v -67.3833 		-33.2459 		5.25
v -67.3815 		-33.2551 		5.2006
v -67.396 		-33.182 		5.2021
v -69.7596 		-28.076 		5.998
v -69.7695 		-28.0945 		5.998
v -67.4062 		-33.0277 		5.1369
v -52.897 		-26.072 		5.977
v -69.8029 		-28.1608 		5.998
v -58.394 		-40.985 		3.583
v -62.779 		-38.338 		18.401
v -63.357 		-38.142 		18.104
v -67.2993 		-33.669 		5.2411
v -58.036 		-41.267 		3.227
v -54.238 		-32.303 		17.807
v -52.8295 		-26.1583 		5.9913
v -52.8206 		-26.1599 		5.998
v -52.7108 		-26.384 		5.9492
v -52.8484 		-26.1547 		5.977
v -69.8177 		-28.192 		5.998
v -69.8603 		-28.2946 		5.998
v -67.2984 		-33.6734 		5.2409
v -69.8974 		-28.3958 		5.998
v -59.626 		-41.227 		3.539
v -67.273 		-33.731 		5.197
v -67.2937 		-33.6972 		5.2394
v -67.2962 		-33.6843 		5.2405
v -69.7374 		-28.0347 		5.998
v -67.695 		-34.708 		20.517
v -50.99 		-27.72 		14.991
v -67.0446 		-34.576 		5.1841
v -67.0954 		-34.4265 		5.1622
v -67.987 		-35.715 		21.838
v -67.1463 		-34.2768 		5.172
v -67.224 		-34.048 		5.2328
v -67.204 		-35.828 		20.517
v -51.275 		-27.604 		15.218
v -67.2296 		-34.0196 		5.2281
v -67.2864 		-33.7339 		5.2362
v -69.9106 		-28.432 		5.998
v -66.89 		-36.354 		20.517
v -69.702 		-27.9702 		5.998
v -69.7315 		-28.0235 		5.998
v -51.5222 		-28.432 		15.841
v -51.532 		-28.4122 		15.841
v -51.555 		-27.4 		15.388
v -63.561 		-22.733 		20.434
v -57.133 		-40.551 		1.631
v -69.5713 		-27.7339 		5.998
v -62.753 		-22.524 		20.406
v -69.4069 		-27.4367 		5.998
v -68.9619 		-26.686 		5.998
v -69.0295 		-26.7742 		5.998
v -67.4154 		-32.8877 		5.12
v -67.4088 		-32.9877 		5.12
v -69.0523 		-26.8077 		5.998
v -69.0695 		-26.8347 		5.998
v -67.181 		-33.391 		4.619
v -69.0828 		-26.8554 		5.998
v -51.702 		-28.0798 		15.841
v -69.1212 		-26.9201 		5.998
v -60.958 		-22.322 		20.343
v -67.088 		-33.85 		4.619
v -54.314 		-25.986 		4.249
v -66.96 		-34.301 		4.619
v -68.082 		-37.018 		21.838
v -70.155 		-29.023 		5.894
v -52.8776 		-26.0629 		5.998
v -70.003 		-28.613 		5.977
v -55.607 		-24.906 		4.308
v -69.211 		-29.351 		4.894
v -54.134 		-31.99 		17.219
v -54.13 		-32.459 		17.219
v -67.354 		-36.828 		21.838
v -54.156 		-31.679 		17.219
v -66.337 		-37.086 		20.517
v -52.8836 		-26.0553 		5.998
v -66.773 		-37.593 		21.838
v -66.334 		-38.06 		21.838
v -70.0228 		-28.6061 		5.998
v -65.706 		-37.752 		20.517
v -50.732 		-29.594 		15.438
v -69.499 		-30.385 		4.932
v -70.431 		-29.962 		5.977
v -67.4129 		-32.9256 		5.0938
v -53.856 		-25.031 		5.977
v -61.321 		-22.921 		16.95
v -54.245 		-31.06 		17.219
v -63.561 		-26.613 		2.364
v -63.636 		-26.626 		3.437
v -65.706 		-36.237 		18.7
v -53.6944 		-25.1867 		5.9903
v -53.6819 		-25.1888 		5.998
v -66.177 		-35.525 		19.474
v -64.162 		-26.93 		3.437
v -50.768 		-29.231 		15.366
v -69.371 		-29.863 		4.913
v -65.524 		-36.441 		19.474
v -50.595 		-28.672 		14.991
v -70.4506 		-29.9542 		5.998
v -64.198 		-26.874 		4.031
v -70.4483 		-29.9473 		5.998
v -54.237 		-30.737 		16.93
v -65.871 		-35.998 		19.474
v -70.4518 		-29.9588 		5.998
v -50.74 		-29.042 		15.274
v -57.185 		-38.817 		1.321
v -70.4527 		-29.9636 		5.998
v -70.4533 		-29.9683 		5.998
v -58.305 		-39.308 		1.321
v -70.5078 		-30.4134 		5.998
v -70.5244 		-30.48 		5.998
v -51.397 		-28.613 		15.861
v -59.794 		-39.646 		1.321
v -51.3781 		-28.6065 		15.841
v -64.891 		-27.476 		3.437
v -65.139 		-27.656 		3.734
v -54.1256 		-30.8217 		16.6486
v -54.1248 		-30.8261 		16.6495
v -64.678 		-27.256 		3.734
v -54.179 		-30.553 		16.6332
v -54.1788 		-30.554 		16.6334
v -53.6858 		-25.2155 		5.9729
v -53.7159 		-25.183 		5.977
v -70.45 		-30.1823 		5.998
v -53.008 		-25.9515 		5.977
v -54.1468 		-30.7151 		16.6426
v -53.0103 		-25.9491 		5.9769
v -53.0105 		-25.9466 		5.9785
v -70.3678 		-29.8534 		5.998
v -53.0242 		-25.9339 		5.977
v -54.1767 		-30.5647 		16.6358
v -51.3329 		-28.9999 		15.841
v -51.4217 		-28.7042 		15.841
v -51.4272 		-28.6781 		15.841
v -65.782 		-28.314 		4.031
v -70.3211 		-29.667 		5.998
v -70.2047 		-29.2341 		5.998
v -70.2162 		-29.2654 		5.998
v -70.2166 		-29.2666 		5.998
v -51.4449 		-28.6199 		15.841
v -70.232 		-29.3144 		5.998
v -51.4546 		-28.5909 		15.841
v -70.2518 		-29.3851 		5.998
v -70.2606 		-29.4246 		5.998
v -58.892 		-39.483 		1.321
v -51.4684 		-28.5523 		15.841
v -61.056 		-22.315 		18.351
v -51.494 		-28.4905 		15.841
v -51.507 		-28.4627 		15.841
v -59.172 		-41.855 		0.875
v -50.381 		-30.203 		15.218
v -60.702 		-23.3 		17.3134
v -50.598 		-29.934 		15.388
v -58.838 		-41.488 		1.19
v -57.996 		-41.606 		0.895
v -57.911 		-40.851 		1.601
v -65.722 		-28.382 		2.364
v -60.702 		-23.3 		17.3622
v -53.0415 		-25.9151 		5.977
v -53.5874 		-25.3214 		5.9595
v -53.0875 		-25.834 		5.998
v -71.344 		-30.898 		6.809
v -71.401 		-31.411 		6.809
v -71.043 		-32.499 		6.377
v -64.269 		-37.565 		19.474
v -51.1571 		-29.5857 		15.841
v -71.028 		-32.233 		6.359
v -64.518 		-27.204 		2.364
v -65.14 		-36.852 		19.474
v -71.053 		-32.034 		6.39
v -54.0844 		-31.0294 		16.6884
v -54.0538 		-31.1833 		16.6727
v -63.196 		-22.622 		16.418
v -56.504 		-41.055 		0.918
v -63.868 		-22.824 		16.44
v -65.356 		-27.955 		2.364
v -62.741 		-22.515 		16.403
v -71.153 		-31.761 		6.511
v -51.1452 		-29.6252 		15.841
v -50.135 		-30.389 		14.991
v -50.969 		-29.962 		15.861
v -53.837 		-25.0204 		5.998
v -63.013 		-22.582 		18.408
v -50.9503 		-29.9545 		15.841
v -50.9525 		-29.948 		15.841
v -67.589 		-38.075 		20.06
v -54.007 		-31.419 		16.5924
v -53.9941 		-31.6146 		16.6043
v -50.9492 		-29.959 		15.841
v -53.8403 		-25.0169 		5.998
v -68.093 		-37.416 		20.03
v -64.613 		-23.114 		20.47
v -53.972 		-32.303 		16.641
v -64.937 		-23.26 		18.477
v -54.002 		-31.664 		16.641
v -67.686 		-26.624 		2.783
v -71.225 		-32.973 		6.599
v -71.401 		-33.189 		6.809
v -53.9886 		-31.6978 		16.6096
v -53.8476 		-25.0106 		5.998
v -53.9727 		-31.9402 		16.6538
v -53.9923 		-31.6426 		16.606
v -53.9891 		-31.6914 		16.6084
v -54.1814 		-24.7644 		5.9718
v -54.2589 		-24.7005 		5.9631
v -54.1279 		-24.7812 		5.998
v -53.9887 		-31.6964 		16.6093
v -54.1291 		-24.7848 		5.9945
v -54.2935 		-24.6721 		5.9611
v -65.901 		-28.603 		3.138
v -54.308 		-24.6602 		5.9608
v -66.081 		-28.85 		3.437
v -54.326 		-24.6455 		5.961
v -64.525 		-23.067 		16.46
v -50.9483 		-29.9635 		15.841
v -50.9478 		-29.968 		15.841
v -71.344 		-33.701 		6.809
v -61.821 		-22.367 		16.371
v -59.119 		-41.148 		1.557
v -71.266 		-34.21 		6.809
v -65.892 		-36.007 		18.401
v -70.936 		-34.485 		6.511
v -50.9096 		-30.48 		15.841
v -50.9214 		-30.3862 		15.841
v -66.249 		-35.513 		18.104
v -66.049 		-28.841 		2.364
v -50.9245 		-30.3702 		15.841
v -66.415 		-29.361 		3.734
v -50.9324 		-30.3339 		15.841
v -50.9349 		-30.3258 		15.841
v -61.125 		-22.315 		16.346
v -66.807 		-30.192 		4.031
v -54.1119 		-24.8216 		5.977
v -66.529 		-34.97 		18.104
v -54.3348 		-24.6383 		5.9611
v -70.192 		-32.654 		4.512
v -60.194 		-22.318 		16.314
v -70.143 		-31.628 		4.498
v -51.197 		-27.647 		10.9
v -69.684 		-31.735 		4.975
v -64.894 		-37.155 		18.104
v -54.5564 		-24.4579 		5.977
v -54.5212 		-24.4594 		5.998
v -66.77 		-30.363 		2.364
v -64.278 		-37.604 		18.253
v -50.695 		-29.733 		10.9
v -70.7103 		-31.7686 		5.998
v -70.6991 		-31.5853 		5.998
v -50.752 		-29.52 		10.9
v -66.334 		-29.326 		2.364
v -50.691 		-28.869 		10.9
v -61.948 		-42.2375 		15.841
v -61.7363 		-42.2493 		15.841
v -69.704 		-32.869 		4.995
v -62.0879 		-42.2181 		15.841
v -70.7103 		-32.6555 		5.998
v -62.16 		-42.1334 		15.841
v -55.02 		-25.573 		21.838
v -62.0297 		-42.1613 		15.841
v -55.968 		-24.898 		21.838
v -61.9654 		-42.1764 		15.841
v -61.9063 		-42.1878 		15.841
v -53.968 		-32.5889 		16.6182
v -70.6992 		-33.0166 		5.998
v -61.9027 		-42.1884 		15.841
v -70.482 		-33.898 		5.9
v -55.527 		-26.12 		21.838
v -66.744 		-30.214 		3.437
v -68.209 		-37.216 		18.022
v -68.2214 		-37.2371 		18
v -67.9331 		-37.6576 		18
v -70.4967 		-33.761 		5.9
v -70.4813 		-33.8721 		5.9
v -68.304 		-37.0752 		18
v -66.669 		-29.917 		3.734
v -68.2404 		-37.2033 		18
v -70.4741 		-33.9243 		5.9
v -70.4768 		-33.9051 		5.9
v -57.597 		-24.071 		21.838
v -70.5247 		-33.8882 		5.945
v -70.5177 		-33.9122 		5.9414
v -58.547 		-23.768 		21.838
v -54.121 		-24.7879 		5.998
v -70.5051 		-33.9279 		5.9311
v -70.4949 		-33.935 		5.922
v -67.526 		-38.141 		18.062
v -70.4931 		-33.9348 		5.9202
v -53.6862 		-25.1849 		5.998
v -70.4865 		-33.934 		5.9135
v -70.4854 		-33.9308 		5.912
v -69.535 		-34.278 		5.021
v -52.8783 		-26.0819 		5.998
v -59.573 		-24.325 		21.838
v -52.9422 		-25.9984 		5.998
v -52.9458 		-25.9937 		5.998
v -63.471 		-40.645 		21.838
v -52.9833 		-25.9499 		5.998
v -53.0133 		-25.9159 		5.998
v -53.0499 		-25.8765 		5.998
v -56.571 		-25.38 		21.838
v -57.719 		-24.815 		21.838
v -70.5459 		-34.1225 		5.998
v -63.957 		-39.666 		21.838
v -61.8402 		-42.1987 		15.841
v -58.63 		-24.508 		21.838
v -63.095 		-39.308 		20.517
v -62.749 		-40.091 		21.838
v -60.936 		-42.3165 		15.841
v -61.606 		-39.646 		20.517
v -60.192 		-23.523 		21.838
v -61.521 		-23.548 		21.838
v -61.809 		-40.287 		21.838
v -57.072 		-22.194 		6.809
v -60.851 		-40.357 		21.838
v -61.8069 		-42.2024 		15.841
v -60.69 		-39.71 		20.517
v -61.809 		-24.318 		21.838
v -70.4922 		-34.4724 		5.998
v -61.7808 		-42.2044 		15.841
v -62.509 		-23.693 		21.838
v -63.471 		-23.96 		21.838
v -60.2283 		-42.3033 		15.841
v -67.983 		-26.523 		0.491
v -68.029 		-27.081 		0.803
v -58.155 		-22.286 		6.364
v -63.059 		-24.596 		21.838
v -70.4843 		-30.7509 		5.9
v -70.482 		-30.702 		5.9
v -70.4838 		-30.7483 		5.9
v -54.245 		-32.61 		17.807
v -70.4645 		-30.632 		5.9
v -62.508 		-39.483 		20.517
v -63.957 		-24.939 		21.838
v -70.5113 		-30.638 		5.9453
v -70.5302 		-30.6609 		5.9603
v -70.538 		-30.6797 		5.9649
v -70.539 		-30.715 		5.9601
v -70.5281 		-30.7376 		5.9456
v -70.5143 		-30.7529 		5.9294
v -70.5051 		-30.7559 		5.9198
v -65.561 		-24.974 		21.838
v -70.5006 		-30.7543 		5.9157
v -60.4636 		-42.2445 		15.841
v -60.4549 		-42.2462 		15.841
v -64.697 		-24.475 		21.838
v -61.03 		-42.67 		15.388
v -69.596 		-30.915 		4.951
v -54.355 		-33.524 		17.807
v -65.082 		-25.549 		21.838
v -60.4166 		-42.2469 		15.841
v -66.096 		-26.33 		21.838
v -60.667 		-42.629 		15.438
v -66.356 		-27.52 		1.321
v -70.288 		-31.394 		5.6
v -60.3976 		-42.2466 		15.841
v -66.909 		-28.252 		1.321
v -70.5657 		-30.645 		5.998
v -65.725 		-26.853 		1.321
v -66.356 		-25.578 		21.838
v -67.086 		-26.259 		21.838
v -70.6845 		-31.3605 		5.998
v -58.627 		-21.959 		6.599
v -58.79 		-21.734 		6.809
v -50.6907 		-31.7685 		15.841
v -50.7019 		-31.5855 		15.841
v -50.7165 		-31.3606 		15.841
v -60.379 		-42.2462 		15.841
v -60.371 		-42.67 		15.388
v -50.7818 		-31.4933 		15.841
v -50.7905 		-31.427 		15.841
v -50.001 		-31.411 		14.991
v -60.3519 		-42.2445 		15.841
v -67.714 		-29.898 		1.321
v -70.664 		-32.4505 		5.998
v -50.7794 		-31.5209 		15.841
v -70.6675 		-32.528 		5.998
v -54.219 		-33.391 		17.219
v -50.236 		-31.731 		15.274
v -70.6557 		-32.2702 		5.998
v -67.492 		-29.327 		1.321
v -67.223 		-28.777 		1.321
v -70.5453 		-30.5638 		5.998
v -50.7781 		-31.544 		15.841
v -50.312 		-31.906 		15.366
v -70.5604 		-30.6353 		5.998
v -54.312 		-33.85 		17.219
v -61.19 		-41.089 		21.838
v -70.5665 		-30.6683 		5.998
v -70.5749 		-30.7231 		5.998
v -50.7774 		-31.5633 		15.841
v -62.181 		-40.969 		21.838
v -50.348 		-32.034 		15.409
v -70.5811 		-30.7784 		5.998
v -60.3431 		-42.2435 		15.841
v -60.112 		-42.226 		15.841
v -70.5896 		-30.8719 		5.998
v -70.5962 		-30.9684 		5.998
v -50.76 		-32.528 		15.841
v -50.7766 		-31.6055 		15.841
v -70.5986 		-31.0289 		5.998
v -50.371 		-32.333 		15.438
v -70.6796 		-32.7898 		5.998
v -53.9967 		-33.026 		16.7118
v -53.9975 		-33.0371 		16.7071
v -70.6791 		-32.8502 		5.998
v -54.44 		-34.301 		17.219
v -70.6747 		-32.9455 		5.998
v -66.98 		-30.781 		4.031
v -70.673 		-32.9677 		5.998
v -66.869 		-30.494 		3.734
v -70.6668 		-33.0229 		5.998
v -70.5749 		-33.8768 		5.998
v -70.5665 		-33.9316 		5.998
v -70.5645 		-33.9421 		5.998
v -66.915 		-30.797 		3.437
v -70.5548 		-33.9922 		5.998
v -70.5394 		-34.063 		5.998
v -63.1887 		-42.0037 		15.841
v -54.003 		-33.1214 		16.6715
v -70.5143 		-34.1591 		5.998
v -70.5096 		-34.1655 		5.998
v -70.3863 		-34.576 		5.998
v -53.852 		-28.046 		21.838
v -54.04 		-33.259 		16.641
v -50.6907 		-32.6557 		15.841
v -54.0205 		-33.2502 		16.6085
v -50.7018 		-33.0165 		15.841
v -54.0198 		-33.2463 		16.5878
v -67.03 		-31.394 		3.437
v -67.099 		-31.692 		3.734
v -50.7539 		-32.8634 		15.841
v -54.0923 		-33.6113 		16.6033
v -58.444 		-22.125 		6.462
v -67.013 		-31.088 		3.734
v -54.022 		-33.2575 		16.6475
v -50.7547 		-32.905 		15.841
v -54.1082 		-33.6914 		16.6067
v -50.33 		-32.629 		15.388
v -54.007 		-33.182 		16.6459
v -50.7559 		-32.9341 		15.841
v -50.236 		-32.868 		15.274
v -50.7575 		-32.9571 		15.841
v -54.402 		-27.258 		21.838
v -63.3221 		-41.9684 		15.841
v -50.001 		-33.189 		14.991
v -54.127 		-33.731 		16.641
v -67.121 		-31.997 		3.734
v -67.162 		-32.303 		4.031
v -59.811 		-21.6 		6.809
v -60.938 		-41.287 		20.329
v -50.8552 		-34.1227 		15.841
v -54.1088 		-33.6943 		16.6069
v -54.1108 		-33.7045 		16.6077
v -63.7261 		-41.7935 		15.841
v -54.071 		-26.506 		21.838
v -54.1165 		-33.7333 		16.6102
v -52.864 		-30.399 		21.838
v -54.1742 		-34.0236 		16.6185
v -63.958 		-42.26 		15.274
v -54.179 		-34.048 		16.6144
v -54.2569 		-34.2772 		16.6753
v -54.3068 		-34.4243 		16.685
v -54.3584 		-34.576 		16.6627
v -50.8164 		-33.5546 		15.841
v -63.489 		-40.851 		20.237
v -52.26 		-29.843 		21.838
v -52.643 		-28.744 		21.838
v -68.928 		-26.616 		3.806
v -69.601 		-27.747 		3.852
v -63.7021 		-41.8011 		15.841
v -63.6681 		-41.8109 		15.841
v -63.6228 		-41.8206 		15.841
v -50.9088 		-34.4722 		15.841
v -62.281 		-41.148 		20.281
v -50.8251 		-33.6209 		15.841
v -68.512 		-27.835 		2.835
v -63.703 		-42.232 		15.388
v -50.135 		-34.21 		14.991
v -51.012 		-34.576 		15.841
v -50.8304 		-33.6506 		15.841
v -56.12 		-22.589 		6.809
v -50.381 		-34.396 		15.218
v -53.9695 		-32.6111 		16.623
v -56.021 		-22.848 		6.599
v -53.9808 		-32.7842 		16.66
v -53.9899 		-32.9222 		16.7557
v -63.438 		-42.258 		15.441
v -62.2265 		-42.1903 		15.841
v -63.2688 		-41.8963 		15.841
v -62.3864 		-42.085 		15.841
v -63.364 		-41.267 		18.611
v -57.698 		-22.368 		6.412
v -68.801 		-28.396 		2.857
v -57.963 		-22.341 		6.359
v -63.066 		-42.402 		15.388
v -53.264 		-29.183 		21.838
v -57.443 		-22.339 		6.526
v -51.948 		-33.3 		21.838
v -51.948 		-31.306 		21.838
v -52.737 		-33.579 		21.838
v -70.478 		-30.211 		3.935
v -70.208 		-29.198 		3.904
v -52.636 		-32.623 		21.838
v -52.661 		-31.663 		21.838
v -50.316 		-34.334 		10.9
v -69.26 		-29.571 		2.902
v -69.939 		-30.279 		2.472
v -60.69 		-38.723 		18.104
v -60.994 		-38.682 		18.401
v -68.822 		-27.72 		0.518
v -50.256 		-32.833 		10.9
v -68.552 		-27.289 		0.509
v -69.779 		-28.111 		1.859
v -57.532 		-22.824 		5.398
v -68.485 		-27.78 		0.832
v -63.902 		-40.692 		18.221
v -56.882 		-24.165 		4.36
v -56.875 		-23.067 		5.378
v -69.421 		-27.405 		1.834
v -68.876 		-26.547 		1.805
v -56.163 		-23.404 		5.977
v -51.792 		-27.742 		15.985
v -54.179 		-30.553 		16.5971
v -61.774 		-41.227 		18.299
v -56.1492 		-23.3876 		5.998
v -67.017 		-31.46 		2.364
v -51.772 		-27.106 		15.438
v -56.1578 		-23.3832 		5.998
v -66.918 		-30.906 		2.364
v -57.465 		-22.851 		5.977
v -57.2623 		-22.9178 		5.9946
v -57.2374 		-22.9352 		5.9883
v -51.8021 		-27.8841 		15.841
v -57.2869 		-22.9098 		5.9924
v -57.3646 		-22.8844 		5.9855
v -57.3708 		-22.8859 		5.9817
v -67.066 		-32.021 		2.364
v -57.2454 		-22.9442 		5.9761
v -57.2267 		-22.9428 		5.9856
v -57.2238 		-22.9534 		5.977
v -62.394 		-41.13 		18.277
v -57.2892 		-22.9256 		5.9754
v -57.3066 		-22.9182 		5.9756
v -57.3679 		-22.8922 		5.9761
v -62.797 		-42.619 		15.218
v -57.3784 		-22.8878 		5.977
v -63.006 		-40.985 		18.255
v -51.847 		-27.65 		15.861
v -57.4522 		-22.8334 		5.998
v -51.8305 		-27.6384 		15.841
v -51.8342 		-27.6326 		15.841
v -64.896 		-41.055 		20.92
v -51.8284 		-27.6425 		15.841
v -66.319 		-40.253 		20.894
v -67.002 		-39.742 		20.879
v -68.082 		-38.714 		20.852
v -69.348 		-28.768 		0.538
v -69.655 		-29.591 		0.552
v -60.374 		-42.667 		10.9
v -60.168 		-42.744 		10.9
v -51.8257 		-27.6488 		15.841
v -64.697 		-40.13 		21.838
v -65.604 		-38.686 		21.838
v -65.561 		-39.631 		21.838
v -64.813 		-39.231 		21.838
v -66.475 		-38.911 		21.838
v -70.472 		-30.171 		1.932
v -51.92 		-27.6537 		15.841
v -69.176 		-30 		21.838
v -52.375 		-37.844 		17.651
v -69.311 		-29.685 		0.906
v -64.131 		-42.31 		10.9
v -68.523 		-30.397 		21.838
v -52.876 		-38.532 		17.626
v -63.48 		-42.248 		10.9
v -68.732 		-28.746 		21.838
v -69.489 		-32.303 		21.838
v -57.4567 		-22.8316 		5.998
v -64.215 		-38.817 		20.517
v -68.435 		-34.516 		21.838
v -68.65 		-33.58 		21.838
v -57.4636 		-22.8295 		5.998
v -68.909 		-28.613 		0.866
v -68.65 		-31.026 		21.838
v -68.739 		-31.982 		21.838
v -70.164 		-29.063 		1.892
v -69.326 		-33.957 		21.838
v -56.9763 		-23.0561 		5.998
v -57.1017 		-22.9882 		5.998
v -57.2024 		-22.9409 		5.998
v -68.978 		-35.241 		21.838
v -57.2575 		-22.9164 		5.998
v -65.557 		-39.86 		20.156
v -66.072 		-39.5 		20.134
v -57.2804 		-22.907 		5.998
v -55.742 		-24.506 		21.4
v -56.4788 		-23.3 		5.998
v -66.776 		-34.402 		3.734
v -57.3602 		-22.8738 		5.998
v -54.835 		-25.144 		21.383
v -57.4025 		-22.8594 		5.998
v -54.001 		-25.88 		21.364
v -57.453 		-22.8435 		5.998
v -58.064 		-22.6641 		5.998
v -66.086 		-40.711 		19.153
v -64.267 		-40.551 		20.207
v -62.889 		-42.526 		10.9
v -54.075 		-38.588 		16.733
v -70.548 		-34.036 		4.055
v -66.869 		-34.111 		3.734
v -70.633 		-31.127 		3.961
v -70.676 		-33.006 		4.019
v -58.254 		-23.647 		4.412
v -58.204 		-22.622 		5.42
v -51.884 		-26.829 		15.388
v -69.679 		-31.62 		2.976
v -66.915 		-33.808 		3.437
v -67.023 		-38.686 		20.089
v -55.107 		-25.273 		21.124
v -67.737 		-39.391 		19.088
v -69.704 		-32.454 		3.006
v -66.995 		-40.054 		19.117
v -66.77 		-34.243 		2.364
v -54.318 		-25.964 		21.087
v -68.231 		-38.862 		19.067
v -69.649 		-33.286 		3.035
v -53.043 		-37.231 		16.76
v -69.514 		-34.112 		3.065
v -51.885 		-26.833 		10.9
v -63.268 		-42.305 		10.9
v -63.068 		-42.399 		10.9
v -53.212 		-25.677 		20.065
v -54.871 		-24.183 		20.139
v -55.572 		-23.719 		20.168
v -53.79 		-25.072 		20.091
v -63.699 		-42.23 		10.9
v -55.552 		-24.926 		19.144
v -69.931 		-30.655 		0.569
v -51.608 		-28.162 		5.139
v -70.099 		-32.184 		0.594
v -64.951 		-40.221 		18.181
v -51.113 		-29.495 		5.098
v -67.088 		-32.607 		3.437
v -66.918 		-33.699 		2.364
v -67.155 		-32.61 		4.031
v -58.659 		-22.515 		5.435
v -60.079 		-22.921 		4.888
v -66.959 		-38.752 		18.092
v -66.338 		-39.306 		18.121
v -70.696 		-31.98 		1.994
v -70.157 		-31.933 		1.454
v -69.641 		-31.325 		0.965
v -53.869 		-25 		18.101
v -54.837 		-24.202 		18.138
v -50.919 		-30.3597 		5.9673
v -50.9195 		-30.3572 		5.9674
v -55.842 		-23.574 		18.173
v -50.9136 		-30.3862 		5.9675
v -50.9103 		-30.4024 		5.9682
v -52.261 		-35.639 		16.79
v -59.579 		-22.367 		5.467
v -69.513 		-30.496 		0.936
v -68.429 		-25.98 		20.62
v -57.182 		-23.787 		21.426
v -55.814 		-36.529 		17.807
v -67.045 		-33.524 		4.031
v -57.25 		-23.99 		21.213
v -55.618 		-36.292 		17.807
v -58.532 		-23.376 		21.451
v -69.183 		-27.056 		20.655
v -58.485 		-22.553 		5.977
v -69.485 		-27.602 		20.665
v -65.601 		-41.445 		15.388
v -51.023 		-29.849 		5.977
v -70.023 		-33.722 		0.623
v -69.551 		-33.93 		1.058
v -64.2665 		-41.6475 		15.841
v -64.5188 		-41.5552 		15.841
v -58.032 		-23.708 		21.243
v -58.4777 		-22.5332 		5.998
v -64.9453 		-41.3 		15.841
v -64.7171 		-41.4096 		15.841
v -64.681 		-41.4277 		15.841
v -58.4847 		-22.5317 		5.998
v -68.996 		-26.747 		18.646
v -69.4 		-27.403 		18.67
v -70.59 		-33.787 		2.047
v -59.532 		-22.379 		5.977
v -69.672 		-32.999 		1.025
v -65.44 		-41.646 		15.274
v -59.5257 		-22.3587 		5.998
v -58.841 		-23.503 		21.272
v -50.9468 		-30.1995 		5.9817
v -50.9309 		-30.196 		5.998
v -55.434 		-36.046 		17.807
v -69.32 		-29.784 		19.747
v -64.6461 		-41.4443 		15.841
v -65.281 		-42.011 		14.991
v -64.5843 		-41.4699 		15.841
v -55.215 		-35.822 		17.513
v -70.691 		-32.788 		2.018
v -50.9362 		-30.2753 		5.9701
v -50.9514 		-30.2006 		5.977
v -50.9238 		-30.3359 		5.9676
v -59.5304 		-22.358 		5.998
v -59.8623 		-22.3553 		5.977
v -59.8917 		-22.3531 		5.9751
v -59.8897 		-22.3339 		5.9965
v -59.927 		-22.3506 		5.9753
v -59.934 		-22.3331 		5.994
v -50.8945 		-30.48 		5.9716
v -59.9749 		-22.3419 		5.9823
v -59.9694 		-22.3476 		5.9764
v -59.9764 		-22.3471 		5.977
v -51.0025 		-29.8441 		5.998
v -67.042 		-32.865 		2.364
v -64.329 		-42.405 		14.991
v -64.5413 		-41.4856 		15.841
v -59.5376 		-22.3576 		5.998
v -54.649 		-35.238 		16.641
v -54.6141 		-35.1905 		16.6011
v -54.6235 		-35.2095 		16.6049
v -54.72 		-35.03 		17.219
v -51.0038 		-29.8395 		5.998
v -69.03 		-28.958 		19.716
v -51.4351 		-28.5601 		5.9902
v -51.4189 		-28.5839 		5.998
v -54.856 		-35.311 		17.219
v -54.525 		-34.771 		16.93
v -56.225 		-24.502 		21.172
v -69.7899 		-36.2254 		15.9
v -69.702 		-36.4246 		15.9
v -54.5207 		-35.0011 		16.5842
v -54.6132 		-35.1886 		16.6009
v -69.044 		-28.004 		20.095
v -69.746 		-36.35 		15.9
v -59.8184 		-22.3418 		5.998
v -59.8895 		-22.3325 		5.998
v -70.2974 		-35.0643 		15.841
v -59.9355 		-22.3294 		5.998
v -68.45 		-27.777 		19.67
v -59.9893 		-22.3268 		5.998
v -60.0637 		-22.328 		5.998
v -56.64 		-26.102 		20.517
v -70.352 		-34.6912 		15.841
v -70.2938 		-34.9386 		15.841
v -70.2916 		-34.9527 		15.841
v -51.467 		-28.506 		5.977
v -51.4375 		-28.5565 		5.989
v -51.4392 		-28.5552 		5.9878
v -70.1544 		-35.5573 		15.841
v -57.166 		-25.789 		20.517
v -57.716 		-25.52 		20.517
v -67.889 		-34.121 		1.321
v -70.2852 		-34.9795 		15.841
v -58.1993 		-22.6243 		5.998
v -58.2422 		-22.6116 		5.998
v -70.2781 		-35.0053 		15.841
v -58.2479 		-22.6101 		5.998
v -70.1053 		-35.6571 		15.841
v -58.2836 		-22.6007 		5.998
v -68.103 		-31.997 		1.321
v -58.34 		-22.5873 		5.998
v -54.4012 		-34.7021 		16.6442
v -70.2762 		-35.0121 		15.841
v -58.3613 		-22.5832 		5.998
v -67.952 		-30.784 		1.321
v -54.463 		-34.884 		16.5737
v -58.579 		-25.21 		20.517
v -59.7207 		-22.3562 		5.998
v -54.872 		-35.662 		16.641
v -59.7794 		-22.3469 		5.998
v -59.471 		-24.997 		20.517
v -54.6388 		-35.2405 		16.6112
v -51.4449 		-28.5509 		5.9839
v -68.09 		-32.914 		1.321
v -70.2679 		-35.0381 		15.841
v -69.8269 		-36.2882 		15.841
v -70.2638 		-35.0492 		15.841
v -70.2566 		-35.0683 		15.841
v -51.4525 		-28.545 		5.9785
v -51.3742 		-28.7193 		5.998
v -51.3849 		-28.7266 		5.9857
v -54.6397 		-35.2425 		16.6116
v -51.4509 		-28.5547 		5.976
v -51.4547 		-28.5433 		5.977
v -65.77 		-41.3 		10.9
v -51.4394 		-28.5894 		5.9751
v -54.826 		-35.6203 		16.5802
v -65.602 		-41.442 		10.9
v -51.418 		-28.654 		5.9748
v -51.3919 		-28.7314 		5.9775
v -51.3924 		-28.7317 		5.977
v -51.393 		-28.7299 		5.977
v -59.744 		-23.36 		19.304
v -69.672 		-32.728 		19.853
v -65.353 		-41.803 		10.9
v -58.064 		-26.0881 		5.2999
v -57.9612 		-26.1387 		5.2833
v -57.9489 		-26.1448 		5.283
v -69.63 		-31.275 		19.801
v -57.934 		-26.1521 		5.2826
v -58.61 		-23.555 		19.263
v -54.9185 		-35.7736 		16.5722
v -55.3289 		-36.3884 		16.6346
v -69.7389 		-36.4607 		15.8519
v -69.7514 		-36.4594 		15.841
v -54.8708 		-35.7022 		16.5845
v -69.7373 		-36.4857 		15.841
v -54.8285 		-35.6254 		16.5798
v -54.8522 		-35.6734 		16.5828
v -54.854 		-35.677 		16.5825
v -54.8633 		-35.6909 		16.5865
v -51.4453 		-28.5043 		5.998
v -69.702 		-36.4517 		15.8891
v -69.702 		-36.5495 		15.841
v -57.8053 		-26.2155 		5.2895
v -57.7172 		-26.2589 		5.3123
v -57.6095 		-26.3119 		5.3402
v -55.437 		-36.236 		17.219
v -57.919 		-26.191 		5.197
v -57.8422 		-26.1973 		5.28
v -69.535 		-33.867 		19.894
v -56.005 		-41.725 		15.218
v -55.3438 		-36.4107 		16.6369
v -55.344 		-36.411 		16.6367
v -55.531 		-36.624 		16.6505
v -70.2627 		-35.0509 		15.841
v -55.8 		-41.445 		15.388
v -70.4056 		-34.754 		15.841
v -55.94 		-36.833 		17.219
v -55.631 		-41.3 		10.9
v -55.9527 		-37.0975 		16.6164
v -55.799 		-41.442 		10.9
v -56.016 		-37.153 		16.6336
v -55.7141 		-36.8325 		16.6766
v -55.8172 		-36.95 		16.6687
v -70.803 		-34.666 		15.388
v -68.36 		-38.391 		20.845
v -68.995 		-36.886 		20.487
v -69.639 		-36.369 		20.808
v -68.623 		-38.057 		20.838
v -55.927 		-37.075 		16.6133
v -57.803 		-23.791 		19.233
v -70.693 		-34.908 		15.441
v -55.671 		-36.652 		16.93
v -55.6056 		-36.7089 		16.66
v -55.6967 		-36.8127 		16.6739
v -55.7094 		-36.8272 		16.6758
v -51.4469 		-28.4997 		5.998
v -70.639 		-35.169 		15.423
v -51.4487 		-28.4953 		5.998
v -55.5346 		-36.6281 		16.6507
v -51.5097 		-28.432 		5.9695
v -51.702 		-28.097 		5.9269
v -70.647 		-35.463 		15.32
v -51.4896 		-28.467 		5.974
v -56.639 		-24.282 		19.189
v -51.7831 		-27.9557 		5.9089
v -51.785 		-27.9525 		5.9086
v -70.71 		-35.73 		15.162
v -51.7865 		-27.9499 		5.9085
v -51.79 		-27.9438 		5.9083
v -51.8012 		-27.9247 		5.908
v -59.432 		-26.065 		19.474
v -51.92 		-27.722 		5.9052
v -59.988 		-25.978 		19.474
v -58.213 		-26.065 		5.197
v -57.2177 		-41.698 		15.841
v -57.3614 		-41.7506 		15.841
v -58.5464 		-25.9163 		5.2151
v -58.225 		-26.0253 		5.2841
v -58.117 		-26.062 		5.3085
v -68.678 		-38.31 		19.046
v -57.862 		-41.9129 		15.841
v -68.53 		-36.71 		20.001
v -58.059 		-42.286 		15.438
v -70.806 		-35.928 		14.991
v -57.1654 		-41.6074 		15.841
v -57.1185 		-41.5917 		15.841
v -57.698 		-42.232 		15.388
v -69.319 		-37.328 		19.008
v -57.0944 		-41.5831 		15.841
v -57.0327 		-41.5575 		15.841
v -57.0016 		-41.5432 		15.841
v -51.4508 		-28.491 		5.998
v -56.4494 		-41.3 		15.841
v -51.508 		-27.446 		6.433
v -59.0838 		-25.7522 		5.2493
v -58.954 		-25.778 		5.2808
v -51.354 		-27.56 		6.526
v -58.8503 		-25.8132 		5.2626
v -58.5616 		-25.9112 		5.2118
v -58.61 		-26.277 		18.7
v -57.356 		-42.285 		15.218
v -66.256 		-40.5529 		15.841
v -66.0397 		-40.6907 		15.841
v -68.0301 		-39.1102 		15.841
v -68.1601 		-38.9796 		15.841
v -58.5935 		-25.9003 		5.205
v -68.9 		-35.963 		19.971
v -59.1189 		-25.7452 		5.2408
v -58.353 		-26.384 		19.474
v -51.4845 		-28.4759 		5.9751
v -58.885 		-26.2 		19.474
v -51.4786 		-28.4861 		5.9767
v -51.738 		-27.164 		6.361
v -70.411 		-36.88 		14.991
v -59.1833 		-25.7325 		5.2252
v -70.126 		-36.996 		15.218
v -59.6248 		-25.6448 		5.2355
v -59.621 		-25.6455 		5.2347
v -59.4338 		-25.6827 		5.1947
v -59.2682 		-25.7156 		5.2046
v -69.202 		-35.184 		19.942
v -53.481 		-39.221 		17.598
v -54.854 		-40.415 		17.536
v -59.893 		-25.6012 		5.2301
v -59.82 		-25.606 		5.2531
v -68.2395 		-38.8857 		15.841
v -59.7485 		-25.6202 		5.2465
v -55.959 		-41.103 		17.491
v -69.846 		-37.2 		15.388
v -68.304 		-38.7336 		15.841
v -68.1888 		-38.8669 		15.841
v -68.0391 		-39.0402 		15.841
v -59.467 		-25.857 		4.619
v -58.688 		-25.978 		4.908
v -57.072 		-42.405 		14.991
v -68.0191 		-39.062 		15.841
v -58.291 		-26.26 		4.325
v -68.266 		-39.4 		15.388
v -56.12 		-42.011 		14.991
v -68.5328 		-36.624 		18
v -51.867 		-26.893 		6.39
v -68.3604 		-36.9616 		18
v -68.5029 		-36.6746 		18
v -70.649 		-35.079 		10.9
v -70.63 		-35.299 		10.9
v -67.9951 		-39.087 		15.841
v -68.05 		-39.555 		15.441
v -68.185 		-37.3 		18
v -70.71 		-35.73 		10.9
v -66.8394 		-40.2028 		15.841
v -66.9427 		-40.1283 		15.841
v -67.088 		-40.0042 		15.841
v -60.083 		-25.945 		18.401
v -60.086 		-25.768 		4.619
v -67.9658 		-39.1132 		15.841
v -67.7899 		-39.2702 		15.841
v -67.7594 		-39.2974 		15.841
v -66.7446 		-40.2034 		15.841
v -66.6959 		-40.2491 		15.841
v -67.801 		-39.866 		15.388
v -59.177 		-26.064 		18.104
v -59.764 		-25.728 		4.908
v -55.314 		-24.589 		16.735
v -66.6492 		-40.2894 		15.841
v -67.676 		-40.188 		15.218
v -66.6336 		-40.3024 		15.841
v -55.301 		-23.898 		3.315
v -58.9271 		-42.1593 		15.841
v -54.68 		-39.19 		16.717
v -59.0739 		-42.1842 		15.841
v -59.8631 		-42.2821 		15.841
v -53.981 		-24.914 		3.262
v -54.902 		-25.446 		2.277
v -55.083 		-24.64 		17.636
v -70.8 		-34.668 		10.9
v -54.651 		-24.358 		3.289
v -53.143 		-25.788 		3.227
v -53.446 		-26.339 		2.627
v -59.777 		-25.948 		18.104
v -60.0087 		-42.2976 		15.841
v -66.6225 		-40.3117 		15.841
v -66.5694 		-40.3524 		15.841
v -51.4532 		-28.4868 		5.998
v -70.204 		-36.952 		10.9
v -67.638 		-40.494 		14.991
v -69.843 		-37.201 		10.9
v -66.5488 		-40.3665 		15.841
v -54.033 		-26.256 		17.0596
v -53.97 		-26.353 		2.23
v -54.033 		-26.256 		17.0837
v -51.468 		-28.4621 		5.998
v -51.4777 		-28.4878 		5.977
v -58.317 		-26.374 		18.401
v -59.2967 		-42.164 		15.841
v -58.6394 		-42.083 		15.841
v -58.187 		-41.173 		16.644
v -51.4558 		-28.4828 		5.998
v -59.2304 		-42.1553 		15.841
v -59.2042 		-42.1504 		15.841
v -59.1543 		-42.1401 		15.841
v -61.763 		-23.379 		21.376
v -59.1075 		-42.129 		15.841
v -59.0809 		-42.1205 		15.841
v -58.9075 		-42.0741 		15.841
v -51.4656 		-28.4679 		5.998
v -58.604 		-42.619 		15.218
v -69.6912 		-36.4491 		15.9
v -66.171 		-41.116 		15.388
v -60.716 		-23.314 		21.339
v -58.335 		-42.402 		15.388
v -50.99 		-27.72 		6.809
v -54.2768 		-26.0003 		17.0784
v -54.1809 		-26.1009 		17.071
v -54.338 		-25.936 		17.0728
v -69.6942 		-36.5637 		15.841
v -54.2757 		-26.0014 		17.0897
v -54.338 		-25.936 		17.102
v -54.1729 		-26.1092 		17.0704
v -63.832 		-23.771 		21.544
v -63.596 		-23.786 		21.443
v -62.675 		-23.42 		21.525
v -69.6608 		-36.624 		15.841
v -65.807 		-41.277 		15.441
v -69.3556 		-37.3268 		15.841
v -54.4564 		-25.8231 		17.07
v -69.4135 		-37.2253 		15.841
v -54.3954 		-25.8813 		17.0715
v -50.565 		-29.991 		6.433
v -50.715 		-28.956 		6.582
v -68.9253 		-38.0008 		15.841
v -50.595 		-28.672 		6.809
v -69.0615 		-37.8058 		15.841
v -69.678 		-37.406 		15.441
v -55.92 		-24.69 		2.322
v -54.657 		-25.632 		17.0653
v -69.061 		-37.7084 		15.841
v -58.667 		-42.684 		10.9
v -62.59 		-23.513 		21.406
v -58.133 		-42.305 		10.9
v -50.769 		-29.297 		6.412
v -57.578 		-40.964 		16.655
v -69.0426 		-37.7394 		15.841
v -69.557 		-37.643 		15.423
v -54.657 		-25.632 		17.1414
v -57.702 		-42.23 		10.9
v -69.0228 		-37.7709 		15.841
v -61.302 		-24.921 		20.517
v -69.489 		-37.929 		15.32
v -56.016 		-23.477 		1.343
v -60.69 		-24.896 		20.517
v -66.82 		-41.122 		14.991
v -57.483 		-42.25 		10.9
v -66.515 		-41.079 		15.218
v -62.209 		-25.06 		20.517
v -53.967 		-26.333 		0.212
v -63.095 		-25.297 		20.517
v -50.714 		-29.658 		6.361
v -69.0108 		-37.7891 		15.841
v -69.481 		-38.204 		15.162
v -56.048 		-41.803 		10.9
v -54.992 		-25.343 		17.0788
v -53.414 		-26.076 		0.827
v -52.971 		-25.98 		1.218
v -69.0058 		-37.7963 		15.841
v -69.522 		-38.42 		14.991
v -58.333 		-42.399 		10.9
v -54.992 		-25.343 		17.1597
v -51.4283 		-28.5578 		5.998
v -68.4784 		-38.5257 		15.841
v -63.975 		-23.938 		19.457
v -51.2528 		-29.1238 		5.998
v -51.3557 		-28.7808 		5.998
v -68.4377 		-38.5787 		15.841
v -50.446 		-30.141 		6.526
v -68.4218 		-38.5972 		15.841
v -53.917 		-24.971 		1.266
v -68.3572 		-38.672 		15.841
v -51.1052 		-29.6154 		5.998
v -63.175 		-23.667 		19.427
v -50.135 		-30.389 		6.809
v -51.0896 		-29.6672 		5.998
v -54.666 		-25.648 		0.265
v -54.887 		-25.403 		0.234
v -62.355 		-23.47 		19.397
v -69.591 		-37.559 		10.9
v -69.516 		-37.766 		10.9
v -60.683 		-23.307 		19.338
v -65.9936 		-40.72 		15.841
v -65.5808 		-41.0403 		15.841
v -55.34 		-25.071 		17.1128
v -56.412 		-40.426 		16.677
v -65.6921 		-40.9698 		15.841
v -65.6247 		-40.9549 		15.841
v -65.5988 		-40.9714 		15.841
v -55.34 		-25.071 		17.1571
v -69.481 		-38.204 		10.9
v -55.4347 		-25.0043 		17.1273
v -55.55 		-24.922 		17.144
v -55.429 		-25.032 		0.3
v -61.672 		-26.015 		19.474
v -55.5417 		-24.9291 		17.1436
v -55.656 		-24.792 		0.253
v -55.4733 		-24.9772 		17.1482
v -55.54 		-24.9302 		17.1437
v -62.764 		-26.286 		19.474
v -55.701 		-24.817 		17.1426
v -55.5695 		-24.9096 		17.1447
v -55.568 		-24.9106 		17.1447
v -65.4655 		-41.1039 		15.841
v -65.3464 		-41.1603 		15.841
v -55.701 		-24.817 		17.1583
v -52.193 		-37.6016 		15.841
v -55.337 		-24.584 		1.898
v -52.3775 		-37.8837 		15.841
v -52.4824 		-38.0157 		15.841
v -65.5604 		-40.9959 		15.841
v -65.5508 		-41.0028 		15.841
v -56.016 		-24.6182 		17.1565
v -53.0513 		-38.672 		15.841
v -52.6293 		-38.1267 		15.841
v -52.6051 		-38.0971 		15.841
v -56.016 		-24.6182 		17.1703
v -52.5644 		-38.0441 		15.841
v -56.959 		-23.607 		3.894
v -56.463 		-23.26 		3.361
v -65.5315 		-41.0143 		15.841
v -56.238 		-36.973 		17.807
v -52.1141 		-37.4527 		15.841
v -52.0441 		-37.2991 		15.841
v -65.5133 		-41.0251 		15.841
v -52.5522 		-38.0263 		15.841
v -65.4851 		-41.0407 		15.841
v -58.387 		-22.582 		3.43
v -51.921 		-38.114 		15.218
v -65.1876 		-41.1836 		15.841
v -52.5281 		-37.9894 		15.841
v -50.001 		-31.411 		6.809
v -57.425 		-23.938 		2.381
v -57.048 		-23.583 		2.84
v -56.702 		-37.375 		17.807
v -52.5047 		-37.951 		15.841
v -51.92 		-36.9985 		15.841
v -68.895 		-39.237 		14.991
v -68.589 		-39.275 		15.218
v -58.225 		-23.667 		2.411
v -57.202 		-37.732 		17.807
v -50.19 		-31.654 		6.582
v -50.33 		-31.97 		6.412
v -68.082 		-39.525 		10.9
v -67.709 		-40.062 		10.9
v -50.371 		-32.266 		6.361
v -56.075 		-24.581 		17.1591
v -60.327 		-25.921 		18.552
v -56.075 		-24.581 		17.1726
v -68.676 		-39.253 		10.9
v -53.763 		-40.494 		14.991
v -56.108 		-37.11 		16.93
v -53.4333 		-39.2081 		15.841
v -59.045 		-23.47 		2.441
v -53.6748 		-39.4317 		15.841
v -67.926 		-39.681 		10.9
v -56.0437 		-37.1773 		16.6411
v -56.158 		-37.2775 		16.6739
v -53.725 		-40.188 		15.218
v -67.801 		-39.862 		10.9
v -53.3232 		-39.0855 		15.841
v -56.253 		-24.476 		17.173
v -56.1938 		-24.5135 		17.1706
v -53.6 		-39.866 		15.388
v -56.185 		-24.5185 		17.1707
v -56.585 		-37.524 		16.93
v -56.459 		-24.363 		17.1711
v -56.3053 		-24.4502 		17.1751
v -56.459 		-24.363 		17.192
v -56.5255 		-37.5996 		16.6311
v -56.5807 		-37.648 		16.6247
v -68.263 		-39.4 		10.9
v -56.1606 		-37.2797 		16.6746
v -53.42 		-39.627 		15.438
v -70.806 		-35.928 		6.809
v -60.55 		-25.94 		19.474
v -56.4416 		-37.526 		16.6411
v -70.692 		-35.674 		6.599
v -66.605 		-41.081 		10.9
v -53.968 		-39.5913 		15.841
v -53.6084 		-39.2487 		15.841
v -53.5786 		-39.2204 		15.841
v -53.3243 		-38.9781 		15.841
v -53.229 		-38.8873 		15.841
v -56.392 		-37.264 		17.219
v -56.167 		-37.2854 		16.6764
v -56.854 		-24.164 		17.183
v -56.5126 		-24.336 		17.1727
v -56.5126 		-24.336 		17.1947
v -56.854 		-24.164 		17.2122
v -70.64 		-35.432 		6.462
v -56.2842 		-37.3881 		16.6857
v -66.167 		-41.115 		10.9
v -53.1934 		-38.8506 		15.841
v -53.135 		-39.4 		15.388
v -53.1674 		-38.8219 		15.841
v -52.812 		-39.275 		15.218
v -56.2946 		-37.3972 		16.6828
v -70.639 		-35.169 		6.377
v -57.0928 		-24.0579 		17.2028
v -57.2016 		-24.0096 		17.1975
v -56.8914 		-24.1474 		17.1861
v -57.257 		-23.985 		17.1948
v -57.0954 		-24.0568 		17.2114
v -57.257 		-23.985 		17.2315
v -57.0885 		-24.0598 		17.2113
v -52.506 		-39.237 		14.991
v -56.4051 		-37.4941 		16.6515
v -58.599 		-26.204 		4.031
v -50.36 		-34.373 		6.599
v -50.135 		-34.21 		6.809
v -57.1 		-37.89 		16.93
v -57.472 		-38.199 		16.641
v -57.899 		-38.415 		16.641
v -57.8592 		-38.4117 		16.5979
v -57.8982 		-38.431 		16.6027
v -57.5186 		-38.2436 		16.5873
v -57.2362 		-38.0886 		16.5697
v -70.769 		-34.723 		6.39
v -57.325 		-38.148 		16.5435
v -57.3399 		-38.1554 		16.5469
v -60.099 		-25.912 		3.734
v -61.905 		-25.999 		18.104
v -59.791 		-25.915 		4.031
v -57.4627 		-38.216 		16.5856
v -58.621 		-26.268 		3.437
v -56.883 		-37.65 		17.219
v -61.301 		-25.912 		18.104
v -56.9623 		-37.9054 		16.6507
v -59.495 		-25.999 		3.734
v -56.7855 		-37.7871 		16.6729
v -59.204 		-26.096 		3.437
v -56.6481 		-37.6952 		16.6452
v -56.591 		-37.657 		16.6235
v -58.892 		-26.111 		4.031
v -57.9584 		-38.4607 		16.5871
v -58.064 		-38.5128 		16.5597
v -54.1674 		-39.904 		15.841
v -57.669 		-23.826 		17.1967
v -57.409 		-37.988 		17.219
v -57.669 		-23.826 		17.2603
v -57.683 		-38.138 		17.219
v -50.348 		-32.565 		6.39
v -70.411 		-36.88 		6.809
v -60.994 		-25.924 		18.401
v -50.312 		-32.693 		6.433
v -69.799 		-37.246 		6.39
v -55.3962 		-40.72 		15.841
v -54.6664 		-40.2215 		15.841
v -54.6183 		-40.1893 		15.841
v -70.022 		-37.059 		6.511
v -54.6008 		-40.1767 		15.841
v -58.089 		-23.688 		17.2208
v -54.5652 		-40.1512 		15.841
v -50.236 		-32.868 		6.526
v -62.196 		-26.096 		18.401
v -54.5391 		-40.1302 		15.841
v -69.522 		-38.42 		6.809
v -58.117 		-38.539 		16.5459
v -58.509 		-38.672 		16.5866
v -69.478 		-38.145 		6.599
v -54.5179 		-40.1122 		15.841
v -54.4786 		-40.0775 		15.841
v -62.779 		-26.268 		18.401
v -58.692 		-38.554 		17.219
v -50.001 		-33.189 		6.809
v -54.4432 		-40.044 		15.841
v -69.491 		-37.898 		6.462
v -55.8461 		-41.0641 		15.841
v -59.728 		-26.015 		2.364
v -64.906 		-24.277 		21.566
v -55.9807 		-41.1436 		15.841
v -58.636 		-26.286 		2.364
v -57.7365 		-23.8038 		17.2615
v -55.7168 		-40.9765 		15.841
v -69.557 		-37.643 		6.377
v -58.089 		-23.688 		17.2674
v -65.384 		-23.477 		20.495
v -55.5929 		-40.8812 		15.841
v -58.2607 		-23.6405 		17.2388
v -58.2788 		-23.6354 		17.2402
v -56.016 		-41.0901 		15.841
v -55.6418 		-40.8843 		15.841
v -58.515 		-23.57 		17.2332
v -58.2896 		-23.6324 		17.2396
v -55.565 		-41.262 		15.438
v -58.2685 		-23.6383 		17.2618
v -50.711 		-32.303 		5.005
v -58.2783 		-23.6356 		17.2621
v -58.515 		-23.57 		17.2861
v -50.713 		-32.303 		5.003
v -55.6043 		-40.8621 		15.841
v -51.199 		-32.303 		5.489
v -55.5939 		-40.855 		15.841
v -65.971 		-25.032 		21.538
v -51.313 		-32.476 		4.403
v -65.744 		-24.792 		21.585
v -50.812 		-30.884 		5.054
v -55.23 		-41.116 		15.388
v -58.272 		-38.345 		17.513
v -62.894 		-38.672 		5.2542
v -63.286 		-38.539 		5.2948
v -63.4362 		-38.4649 		5.2558
v -64.0692 		-38.1524 		5.2976
v -64.078 		-38.148 		5.2996
v -54.886 		-41.079 		15.218
v -59.169 		-38.574 		17.807
v -64.1613 		-38.0923 		5.275
v -63.928 		-38.199 		5.197
v -50.6932 		-32.4057 		5.998
v -63.501 		-38.415 		5.197
v -50.7026 		-32.508 		5.998
v -63.5019 		-38.4324 		5.2388
v -63.5444 		-38.4114 		5.244
v -63.8783 		-38.2466 		5.2544
v -54.581 		-41.122 		14.991
v -56.494 		-24.277 		0.272
v -63.938 		-38.2171 		5.2562
v -64.868 		-24.341 		21.492
v -50.711 		-32.303 		5.977
v -54.165 		-40.817 		14.991
v -69.98 		-36.029 		4.126
v -69.026 		-37.844 		4.187
v -68.524 		-38.532 		4.212
v -57.568 		-23.771 		0.294
v -50.6901 		-32.3078 		5.998
v -57.804 		-23.786 		0.395
v -58.946 		-23.473 		17.2427
v -58.7673 		-23.5132 		17.2388
v -50.6901 		-32.3006 		5.998
v -50.811 		-30.89 		5.977
v -50.7942 		-31.0544 		5.9821
v -50.7995 		-31.052 		5.9766
v -50.8 		-31.0458 		5.977
v -58.58 		-38.401 		17.807
v -50.7968 		-31.0906 		5.977
v -58.7219 		-23.5234 		17.2378
v -58.946 		-23.473 		17.3078
v -50.79 		-30.8886 		5.998
v -56.787 		-23.114 		1.368
v -50.6906 		-32.2934 		5.998
v -64.215 		-25.789 		20.517
v -64.208 		-38.061 		5.2612
v -50.7918 		-30.8791 		5.998
v -50.8583 		-30.5522 		5.998
v -50.8697 		-30.6019 		5.977
v -60.052 		-38.992 		16.641
v -60.0344 		-39.0091 		16.5864
v -60.112 		-39.0142 		16.6383
v -62.708 		-38.554 		4.619
v -59.745 		-38.877 		16.93
v -50.7934 		-30.9511 		5.998
v -59.9858 		-39.0059 		16.5871
v -50.779 		-31.0613 		5.998
v -57.839 		-22.733 		1.404
v -67.433 		-26.333 		21.626
v -50.7166 		-32.0693 		5.998
v -66.735 		-25.648 		21.573
v -50.7183 		-32.0605 		5.998
v -66.513 		-25.403 		21.604
v -50.7141 		-32.1067 		5.998
v -50.7132 		-32.1444 		5.998
v -59.381 		-23.398 		17.2746
v -50.7127 		-32.166 		5.998
v -59.616 		-38.9545 		16.6265
v -59.7932 		-38.9897 		16.6004
v -50.7136 		-32.2242 		5.998
v -59.4226 		-38.9161 		16.6698
v -50.7144 		-32.2409 		5.998
v -50.7313 		-32.528 		5.998
v -50.7198 		-32.2834 		5.998
v -63.991 		-37.988 		4.619
v -59.82 		-38.995 		16.5894
v -50.7159 		-32.2531 		5.998
v -63.717 		-38.138 		4.619
v -56.263 		-41.2772 		15.841
v -50.7183 		-32.2522 		5.998
v -70.4494 		-34.6443 		5.998
v -69.139 		-35.639 		5.048
v -59.381 		-23.398 		17.3075
v -67.986 		-26.076 		21.011
v -56.3113 		-41.2392 		15.841
v -58.5536 		-38.6871 		16.5912
v -58.645 		-38.701 		16.641
v -58.5939 		-38.7008 		16.5954
v -56.1968 		-41.1888 		15.841
v -58.6149 		-38.708 		16.5975
v -70.1159 		-35.7138 		5.998
v -56.1672 		-41.1734 		15.841
v -58.6839 		-38.7313 		16.5881
v -50.795 		-33.593 		4.959
v -56.132 		-41.1538 		15.841
v -56.0175 		-41.0909 		15.841
v -51.342 		-33.764 		5.464
v -70.0019 		-36.0406 		5.998
v -69.746 		-36.35 		5.9
v -69.7642 		-36.2894 		5.9
v -69.702 		-36.4108 		5.9
v -69.8011 		-36.2934 		5.9346
v -59.772 		-38.69 		17.807
v -69.8111 		-36.3034 		5.9481
v -69.8222 		-36.3197 		5.9654
v -58.725 		-23.42 		0.313
v -69.833 		-36.3704 		5.998
v -58.81 		-23.513 		0.432
v -59.819 		-23.344 		17.2821
v -59.7433 		-23.3533 		17.2812
v -59.714 		-23.228 		0.329
v -69.5927 		-36.624 		5.9
v -69.4328 		-36.9361 		5.9
v -59.82 		-38.995 		12.288
v -50.8223 		-33.8953 		5.998
v -50.845 		-34 		5.998
v -69.6648 		-36.6985 		5.998
v -67.483 		-24.971 		20.572
v -68.357 		-37.231 		5.078
v -63.128 		-38.345 		4.325
v -50.8059 		-33.7895 		5.998
v -50.873 		-33.58 		5.9
v -50.8981 		-33.7081 		5.9
v -50.8521 		-33.1375 		5.9
v -50.7696 		-33.3388 		5.998
v -59.4204 		-23.3931 		17.2778
v -69.2869 		-37.4529 		5.998
v -50.7903 		-33.5955 		5.998
v -69.357 		-37.2992 		5.998
v -59.407 		-23.3948 		17.2777
v -59.4323 		-23.3917 		17.3075
v -59.4151 		-23.3938 		17.3067
v -69.208 		-37.602 		5.998
v -59.637 		-23.379 		0.462
v -59.819 		-23.344 		17.3308
v -59.392 		-23.3966 		17.3069
v -50.738 		-32.67 		5.998
v -58.647 		-22.524 		1.432
v -50.9827 		-34.576 		5.998
v -66.099 		-23.898 		18.523
v -51.048 		-29.768 		3.08
v -60.112 		-23.3221 		17.2993
v -60.112 		-23.3221 		17.3347
v -64.352 		-23.583 		18.998
v -51.618 		-28.165 		3.139
v -56.532 		-24.341 		0.346
v -69.0232 		-37.8844 		5.998
v -57.612 		-26.33 		16.641
v -57.5586 		-26.337 		16.5829
v -68.406 		-38.533 		5.9
v -68.5291 		-38.3519 		5.9
v -57.5909 		-26.3211 		16.5875
v -68.5372 		-38.5014 		5.998
v -57.617 		-26.3082 		16.5911
v -51.644 		-29.808 		1.677
v -58.064 		-26.0881 		16.5542
v -68.304 		-38.6469 		5.9053
v -68.356 		-38.672 		5.9613
v -50.999 		-30.246 		1.132
v -51.481 		-28.603 		1.157
v -60.098 		-24.921 		1.321
v -68.9182 		-38.0166 		5.998
v -66.94 		-34.884 		6.144
v -53.475 		-39.681 		10.9
v -59.191 		-25.06 		1.321
v -53.138 		-39.4 		10.9
v -58.305 		-25.297 		1.321
v -52.938 		-39.308 		10.9
v -68.5607 		-38.4668 		5.998
v -57.185 		-25.789 		1.321
v -66.063 		-24.584 		19.94
v -59.469 		-25.966 		17.807
v -65.48 		-24.69 		19.516
v -70.0233 		-35.7853 		5.998
v -69.9019 		-36.1899 		5.998
v -59.448 		-38.749 		17.219
v -69.8786 		-36.2552 		5.998
v -69.8603 		-36.3045 		5.998
v -66.0722 		-36.3912 		5.2117
v -66.256 		-36.1159 		5.2396
v -59.2589 		-38.8835 		16.6618
v -59.4164 		-38.9148 		16.6712
v -58.6895 		-38.7332 		16.5878
v -58.954 		-38.823 		16.5729
v -59.1019 		-38.8524 		16.6261
v -59.125 		-38.757 		16.93
v -66.185 		-35.822 		4.325
v -51.915 		-27.602 		1.173
v -68.8494 		-38.0421 		5.998
v -60.077 		-25.879 		17.807
v -67.419 		-24.914 		18.576
v -66.498 		-25.446 		19.561
v -65.963 		-36.236 		4.619
v -66.749 		-24.358 		18.549
v -68.257 		-25.788 		18.611
v -67.954 		-26.339 		19.211
v -65.872 		-36.624 		5.1947
v -66.0574 		-36.4129 		5.2084
v -66.059 		-36.411 		5.2097
v -69.0752 		-37.7099 		5.998
v -50.762 		-31.34 		3.028
v -58.873 		-26.111 		17.807
v -51.753 		-31.567 		4.027
v -69.2909 		-37.3951 		5.998
v -69.2868 		-37.4023 		5.998
v -69.2648 		-37.4373 		5.998
v -69.1869 		-37.5456 		5.998
v -51.862 		-30.738 		4.056
v -69.2536 		-37.4529 		5.998
v -69.2171 		-37.5012 		5.998
v -69.2499 		-37.4564 		5.998
v -55.234 		-41.115 		10.9
v -69.3461 		-37.2949 		5.998
v -69.3334 		-37.3212 		5.998
v -69.3144 		-37.3543 		5.998
v -58.272 		-26.26 		17.513
v -69.3753 		-37.2402 		5.998
v -50.727 		-32.773 		2.986
v -55.017 		-41.078 		10.9
v -50.786 		-33.487 		2.965
v -51.763 		-33.231 		3.968
v -59.448 		-25.857 		17.219
v -59.745 		-25.728 		16.93
v -60.8095 		-22.283 		15.841
v -60.8026 		-22.2832 		15.841
v -60.132 		-21.836 		15.274
v -58.518 		-26.026 		16.93
v -68.3672 		-38.6774 		5.9734
v -68.4028 		-38.6723 		5.998
v -59.125 		-25.848 		16.93
v -59.2184 		-25.7255 		16.6195
v -58.9707 		-25.7747 		16.586
v -51.844 		-33.848 		3.946
v -58.841 		-26.004 		17.219
v -68.3596 		-38.72 		5.998
v -69.218 		-38.835 		6.809
v -68.895 		-39.237 		6.809
v -58.9706 		-25.7747 		16.586
v -60.371 		-21.929 		15.388
v -67.43 		-26.353 		19.608
v -68.561 		-39.278 		6.561
v -60.734 		-21.97 		15.438
v -50.858 		-31.17 		1.118
v -50.814 		-32.271 		1.1
v -61.03 		-21.929 		15.388
v -51.366 		-32.964 		1.603
v -51.728 		-32.728 		1.985
v -50.889 		-33.368 		1.08
v -61.346 		-21.789 		15.218
v -61.59 		-21.6 		14.991
v -51.77 		-31.275 		2.037
v -59.3903 		-25.6913 		16.6507
v -51.923 		-38.024 		6.526
v -60.067 		-25.768 		17.219
v -68.3542 		-38.7259 		5.998
v -51.865 		-33.867 		1.944
v -68.304 		-38.7783 		5.998
v -69.917 		-36.189 		2.124
v -68.638 		-38.382 		2.212
v -69.272 		-37.447 		2.173
v -62.611 		-21.734 		14.991
v -54.854 		-35.677 		6.144
v -62.797 		-21.98 		15.218
v -70.368 		-34.859 		2.079
v -63.066 		-22.197 		15.388
v -59.3937 		-25.6907 		16.6513
v -50.9515 		-34.6439 		15.841
v -51.0561 		-34.8007 		15.841
v -60.0396 		-25.5916 		16.616
v -59.6105 		-25.6476 		16.6136
v -59.4414 		-25.6812 		16.6497
v -59.9768 		-25.5957 		16.625
v -59.7953 		-25.6109 		16.5864
v -51.0598 		-34.8191 		15.841
v -59.9649 		-25.5965 		16.6267
v -50.598 		-34.666 		15.388
v -51.745 		-29.591 		21.286
v -59.82 		-25.606 		16.5834
v -59.4155 		-25.6863 		16.6553
v -51.2852 		-35.7137 		15.841
v -54.9213 		-35.7778 		5.3001
v -54.969 		-35.8493 		5.3124
v -51.0704 		-34.8602 		15.841
v -50.732 		-35.005 		15.438
v -66.7832 		-35.202 		5.2425
v -66.795 		-35.178 		5.2474
v -66.751 		-35.238 		5.197
v -51.399 		-36.0402 		15.841
v -66.7962 		-35.1756 		5.2476
v -66.8916 		-34.9822 		5.2649
v -51.702 		-36.4648 		15.841
v -51.374 		-35.6315 		15.841
v -51.3201 		-35.4945 		15.841
v -50.769 		-35.302 		15.388
v -54.891 		-35.662 		5.197
v -54.668 		-35.238 		5.197
v -69.304 		-34.925 		3.095
v -50.715 		-35.644 		15.218
v -61.868 		-22.379 		15.861
v -50.782 		-36.408 		14.991
v -61.874 		-22.3596 		15.841
v -58.954 		-25.778 		16.5844
v -50.595 		-35.928 		14.991
v -58.8548 		-25.8116 		16.6193
v -66.7627 		-35.2436 		5.2341
v -61.8695 		-22.359 		15.841
v -66.5766 		-35.621 		5.2655
v -60.809 		-22.303 		15.861
v -66.5702 		-35.634 		5.2646
v -66.528 		-35.662 		5.197
v -58.636 		-25.8859 		16.6518
v -58.5263 		-25.9231 		16.6401
v -61.8627 		-22.3586 		15.841
v -58.7537 		-25.846 		16.6442
v -58.791 		-25.8333 		16.6418
v -67.659 		-26.591 		17.6016
v -66.4765 		-35.7856 		5.2731
v -69.021 		-35.716 		3.124
v -58.487 		-25.9365 		16.6359
v -58.1504 		-26.0507 		16.5602
v -54.716 		-35.397 		5.2775
v -54.8364 		-35.6414 		5.2956
v -54.854 		-35.677 		5.2983
v -54.8571 		-35.6816 		5.2968
v -54.8763 		-35.7104 		5.2885
v -58.117 		-26.062 		16.5499
v -67.659 		-26.591 		17.6361
v -55.344 		-36.411 		5.2567
v -61.6548 		-22.3917 		15.841
v -55.3559 		-36.4245 		5.2472
v -61.6831 		-22.3904 		15.841
v -55.531 		-36.624 		5.2347
v -67.6615 		-26.5942 		17.602
v -67.6711 		-26.6066 		17.6026
v -67.93 		-26.939 		17.5902
v -67.6613 		-26.594 		17.6359
v -67.93 		-26.939 		17.6822
v -68.185 		-27.3 		17.597
v -68.1154 		-27.2015 		17.7005
v -61.7307 		-22.3917 		15.841
v -68.185 		-27.3 		17.7074
v -55.457 		-36.236 		4.619
v -61.7599 		-22.3934 		15.841
v -69.6 		-35.518 		0.655
v -69.305 		-36.26 		0.667
v -68.813 		-36.198 		1.143
v -69.243 		-35.137 		1.102
v -61.7808 		-22.3946 		15.841
v -68.548 		-37.654 		0.692
v -66.5293 		-35.7065 		5.2595
v -61.8069 		-22.3967 		15.841
v -66.5377 		-35.6939 		5.2574
v -66.549 		-35.677 		5.2623
v -66.5501 		-35.6748 		5.262
v -61.8732 		-22.4054 		15.841
v -61.9063 		-22.4112 		15.841
v -54.95 		-35.448 		4.619
v -61.9654 		-22.4226 		15.841
v -62.0297 		-22.4377 		15.841
v -54.544 		-34.771 		4.908
v -66.68 		-35.03 		4.619
v -64.1768 		-26.5181 		16.4913
v -64.078 		-26.452 		16.4513
v -66.544 		-35.311 		4.619
v -64.208 		-26.539 		16.5039
v -66.875 		-34.771 		4.908
v -62.915 		-22.553 		15.861
v -51.275 		-36.996 		15.218
v -62.922 		-22.5342 		15.841
v -63.558 		-26.4 		17.219
v -55.162 		-23.97 		16.149
v -54.781 		-24.236 		16.133
v -68.355 		-37.019 		1.176
v -62.9153 		-22.5327 		15.841
v -54.5752 		-35.1116 		5.3031
v -54.6229 		-35.2083 		5.2729
v -54.6434 		-35.2499 		5.2666
v -54.5377 		-35.0354 		5.3099
v -54.059 		-24.819 		16.101
v -50.99 		-36.88 		14.991
v -64.179 		-26.874 		17.807
v -51.555 		-37.2 		15.388
v -54.4892 		-34.937 		5.3187
v -60.055 		-42.81 		15.218
v -63.935 		-22.851 		15.861
v -53.083 		-25.813 		16.054
v -54.3968 		-34.689 		5.2478
v -54.463 		-34.884 		5.3235
v -65.567 		-28.077 		17.807
v -59.811 		-43 		14.991
v -63.9472 		-22.8343 		15.841
v -53.703 		-38.557 		5.37
v -58.79 		-42.865 		14.991
v -63.9429 		-22.8326 		15.841
v -52.634 		-38.161 		4.803
v -63.9364 		-22.8305 		15.841
v -60.027 		-42.824 		6.599
v -63.6681 		-22.7881 		15.841
v -56.068 		-23.444 		16.184
v -66.94 		-34.884 		5.2737
v -63.438 		-22.341 		15.441
v -67.0025 		-34.7 		5.2023
v -59.811 		-43 		6.809
v -51.849 		-33.93 		20.78
v -58.79 		-42.865 		6.809
v -63.7021 		-22.798 		15.841
v -52.7307 		-38.1719 		5.9
v -52.797 		-38.28 		5.9
v -52.7524 		-38.2 		5.9
v -53.0075 		-38.5291 		5.9
v -63.7261 		-22.8055 		15.841
v -52.7098 		-38.2044 		5.9362
v -52.6795 		-38.2075 		5.9619
v -52.6745 		-38.219 		5.9729
v -63.8843 		-22.8733 		15.841
v -52.6705 		-38.243 		5.9906
v -52.6712 		-38.256 		5.998
v -64.679 		-27.23 		17.807
v -52.74 		-38.3448 		5.998
v -62.102 		-42.943 		14.991
v -52.882 		-37.537 		5.394
v -62.611 		-42.865 		14.991
v -63.703 		-22.368 		15.388
v -61.59 		-43 		14.991
v -61.346 		-42.81 		15.218
v -52.474 		-38.0016 		5.998
v -63.958 		-22.339 		15.274
v -65.7049 		-36.8143 		5.1711
v -65.7961 		-36.7104 		5.185
v -64.208 		-23.0121 		15.841
v -65.3935 		-37.1473 		5.2127
v -65.4506 		-37.0972 		5.2282
v -65.6922 		-36.8287 		5.1692
v -64.989 		-27.342 		17.219
v -62.611 		-42.865 		6.809
v -65.476 		-37.075 		5.2313
v -60.2452 		-23.3121 		17.3071
v -60.2404 		-23.3125 		17.3068
v -52.3376 		-37.8063 		5.998
v -65.5844 		-36.9515 		5.1766
v -65.6889 		-36.8325 		5.1687
v -62.102 		-42.943 		6.809
v -52.529 		-36.985 		5.406
v -60.2599 		-23.311 		17.3066
v -64.796 		-27.082 		16.93
v -60.26 		-23.311 		17.3066
v -61.59 		-43 		6.809
v -64.498 		-26.955 		17.219
v -52.0436 		-37.3274 		5.998
v -64.4403 		-37.9057 		5.1925
v -64.6154 		-37.7885 		5.1705
v -64.7543 		-37.6956 		5.1985
v -64.812 		-37.657 		5.2204
v -60.2367 		-23.3127 		17.3364
v -60.26 		-23.311 		17.3388
v -64.8757 		-37.6011 		5.213
v -65.2434 		-37.2789 		5.1703
v -65.3576 		-37.1787 		5.203
v -51.9856 		-37.2257 		5.998
v -51.9481 		-36.8969 		5.9
v -51.92 		-36.8333 		5.9
v -51.92 		-36.9016 		5.9275
v -60.2904 		-23.3102 		17.3066
v -52.016 		-37.1875 		5.998
v -51.92 		-37.0311 		5.998
v -52.5608 		-38.0751 		5.998
v -65.2247 		-27.3053 		16.6164
v -65.1085 		-27.2033 		16.6253
v -51.728 		-32.999 		20.813
v -61.143 		-23.311 		17.3345
v -61.1181 		-23.3104 		17.3368
v -52.611 		-38.1652 		5.998
v -61.1083 		-23.3101 		17.3382
v -65.3416 		-27.408 		16.5863
v -65.2394 		-27.3182 		16.6153
v -52.6323 		-38.198 		5.998
v -60.59 		-21.971 		10.9
v -61.0926 		-23.3097 		17.3397
v -61.0946 		-23.3098 		17.3395
v -52.6602 		-38.2399 		5.998
v -61.0924 		-23.3097 		17.3397
v -65.0856 		-27.1832 		16.6187
v -61.027 		-21.932 		10.9
v -60.7691 		-23.3017 		17.3179
v -61.0857 		-23.3096 		17.3624
v -61.233 		-21.855 		10.9
v -61.0885 		-23.3096 		17.3628
v -64.281 		-26.715 		16.93
v -61.0708 		-23.3092 		17.3627
v -64.9671 		-27.0792 		16.5846
v -60.7423 		-23.301 		17.3622
v -64.7471 		-26.8996 		16.5897
v -64.605 		-26.8045 		16.6197
v -61.0487 		-23.3086 		17.3627
v -64.8672 		-26.9915 		16.5722
v -61.114 		-23.3103 		17.3663
v -61.143 		-23.311 		17.3711
v -64.812 		-26.943 		16.5661
v -64.7565 		-26.9058 		16.5878
v -61.0885 		-23.3096 		17.3628
v -50.601 		-34.668 		10.9
v -50.695 		-34.867 		10.9
v -64.5316 		-26.7555 		16.6104
v -64.444 		-26.6968 		16.5994
v -65.8689 		-36.6275 		5.1945
v -50.752 		-35.079 		10.9
v -61.0708 		-23.3092 		17.3627
v -51.887 		-30.496 		20.902
v -64.9614 		-37.5261 		5.2028
v -65.2408 		-37.2812 		5.1695
v -65.1171 		-37.3896 		5.1587
v -65.2357 		-37.2856 		5.1681
v -51.759 		-31.325 		20.873
v -66.2206 		-28.432 		16.5009
v -66.1206 		-28.2822 		16.4957
v -65.008 		-37.264 		4.619
v -55.5311 		-36.6241 		5.2347
v -65.292 		-37.11 		4.908
v -55.8129 		-36.945 		5.2146
v -55.8259 		-36.9598 		5.2156
v -55.927 		-37.075 		5.2667
v -64.3 		-37.89 		4.908
v -65.441 		-27.773 		17.219
v -55.9508 		-37.0958 		5.2638
v -65.273 		-27.496 		16.93
v -65.46 		-36.833 		4.619
v -56.016 		-37.153 		5.2461
v -65.6847 		-27.7637 		16.6136
v -65.5779 		-27.642 		16.6055
v -60.168 		-21.855 		10.9
v -51.721 		-31.62 		18.862
v -65.709 		-27.953 		16.93
v -66.059 		-28.19 		16.4925
v -65.877 		-27.9827 		16.5867
v -55.691 		-36.652 		4.908
v -65.7896 		-27.8832 		16.5989
v -65.6929 		-27.773 		16.6142
v -55.6141 		-36.7186 		5.2239
v -55.732 		-36.8529 		5.2085
v -62.735 		-21.916 		10.9
v -63.068 		-22.201 		10.9
v -65.729 		-36.652 		4.908
v -65.476 		-27.526 		16.5539
v -65.4583 		-27.5105 		16.5559
v -51.751 		-33.286 		18.803
v -51.886 		-34.112 		18.773
v -65.35 		-27.4154 		16.5839
v -51.7 		-37.369 		10.9
v -65.946 		-28.559 		17.807
v -61.584 		-23.344 		17.3146
v -51.558 		-37.201 		10.9
v -61.584 		-23.344 		17.4219
v -51.197 		-36.952 		10.9
v -55.959 		-36.833 		4.619
v -55.7141 		-36.8325 		5.2071
v -61.8421 		-23.3758 		17.3151
v -62.022 		-23.398 		17.3155
v -62.022 		-23.398 		17.4523
v -66.256 		-28.4851 		16.5027
v -51.8 		-35.518 		21.183
v -56.591 		-37.657 		6.144
v -66.307 		-28.971 		17.366
v -62.16 		-23.4218 		17.3225
v -66.856 		-29.834 		16.93
v -62.16 		-23.4218 		17.4555
v -62.457 		-23.473 		17.3374
v -62.4434 		-23.4706 		17.3367
v -66.893 		-30.156 		17.219
v -67.063 		-30.431 		16.93
v -67.1718 		-30.3991 		16.5767
v -67.1253 		-30.2622 		16.6057
v -62.457 		-23.473 		17.4623
v -67.1992 		-30.48 		16.56
v -67.1009 		-30.1901 		16.6103
v -62.888 		-23.57 		17.3812
v -63.268 		-22.294 		10.9
v -53.417 		-26.523 		21.347
v -63.48 		-22.351 		10.9
v -62.888 		-23.57 		17.4508
v -52.578 		-27.72 		21.32
v -64.131 		-22.29 		10.9
v -64.517 		-37.65 		4.619
v -63.1463 		-23.6415 		17.4206
v -63.1499 		-23.6425 		17.4207
v -63.314 		-23.688 		17.4116
v -63.1453 		-23.6413 		17.4313
v -63.164 		-23.6464 		17.4332
v -63.314 		-23.688 		17.4523
v -64.815 		-37.524 		4.908
v -63.699 		-22.37 		10.9
v -52.848 		-27.289 		21.329
v -63.918 		-22.349 		10.9
v -63.734 		-23.826 		17.4085
v -63.734 		-23.826 		17.4864
v -66.732 		-29.368 		16.641
v -66.509 		-28.943 		16.641
v -66.6694 		-29.168 		16.5453
v -66.5698 		-28.9661 		16.5312
v -64.146 		-23.985 		17.4273
v -66.549 		-28.924 		16.5281
v -64.146 		-23.985 		17.499
v -56.0541 		-37.1864 		5.2358
v -52.915 		-27.78 		21.006
v -56.1637 		-37.2825 		5.2044
v -51.7646 		-36.624 		15.841
v -56.1689 		-37.287 		5.2029
v -56.2642 		-37.3706 		5.1962
v -68.2991 		-38.6445 		5.9
v -61.609 		-25.915 		17.807
v -51.8059 		-36.738 		15.841
v -51.7866 		-36.6798 		15.841
v -66.547 		-28.9211 		16.529
v -67.325 		-38.588 		5.105
v -66.4213 		-28.7327 		16.5113
v -66.4766 		-28.8155 		16.5257
v -64.329 		-22.194 		14.991
v -51.8349 		-36.8142 		15.841
v -51.8234 		-36.7839 		15.841
v -66.5255 		-28.8887 		16.5384
v -53.371 		-27.081 		21.035
v -51.8658 		-36.8914 		15.841
v -51.8536 		-36.8603 		15.841
v -57.8917 		-38.4278 		5.2638
v -58.0514 		-38.5066 		5.3062
v -57.887 		-38.4254 		5.2611
v -58.064 		-38.5128 		5.3076
v -56.4419 		-37.5263 		5.2353
v -64.8796 		-23.3 		15.841
v -56.5368 		-37.6094 		5.2458
v -60.435 		-42.653 		6.39
v -51.8716 		-36.9045 		15.841
v -56.591 		-37.657 		5.2521
v -66.6716 		-29.1723 		16.5456
v -67.0089 		-29.9191 		16.577
v -56.6523 		-37.698 		5.2288
v -66.94 		-29.716 		16.4974
v -56.7984 		-37.7957 		5.1994
v -56.965 		-37.9072 		5.2204
v -66.8422 		-29.5179 		16.5149
v -57.325 		-38.148 		5.3003
v -57.3716 		-38.171 		5.2871
v -60.69 		-25.794 		17.513
v -57.6906 		-38.3285 		5.2104
v -51.8925 		-36.9489 		15.841
v -51.8834 		-36.9311 		15.841
v -65.281 		-22.589 		14.991
v -65.44 		-22.953 		15.274
v -66.7856 		-29.4033 		16.5507
v -66.7612 		-29.3538 		16.5583
v -60.734 		-42.629 		6.361
v -67.0685 		-30.0948 		16.6164
v -51.879 		-38.42 		14.991
v -65.601 		-23.154 		15.388
v -51.884 		-37.77 		15.388
v -67.143 		-32.303 		17.807
v -61.094 		-42.688 		6.433
v -51.9194 		-36.9975 		15.841
v -51.772 		-37.493 		15.438
v -51.8965 		-36.9567 		15.841
v -61.269 		-42.764 		6.526
v -55.044 		-27.52 		20.517
v -54.491 		-28.252 		20.517
v -67.026 		-31.081 		17.807
v -55.675 		-26.853 		20.517
v -65.353 		-22.796 		10.9
v -65.602 		-23.158 		10.9
v -65.77 		-23.3 		10.9
v -61.933 		-25.857 		17.219
v -61.636 		-25.728 		16.93
v -57.919 		-38.415 		5.197
v -52.052 		-28.768 		21.3
v -57.7647 		-38.3651 		5.1926
v -67.114 		-31.689 		17.807
v -52.089 		-29.685 		20.932
v -56.2953 		-37.3978 		5.194
v -60.371 		-25.591 		16.641
v -51.811 		-37.559 		10.9
v -57.842 		-38.206 		4.619
v -61.314 		-25.768 		17.219
v -56.127 		-37.11 		4.908
v -57.119 		-37.89 		4.908
v -66.882 		-30.485 		17.807
v -56.902 		-37.65 		4.619
v -56.604 		-37.524 		4.908
v -61.01 		-25.591 		16.641
v -52.491 		-28.613 		20.972
v -56.411 		-37.264 		4.619
v -62.774 		-42.64 		6.599
v -62.957 		-42.474 		6.462
v -53.686 		-29.898 		20.517
v -53.908 		-29.327 		20.517
v -65.237 		-23.404 		15.861
v -63.57 		-42.238 		6.377
v -65.2502 		-23.3884 		15.841
v -54.177 		-28.777 		20.517
v -65.242 		-23.3842 		15.841
v -67.301 		-31.671 		16.93
v -67.249 		-32.381 		17.219
v -62.712 		-25.978 		16.93
v -65.3275 		-23.492 		15.841
v -67.439 		-32.528 		16.5961
v -65.3959 		-23.52 		15.841
v -67.4397 		-32.5177 		16.5963
v -63.187 		-26.065 		16.641
v -51.979 		-27.405 		20.004
v -67.454 		-32.3 		16.5786
v -67.4519 		-32.2682 		16.5893
v -52.524 		-26.547 		20.033
v -65.4577 		-23.5456 		15.841
v -67.187 		-31.369 		17.219
v -51.697 		-36.612 		4.862
v -51.338 		-35.774 		4.889
v -67.4119 		-31.6605 		16.5844
v -67.4028 		-31.5225 		16.5832
v -65.4672 		-23.5499 		15.841
v -53.714 		-26.624 		19.055
v -67.4515 		-32.2619 		16.5914
v -67.423 		-31.8288 		16.5951
v -65.4851 		-23.5592 		15.841
v -52.888 		-27.835 		19.003
v -50.993 		-34.611 		4.926
v -65.5133 		-23.5747 		15.841
v -65.807 		-23.322 		15.441
v -62.801 		-26.204 		17.807
v -58.291 		-38.345 		4.325
v -67.3965 		-31.4266 		16.5667
v -65.5508 		-23.5971 		15.841
v -66.171 		-23.483 		15.388
v -67.212 		-31.046 		16.93
v -65.5604 		-23.604 		15.841
v -66.256 		-24.0463 		15.841
v -58.117 		-38.539 		5.3135
v -58.4719 		-38.6594 		5.1556
v -52.599 		-28.396 		18.981
v -64.019 		-42.273 		6.561
v -58.86 		-38.601 		4.619
v -67.396 		-31.419 		16.5654
v -67.3805 		-31.3407 		16.5854
v -67.3439 		-31.1567 		16.5823
v -67.3444 		-31.159 		16.5823
v -67.3179 		-31.0256 		16.5951
v -55.678 		-28.382 		19.474
v -55.754 		-41.398 		6.39
v -66.449 		-24.135 		15.861
v -67.2895 		-30.8826 		16.6089
v -67.2803 		-30.8366 		16.6061
v -67.2192 		-30.5389 		16.5478
v -66.4631 		-24.1205 		15.841
v -55.941 		-41.621 		6.511
v -67.069 		-30.755 		17.219
v -66.4593 		-24.1178 		15.841
v -66.4555 		-24.1154 		15.841
v -55.499 		-28.603 		18.7
v -66.5488 		-24.2325 		15.841
v -66.5694 		-24.2466 		15.841
v -54.63 		-30.363 		19.474
v -67.2552 		-30.7099 		16.5986
v -66.515 		-23.52 		15.218
v -61.4223 		-39.0056 		5.2514
v -61.583 		-38.995 		5.2492
v -67.224 		-30.553 		16.5463
v -66.6785 		-24.336 		15.841
v -53.763 		-40.494 		6.809
v -61.6065 		-38.9903 		5.2395
v -61.7848 		-38.9549 		5.2133
v -62.0579 		-38.9007 		5.1731
v -62.1418 		-38.884 		5.1781
v -62.16 		-38.8804 		5.1823
v -53.633 		-39.923 		6.433
v -52.782 		-39.266 		6.599
v -67.114 		-32.916 		17.807
v -61.9837 		-38.9154 		5.1687
v -66.82 		-23.478 		14.991
v -52.506 		-39.237 		6.809
v -67.638 		-24.105 		14.991
v -55.351 		-28.841 		19.474
v -66.882 		-34.121 		17.807
v -61.0977 		-39.0269 		5.1803
v -61.2771 		-39.0151 		5.1929
v -61.3658 		-39.0093 		5.2522
v -60.3431 		-39.0294 		5.2498
v -51.702 		-36.3391 		5.9
v -51.3651 		-35.5756 		5.9
v -51.3466 		-35.538 		5.9
v -51.417 		-35.755 		5.9
v -53.346 		-39.561 		6.368
v -61.348 		-38.992 		5.197
v -51.2812 		-35.632 		5.998
v -60.39 		-39.015 		5.197
v -55.066 		-29.326 		19.474
v -60.8325 		-39.0444 		5.226
v -61.0303 		-39.0314 		5.1755
v -60.3891 		-39.0324 		5.247
v -67.544 		-25.031 		15.861
v -60.5473 		-39.0428 		5.2325
v -67.5621 		-25.0209 		15.841
v -67.5589 		-25.0176 		15.841
v -60.702 		-39.053 		5.2534
v -67.552 		-25.0116 		15.841
v -60.6068 		-39.0467 		5.2334
v -51.8277 		-36.624 		5.9
v -60.586 		-39.0454 		5.229
v -67.1107 		-24.6899 		15.841
v -67.266 		-24.8171 		15.841
v -67.026 		-33.524 		17.807
v -67.3191 		-24.8577 		15.841
v -51.791 		-36.641 		5.9
v -61.022 		-38.86 		4.619
v -61.655 		-38.877 		4.908
v -51.848 		-36.9138 		5.998
v -53.703 		-40.101 		6.526
v -61.952 		-38.749 		4.619
v -51.7 		-35.188 		5.439
v -67.3298 		-24.8668 		15.841
v -67.676 		-24.411 		15.218
v -51.2448 		-35.558 		5.998
v -67.3551 		-24.8897 		15.841
v -67.801 		-24.734 		15.388
v -67.3568 		-24.8914 		15.841
v -51.2775 		-35.6208 		5.998
v -67.187 		-33.237 		17.219
v -67.3796 		-33.2646 		16.5882
v -67.396 		-33.182 		16.5671
v -67.4025 		-33.0832 		16.5842
v -67.4143 		-32.9032 		16.5883
v -51.112 		-34.7981 		5.9
v -51.12 		-34.839 		5.9
v -51.1162 		-34.8103 		5.9
v -51.261 		-35.2738 		5.9
v -51.1778 		-34.9869 		5.9
v -54.581 		-41.122 		6.809
v -51.0858 		-34.818 		5.9314
v -51.088 		-34.8185 		5.9296
v -51.0839 		-34.8197 		5.9338
v -51.1031 		-34.8141 		5.9137
v -68.0701 		-25.5723 		15.841
v -52.14 		-29.571 		18.936
v -67.3817 		-24.9151 		15.841
v -51.079 		-34.8239 		5.9398
v -51.047 		-34.9079 		5.998
v -66.893 		-34.45 		17.219
v -67.956 		-24.95 		15.441
v -51.1398 		-35.1959 		5.998
v -51.528 		-34.626 		5.448
v -54.855 		-41.078 		6.599
v -67.0446 		-34.576 		16.6068
v -67.067 		-34.5101 		16.6217
v -50.9935 		-34.7542 		5.998
v -67.1234 		-34.3441 		16.6108
v -60.397 		-38.86 		4.619
v -55.357 		-41.157 		6.377
v -67.983 		-25.4999 		15.841
v -67.063 		-34.174 		16.93
v -67.1705 		-34.2055 		16.5809
v -67.2174 		-34.0674 		16.5521
v -51.0135 		-34.7737 		5.998
v -67.224 		-34.048 		16.5501
v -51.0138 		-34.7712 		5.998
v -67.2398 		-33.9682 		16.5767
v -51.0154 		-34.7831 		5.998
v -68.0191 		-25.537 		15.841
v -51.0115 		-34.7534 		5.998
v -68.266 		-25.199 		15.388
v -51.0192 		-34.8019 		5.998
v -68.0355 		-25.5548 		15.841
v -60.71 		-38.945 		4.908
v -67.212 		-33.56 		16.93
v -67.3428 		-33.4498 		16.5852
v -67.069 		-33.85 		17.219
v -67.2884 		-33.7235 		16.6117
v -67.3169 		-33.5802 		16.5982
v -68.2356 		-25.797 		15.841
v -67.2544 		-33.8949 		16.6011
v -52.472 		-26.616 		18.032
v -50.595 		-35.928 		6.809
v -50.579 		-34.64 		6.426
v -62.7138 		-38.7331 		5.253
v -62.7869 		-38.7084 		5.243
v -62.755 		-38.701 		5.197
v -54.414 		-40.062 		4.714
v -62.2983 		-38.8529 		5.2137
v -62.449 		-38.823 		5.2679
v -55.319 		-28.85 		18.401
v -62.7079 		-38.7352 		5.2534
v -62.275 		-38.757 		4.908
v -54.985 		-29.361 		18.104
v -50.768 		-35.368 		6.433
v -50.74 		-35.557 		6.526
v -61.803 		-42.236 		4.462
v -60.55 		-42.297 		4.503
v -66.167 		-23.484 		10.9
v -63.262 		-41.968 		4.418
v -50.769 		-35.236 		6.39
v -63.822 		-40.964 		5.183
v -66.384 		-23.521 		10.9
v -67.654 		-24.324 		10.9
v -67.926 		-24.918 		10.9
v -50.9994 		-34.6611 		5.998
v -54.656 		-30.214 		18.401
v -67.801 		-24.738 		10.9
v -54.731 		-29.917 		18.104
v -64.1827 		-41.6989 		5.998
v -50.99 		-36.88 		6.809
v -51.249 		-36.979 		6.599
v -57.839 		-26.613 		19.474
v -64.0389 		-41.7516 		5.998
v -56.882 		-27.204 		19.474
v -63.213 		-41.173 		5.194
v -60.5905 		-22.282 		5.998
v -60.5977 		-22.2822 		5.998
v -60.834 		-21.968 		6.364
v -61.374 		-21.775 		6.599
v -61.59 		-21.6 		6.809
v -51.529 		-37.18 		6.426
v -63.5384 		-41.9138 		5.998
v -62.6943 		-41.9998 		5.9
v -62.77 		-41.987 		5.9
v -62.8222 		-41.9715 		5.9
v -62.7004 		-41.9982 		5.9
v -56.044 		-27.955 		19.474
v -62.7614 		-42.0347 		5.9494
v -62.7449 		-42.0229 		5.9342
v -62.7703 		-42.038 		5.9546
v -62.7814 		-42.0374 		5.9564
v -61.154 		-21.888 		6.462
v -62.7076 		-42.0082 		5.9115
v -62.7892 		-42.0369 		5.9576
v -62.8284 		-42.0053 		5.9348
v -62.272 		-41.394 		5.209
v -60.634 		-21.972 		6.359
v -62.4732 		-42.1602 		5.998
v -62.7612 		-42.0838 		5.998
v -63.071 		-41.293 		16.559
v -62.3262 		-42.1852 		5.998
v -51.879 		-38.42 		6.809
v -64.205 		-40.93 		16.538
v -51.901 		-37.834 		6.433
v -51.867 		-37.706 		6.39
v -57.764 		-26.626 		18.401
v -61.315 		-41.528 		5.224
v -57.238 		-26.93 		18.401
v -64.0884 		-38.141 		16.5349
v -64.208 		-38.061 		16.5614
v -63.558 		-38.206 		17.219
v -63.109 		-38.345 		17.513
v -61.5372 		-42.2831 		5.998
v -64.026 		-38.1737 		16.5473
v -64.078 		-38.148 		16.5326
v -61.3914 		-42.2986 		5.998
v -62.655 		-38.448 		17.807
v -56.509 		-27.476 		18.401
v -56.261 		-27.656 		18.104
v -56.722 		-27.256 		18.104
v -61.1715 		-42.3043 		5.998
v -51.761 		-36.369 		1.03
v -60.456 		-41.559 		5.239
v -51.202 		-34.877 		1.054
v -60.464 		-42.3175 		5.998
v -51.571 		-36.333 		2.868
v -60.1334 		-42.271 		5.998
v -51.117 		-35.054 		2.914
v -60.5885 		-42.2636 		5.998
v -61.5907 		-42.2495 		5.998
v -61.5446 		-42.2482 		5.998
v -61.6881 		-42.2465 		5.998
v -63.481 		-38.415 		16.641
v -63.3411 		-38.5118 		16.5256
v -63.4272 		-38.4693 		16.5485
v -61.7012 		-42.2457 		5.998
v -63.5098 		-38.4285 		16.5704
v -61.7354 		-42.2436 		5.998
v -62.894 		-38.672 		16.6877
v -62.9274 		-38.6607 		16.6791
v -61.797 		-42.239 		5.998
v -63.286 		-38.539 		16.5195
v -61.8522 		-42.2328 		5.998
v -63.6359 		-38.3663 		16.6411
v -62.54 		-38.601 		17.219
v -62.3757 		-42.1445 		5.998
v -62.7529 		-42.0817 		5.998
v -62.698 		-42.0901 		5.998
v -62.7706 		-42.0786 		5.998
v -62.7898 		-42.0746 		5.998
v -52.385 		-26.735 		15.861
v -62.8026 		-42.0719 		5.998
v -62.8626 		-42.0567 		5.998
v -52.3692 		-26.7227 		15.841
v -63.9872 		-38.1928 		16.5566
v -62.9344 		-42.0386 		5.998
v -63.7094 		-38.33 		16.6234
v -64.1556 		-41.6763 		5.998
v -64.179 		-37.732 		17.807
v -64.208 		-41.6593 		5.998
v -53.511 		-34.121 		20.517
v -52.1779 		-27.1496 		15.841
v -52.1968 		-27.1156 		15.841
v -53.297 		-31.997 		20.517
v -53.448 		-30.784 		20.517
v -51.9208 		-27.6521 		15.841
v -52.0476 		-27.4042 		15.841
v -52.2158 		-27.0838 		15.841
v -53.31 		-32.914 		20.517
v -52.2298 		-27.0623 		15.841
v -60.378 		-38.86 		17.219
v -60.1233 		-39.0149 		16.6459
v -51.921 		-26.485 		15.218
v -65.281 		-42.011 		6.809
v -52.2343 		-27.0562 		15.841
v -60.3024 		-39.0267 		16.6585
v -65.38 		-41.751 		6.599
v -54.383 		-31.46 		19.474
v -54.482 		-30.906 		19.474
v -65.514 		-41.543 		6.462
v -61.01 		-39.015 		16.641
v -61.0575 		-39.0296 		16.5874
v -61.3062 		-39.0132 		16.623
v -51.922 		-26.616 		10.9
v -61.003 		-38.86 		17.219
v -64.329 		-42.405 		6.809
v -54.854 		-28.924 		8.192
v -61.0109 		-39.0327 		16.5903
v -60.69 		-38.945 		16.93
v -60.853 		-39.0431 		16.6047
v -60.3697 		-39.0312 		16.6632
v -67.666 		-40.218 		6.599
v -51.923 		-26.454 		6.599
v -60.5678 		-39.0442 		16.6128
v -67.638 		-40.494 		6.809
v -67.742 		-39.982 		6.462
v -60.702 		-39.053 		16.5846
v -60.8143 		-39.0456 		16.6082
v -61.636 		-38.877 		16.93
v -68.154 		-39.472 		6.377
v -52.288 		-26.913 		5.182
v -51.926 		-27.526 		5.16
v -52.816 		-27.989 		4.16
v -62.085 		-38.715 		17.219
v -62.0423 		-38.9038 		16.6512
v -62.16 		-38.8804 		16.6287
v -52.549 		-26.524 		5.197
v -61.397 		-39.0072 		16.636
v -61.5857 		-38.9945 		16.5865
v -61.7705 		-38.9578 		16.6136
v -61.4041 		-39.0068 		16.637
v -61.5374 		-38.998 		16.6003
v -61.583 		-38.995 		16.5862
v -65.922 		-41.21 		6.359
v -66.107 		-41.133 		6.39
v -61.314 		-38.838 		17.219
v -52.4675 		-26.7892 		5.9
v -52.427 		-26.844 		5.9
v -52.1413 		-27.3444 		5.9
v -67.236 		-40.817 		6.809
v -66.82 		-41.122 		6.809
v -66.487 		-41.075 		6.561
v -64.391 		-41.596 		4.384
v -67.919 		-39.221 		4.24
v -66.546 		-40.415 		4.302
v -53.749 		-26.608 		4.219
v -65.441 		-41.103 		4.347
v -68.0776 		-39.0861 		5.998
v -61.4141 		-39.0061 		16.6384
v -62.743 		-38.7232 		16.7266
v -62.6705 		-38.7478 		16.6362
v -67.9674 		-39.2088 		5.998
v -62.449 		-38.823 		16.5734
v -62.4814 		-38.812 		16.5818
v -66.72 		-39.19 		5.121
v -67.2331 		-39.9048 		5.998
v -67.7257 		-39.4326 		5.998
v -66.552 		-40.299 		5.9
v -66.6377 		-40.1938 		5.9
v -66.1368 		-40.5372 		5.9
v -66.8574 		-40.0432 		5.9
v -66.9039 		-40.0113 		5.9
v -66.8807 		-40.1464 		5.998
v -66.8935 		-40.0722 		5.9442
v -62.449 		-38.823 		16.384
v -66.02 		-40.7219 		5.986
v -66.0306 		-40.7292 		5.998
v -65.9438 		-40.6695 		5.9
v -66.0173 		-40.72 		5.9829
v -64.988 		-40.426 		5.161
v -65.6841 		-40.9772 		5.998
v -65.8081 		-40.8818 		5.998
v -65.5546 		-41.0649 		5.998
v -67.697 		-38.557 		16.468
v -68.185 		-37.3 		17.9945
v -68.2231 		-37.2398 		17.9971
v -68.2482 		-37.2002 		17.9946
v -65.4199 		-41.1444 		5.998
v -65.1372 		-41.2782 		5.998
v -67.76 		-39.362 		17.09
v -66.986 		-40.062 		17.124
v -64.2643 		-41.641 		5.998
v -64.3094 		-41.6252 		5.998
v -64.412 		-41.5827 		5.998
v -65.0343 		-41.3 		5.998
v -67.0802 		-39.9834 		5.998
v -67.4731 		-39.6452 		5.998
v -67.3746 		-39.7409 		5.998
v -67.3487 		-39.764 		5.998
v -67.3338 		-39.7767 		5.998
v -67.2904 		-39.8115 		5.998
v -66.0057 		-40.7443 		5.998
v -65.5731 		-41.0079 		5.998
v -65.1936 		-41.2277 		5.998
v -65.1312 		-41.256 		5.998
v -65.2106 		-41.2196 		5.998
v -65.2407 		-41.2045 		5.998
v -65.3408 		-41.1494 		5.998
v -65.0458 		-41.2948 		5.998
v -65.893 		-40.836 		17.165
v -66.57 		-39.589 		16.495
v -61.968 		-38.541 		2.364
v -61.924 		-38.607 		3.734
v -61.132 		-38.653 		2.839
v -61.412 		-38.628 		2.364
v -60.569 		-38.659 		2.364
v -65.196 		-40.476 		16.521
v -64.162 		-37.675 		3.437
v -62.231 		-38.574 		4.031
v -62.82 		-38.401 		4.031
v -63.636 		-37.979 		3.437
v -63.919 		-37.862 		3.734
v -64.198 		-37.732 		4.031
v -63.376 		-38.142 		3.734
v -62.79 		-38.329 		3.138
v -62.229 		-38.494 		3.138
v -63.047 		-38.222 		2.364
v -65.943 		-36.236 		17.219
v -66.0453 		-36.4266 		16.5837
v -66.059 		-36.411 		16.5728
v -66.1574 		-36.2636 		16.5582
v -66.0093 		-36.4676 		16.5863
v -65.8725 		-36.6235 		16.596
v -65.782 		-36.292 		4.031
v -65.544 		-36.441 		2.839
v -65.729 		-36.251 		3.437
v -65.966 		-36.046 		4.031
v -65.567 		-36.529 		17.807
v -66.049 		-35.765 		2.364
v -65.872 		-36.624 		16.5961
v -66.256 		-36.1159 		16.5435
v -65.586 		-36.529 		4.031
v -66.509 		-35.662 		16.641
v -66.732 		-35.238 		16.641
v -66.5673 		-35.64 		16.5357
v -66.6793 		-35.4127 		16.5526
v -66.426 		-35.8613 		16.5182
v -66.4768 		-35.7852 		16.5313
v -66.5246 		-35.7135 		16.5436
v -65.539 		-36.437 		2.364
v -66.5451 		-35.6829 		16.5348
v -66.549 		-35.677 		16.5329
v -66.45 		-35.448 		17.219
v -66.856 		-34.771 		16.93
v -66.269 		-35.513 		3.734
v -66.759 		-35.2511 		16.5646
v -66.7815 		-35.2054 		16.5576
v -66.8339 		-35.0992 		16.5244
v -66.8625 		-35.0412 		16.5193
v -66.385 		-35.229 		3.437
v -66.548 		-34.97 		3.734
v -66.94 		-34.884 		16.5052
v -67.0069 		-34.687 		16.5816
v -66.575 		-34.771 		2.364
v -64.679 		-37.375 		17.807
v -65.162 		-36.973 		4.031
v -65.355 		-36.733 		3.734
v -65.116 		-36.925 		3.437
v -64.657 		-37.323 		3.437
v -64.698 		-37.375 		4.031
v -65.159 		-36.852 		2.839
v -65.273 		-37.11 		16.93
v -64.4376 		-37.9075 		16.6124
v -64.281 		-37.89 		16.93
v -64.498 		-37.65 		17.219
v -64.6026 		-37.7971 		16.6332
v -64.75 		-37.6985 		16.6035
v -64.796 		-37.524 		16.93
v -64.812 		-37.657 		16.5799
v -64.8645 		-37.611 		16.586
v -64.285 		-37.56 		2.364
v -64.289 		-37.565 		2.839
v -64.953 		-37.045 		2.364
v -64.9611 		-37.5263 		16.5967
v -64.989 		-37.264 		17.219
v -65.0669 		-37.4335 		16.6266
v -65.4525 		-37.0956 		16.5675
v -65.476 		-37.075 		16.5647
v -65.5757 		-36.9614 		16.615
v -65.3473 		-37.1878 		16.5961
v -65.2377 		-37.2839 		16.6275
v -65.5903 		-36.9449 		16.6161
v -65.106 		-37.3993 		16.6376
v -65.2338 		-37.2872 		16.6286
v -67.763 		-37.885 		3.213
v -65.709 		-36.652 		16.93
v -68.248 		-37.204 		3.184
v -65.6713 		-36.8526 		16.6223
v -65.7876 		-36.7201 		16.6071
v -65.441 		-36.833 		17.219
v -65.6889 		-36.8325 		16.6236
# 4185 vertices

g group_0_11909273

usemtl color_11909273
s 0

f 2 	6 	1
f 11 	5 	10
f 11 	1172 	13
f 13 	14 	5
f 11 	13 	5
f 145 	6 	2
f 6 	49 	1
f 12 	14 	13
f 2425 	2427 	18
f 14 	30 	31
f 24 	14 	25
f 31 	25 	14
f 24 	1172 	35
f 27 	42 	29
f 42 	22 	46
f 3 	49 	37
f 34 	36 	38
f 38 	36 	39
f 3 	1 	49
f 4160 	4157 	41
f 44 	28 	45
f 44 	48 	28
f 27 	22 	42
f 37 	46 	22
f 365 	40 	50
f 46 	37 	49
f 51 	45 	28
f 26 	29 	52
f 27 	29 	26
f 32 	364 	50
f 28 	3832 	51
f 54 	52 	29
f 33 	3469 	58
f 102 	103 	56
f 55 	56 	103
f 365 	50 	364
f 611 	106 	56
f 44 	45 	53
f 45 	43 	340
f 103 	117 	55
f 62 	48 	44
f 68 	64 	67
f 68 	3319 	64
f 52 	54 	61
f 45 	51 	43
f 62 	44 	53
f 77 	61 	54
f 63 	840 	841
f 74 	2208 	73
f 156 	158 	2208
f 73 	2208 	71
f 69 	370 	63
f 53 	76 	62
f 636 	59 	75
f 72 	60 	77
f 53 	79 	76
f 364 	32 	363
f 60 	61 	77
f 78 	164 	165
f 53 	84 	79
f 363 	3894 	225
f 72 	89 	60
f 122 	2370 	142
f 91 	3176 	90
f 88 	83 	89
f 74 	73 	93
f 92 	93 	73
f 3916 	94 	95
f 83 	60 	89
f 83 	88 	98
f 67 	91 	90
f 96 	74 	489
f 93 	489 	74
f 3916 	3755 	101
f 33 	3685 	81
f 102 	56 	106
f 3751 	111 	104
f 112 	611 	177
f 611 	112 	106
f 116 	1237 	115
f 109 	1237 	108
f 110 	1237 	109
f 58 	1237 	110
f 3916 	101 	94
f 107 	1237 	116
f 108 	1237 	107
f 64 	55 	117
f 111 	3751 	118
f 73 	71 	92
f 117 	67 	64
f 2371 	122 	121
f 120 	3767 	126
f 620 	125 	127
f 127 	130 	620
f 158 	87 	160
f 130 	131 	620
f 643 	644 	114
f 135 	2371 	132
f 121 	132 	2371
f 235 	2371 	194
f 97 	59 	66
f 124 	183 	129
f 140 	123 	105
f 39 	82 	80
f 3744 	143 	141
f 142 	3176 	91
f 146 	147 	99
f 137 	138 	99
f 147 	137 	99
f 102 	106 	132
f 135 	132 	106
f 103 	102 	121
f 121 	122 	103
f 122 	142 	117
f 67 	117 	142
f 144 	99 	149
f 148 	149 	99
f 80 	151 	39
f 106 	112 	135
f 620 	99 	125
f 36 	82 	39
f 132 	121 	102
f 153 	170 	4001
f 152 	153 	4001
f 129 	145 	124
f 2 	124 	145
f 117 	103 	122
f 173 	178 	4001
f 211 	227 	4001
f 51 	3832 	150
f 80 	21 	151
f 67 	142 	91
f 99 	157 	148
f 80 	308 	21
f 71 	2208 	160
f 158 	160 	2208
f 157 	99 	162
f 161 	162 	99
f 168 	176 	99
f 184 	154 	183
f 171 	4001 	170
f 173 	4001 	171
f 176 	175 	99
f 85 	86 	94
f 94 	101 	85
f 95 	94 	86
f 3400 	95 	86
f 105 	113 	182
f 161 	99 	169
f 169 	99 	175
f 154 	129 	183
f 178 	179 	4001
f 211 	4001 	179
f 85 	101 	100
f 100 	104 	85
f 178 	165 	179
f 164 	179 	165
f 84 	85 	104
f 104 	111 	84
f 165 	178 	173
f 165 	173 	171
f 223 	224 	611
f 111 	118 	84
f 249 	226 	611
f 119 	193 	184
f 120 	84 	118
f 152 	165 	153
f 140 	105 	182
f 170 	153 	165
f 180 	181 	1304
f 190 	152 	4001
f 126 	84 	120
f 8 	5 	190
f 190 	5 	152
f 189 	3891 	182
f 163 	184 	193
f 163 	154 	184
f 128 	79 	126
f 133 	79 	128
f 133 	136 	79
f 84 	126 	79
f 182 	3891 	140
f 171 	170 	165
f 136 	141 	79
f 141 	143 	79
f 195 	119 	186
f 185 	186 	199
f 182 	313 	318
f 182 	198 	189
f 76 	79 	143
f 76 	143 	62
f 182 	200 	198
f 62 	143 	48
f 119 	199 	186
f 193 	119 	195
f 51 	150 	43
f 204 	205 	203
f 202 	203 	205
f 318 	200 	182
f 150 	159 	43
f 164 	78 	87
f 201 	1899 	206
f 211 	179 	164
f 166 	43 	159
f 17 	23 	166
f 43 	166 	23
f 177 	194 	135
f 112 	177 	135
f 205 	204 	215
f 220 	3893 	216
f 158 	156 	87
f 164 	87 	155
f 155 	87 	156
f 172 	192 	4098
f 217 	209 	7
f 192 	3847 	3831
f 206 	1899 	202
f 214 	207 	219
f 223 	611 	226
f 221 	3978 	19
f 228 	4001 	227
f 155 	4001 	228
f 98 	88 	207
f 219 	207 	88
f 228 	227 	164
f 177 	611 	218
f 218 	611 	224
f 155 	228 	164
f 227 	211 	164
f 209 	217 	3891
f 210 	209 	3891
f 92 	71 	160
f 210 	3891 	212
f 220 	216 	189
f 536 	231 	232
f 536 	235 	231
f 216 	213 	189
f 212 	3891 	213
f 3891 	189 	213
f 230 	453 	214
f 92 	160 	87
f 233 	236 	237
f 189 	198 	225
f 200 	225 	198
f 220 	189 	222
f 232 	239 	536
f 199 	240 	185
f 222 	189 	225
f 177 	218 	194
f 223 	226 	232
f 231 	235 	223
f 224 	223 	235
f 235 	194 	224
f 241 	237 	236
f 297 	113 	105
f 224 	194 	218
f 238 	185 	240
f 264 	266 	1172
f 257 	1172 	252
f 231 	223 	232
f 239 	232 	226
f 250 	238 	247
f 240 	247 	238
f 288 	278 	611
f 252 	1172 	251
f 290 	284 	1172
f 251 	301 	252
f 698 	695 	242
f 123 	262 	105
f 250 	247 	254
f 253 	306 	35
f 253 	1172 	257
f 260 	282 	532
f 247 	265 	254
f 255 	254 	265
f 303 	532 	295
f 294 	295 	532
f 248 	700 	242
f 249 	256 	226
f 251 	1172 	266
f 266 	301 	251
f 255 	265 	261
f 267 	261 	265
f 260 	256 	249
f 301 	266 	264
f 226 	256 	239
f 261 	267 	268
f 249 	611 	272
f 280 	281 	1540
f 274 	280 	1540
f 611 	613 	288
f 264 	1172 	275
f 291 	613 	292
f 272 	611 	278
f 271 	276 	277
f 279 	271 	277
f 271 	268 	276
f 267 	276 	268
f 292 	613 	299
f 281 	289 	1540
f 290 	1540 	289
f 294 	532 	282
f 245 	283 	262
f 275 	1172 	284
f 278 	282 	272
f 282 	260 	272
f 249 	272 	260
f 286 	279 	304
f 2812 	245 	2298
f 315 	314 	289
f 335 	310 	204
f 280 	315 	281
f 312 	336 	3121
f 234 	312 	3121
f 698 	242 	700
f 273 	334 	274
f 292 	294 	291
f 288 	291 	294
f 294 	282 	288
f 278 	288 	282
f 233 	237 	206
f 201 	206 	237
f 196 	201 	237
f 237 	241 	196
f 292 	295 	294
f 269 	334 	270
f 273 	270 	334
f 202 	205 	233
f 298 	302 	305
f 215 	234 	205
f 234 	233 	205
f 300 	703 	248
f 304 	279 	277
f 206 	202 	233
f 303 	295 	299
f 316 	303 	299
f 105 	262 	297
f 297 	262 	283
f 704 	703 	300
f 196 	241 	197
f 3582 	197 	241
f 292 	299 	295
f 253 	257 	306
f 215 	204 	310
f 307 	707 	300
f 389 	361 	204
f 297 	311 	113
f 704 	300 	707
f 313 	113 	311
f 229 	455 	439
f 299 	613 	316
f 800 	331 	332
f 14 	24 	306
f 439 	65 	229
f 532 	339 	725
f 318 	319 	320
f 321 	532 	303
f 24 	35 	306
f 319 	322 	323
f 319 	323 	320
f 301 	306 	257
f 325 	323 	324
f 322 	324 	323
f 257 	252 	301
f 327 	325 	326
f 324 	326 	325
f 321 	303 	316
f 326 	328 	327
f 301 	264 	314
f 305 	287 	298
f 275 	314 	264
f 319 	318 	313
f 330 	331 	800
f 275 	284 	314
f 412 	465 	3175
f 284 	290 	314
f 65 	3975 	229
f 335 	204 	342
f 336 	355 	3121
f 296 	293 	329
f 234 	310 	312
f 215 	310 	234
f 348 	725 	338
f 305 	302 	329
f 335 	312 	310
f 290 	289 	314
f 337 	725 	339
f 287 	305 	329
f 532 	321 	339
f 319 	313 	322
f 317 	328 	313
f 293 	287 	329
f 289 	281 	315
f 312 	335 	336
f 322 	313 	324
f 315 	274 	334
f 332 	331 	337
f 338 	337 	331
f 337 	339 	332
f 333 	332 	339
f 339 	321 	333
f 285 	298 	287
f 342 	204 	341
f 280 	274 	315
f 326 	313 	328
f 324 	313 	326
f 330 	338 	331
f 313 	182 	113
f 316 	333 	321
f 311 	1100 	808
f 204 	399 	389
f 340 	17 	678
f 1102 	311 	297
f 297 	1097 	1102
f 670 	340 	678
f 1798 	286 	346
f 1102 	1100 	311
f 346 	362 	1798
f 362 	346 	349
f 349 	346 	350
f 318 	320 	200
f 320 	323 	200
f 347 	200 	323
f 323 	325 	347
f 351 	349 	350
f 347 	325 	327
f 340 	23 	17
f 348 	338 	343
f 330 	343 	338
f 327 	328 	347
f 328 	317 	347
f 23 	340 	43
f 355 	382 	3121
f 342 	341 	355
f 317 	357 	347
f 53 	45 	340
f 355 	336 	342
f 335 	342 	336
f 341 	204 	361
f 317 	817 	823
f 317 	823 	357
f 352 	345 	1623
f 40 	365 	366
f 356 	354 	359
f 359 	358 	356
f 358 	348 	356
f 353 	360 	354
f 367 	368 	40
f 366 	367 	40
f 359 	354 	360
f 36 	427 	75
f 352 	3992 	3993
f 343 	356 	348
f 368 	69 	40
f 368 	370 	69
f 82 	36 	75
f 225 	200 	363
f 364 	363 	200
f 353 	369 	360
f 371 	360 	369
f 364 	200 	365
f 347 	365 	200
f 382 	408 	3121
f 365 	347 	366
f 75 	70 	80
f 308 	80 	70
f 483 	309 	70
f 82 	75 	80
f 367 	366 	347
f 3175 	3121 	411
f 367 	347 	368
f 369 	796 	376
f 304 	417 	286
f 370 	347 	357
f 368 	347 	370
f 380 	1611 	396
f 384 	374 	383
f 341 	361 	355
f 436 	99 	400
f 400 	99 	387
f 387 	99 	386
f 382 	355 	361
f 384 	383 	407
f 418 	99 	391
f 390 	391 	99
f 383 	381 	407
f 407 	381 	380
f 397 	428 	706
f 346 	286 	417
f 396 	395 	407
f 447 	99 	436
f 380 	396 	407
f 457 	731 	449
f 259 	550 	258
f 417 	416 	346
f 386 	99 	402
f 491 	492 	2208
f 3314 	3297 	259
f 395 	396 	1611
f 395 	1611 	437
f 405 	437 	1611
f 403 	404 	1611
f 405 	1611 	404
f 385 	350 	416
f 350 	385 	420
f 369 	376 	371
f 378 	371 	376
f 351 	350 	420
f 376 	379 	378
f 397 	378 	379
f 409 	3121 	408
f 420 	385 	388
f 410 	391 	390
f 414 	796 	413
f 421 	423 	1304
f 465 	466 	3175
f 379 	796 	414
f 416 	419 	385
f 388 	385 	419
f 476 	415 	410
f 375 	296 	527
f 350 	346 	416
f 293 	296 	375
f 450 	446 	922
f 422 	388 	419
f 415 	421 	418
f 415 	418 	391
f 415 	391 	410
f 409 	408 	389
f 361 	389 	408
f 425 	1304 	424
f 420 	388 	426
f 449 	706 	428
f 429 	406 	404
f 415 	423 	421
f 399 	411 	389
f 19 	1699 	482
f 399 	412 	411
f 409 	389 	411
f 405 	404 	406
f 413 	428 	414
f 428 	397 	414
f 379 	414 	397
f 361 	408 	382
f 394 	438 	2943
f 432 	99 	431
f 390 	99 	432
f 433 	430 	824
f 246 	244 	546
f 381 	1611 	380
f 440 	2943 	438
f 387 	463 	400
f 436 	400 	463
f 824 	435 	433
f 399 	204 	441
f 432 	431 	410
f 443 	444 	445
f 437 	406 	395
f 407 	395 	406
f 446 	434 	922
f 620 	612 	99
f 447 	451 	99
f 438 	513 	440
f 431 	99 	448
f 406 	437 	405
f 419 	427 	422
f 422 	427 	36
f 3297 	579 	259
f 229 	2015 	472
f 435 	922 	434
f 463 	447 	436
f 473 	922 	475
f 99 	451 	454
f 448 	99 	454
f 463 	454 	451
f 463 	451 	447
f 390 	432 	410
f 441 	204 	460
f 214 	453 	207
f 453 	230 	452
f 456 	452 	230
f 404 	403 	429
f 244 	258 	543
f 449 	428 	430
f 413 	430 	428
f 403 	495 	429
f 433 	435 	457
f 457 	449 	433
f 466 	509 	3175
f 434 	457 	435
f 401 	578 	402
f 569 	578 	401
f 450 	458 	446
f 430 	433 	449
f 446 	458 	457
f 446 	457 	434
f 387 	386 	463
f 402 	461 	386
f 3317 	3176 	3308
f 563 	565 	3176
f 450 	922 	468
f 416 	443 	462
f 452 	456 	464
f 498 	922 	499
f 467 	464 	456
f 465 	441 	466
f 399 	441 	465
f 399 	465 	412
f 443 	416 	417
f 455 	229 	472
f 417 	444 	443
f 460 	466 	441
f 415 	2633 	423
f 424 	423 	2633
f 464 	478 	471
f 474 	471 	478
f 912 	731 	479
f 464 	467 	478
f 501 	912 	481
f 479 	481 	912
f 410 	470 	476
f 229 	221 	2015
f 471 	474 	483
f 480 	483 	474
f 480 	309 	483
f 308 	70 	309
f 473 	477 	468
f 473 	475 	479
f 477 	458 	468
f 450 	468 	458
f 482 	221 	19
f 481 	479 	475
f 2015 	221 	482
f 477 	473 	479
f 448 	470 	431
f 410 	431 	470
f 486 	487 	3095
f 2208 	74 	489
f 96 	489 	74
f 475 	922 	490
f 495 	2208 	493
f 461 	463 	386
f 496 	443 	445
f 493 	429 	495
f 491 	469 	492
f 429 	493 	469
f 492 	469 	493
f 500 	924 	510
f 499 	924 	500
f 470 	448 	454
f 491 	2208 	503
f 502 	503 	2208
f 502 	2208 	506
f 287 	496 	285
f 460 	204 	505
f 501 	504 	912
f 454 	463 	470
f 469 	491 	503
f 375 	660 	459
f 475 	490 	481
f 503 	502 	469
f 511 	469 	502
f 375 	459 	462
f 494 	508 	488
f 498 	499 	501
f 490 	498 	501
f 501 	481 	490
f 462 	443 	375
f 504 	501 	499
f 500 	504 	499
f 496 	375 	443
f 287 	375 	496
f 565 	580 	3176
f 496 	445 	285
f 287 	293 	375
f 460 	505 	466
f 509 	466 	505
f 514 	3095 	442
f 515 	3095 	514
f 440 	442 	3095
f 3095 	515 	516
f 3095 	516 	537
f 537 	551 	3095
f 540 	517 	3095
f 506 	2208 	518
f 504 	500 	510
f 543 	546 	244
f 521 	522 	523
f 519 	522 	521
f 546 	524 	246
f 524 	525 	246
f 204 	246 	525
f 514 	442 	513
f 442 	440 	513
f 519 	523 	522
f 204 	525 	505
f 502 	506 	511
f 518 	511 	506
f 535 	511 	518
f 519 	3040 	522
f 3040 	3042 	522
f 2261 	529 	523
f 522 	523 	529
f 258 	542 	543
f 522 	529 	519
f 511 	535 	93
f 529 	3040 	519
f 523 	519 	521
f 519 	521 	520
f 560 	3175 	531
f 509 	531 	3175
f 561 	3172 	560
f 489 	534 	2208
f 394 	3717 	438
f 523 	521 	2261
f 2208 	534 	535
f 518 	2208 	535
f 566 	486 	517
f 3308 	3176 	580
f 516 	515 	497
f 535 	534 	93
f 509 	525 	531
f 489 	93 	534
f 524 	531 	525
f 505 	525 	509
f 381 	383 	374
f 538 	539 	544
f 544 	539 	547
f 548 	374 	384
f 549 	258 	550
f 548 	384 	407
f 517 	486 	3095
f 551 	583 	3095
f 258 	549 	552
f 555 	374 	554
f 554 	374 	553
f 553 	374 	548
f 517 	540 	566
f 579 	577 	259
f 550 	259 	556
f 542 	258 	552
f 374 	555 	558
f 374 	558 	559
f 374 	559 	615
f 615 	616 	374
f 616 	617 	374
f 516 	497 	537
f 924 	499 	922
f 562 	558 	555
f 562 	555 	554
f 515 	514 	497
f 513 	497 	514
f 564 	510 	924
f 644 	645 	114
f 562 	554 	553
f 542 	561 	543
f 546 	543 	560
f 531 	524 	560
f 562 	553 	407
f 564 	924 	567
f 561 	560 	543
f 546 	560 	524
f 569 	99 	568
f 401 	99 	569
f 544 	547 	570
f 551 	497 	583
f 548 	407 	553
f 547 	572 	570
f 556 	563 	550
f 566 	583 	497
f 552 	549 	561
f 407 	1031 	562
f 552 	561 	542
f 549 	550 	563
f 561 	549 	563
f 565 	563 	556
f 504 	512 	912
f 575 	912 	512
f 569 	568 	578
f 612 	578 	568
f 580 	565 	579
f 577 	579 	565
f 556 	577 	565
f 540 	3095 	583
f 583 	566 	540
f 621 	606 	374
f 551 	537 	497
f 530 	576 	528
f 606 	607 	374
f 131 	134 	620
f 586 	587 	588
f 607 	603 	2145
f 2145 	590 	591
f 2145 	591 	592
f 594 	2145 	592
f 593 	595 	586
f 595 	596 	586
f 574 	3341 	594
f 144 	146 	99
f 138 	139 	99
f 139 	125 	99
f 596 	597 	586
f 612 	620 	578
f 593 	586 	588
f 167 	168 	99
f 574 	592 	591
f 597 	598 	586
f 585 	599 	581
f 589 	576 	530
f 598 	587 	586
f 590 	601 	591
f 574 	591 	601
f 167 	418 	181
f 576 	533 	528
f 461 	402 	578
f 2145 	374 	607
f 590 	2145 	603
f 402 	99 	401
f 4179 	533 	576
f 590 	603 	601
f 296 	329 	527
f 589 	527 	329
f 602 	608 	605
f 484 	485 	573
f 526 	589 	530
f 603 	622 	601
f 526 	527 	589
f 606 	622 	607
f 568 	99 	612
f 673 	609 	585
f 584 	923 	604
f 291 	288 	613
f 609 	541 	585
f 75 	427 	636
f 559 	558 	614
f 614 	558 	562
f 427 	638 	636
f 604 	923 	545
f 618 	374 	617
f 618 	621 	374
f 638 	427 	419
f 488 	508 	609
f 616 	614 	617
f 622 	617 	614
f 419 	416 	462
f 627 	582 	634
f 959 	613 	611
f 600 	1616 	16
f 618 	617 	622
f 419 	462 	459
f 632 	388 	422
f 582 	578 	634
f 619 	634 	578
f 620 	619 	578
f 488 	609 	677
f 613 	800 	333
f 610 	375 	663
f 333 	316 	613
f 622 	621 	618
f 605 	623 	624
f 663 	526 	610
f 259 	674 	64
f 621 	622 	606
f 603 	607 	622
f 1448 	1426 	64
f 674 	1449 	64
f 627 	634 	114
f 645 	625 	114
f 620 	114 	619
f 36 	34 	422
f 610 	530 	528
f 631 	641 	1237
f 526 	530 	610
f 2703 	2711 	604
f 3026 	609 	508
f 628 	1230 	629
f 375 	527 	663
f 643 	1237 	641
f 426 	388 	632
f 614 	615 	559
f 605 	649 	623
f 630 	631 	629
f 2417 	604 	2416
f 545 	2416 	604
f 623 	708 	624
f 615 	614 	616
f 422 	34 	632
f 609 	557 	541
f 582 	626 	571
f 625 	571 	626
f 624 	3939 	595
f 624 	595 	593
f 624 	593 	588
f 624 	588 	605
f 538 	585 	541
f 567 	575 	564
f 627 	626 	582
f 585 	538 	599
f 595 	3939 	596
f 619 	114 	634
f 596 	3939 	597
f 598 	597 	3939
f 636 	638 	637
f 637 	638 	610
f 1035 	574 	601
f 638 	659 	610
f 59 	636 	66
f 605 	588 	587
f 575 	512 	564
f 587 	3937 	605
f 625 	626 	114
f 626 	627 	114
f 510 	564 	512
f 504 	510 	512
f 645 	644 	571
f 729 	705 	646
f 419 	659 	638
f 567 	924 	647
f 641 	631 	630
f 670 	653 	600
f 646 	642 	729
f 625 	645 	571
f 605 	608 	653
f 648 	912 	575
f 608 	600 	653
f 614 	562 	1052
f 528 	637 	610
f 644 	643 	571
f 637 	66 	636
f 584 	604 	652
f 646 	705 	581
f 528 	66 	637
f 630 	571 	643
f 630 	643 	641
f 528 	533 	66
f 599 	655 	581
f 97 	66 	533
f 657 	658 	653
f 605 	653 	658
f 63 	841 	654
f 841 	842 	654
f 375 	610 	660
f 581 	655 	646
f 659 	660 	610
f 599 	538 	655
f 659 	419 	660
f 655 	538 	544
f 653 	669 	657
f 419 	459 	660
f 655 	544 	646
f 670 	671 	653
f 646 	544 	570
f 663 	527 	526
f 669 	703 	657
f 646 	570 	642
f 642 	570 	748
f 648 	575 	647
f 605 	658 	649
f 670 	600 	340
f 567 	647 	575
f 647 	924 	668
f 3370 	585 	581
f 1448 	64 	1449
f 667 	666 	665
f 923 	694 	692
f 669 	653 	671
f 2668 	650 	651
f 651 	656 	2668
f 670 	672 	671
f 784 	2668 	656
f 843 	664 	661
f 674 	259 	258
f 843 	844 	664
f 678 	672 	670
f 674 	681 	679
f 647 	668 	648
f 648 	668 	675
f 710 	711 	681
f 924 	689 	668
f 840 	63 	370
f 924 	923 	689
f 693 	687 	263
f 687 	685 	263
f 695 	693 	243
f 263 	243 	693
f 243 	242 	695
f 677 	3362 	488
f 609 	673 	677
f 699 	701 	2567
f 702 	700 	248
f 702 	248 	703
f 677 	3426 	3429
f 4071 	923 	584
f 640 	639 	682
f 680 	5 	14
f 697 	696 	689
f 668 	689 	696
f 1449 	674 	679
f 713 	701 	694
f 3386 	708 	709
f 679 	681 	711
f 712 	679 	711
f 734 	679 	712
f 689 	692 	697
f 701 	699 	692
f 692 	694 	701
f 714 	758 	1333
f 668 	696 	675
f 710 	3853 	691
f 711 	710 	691
f 699 	697 	692
f 715 	3378 	717
f 581 	705 	3530
f 3853 	3846 	691
f 718 	694 	923
f 728 	923 	730
f 2049 	719 	667
f 721 	3378 	724
f 3378 	721 	717
f 705 	3543 	3530
f 718 	923 	722
f 2486 	682 	639
f 3386 	716 	708
f 3370 	581 	3530
f 712 	711 	720
f 694 	718 	713
f 691 	720 	711
f 3611 	724 	3378
f 725 	706 	2486
f 727 	713 	718
f 743 	651 	3126
f 722 	727 	718
f 722 	923 	728
f 3611 	726 	724
f 4071 	739 	923
f 707 	307 	709
f 679 	1451 	1449
f 734 	741 	679
f 736 	727 	728
f 722 	728 	727
f 714 	666 	719
f 667 	719 	666
f 726 	3611 	735
f 736 	728 	730
f 720 	737 	712
f 712 	737 	734
f 3122 	47 	733
f 730 	923 	739
f 705 	729 	3545
f 684 	672 	690
f 683 	672 	684
f 683 	685 	672
f 678 	690 	672
f 854 	732 	850
f 730 	739 	736
f 685 	687 	672
f 687 	693 	672
f 741 	744 	679
f 744 	745 	679
f 695 	671 	693
f 672 	693 	671
f 695 	698 	671
f 698 	700 	671
f 702 	669 	700
f 671 	700 	669
f 1451 	679 	745
f 1453 	745 	744
f 703 	669 	702
f 704 	657 	703
f 656 	651 	743
f 741 	1438 	744
f 707 	657 	704
f 707 	709 	657
f 658 	657 	709
f 740 	746 	1174
f 1525 	1174 	746
f 748 	570 	572
f 708 	658 	709
f 716 	624 	708
f 623 	649 	708
f 658 	708 	649
f 750 	92 	87
f 3939 	624 	715
f 716 	715 	624
f 662 	859 	738
f 3939 	715 	717
f 717 	721 	3939
f 720 	751 	836
f 724 	3939 	721
f 854 	856 	732
f 836 	855 	720
f 3939 	724 	726
f 859 	849 	738
f 738 	850 	732
f 751 	691 	749
f 726 	735 	3939
f 720 	691 	751
f 756 	794 	1333
f 755 	756 	1333
f 754 	763 	1333
f 690 	678 	166
f 17 	166 	678
f 752 	757 	750
f 757 	753 	750
f 757 	851 	753
f 753 	851 	1164
f 1333 	758 	754
f 532 	725 	2486
f 719 	2049 	758
f 755 	1333 	760
f 747 	2270 	759
f 754 	1866 	763
f 676 	757 	752
f 676 	752 	766
f 855 	1487 	737
f 760 	1333 	763
f 752 	78 	766
f 676 	766 	680
f 766 	78 	5
f 766 	5 	680
f 914 	765 	761
f 914 	916 	765
f 87 	78 	752
f 378 	706 	371
f 767 	773 	764
f 719 	758 	714
f 760 	762 	755
f 756 	755 	762
f 763 	762 	760
f 752 	750 	87
f 676 	686 	772
f 768 	774 	776
f 911 	761 	848
f 847 	848 	761
f 770 	768 	776
f 761 	911 	914
f 757 	676 	772
f 686 	829 	772
f 771 	765 	916
f 916 	1081 	771
f 781 	783 	1655
f 781 	782 	783
f 779 	767 	3663
f 779 	748 	767
f 1471 	776 	774
f 767 	748 	747
f 773 	767 	747
f 784 	788 	789
f 804 	747 	759
f 790 	791 	792
f 790 	793 	788
f 790 	788 	791
f 794 	795 	1333
f 788 	792 	791
f 2734 	2761 	791
f 780 	883 	824
f 788 	2734 	791
f 795 	798 	1333
f 354 	796 	353
f 792 	124 	791
f 791 	124 	788
f 124 	2734 	788
f 762 	763 	1866
f 353 	796 	369
f 642 	748 	779
f 800 	356 	343
f 792 	788 	793
f 792 	793 	790
f 800 	796 	354
f 800 	354 	356
f 780 	796 	800
f 804 	773 	747
f 800 	778 	780
f 788 	793 	790
f 788 	790 	789
f 332 	333 	800
f 789 	2741 	784
f 343 	330 	800
f 1081 	797 	771
f 799 	1333 	798
f 884 	764 	804
f 807 	656 	743
f 764 	773 	804
f 756 	762 	794
f 939 	936 	810
f 762 	798 	795
f 795 	794 	762
f 809 	311 	808
f 759 	742 	804
f 939 	810 	812
f 656 	807 	784
f 809 	313 	311
f 3169 	784 	807
f 949 	946 	815
f 817 	809 	811
f 809 	817 	317
f 317 	313 	809
f 3169 	183 	784
f 815 	3207 	949
f 792 	183 	124
f 183 	792 	790
f 183 	790 	784
f 781 	785 	820
f 781 	820 	782
f 785 	821 	822
f 358 	359 	725
f 725 	359 	706
f 371 	706 	360
f 359 	360 	706
f 781 	1655 	785
f 784 	793 	788
f 337 	338 	725
f 725 	348 	358
f 784 	790 	793
f 1071 	783 	782
f 820 	1071 	782
f 1669 	822 	821
f 805 	979 	810
f 785 	836 	820
f 836 	838 	820
f 979 	982 	810
f 829 	6 	145
f 830 	836 	822
f 785 	822 	836
f 825 	826 	1071
f 6 	829 	831
f 811 	828 	835
f 827 	816 	878
f 820 	825 	1071
f 829 	145 	832
f 817 	811 	835
f 817 	833 	823
f 832 	145 	129
f 828 	811 	927
f 824 	883 	897
f 827 	819 	816
f 1669 	830 	822
f 812 	2048 	815
f 885 	1215 	813
f 817 	834 	833
f 777 	749 	691
f 827 	878 	882
f 806 	804 	827
f 838 	836 	751
f 1333 	799 	813
f 837 	834 	835
f 817 	835 	834
f 806 	827 	882
f 835 	839 	837
f 827 	804 	742
f 838 	751 	749
f 839 	835 	899
f 898 	899 	835
f 430 	413 	796
f 723 	3141 	743
f 379 	376 	796
f 807 	743 	3141
f 824 	430 	796
f 661 	654 	842
f 824 	796 	780
f 842 	843 	661
f 473 	468 	922
f 662 	844 	858
f 662 	664 	844
f 498 	490 	922
f 3141 	184 	183
f 183 	3169 	3141
f 1737 	855 	1736
f 832 	129 	851
f 777 	838 	749
f 851 	129 	154
f 767 	764 	853
f 851 	154 	1164
f 737 	720 	855
f 761 	732 	856
f 856 	847 	761
f 850 	738 	849
f 767 	853 	846
f 859 	662 	858
f 1164 	154 	163
f 852 	860 	857
f 823 	833 	842
f 834 	842 	833
f 826 	838 	861
f 825 	838 	826
f 852 	862 	860
f 829 	832 	772
f 825 	820 	838
f 357 	823 	370
f 840 	370 	823
f 840 	823 	841
f 757 	772 	832
f 852 	1092 	862
f 841 	823 	842
f 3636 	3654 	764
f 851 	757 	832
f 857 	860 	875
f 862 	875 	860
f 764 	3654 	853
f 836 	1736 	855
f 824 	922 	435
f 1294 	1289 	770
f 768 	770 	1289
f 397 	706 	378
f 863 	1736 	836
f 830 	863 	836
f 826 	861 	1071
f 1215 	885 	945
f 706 	449 	731
f 830 	1669 	863
f 457 	458 	731
f 477 	731 	458
f 477 	479 	731
f 767 	846 	3663
f 864 	1298 	770
f 865 	334 	344
f 334 	865 	867
f 1013 	800 	613
f 871 	334 	867
f 869 	873 	870
f 873 	869 	857
f 852 	857 	869
f 881 	888 	873
f 877 	881 	873
f 857 	876 	873
f 816 	819 	3758
f 959 	611 	56
f 1050 	2207 	866
f 306 	301 	872
f 875 	876 	857
f 877 	873 	876
f 842 	834 	843
f 834 	837 	844
f 879 	872 	301
f 858 	844 	837
f 877 	876 	880
f 802 	880 	876
f 816 	3758 	878
f 843 	834 	844
f 888 	894 	873
f 874 	879 	314
f 301 	314 	879
f 64 	959 	55
f 874 	872 	879
f 989 	1009 	845
f 867 	874 	871
f 3786 	882 	878
f 849 	839 	850
f 850 	839 	854
f 854 	839 	856
f 856 	839 	847
f 804 	3752 	884
f 899 	847 	839
f 837 	839 	858
f 859 	858 	839
f 1050 	3855 	688
f 1673 	945 	885
f 874 	314 	315
f 859 	839 	849
f 871 	874 	315
f 315 	334 	871
f 886 	676 	680
f 804 	806 	3752
f 886 	686 	676
f 886 	829 	686
f 886 	680 	872
f 876 	875 	802
f 872 	874 	889
f 780 	778 	883
f 889 	886 	872
f 888 	881 	890
f 880 	890 	877
f 877 	890 	881
f 888 	890 	895
f 828 	887 	898
f 894 	888 	895
f 874 	867 	889
f 897 	1319 	1320
f 896 	953 	891
f 835 	828 	898
f 897 	1322 	1319
f 883 	1243 	897
f 898 	903 	899
f 898 	983 	906
f 898 	906 	903
f 889 	867 	907
f 64 	909 	915
f 2272 	640 	904
f 865 	907 	867
f 3151 	889 	907
f 959 	64 	929
f 895 	890 	1012
f 865 	344 	2616
f 1091 	1093 	868
f 909 	908 	913
f 2508 	731 	912
f 915 	928 	64
f 1081 	916 	918
f 906 	914 	903
f 899 	903 	911
f 921 	889 	3151
f 932 	937 	974
f 847 	899 	848
f 911 	848 	899
f 886 	889 	831
f 911 	903 	914
f 919 	901 	905
f 914 	906 	916
f 3975 	919 	905
f 909 	913 	915
f 960 	811 	809
f 545 	924 	922
f 921 	831 	889
f 917 	926 	920
f 831 	829 	886
f 922 	824 	897
f 929 	64 	928
f 917 	1596 	869
f 917 	930 	926
f 923 	924 	545
f 931 	974 	929
f 967 	969 	941
f 931 	932 	974
f 870 	930 	869
f 917 	869 	930
f 934 	901 	919
f 929 	928 	931
f 928 	915 	931
f 950 	931 	915
f 934 	902 	901
f 3367 	1090 	868
f 931 	950 	932
f 1001 	932 	950
f 870 	873 	894
f 920 	926 	935
f 894 	935 	930
f 936 	939 	920
f 935 	936 	920
f 930 	935 	926
f 870 	894 	930
f 805 	936 	935
f 805 	935 	895
f 692 	689 	923
f 964 	967 	941
f 1001 	937 	932
f 937 	1001 	938
f 939 	944 	920
f 941 	991 	964
f 805 	810 	936
f 944 	946 	920
f 946 	949 	920
f 949 	956 	920
f 953 	942 	891
f 944 	939 	812
f 945 	2207 	987
f 812 	815 	944
f 809 	808 	960
f 545 	922 	947
f 922 	897 	947
f 935 	894 	895
f 961 	3206 	956
f 945 	987 	845
f 950 	915 	913
f 2515 	947 	1320
f 970 	943 	942
f 545 	2445 	2416
f 900 	1122 	913
f 953 	970 	942
f 965 	955 	933
f 1370 	943 	970
f 960 	927 	811
f 947 	2424 	545
f 897 	1320 	947
f 952 	429 	469
f 946 	944 	815
f 3205 	3206 	3310
f 892 	891 	957
f 957 	891 	942
f 959 	56 	55
f 942 	943 	957
f 957 	943 	948
f 960 	925 	927
f 960 	1469 	925
f 960 	808 	1469
f 957 	948 	1073
f 962 	965 	952
f 962 	952 	951
f 959 	964 	1013
f 965 	429 	952
f 959 	967 	964
f 1009 	1034 	845
f 1464 	954 	963
f 966 	943 	1370
f 959 	969 	967
f 965 	933 	407
f 959 	971 	969
f 962 	955 	965
f 925 	968 	887
f 959 	972 	971
f 965 	407 	406
f 925 	887 	927
f 887 	828 	927
f 975 	976 	2207
f 929 	974 	959
f 937 	938 	974
f 965 	406 	429
f 959 	974 	972
f 925 	990 	968
f 938 	940 	974
f 969 	971 	941
f 971 	972 	941
f 972 	974 	941
f 940 	941 	974
f 1043 	1044 	968
f 898 	887 	968
f 983 	898 	968
f 987 	2207 	976
f 1013 	613 	959
f 925 	1469 	986
f 948 	943 	966
f 989 	845 	987
f 1016 	1013 	964
f 968 	1410 	769
f 469 	951 	952
f 1016 	964 	991
f 992 	1016 	991
f 2047 	810 	982
f 469 	511 	951
f 1467 	925 	986
f 940 	1020 	941
f 980 	996 	981
f 753 	977 	750
f 925 	1467 	990
f 92 	750 	977
f 977 	951 	511
f 2118 	982 	979
f 977 	511 	93
f 977 	93 	92
f 2134 	815 	2048
f 1151 	1148 	973
f 995 	998 	1016
f 1151 	973 	996
f 975 	989 	976
f 987 	976 	989
f 992 	1039 	993
f 996 	973 	981
f 906 	983 	997
f 999 	1016 	998
f 1000 	996 	980
f 1091 	868 	1090
f 934 	1000 	980
f 980 	902 	934
f 769 	1410 	1402
f 1050 	866 	868
f 975 	2207 	1007
f 1050 	1054 	2207
f 1056 	996 	1000
f 864 	770 	1003
f 1000 	934 	1056
f 864 	1003 	2166
f 893 	892 	1409
f 1005 	955 	962
f 1084 	1082 	3855
f 1005 	1010 	955
f 1409 	892 	957
f 992 	993 	1016
f 1002 	1019 	1004
f 770 	776 	1003
f 1005 	962 	951
f 1002 	1011 	1126
f 938 	1001 	1006
f 1009 	989 	1007
f 975 	1007 	989
f 1004 	1011 	1002
f 1043 	797 	1036
f 1005 	951 	977
f 890 	880 	2177
f 1045 	786 	1043
f 1013 	1016 	1014
f 1017 	769 	1655
f 993 	995 	1016
f 1016 	999 	1014
f 1018 	1005 	977
f 991 	941 	1020
f 775 	1046 	1047
f 1010 	1005 	1162
f 1030 	838 	1040
f 1002 	1024 	1019
f 1012 	890 	2177
f 1198 	1013 	1014
f 1110 	1107 	3367
f 2560 	2675 	2674
f 977 	753 	1018
f 1079 	868 	1093
f 1012 	2177 	2179
f 1023 	65 	439
f 753 	1164 	1018
f 2177 	880 	2182
f 1024 	2650 	1019
f 1026 	2207 	1025
f 1046 	775 	1045
f 1020 	940 	1006
f 938 	1006 	940
f 968 	769 	1017
f 1017 	1655 	783
f 1022 	919 	1023
f 1025 	2207 	1028
f 407 	1065 	1031
f 1032 	1033 	845
f 1019 	2674 	2675
f 1069 	3855 	1063
f 1084 	3855 	1069
f 1050 	1063 	3855
f 1043 	1036 	1037
f 786 	1045 	775
f 1007 	2207 	1026
f 1034 	1032 	845
f 1065 	407 	933
f 999 	1060 	1014
f 1040 	1042 	1029
f 1029 	1030 	1040
f 1033 	1032 	1028
f 1025 	1028 	1032
f 1025 	1032 	1034
f 1044 	1043 	1037
f 1025 	1034 	1026
f 1020 	1039 	991
f 1034 	1009 	1026
f 1007 	1026 	1009
f 1057 	1035 	622
f 1039 	992 	991
f 1035 	601 	622
f 1188 	800 	1013
f 1052 	562 	1031
f 1090 	3367 	1095
f 1017 	1042 	968
f 1198 	1014 	1060
f 1051 	1049 	1041
f 1040 	968 	1042
f 1028 	2207 	1054
f 1057 	622 	614
f 983 	968 	1044
f 1033 	1055 	845
f 1055 	1054 	845
f 1046 	1045 	968
f 1050 	845 	1054
f 993 	1039 	995
f 1043 	968 	1045
f 1046 	968 	1047
f 1047 	968 	1048
f 1040 	1048 	968
f 2076 	1041 	1038
f 1017 	1058 	1059
f 1053 	995 	1039
f 1021 	1056 	1022
f 1200 	1198 	1060
f 1030 	1029 	1059
f 1050 	868 	1063
f 934 	1022 	1056
f 999 	1064 	1060
f 1200 	1060 	1064
f 998 	1064 	999
f 1052 	1057 	614
f 1017 	1059 	1042
f 1052 	1062 	1057
f 1036 	997 	1037
f 1064 	998 	1053
f 995 	1053 	998
f 1029 	1042 	1059
f 1044 	997 	983
f 1022 	934 	919
f 1066 	1204 	1064
f 933 	955 	1065
f 1037 	997 	1044
f 65 	1023 	919
f 1017 	1068 	1058
f 919 	3975 	65
f 954 	1038 	2135
f 1101 	3855 	1098
f 1017 	783 	1071
f 1514 	1001 	950
f 1006 	1001 	1140
f 1017 	1071 	1068
f 1050 	688 	845
f 1006 	1140 	1149
f 1400 	1073 	948
f 1020 	1006 	1149
f 1028 	1054 	1055
f 1028 	1055 	1033
f 861 	838 	1074
f 1030 	1074 	838
f 1048 	1040 	838
f 1063 	1061 	1069
f 1141 	1039 	1020
f 1070 	1077 	1072
f 777 	775 	1047
f 1079 	1061 	868
f 1070 	1078 	1077
f 1072 	1077 	1111
f 1078 	1111 	1077
f 838 	777 	1048
f 1047 	1048 	777
f 1061 	1063 	868
f 948 	966 	1400
f 1073 	1075 	957
f 1066 	1064 	1144
f 1098 	3855 	1083
f 1083 	3855 	1082
f 797 	1081 	1036
f 1041 	1049 	2159
f 797 	1043 	786
f 1059 	1058 	861
f 1058 	1068 	861
f 1071 	861 	1068
f 1083 	1082 	1079
f 1084 	1079 	1082
f 1061 	1079 	1084
f 1061 	1084 	1069
f 1030 	1059 	1074
f 861 	1074 	1059
f 1086 	1073 	1085
f 918 	916 	1081
f 916 	906 	1081
f 906 	997 	1081
f 1089 	1266 	1080
f 1036 	1081 	997
f 1086 	1075 	1073
f 2159 	1088 	1067
f 1400 	1085 	1073
f 1094 	1097 	245
f 1094 	1106 	1097
f 1064 	1053 	1143
f 1092 	1099 	1096
f 1067 	1088 	2226
f 1086 	1015 	1075
f 245 	1097 	283
f 3352 	1070 	1092
f 1099 	1092 	1072
f 1070 	1072 	1092
f 1067 	2226 	2209
f 1097 	297 	283
f 1114 	1115 	3855
f 1099 	1072 	1112
f 1111 	1112 	1072
f 1114 	3855 	1101
f 1128 	1130 	3855
f 1052 	1031 	1062
f 1095 	1101 	1090
f 1090 	1098 	1091
f 1083 	1093 	1098
f 1091 	1098 	1093
f 1079 	1093 	1083
f 1104 	1097 	1106
f 1031 	1118 	1062
f 1113 	1096 	1112
f 1096 	1099 	1112
f 1098 	1090 	1101
f 1102 	1097 	1104
f 1095 	3367 	1107
f 1128 	3855 	1115
f 1031 	1065 	1117
f 1023 	439 	1129
f 1117 	1118 	1031
f 1286 	1285 	1116
f 1095 	1107 	1101
f 1116 	768 	1286
f 1115 	1114 	1110
f 1107 	1110 	1114
f 1107 	1114 	1101
f 1117 	1065 	955
f 955 	1010 	1117
f 1124 	1102 	1104
f 1010 	1162 	1117
f 1126 	1109 	1105
f 1104 	1436 	1124
f 1105 	1002 	1126
f 1102 	1124 	1134
f 950 	1133 	1514
f 1108 	1285 	1113
f 1100 	1102 	1134
f 1113 	1112 	1108
f 1111 	1108 	1112
f 1132 	1035 	1057
f 1023 	1129 	1127
f 1129 	2408 	1127
f 1516 	1133 	1122
f 1122 	900 	1609
f 1436 	1134 	1124
f 1132 	1135 	1035
f 913 	1122 	1133
f 1126 	978 	1076
f 950 	913 	1133
f 1289 	1287 	768
f 1126 	1076 	1067
f 1067 	2209 	1126
f 1127 	1022 	1023
f 1120 	1022 	1127
f 1002 	1105 	1139
f 1139 	1024 	1002
f 1138 	1136 	476
f 1109 	1139 	1105
f 1021 	1022 	1119
f 1108 	1103 	1510
f 1132 	1057 	1137
f 1135 	1132 	1137
f 2633 	415 	1136
f 1119 	1022 	2380
f 1116 	1108 	1323
f 1139 	1109 	1142
f 1143 	1053 	1542
f 1323 	774 	1116
f 1116 	774 	768
f 1545 	1066 	1144
f 1136 	415 	476
f 1085 	2255 	1086
f 1062 	1137 	1057
f 1137 	1118 	1117
f 1138 	1205 	1136
f 1137 	1062 	1118
f 1142 	2173 	1940
f 1143 	1144 	1064
f 1115 	1110 	1128
f 1123 	1130 	1125
f 1121 	1131 	1123
f 1125 	1128 	1110
f 1128 	1125 	1130
f 1147 	1142 	1109
f 3914 	1142 	1147
f 1147 	1146 	3914
f 1020 	1149 	1141
f 270 	273 	1540
f 3968 	1150 	1152
f 1152 	1160 	3968
f 290 	1172 	1171
f 1150 	740 	1152
f 1159 	186 	185
f 1153 	1154 	1155
f 1056 	1021 	1156
f 1162 	163 	193
f 1153 	1157 	1154
f 381 	374 	1611
f 1516 	1514 	1133
f 1208 	186 	1159
f 1153 	1158 	1157
f 1169 	1158 	1160
f 1155 	1154 	1169
f 1154 	1157 	1169
f 1158 	1169 	1157
f 3968 	1160 	1158
f 1174 	1160 	740
f 1152 	740 	1160
f 1518 	1516 	1122
f 1056 	1156 	1168
f 1122 	1609 	1518
f 1164 	163 	1162
f 1168 	1156 	1249
f 1169 	1179 	1155
f 1162 	193 	195
f 1171 	1172 	1170
f 1172 	1173 	1170
f 1137 	1117 	1159
f 1542 	1053 	1039
f 1167 	1175 	1176
f 1167 	1177 	1178
f 1167 	1178 	1175
f 1993 	2007 	1139
f 1179 	1180 	1155
f 1180 	1183 	1155
f 1167 	1166 	1181
f 1167 	1181 	1177
f 1180 	1179 	1182
f 1174 	1182 	1179
f 1018 	1164 	1005
f 1255 	1250 	1155
f 1183 	1206 	1155
f 1155 	1217 	1255
f 1165 	1163 	1168
f 1173 	1185 	1170
f 1186 	1166 	1185
f 1170 	1185 	1166
f 1138 	476 	470
f 1149 	1567 	1141
f 470 	1199 	1138
f 1574 	1567 	1149
f 1149 	1140 	1574
f 1199 	1145 	1138
f 1186 	1190 	1166
f 1193 	1166 	1190
f 1181 	1166 	1193
f 1198 	1191 	1188
f 1211 	801 	803
f 1211 	1202 	801
f 461 	578 	1192
f 463 	1199 	470
f 1188 	1013 	1198
f 1168 	1163 	1151
f 1187 	1192 	1344
f 461 	1192 	1187
f 1200 	1204 	1198
f 1198 	1204 	1191
f 1199 	1187 	1145
f 1244 	1188 	1227
f 463 	461 	1187
f 801 	1202 	1197
f 1213 	1231 	1191
f 1187 	1199 	463
f 1194 	1189 	1201
f 1204 	1212 	1191
f 1213 	1191 	1212
f 1200 	1064 	1204
f 1163 	1435 	1148
f 1163 	1148 	1151
f 1005 	1164 	1162
f 1182 	1184 	1180
f 996 	1168 	1151
f 1168 	996 	1056
f 1183 	1180 	1184
f 1206 	1217 	1155
f 1207 	1138 	1145
f 1208 	1159 	1117
f 1145 	1187 	1207
f 1203 	1166 	1167
f 1209 	1138 	1207
f 195 	186 	1208
f 1191 	1227 	1188
f 1866 	885 	813
f 1162 	195 	1208
f 1205 	1138 	1209
f 1227 	1191 	1231
f 1117 	1162 	1208
f 1211 	803 	814
f 1214 	1212 	1066
f 1213 	1212 	1214
f 883 	778 	1244
f 813 	1215 	1327
f 800 	1244 	778
f 1160 	1174 	1169
f 1179 	1169 	1174
f 1163 	1302 	1221
f 1216 	1215 	945
f 1216 	945 	845
f 1228 	1255 	1217
f 1211 	814 	1196
f 845 	688 	1216
f 800 	1188 	1244
f 1220 	1221 	1218
f 1206 	1183 	1184
f 1223 	1221 	1220
f 1219 	1217 	1184
f 1206 	1184 	1217
f 1255 	1228 	1235
f 1135 	1211 	1196
f 643 	114 	1237
f 1229 	1228 	1219
f 1227 	1231 	1234
f 1234 	1252 	1227
f 1224 	1227 	1222
f 1252 	1259 	1227
f 1219 	1228 	1217
f 1231 	1213 	1232
f 1214 	1232 	1213
f 1233 	1080 	1263
f 1231 	1232 	1234
f 3344 	3343 	1237
f 1235 	1233 	1236
f 1263 	1236 	1233
f 1233 	1235 	1229
f 628 	629 	1237
f 629 	631 	1237
f 1035 	1135 	1196
f 1228 	1229 	1235
f 574 	1035 	1196
f 1240 	1237 	1239
f 1238 	1239 	1237
f 3450 	1225 	3385
f 1264 	1263 	1080
f 1237 	1240 	628
f 630 	629 	1230
f 1066 	1212 	1204
f 1211 	1135 	1357
f 1240 	1230 	628
f 1239 	1230 	1240
f 1205 	1209 	1450
f 883 	1242 	1243
f 1226 	1225 	3450
f 630 	1230 	571
f 1163 	1221 	1435
f 1359 	1202 	1211
f 1238 	1230 	1239
f 1222 	1259 	1242
f 1322 	897 	1243
f 1219 	1184 	1365
f 1219 	1365 	1366
f 1229 	1219 	1366
f 1244 	1242 	883
f 1233 	1229 	1371
f 3524 	3510 	1246
f 1222 	1242 	1244
f 1312 	1080 	1233
f 1221 	1433 	1435
f 1244 	1224 	1222
f 1244 	1227 	1224
f 1222 	1227 	1259
f 3360 	1250 	1070
f 1253 	1251 	2806
f 1354 	1316 	1245
f 1257 	1258 	1248
f 1256 	1252 	1232
f 1255 	1078 	1250
f 1070 	1250 	1078
f 1248 	1262 	1246
f 1234 	1232 	1252
f 1243 	1242 	1259
f 1281 	1247 	1254
f 1258 	1260 	1248
f 1153 	1155 	1250
f 1248 	1260 	1262
f 1262 	1265 	1246
f 1256 	1261 	1259
f 1256 	1259 	1252
f 1156 	1021 	1251
f 1259 	1309 	1243
f 1235 	1236 	1255
f 1266 	1078 	1264
f 1263 	1264 	1255
f 1258 	1339 	1260
f 1262 	1260 	1339
f 1251 	1253 	1156
f 1339 	1265 	1262
f 1263 	1255 	1236
f 1156 	1253 	1249
f 1270 	1078 	1266
f 1276 	1078 	1270
f 1264 	1080 	1266
f 1246 	1267 	1268
f 1268 	1283 	1246
f 1283 	1284 	1246
f 1111 	1078 	1276
f 1272 	1237 	1271
f 1238 	1237 	1272
f 1266 	1089 	1270
f 1103 	1270 	1089
f 1273 	1274 	1275
f 1255 	1264 	1078
f 1271 	1314 	1272
f 1108 	1276 	1103
f 1270 	1103 	1276
f 1111 	1276 	1108
f 3494 	1275 	1189
f 1274 	1189 	1275
f 1278 	1246 	1277
f 1168 	1249 	1165
f 1271 	1237 	1280
f 1280 	1237 	1279
f 1279 	1237 	1278
f 1165 	2819 	2850
f 1267 	1293 	1342
f 1284 	1277 	1246
f 862 	1092 	1096
f 1165 	1249 	2819
f 1283 	1268 	1282
f 1269 	1300 	1273
f 1387 	1261 	1256
f 1286 	1287 	1096
f 1287 	1289 	1096
f 1285 	1286 	1096
f 1113 	1285 	1096
f 1277 	1315 	1278
f 1108 	1116 	1285
f 1281 	787 	3692
f 1289 	1294 	1096
f 787 	1281 	1254
f 3376 	1288 	1281
f 1284 	1283 	1282
f 1294 	1298 	862
f 862 	1096 	1294
f 1187 	1344 	1207
f 1232 	1214 	1385
f 1297 	1290 	1246
f 1290 	1291 	1246
f 1292 	1246 	1291
f 1246 	1292 	1293
f 1354 	1245 	3882
f 1286 	768 	1287
f 1281 	1288 	1247
f 1246 	1293 	1267
f 1298 	1299 	862
f 1296 	1203 	1167
f 1295 	1310 	1163
f 1297 	1246 	1265
f 1288 	1537 	1247
f 1301 	1296 	1176
f 1299 	875 	862
f 1265 	1339 	1297
f 1165 	1295 	1163
f 1294 	770 	1298
f 1267 	1342 	1268
f 1292 	1342 	1293
f 1298 	864 	1299
f 802 	1299 	864
f 1165 	2825 	1295
f 1167 	1176 	1296
f 802 	875 	1299
f 1387 	1256 	1232
f 1305 	1221 	1302
f 1296 	1301 	1303
f 1296 	1303 	1306
f 1306 	1321 	1296
f 1311 	1317 	1243
f 1309 	1311 	1243
f 1261 	1309 	1259
f 1317 	1324 	1243
f 1295 	2825 	1310
f 1274 	1300 	3512
f 1311 	1309 	1313
f 1163 	1310 	1302
f 1314 	1280 	1315
f 1261 	1313 	1309
f 3938 	240 	199
f 1230 	1238 	1314
f 1383 	1296 	1337
f 1272 	1314 	1238
f 1317 	1311 	1318
f 1313 	1318 	1311
f 1089 	1507 	1508
f 1271 	1280 	1314
f 1279 	1315 	1280
f 1279 	1278 	1315
f 1315 	1277 	1284
f 1325 	1326 	1322
f 1274 	1273 	1300
f 1337 	1348 	1383
f 1326 	1331 	1319
f 1319 	1322 	1326
f 1320 	1319 	1331
f 1324 	1325 	1322
f 1328 	1326 	1325
f 1331 	1334 	1320
f 2430 	2515 	1352
f 3940 	1254 	1307
f 1373 	1333 	1327
f 1390 	1307 	1254
f 1352 	2515 	1334
f 1207 	1446 	1450
f 1373 	1376 	1333
f 1284 	1282 	1315
f 1376 	665 	1333
f 714 	1333 	666
f 1328 	1325 	1336
f 1324 	1336 	1325
f 1337 	1296 	1340
f 1322 	1243 	1324
f 1321 	1340 	1296
f 1318 	1336 	1324
f 1282 	1268 	1342
f 1318 	1324 	1317
f 1340 	1343 	1337
f 3940 	1307 	1335
f 1337 	1343 	1346
f 1223 	1341 	1535
f 1207 	1344 	1362
f 1335 	3942 	3940
f 813 	1327 	1333
f 1349 	1350 	1337
f 1348 	1337 	1350
f 1331 	1326 	1347
f 1328 	1347 	1326
f 1337 	1351 	1349
f 1337 	1353 	1351
f 1338 	1297 	1339
f 1159 	185 	1355
f 1344 	582 	1362
f 1355 	185 	238
f 1341 	1223 	1220
f 1292 	1291 	1342
f 1338 	1342 	1291
f 1329 	1330 	1354
f 1354 	1330 	1316
f 1356 	1207 	1362
f 1352 	1334 	1347
f 1347 	1334 	1331
f 1327 	3512 	1300
f 1355 	238 	1357
f 1330 	1332 	1316
f 1215 	3512 	1327
f 2049 	2050 	754
f 1137 	1159 	1355
f 1773 	1356 	1360
f 1135 	1137 	1355
f 1305 	1218 	1221
f 1346 	1361 	1337
f 754 	758 	2049
f 1357 	1135 	1355
f 1305 	2984 	1218
f 1337 	1361 	1353
f 1376 	2110 	665
f 1344 	1192 	578
f 1401 	754 	2050
f 1363 	1348 	1364
f 1211 	1357 	1359
f 798 	762 	1866
f 1866 	813 	799
f 1202 	1359 	1404
f 1347 	1328 	1405
f 1363 	1354 	1348
f 1345 	1282 	1358
f 1342 	1358 	1282
f 1327 	1372 	1373
f 1291 	1290 	1338
f 1373 	1372 	1376
f 1297 	1338 	1290
f 1360 	1356 	507
f 666 	1333 	665
f 633 	1376 	1367
f 1372 	1367 	1376
f 1368 	1378 	1369
f 1329 	1354 	1363
f 1370 	970 	1379
f 1364 	1348 	1381
f 1380 	1381 	1348
f 1379 	1374 	1370
f 1350 	1382 	1348
f 1372 	3526 	1367
f 247 	1368 	1587
f 1372 	1327 	1300
f 1379 	1421 	1374
f 1380 	1348 	1382
f 247 	1378 	1368
f 665 	2110 	667
f 1383 	3864 	1296
f 1362 	507 	1356
f 1362 	582 	571
f 1847 	1848 	1214
f 1374 	1386 	1370
f 1344 	578 	582
f 1374 	1375 	1386
f 1362 	571 	507
f 1384 	1369 	1378
f 2112 	1376 	2136
f 1356 	1773 	1388
f 2158 	2136 	633
f 1390 	1377 	1307
f 633 	3248 	2158
f 1207 	1389 	1446
f 1388 	1389 	1356
f 2207 	945 	1673
f 1386 	1375 	1395
f 1390 	1384 	1378
f 1377 	1390 	1378
f 966 	1370 	1386
f 1232 	1385 	1387
f 1282 	1345 	1315
f 1207 	1356 	1389
f 1390 	1254 	1247
f 1395 	1375 	1396
f 1375 	1392 	1396
f 1384 	1390 	1247
f 1214 	1848 	1385
f 1261 	1849 	1313
f 1389 	1388 	1446
f 1391 	1318 	1313
f 1318 	1391 	1397
f 1357 	238 	250
f 1359 	1357 	250
f 2049 	667 	2110
f 1404 	254 	255
f 2110 	1376 	2112
f 1408 	1404 	255
f 633 	2136 	1376
f 1393 	26 	52
f 52 	1394 	1393
f 966 	1386 	1395
f 1395 	1400 	966
f 1393 	1394 	1399
f 799 	798 	1866
f 1404 	1359 	250
f 1404 	250 	254
f 1399 	1398 	1403
f 1396 	1406 	1395
f 1106 	1398 	1104
f 1398 	1106 	1403
f 1404 	1197 	1202
f 1403 	1106 	2838
f 1847 	1214 	1066
f 1409 	1411 	893
f 1450 	1446 	54
f 1446 	77 	54
f 1406 	1400 	1395
f 1406 	1085 	1400
f 1849 	1261 	1852
f 801 	1197 	1447
f 633 	1367 	1407
f 1454 	1450 	54
f 1855 	1261 	1387
f 1229 	1366 	1371
f 1312 	1233 	1371
f 990 	1410 	968
f 61 	60 	1415
f 1313 	1849 	1391
f 1538 	1371 	1366
f 1882 	1883 	1318
f 1418 	1414 	1412
f 1529 	1365 	1184
f 1456 	1457 	3581
f 1882 	1318 	1397
f 1459 	1470 	1375
f 1182 	1174 	1525
f 1348 	1354 	1383
f 1422 	1431 	1415
f 1417 	1416 	1418
f 61 	1394 	52
f 1089 	1504 	1507
f 1394 	61 	1415
f 1418 	1412 	3664
f 1418 	3664 	3665
f 1422 	1413 	1420
f 1418 	3665 	1417
f 1457 	1257 	3581
f 1431 	1399 	1394
f 1258 	1257 	1339
f 1423 	1424 	1435
f 1394 	1415 	1431
f 1422 	1420 	1425
f 1424 	973 	1148
f 1427 	64 	1426
f 1447 	1416 	818
f 1428 	64 	1427
f 1429 	64 	1428
f 1430 	64 	1429
f 1432 	1427 	1426
f 1433 	1442 	1423
f 1075 	1015 	1409
f 1422 	1425 	1431
f 1430 	1429 	1432
f 1423 	1435 	1433
f 1432 	1429 	1428
f 1427 	1432 	1428
f 1424 	1148 	1435
f 1398 	1431 	1425
f 774 	1323 	1515
f 1398 	1399 	1431
f 1323 	1510 	1515
f 1323 	1108 	1510
f 1425 	1134 	1436
f 1425 	1420 	1134
f 1441 	1414 	1418
f 1436 	1104 	1398
f 1438 	741 	737
f 734 	737 	741
f 1444 	1439 	1440
f 1398 	1425 	1436
f 1442 	1440 	1443
f 1442 	1444 	1440
f 1582 	89 	72
f 1442 	1443 	1423
f 72 	1445 	1582
f 1441 	1418 	1416
f 1445 	72 	1446
f 1446 	72 	77
f 1447 	1441 	1416
f 1448 	1453 	1426
f 1449 	1451 	1448
f 1451 	1453 	1448
f 1432 	1426 	1453
f 745 	1453 	1451
f 818 	801 	1447
f 3581 	3579 	1456
f 1454 	54 	3142
f 1248 	3581 	1257
f 1419 	1339 	1257
f 1374 	1458 	1375
f 1197 	1404 	1447
f 1447 	1404 	1408
f 1457 	1419 	1257
f 1408 	1441 	1447
f 1529 	1184 	1182
f 1457 	1456 	1419
f 1470 	1459 	958
f 1456 	1455 	1419
f 1455 	1466 	1419
f 958 	963 	1470
f 1388 	1445 	1446
f 963 	954 	1470
f 1312 	1371 	1534
f 1791 	1484 	1441
f 1209 	1207 	1450
f 1547 	1538 	1366
f 1458 	1459 	1375
f 1205 	1450 	1454
f 513 	1460 	208
f 1366 	1365 	1547
f 1453 	744 	1438
f 1421 	1458 	1374
f 1458 	1421 	1459
f 1491 	3630 	1490
f 1421 	958 	1459
f 1453 	1463 	1432
f 1421 	1464 	963
f 3579 	3578 	1456
f 1182 	1525 	1532
f 1466 	1491 	1419
f 1468 	1467 	986
f 1421 	963 	958
f 900 	1432 	1463
f 986 	1469 	1468
f 954 	1505 	1470
f 1410 	990 	1467
f 1430 	908 	64
f 909 	64 	908
f 1472 	1473 	1465
f 1470 	1505 	978
f 1432 	913 	1430
f 908 	1430 	913
f 1502 	1392 	1375
f 774 	1515 	1471
f 1476 	1462 	1475
f 1474 	1475 	1462
f 1515 	2273 	1471
f 913 	1432 	900
f 1462 	1477 	1478
f 1478 	1489 	1462
f 1438 	737 	1487
f 808 	1100 	1469
f 1438 	1487 	1492
f 1482 	1462 	1481
f 1474 	1462 	1482
f 1438 	1492 	1453
f 1468 	1483 	1467
f 1396 	1479 	1406
f 1453 	1492 	1488
f 1469 	1483 	1468
f 1414 	1441 	1484
f 1453 	1488 	1463
f 1550 	1469 	1100
f 1396 	1392 	1479
f 1392 	985 	1479
f 1489 	1495 	1462
f 3614 	3630 	1456
f 3578 	3614 	1456
f 1419 	1490 	1485
f 1484 	1486 	1434
f 1490 	1419 	1491
f 1490 	1462 	1494
f 1495 	1503 	1462
f 1494 	1462 	1493
f 1485 	1490 	1494
f 1485 	1494 	1493
f 1478 	1477 	1485
f 1497 	1485 	1477
f 1487 	1625 	1492
f 1485 	1489 	1478
f 1485 	1495 	1489
f 1444 	1210 	1439
f 1486 	1496 	3706
f 1210 	1444 	1223
f 1482 	1481 	1499
f 1499 	1481 	1461
f 1442 	1223 	1444
f 1500 	1465 	1460
f 1221 	1223 	1442
f 1500 	1472 	1465
f 1500 	1460 	1496
f 1221 	1442 	1433
f 1609 	900 	1463
f 1485 	1517 	1419
f 1375 	1470 	1502
f 1493 	1462 	1503
f 1493 	1503 	1485
f 1504 	1080 	1312
f 1485 	1503 	1495
f 1089 	1080 	1504
f 1501 	1506 	2377
f 1312 	1534 	1504
f 1497 	1476 	1475
f 1492 	1614 	1488
f 1492 	1625 	1614
f 1896 	1898 	1504
f 1499 	1497 	1475
f 1499 	1475 	1474
f 1499 	1474 	1482
f 1476 	1509 	1462
f 1486 	1500 	1496
f 1462 	1509 	1511
f 1462 	1511 	1512
f 1477 	1462 	1512
f 978 	1505 	1076
f 1510 	1103 	1513
f 1476 	1497 	1509
f 1511 	1509 	1497
f 1477 	1512 	1497
f 1512 	1511 	1497
f 1484 	1500 	1486
f 1516 	1704 	1514
f 1505 	2135 	1076
f 1704 	1705 	1514
f 984 	1470 	978
f 1513 	1639 	1510
f 1392 	1502 	985
f 1640 	1642 	1510
f 1414 	1484 	1434
f 1497 	1499 	1517
f 1470 	985 	1502
f 1497 	1517 	1485
f 1693 	1516 	1690
f 1486 	3706 	1434
f 3706 	3659 	1434
f 1501 	1519 	1506
f 1470 	988 	985
f 1089 	1508 	1513
f 1103 	1089 	1513
f 984 	988 	1470
f 1484 	1794 	1500
f 1518 	1690 	1516
f 1508 	1637 	1513
f 1408 	1791 	1441
f 1524 	1522 	1523
f 1521 	1531 	1522
f 1484 	1791 	1794
f 1516 	1693 	1704
f 1526 	1521 	1527
f 1520 	1541 	1521
f 1521 	1526 	1531
f 1182 	1532 	1529
f 1982 	1983 	1532
f 1523 	1522 	1531
f 1894 	1896 	1534
f 1597 	1369 	1530
f 1001 	1514 	1536
f 1369 	1537 	1530
f 1538 	1534 	1371
f 1247 	1537 	1384
f 1540 	1520 	1539
f 1541 	1520 	1540
f 3129 	3130 	1520
f 1039 	1141 	1542
f 1688 	1691 	3687
f 1384 	1537 	1369
f 1144 	1546 	1545
f 1469 	1550 	1483
f 1622 	3687 	1624
f 1622 	1586 	3687
f 1288 	15 	1543
f 1530 	1543 	1544
f 1546 	1144 	1143
f 1591 	3720 	1590
f 1550 	1100 	1134
f 3551 	3554 	1462
f 1420 	1550 	1134
f 1545 	2074 	1847
f 1530 	1544 	1533
f 1527 	1521 	1541
f 1593 	3720 	1592
f 1143 	1551 	1546
f 1544 	1528 	1533
f 1126 	1011 	1553
f 1545 	1546 	2073
f 1413 	1422 	1552
f 1556 	1170 	1555
f 1422 	1415 	1552
f 2073 	2074 	1545
f 1011 	1004 	1564
f 1415 	60 	1552
f 1143 	1542 	1551
f 60 	83 	1552
f 1558 	1555 	1557
f 994 	1564 	1004
f 1522 	1524 	1561
f 1562 	1522 	1561
f 1522 	1562 	1563
f 1537 	1288 	1543
f 1553 	978 	1126
f 1560 	1420 	1413
f 1504 	1534 	1896
f 1546 	2070 	2073
f 1583 	1565 	3687
f 1566 	1588 	3687
f 1588 	1599 	3687
f 1521 	1437 	1520
f 1559 	1483 	1560
f 1141 	1567 	1542
f 1483 	1550 	1560
f 1365 	1529 	1547
f 988 	1564 	985
f 1437 	1521 	1522
f 1550 	1420 	1560
f 988 	984 	1564
f 1011 	1564 	1553
f 1568 	1552 	1569
f 978 	1553 	1564
f 984 	978 	1564
f 1826 	1828 	1567
f 1564 	1479 	985
f 1552 	83 	1569
f 2070 	1546 	2067
f 83 	1628 	1569
f 1538 	1890 	1534
f 1828 	1829 	1542
f 1560 	1568 	1559
f 1522 	1563 	1557
f 1558 	1557 	1563
f 1413 	1552 	1568
f 1777 	1973 	1547
f 1413 	1568 	1560
f 1556 	1171 	1170
f 1557 	1555 	1170
f 1571 	1573 	1210
f 88 	1577 	2043
f 1537 	1543 	1530
f 1542 	1567 	1828
f 1577 	88 	89
f 1577 	89 	1582
f 1578 	1557 	1575
f 1565 	1566 	3687
f 1536 	1574 	1140
f 1584 	1585 	1581
f 1575 	1557 	1170
f 1369 	1587 	1368
f 1571 	1210 	1223
f 1600 	3687 	1599
f 1565 	1598 	1566
f 1587 	1597 	1585
f 1525 	1982 	1532
f 1557 	1578 	1522
f 265 	1585 	1584
f 267 	265 	1584
f 1591 	1595 	3720
f 1592 	3720 	1595
f 265 	1587 	1585
f 1576 	1580 	2529
f 1462 	3554 	1481
f 1575 	3932 	1578
f 265 	247 	1587
f 2480 	1580 	1572
f 1480 	1593 	1461
f 1592 	1461 	1593
f 1408 	255 	261
f 1603 	1648 	1590
f 1573 	1994 	2001
f 1581 	1528 	1579
f 1369 	1597 	1587
f 746 	1977 	1525
f 1977 	1979 	1525
f 1626 	1598 	1583
f 1980 	1982 	1525
f 917 	1594 	1596
f 1536 	1140 	1001
f 1530 	1533 	1597
f 1536 	1514 	1705
f 1822 	1823 	1574
f 1822 	1574 	1536
f 1529 	1532 	1983
f 1603 	3720 	1602
f 1601 	1602 	3720
f 1983 	1984 	1529
f 1547 	1529 	1984
f 1581 	1533 	1528
f 1705 	1707 	1536
f 1581 	1585 	1597
f 1590 	3720 	1603
f 1589 	1615 	1573
f 1581 	1597 	1533
f 1605 	1757 	1604
f 1567 	1574 	1826
f 1823 	1824 	1574
f 1463 	1488 	1609
f 1588 	1566 	1598
f 1599 	1588 	1598
f 1604 	1878 	1611
f 497 	513 	208
f 1598 	1633 	1599
f 1610 	1878 	1612
f 1614 	1609 	1488
f 1615 	1589 	1613
f 1681 	1627 	1548
f 1548 	1627 	1549
f 869 	1596 	1606
f 3687 	1549 	1617
f 1984 	1846 	1547
f 1619 	3687 	1617
f 1624 	3687 	1619
f 1583 	3687 	1586
f 1624 	1626 	1622
f 1735 	1609 	1745
f 1554 	1619 	1617
f 1554 	1617 	1549
f 852 	869 	1606
f 1609 	1727 	1518
f 1624 	1619 	1554
f 1636 	1528 	1616
f 1528 	1544 	1616
f 1631 	1621 	1620
f 1671 	1621 	1631
f 1487 	855 	1625
f 83 	98 	1628
f 1586 	1622 	1626
f 855 	1737 	1625
f 98 	1629 	1628
f 1928 	1927 	1632
f 1743 	1625 	1741
f 1740 	1741 	1625
f 1629 	98 	207
f 1614 	1625 	1743
f 1798 	4100 	1473
f 1631 	1635 	1632
f 1743 	1745 	1614
f 1609 	1614 	1745
f 1637 	1508 	1638
f 1623 	377 	352
f 377 	1623 	1772
f 1646 	1568 	1569
f 1569 	1628 	1646
f 1668 	1644 	1641
f 1637 	1638 	1620
f 1638 	1653 	1620
f 1637 	1620 	1639
f 1640 	1620 	1642
f 1639 	1620 	1640
f 1642 	1620 	1645
f 1631 	1650 	1635
f 1652 	1653 	1651
f 1646 	1559 	1568
f 1661 	1628 	1629
f 1638 	1508 	1653
f 285 	445 	1649
f 1647 	1695 	1696
f 1628 	1661 	1646
f 1646 	1658 	1559
f 769 	1402 	1655
f 1659 	1660 	1645
f 1660 	1515 	1645
f 1653 	1652 	1620
f 1631 	1620 	1652
f 1662 	1655 	1654
f 1659 	1645 	1620
f 1646 	1661 	1658
f 1657 	1613 	1589
f 1603 	1602 	1648
f 1661 	1643 	1658
f 1662 	821 	1655
f 785 	1655 	821
f 608 	1618 	600
f 1595 	1461 	1592
f 1651 	1650 	1652
f 1631 	1652 	1650
f 1591 	1590 	1648
f 600 	1618 	1616
f 1664 	1655 	1402
f 1481 	1480 	1461
f 1655 	1664 	1654
f 1665 	1666 	1515
f 1666 	2282 	1515
f 1591 	1648 	1595
f 1461 	1595 	1648
f 1626 	1630 	1598
f 1507 	1667 	1651
f 1507 	1651 	1653
f 1616 	1618 	1636
f 1583 	1586 	1626
f 1565 	1583 	1598
f 1507 	1653 	1508
f 1639 	1513 	1637
f 1694 	608 	1668
f 1633 	1598 	1630
f 1695 	1647 	1657
f 1640 	1510 	1639
f 1664 	1402 	2153
f 1515 	1510 	1642
f 1483 	1559 	1658
f 1633 	1648 	1602
f 1402 	1410 	2153
f 1633 	1602 	1601
f 1665 	1515 	1660
f 1642 	1645 	1515
f 1660 	2210 	1665
f 1601 	1600 	1633
f 1600 	1599 	1633
f 1928 	1632 	1667
f 1632 	1635 	1667
f 1650 	1667 	1635
f 1651 	1667 	1650
f 821 	1662 	1669
f 1672 	1654 	1664
f 1627 	1626 	1554
f 1626 	1624 	1554
f 1673 	1797 	2207
f 1573 	2194 	1674
f 1675 	1654 	1672
f 1675 	1662 	1654
f 1554 	1549 	1627
f 1681 	1738 	1627
f 1675 	1678 	1679
f 1589 	1573 	1674
f 1657 	1589 	1674
f 1675 	1680 	1678
f 1680 	1733 	1678
f 1671 	1770 	1670
f 1685 	3804 	1697
f 1662 	1675 	1679
f 1669 	1662 	1679
f 1691 	1739 	3687
f 1548 	3687 	1681
f 1549 	3687 	1548
f 1675 	1672 	1753
f 1674 	3931 	1657
f 1675 	1753 	1683
f 1688 	3804 	1685
f 1686 	1688 	1685
f 1687 	1688 	1686
f 1739 	1738 	3687
f 1770 	1808 	1676
f 1685 	1682 	1686
f 1644 	1668 	1649
f 1686 	1682 	1687
f 1692 	1677 	1676
f 1618 	608 	1694
f 1668 	1698 	1694
f 1685 	1697 	1682
f 746 	1702 	1701
f 1698 	1618 	1694
f 1692 	4021 	1677
f 1710 	3804 	1723
f 3931 	1695 	1657
f 1702 	1703 	1700
f 1700 	1701 	1702
f 1711 	3804 	1710
f 1649 	298 	285
f 608 	602 	1708
f 1401 	2050 	2051
f 1706 	1709 	1697
f 602 	298 	1708
f 1689 	1683 	1690
f 1705 	1704 	1764
f 1708 	1668 	608
f 1690 	1683 	1693
f 1693 	1683 	1704
f 1649 	1708 	298
f 1683 	1764 	1704
f 1682 	1697 	1709
f 1705 	1764 	1707
f 1647 	1696 	1684
f 1706 	3804 	1711
f 1675 	1683 	1680
f 1709 	1711 	1710
f 1649 	1668 	1708
f 1697 	3804 	1706
f 1698 	1668 	1641
f 1711 	1709 	1706
f 1690 	1518 	1689
f 1727 	1712 	1518
f 1712 	1689 	1518
f 742 	2265 	1713
f 1719 	3144 	1718
f 1718 	3144 	1716
f 1713 	1717 	1720
f 1641 	1636 	1618
f 1618 	1698 	1641
f 1723 	3804 	1722
f 1724 	1536 	1707
f 1710 	1723 	1709
f 1579 	1859 	1581
f 1609 	1726 	1727
f 1709 	1723 	1722
f 1799 	1729 	1744
f 1718 	1749 	1719
f 827 	742 	1713
f 827 	1713 	819
f 3347 	1749 	1715
f 1735 	1733 	1609
f 1718 	1716 	1749
f 1733 	1726 	1609
f 1721 	1730 	1729
f 1728 	1721 	1729
f 1681 	3687 	1738
f 1739 	1769 	1738
f 1740 	1625 	1737
f 1687 	1742 	1688
f 277 	276 	1859
f 1692 	1703 	4021
f 2253 	2218 	1730
f 1702 	4021 	1703
f 1730 	1744 	1729
f 1742 	1682 	1709
f 1724 	1707 	1764
f 1772 	372 	377
f 819 	1713 	1720
f 1726 	1683 	1727
f 1689 	1712 	1683
f 1721 	1714 	1924
f 1742 	1709 	1747
f 1748 	1670 	1676
f 1748 	1671 	1670
f 1739 	1691 	1742
f 1727 	1683 	1712
f 1748 	1676 	1677
f 1683 	1733 	1680
f 1679 	1678 	1733
f 1733 	1683 	1726
f 1733 	1735 	1679
f 1759 	373 	372
f 1742 	1687 	1682
f 1736 	863 	1669
f 1737 	1736 	1669
f 1740 	1737 	1669
f 1740 	1669 	1741
f 1679 	1745 	1669
f 1741 	1669 	1743
f 1743 	1669 	1745
f 1745 	1679 	1735
f 1768 	1753 	1751
f 1753 	1672 	1751
f 1752 	1701 	1700
f 1700 	1703 	1752
f 1692 	1752 	1703
f 1749 	1747 	1709
f 1621 	1671 	1748
f 1709 	1722 	1749
f 1722 	1719 	1749
f 1754 	1621 	1748
f 1755 	1751 	1672
f 3383 	3347 	1715
f 1757 	1699 	398
f 1770 	1676 	1670
f 1810 	1676 	1812
f 1755 	1663 	2187
f 2766 	1746 	1506
f 1720 	1717 	1758
f 1755 	1672 	1664
f 2295 	1747 	1749
f 1725 	1720 	1758
f 1755 	1664 	1663
f 2655 	1754 	1748
f 1758 	1760 	1725
f 1692 	1761 	1752
f 1760 	1758 	1762
f 2295 	1749 	2283
f 1760 	1762 	1763
f 1683 	1753 	1764
f 1760 	1763 	1765
f 1739 	1742 	1769
f 398 	373 	1756
f 1916 	3425 	1922
f 1691 	1688 	1742
f 1631 	1927 	1671
f 373 	1759 	1756
f 1769 	1627 	1738
f 1360 	1774 	1773
f 507 	1774 	1360
f 1862 	3454 	1903
f 1781 	1767 	1768
f 1771 	3444 	1916
f 1807 	1777 	1845
f 1768 	1751 	1781
f 1767 	1781 	2186
f 1732 	1859 	1579
f 1774 	507 	571
f 571 	1230 	1774
f 1780 	1766 	1934
f 1781 	1751 	1755
f 1759 	372 	1772
f 1778 	1788 	1775
f 1853 	1773 	1779
f 1775 	1788 	1782
f 1579 	1636 	1732
f 1838 	1766 	1818
f 1774 	1230 	1773
f 1780 	1819 	1766
f 1791 	268 	271
f 1768 	1784 	1786
f 1787 	345 	1316
f 1579 	1528 	1636
f 1778 	1906 	1910
f 1753 	1768 	1786
f 1753 	1786 	1764
f 1230 	1314 	1785
f 1316 	1816 	1787
f 1768 	1789 	1784
f 1230 	1785 	1779
f 1408 	261 	1791
f 1767 	2032 	1768
f 1791 	261 	268
f 1768 	1792 	1789
f 1773 	1230 	1779
f 1787 	1772 	1623
f 1791 	271 	1794
f 2039 	2016 	1768
f 1827 	1825 	1790
f 1790 	1783 	1827
f 1831 	1827 	1783
f 1773 	1577 	1582
f 1714 	1833 	1783
f 1773 	1582 	1445
f 1773 	1445 	1388
f 1332 	1805 	1316
f 2067 	1551 	1796
f 271 	279 	1794
f 1804 	1779 	1785
f 1798 	279 	286
f 1793 	1796 	1795
f 1787 	1623 	345
f 1785 	1314 	1315
f 1830 	1794 	279
f 1768 	1793 	1792
f 1787 	1802 	1803
f 1803 	1856 	1787
f 1806 	1316 	1805
f 1816 	1316 	1806
f 1831 	1833 	1799
f 1825 	1827 	1799
f 1804 	1785 	1315
f 1807 	1808 	1776
f 1776 	1777 	1807
f 1814 	1809 	1551
f 1796 	1551 	1795
f 1795 	1551 	1809
f 1810 	1812 	1813
f 1787 	1811 	1802
f 1725 	1788 	1778
f 1799 	1817 	1818
f 1819 	1799 	1818
f 1825 	1799 	1819
f 1814 	1551 	1821
f 1829 	1821 	1551
f 1811 	1787 	1816
f 1551 	1542 	1829
f 1801 	1800 	1358
f 1880 	1756 	1759
f 1801 	1338 	1820
f 1500 	1794 	1830
f 1801 	1358 	1342
f 1827 	1831 	1799
f 1801 	1342 	1338
f 1822 	1536 	1724
f 1780 	1825 	1819
f 1345 	1358 	1800
f 1830 	1472 	1500
f 1826 	1574 	1824
f 1473 	1472 	1798
f 819 	1778 	1919
f 1780 	1790 	1825
f 1830 	279 	1798
f 1833 	1834 	1799
f 1834 	1728 	1799
f 819 	1720 	1778
f 1728 	1729 	1799
f 1820 	1338 	1339
f 1809 	1793 	1795
f 1830 	1798 	1472
f 1831 	1783 	1833
f 1789 	1814 	1784
f 1792 	1814 	1789
f 1793 	1814 	1792
f 3123 	1922 	3419
f 3418 	3419 	1922
f 1809 	1814 	1793
f 1786 	1784 	1814
f 1833 	1714 	1834
f 1721 	1834 	1714
f 1721 	1728 	1834
f 3418 	1922 	3425
f 1820 	1339 	1419
f 1814 	1821 	1786
f 1822 	1724 	1764
f 1823 	1822 	1764
f 1824 	1764 	1826
f 1823 	1764 	1824
f 1786 	1826 	1764
f 1812 	1815 	1813
f 3435 	3436 	1570
f 1843 	3472 	1570
f 1826 	1786 	1828
f 1828 	1786 	1829
f 1829 	1786 	1821
f 1845 	1547 	1846
f 1844 	1845 	1846
f 1725 	1778 	1720
f 1547 	1845 	1777
f 1847 	1066 	1545
f 1800 	1804 	1345
f 1838 	1914 	1836
f 1788 	1725 	1760
f 1799 	1797 	1870
f 1572 	3488 	1832
f 3470 	1832 	3488
f 1850 	1647 	1684
f 1870 	1851 	1817
f 1870 	1817 	1799
f 1850 	1684 	1930
f 1864 	1915 	1838
f 1818 	1817 	1838
f 1851 	1838 	1817
f 1819 	1818 	1766
f 3488 	1572 	3475
f 1570 	3475 	1572
f 1804 	1315 	1345
f 1759 	1772 	1880
f 1804 	1853 	1779
f 1772 	1787 	1856
f 1855 	1852 	1261
f 1839 	1835 	1840
f 1772 	1856 	1857
f 3565 	1858 	1860
f 1581 	1859 	1584
f 1800 	1853 	1804
f 1841 	1840 	1859
f 1845 	1676 	1807
f 1861 	1853 	1800
f 1858 	3452 	1862
f 1800 	1801 	1861
f 1852 	2087 	1849
f 1912 	1836 	1914
f 3460 	1903 	3454
f 1863 	1855 	1387
f 1870 	1864 	1851
f 1812 	1676 	1815
f 1808 	1807 	1676
f 1692 	1676 	1810
f 1850 	2264 	1647
f 1851 	1864 	1838
f 1845 	1844 	1676
f 1815 	1676 	1844
f 1673 	885 	1866
f 1863 	1387 	1385
f 1777 	1776 	1867
f 1801 	1820 	1861
f 1854 	1775 	1782
f 1808 	1867 	1776
f 1770 	1867 	1808
f 1861 	2043 	1853
f 1866 	1869 	1870
f 1848 	1863 	1385
f 2081 	1863 	1848
f 1869 	1874 	1915
f 2081 	2082 	1863
f 2064 	2059 	1852
f 1772 	1857 	1872
f 1772 	1872 	1873
f 1772 	1873 	1880
f 1813 	1761 	1810
f 2085 	1852 	1855
f 1820 	1895 	1861
f 1692 	1810 	1761
f 1844 	1846 	1815
f 1551 	2067 	1546
f 1813 	1815 	1846
f 1761 	1813 	1846
f 1896 	1894 	1671
f 1866 	1874 	1869
f 1770 	1875 	1867
f 1871 	2310 	2305
f 277 	1859 	1840
f 1848 	1847 	2078
f 1842 	2038 	1861
f 1756 	1878 	1757
f 2078 	2081 	1848
f 1861 	2038 	2043
f 1855 	1863 	2082
f 304 	1835 	444
f 1840 	1835 	304
f 304 	444 	417
f 2082 	2085 	1855
f 1871 	1876 	2310
f 1890 	1889 	1671
f 1883 	1336 	1318
f 1770 	1885 	1875
f 1607 	1756 	1886
f 1886 	1756 	1884
f 1880 	1892 	1756
f 1883 	1328 	1336
f 1467 	1483 	1881
f 1658 	1881 	1483
f 1887 	1888 	1880
f 1658 	1643 	1881
f 1538 	1891 	1890
f 1889 	1890 	1891
f 1889 	1891 	1893
f 1888 	1892 	1880
f 2205 	1881 	1643
f 1782 	1788 	1760
f 1873 	1887 	1880
f 1884 	1756 	1892
f 1898 	1920 	1504
f 1882 	2094 	1883
f 1854 	1782 	1760
f 201 	196 	1899
f 1840 	304 	277
f 1854 	1760 	1765
f 203 	202 	1899
f 1882 	1391 	1849
f 1850 	1854 	1765
f 1935 	1895 	1897
f 1866 	1900 	1874
f 276 	267 	1859
f 2264 	1850 	1765
f 1842 	1895 	1911
f 267 	1584 	1859
f 1866 	1401 	1901
f 1861 	1895 	1842
f 1882 	1397 	1391
f 1866 	754 	1401
f 1841 	1636 	1641
f 1328 	1883 	1902
f 1771 	1903 	3460
f 1866 	1901 	1900
f 1905 	1328 	1902
f 1778 	1775 	1906
f 1757 	1878 	1604
f 1835 	1904 	445
f 1835 	445 	444
f 1839 	1904 	1835
f 1610 	1611 	1878
f 1905 	1907 	1405
f 1840 	1841 	1904
f 1904 	1839 	1840
f 1895 	1820 	1419
f 1909 	1912 	1901
f 1912 	1914 	1901
f 1914 	1915 	1901
f 1900 	1915 	1874
f 1901 	1915 	1900
f 1641 	1644 	1904
f 1905 	1405 	1328
f 1908 	1865 	1909
f 1897 	1895 	1419
f 1841 	1641 	1904
f 1673 	1866 	1797
f 2090 	1849 	2087
f 1870 	1869 	1915
f 1849 	2090 	1882
f 2092 	2094 	1882
f 1904 	1644 	1649
f 1865 	1836 	1909
f 445 	1904 	1649
f 1902 	1883 	2096
f 2094 	2096 	1883
f 1419 	1517 	1897
f 1841 	1859 	1732
f 1771 	1916 	1903
f 1897 	1517 	1913
f 1841 	1732 	1636
f 1866 	1870 	1797
f 1912 	1909 	1836
f 1517 	1499 	1913
f 1864 	1870 	1915
f 4137 	4138 	1910
f 1914 	1838 	1915
f 1889 	1893 	1918
f 1919 	1910 	4138
f 1919 	1778 	1910
f 1499 	1461 	1917
f 398 	1756 	1757
f 1993 	1139 	1938
f 1142 	1938 	1139
f 1923 	2296 	1921
f 1923 	1921 	1939
f 3758 	819 	1919
f 1594 	917 	1922
f 1925 	1923 	1939
f 1920 	1927 	1928
f 2032 	1923 	1925
f 2296 	1923 	1767
f 1889 	1918 	1671
f 1770 	1671 	1918
f 1932 	1933 	1925
f 1766 	1838 	1931
f 1894 	1890 	1671
f 1931 	1934 	1766
f 1896 	1671 	1898
f 1935 	1911 	1895
f 1898 	1671 	1920
f 1913 	1935 	1897
f 1783 	1790 	1936
f 1938 	1142 	1937
f 1142 	1940 	1937
f 1940 	1944 	1937
f 1935 	1913 	1929
f 1939 	1941 	1925
f 1944 	1940 	1942
f 1946 	1937 	1944
f 1947 	1937 	1946
f 1950 	1937 	1947
f 2173 	1942 	1940
f 1612 	1878 	1756
f 1932 	1925 	1941
f 2172 	2180 	1944
f 1850 	1930 	1926
f 1607 	1608 	1756
f 1612 	1756 	1608
f 1854 	1850 	1926
f 1950 	1989 	1937
f 1938 	1937 	1989
f 1671 	1927 	1920
f 1939 	1949 	1941
f 1893 	1891 	1918
f 1891 	1885 	1918
f 1770 	1918 	1885
f 1954 	1955 	1956
f 1631 	1632 	1927
f 1957 	1958 	1951
f 1961 	1954 	1959
f 1962 	1951 	1963
f 1961 	1955 	1954
f 1913 	1499 	1960
f 1963 	1951 	1958
f 1507 	1504 	1920
f 1951 	1965 	1957
f 1920 	1928 	1507
f 1951 	1966 	1965
f 1968 	1891 	1538
f 1968 	1538 	1547
f 1951 	1969 	1966
f 1951 	1970 	1969
f 1894 	1534 	1890
f 1499 	1917 	1960
f 1954 	1956 	1971
f 1951 	1974 	1972
f 1951 	1972 	1970
f 1995 	1978 	1967
f 1917 	1953 	1960
f 1667 	1507 	1928
f 1953 	2095 	2100
f 1975 	1951 	1962
f 1968 	1547 	1973
f 1951 	1975 	1974
f 1977 	746 	1701
f 1929 	1913 	1960
f 1980 	1525 	1979
f 1865 	2759 	1836
f 1962 	1963 	1976
f 1963 	1958 	1976
f 1958 	1957 	1976
f 1949 	1939 	1957
f 1990 	1967 	1978
f 1947 	2230 	3401
f 1957 	1965 	1949
f 1985 	1952 	1945
f 472 	2015 	2033
f 1987 	1949 	1965
f 1777 	1867 	1973
f 1867 	1885 	1973
f 1968 	1973 	1885
f 1875 	1885 	1867
f 1891 	1968 	1885
f 1965 	1966 	1987
f 1966 	1969 	1987
f 1969 	1970 	1987
f 1952 	1943 	1945
f 1945 	1964 	1985
f 1987 	1970 	1972
f 2172 	1944 	1942
f 1990 	1986 	1964
f 1986 	1985 	1964
f 1701 	1752 	1977
f 1752 	1761 	1977
f 1989 	2000 	1938
f 2000 	2004 	1938
f 1979 	1761 	1980
f 1977 	1761 	1979
f 1990 	1964 	1967
f 1989 	1950 	3401
f 1950 	1947 	3401
f 1980 	1761 	1982
f 1991 	1988 	1992
f 1974 	1987 	1972
f 1982 	1761 	1983
f 1984 	1983 	1846
f 1975 	1962 	1974
f 1761 	1846 	1983
f 1994 	1992 	1997
f 1962 	1976 	1974
f 1996 	2002 	1995
f 1953 	1929 	1960
f 2017 	1991 	1992
f 1987 	1974 	1976
f 1994 	1997 	1999
f 1993 	1938 	2004
f 1976 	1957 	1939
f 2001 	1994 	1999
f 3401 	2000 	1989
f 2062 	472 	2033
f 1439 	2001 	1999
f 2065 	1935 	1929
f 1978 	1995 	2002
f 2004 	2028 	1993
f 1439 	1999 	1440
f 2003 	1987 	1976
f 2018 	2011 	2006
f 1647 	2264 	1991
f 1629 	2008 	1661
f 1976 	3062 	2003
f 1996 	2005 	2002
f 2009 	1661 	2008
f 2690 	1924 	1714
f 3063 	3072 	1976
f 2006 	2011 	2005
f 2091 	439 	455
f 2012 	2013 	2014
f 2002 	2005 	2011
f 2014 	2013 	2016
f 2013 	2019 	2016
f 2017 	1992 	1994
f 207 	2008 	1629
f 2013 	2020 	2019
f 2710 	1783 	1936
f 2013 	2021 	2020
f 2013 	2022 	2021
f 207 	453 	2008
f 2013 	2023 	2022
f 2013 	2024 	2023
f 2013 	2025 	2024
f 1024 	1139 	2007
f 2013 	2012 	2027
f 1993 	2028 	2029
f 2035 	2007 	2029
f 2040 	2007 	2035
f 2013 	2027 	2025
f 2009 	1643 	1661
f 2006 	2030 	2018
f 2030 	2026 	2034
f 2029 	2028 	2031
f 2708 	1936 	1790
f 2026 	2044 	2034
f 2690 	1714 	2710
f 2052 	2007 	2040
f 2057 	2007 	2052
f 1934 	2719 	1780
f 2035 	2029 	2037
f 2032 	1767 	1923
f 2034 	2018 	2030
f 2031 	2037 	2029
f 2015 	2062 	2033
f 2038 	214 	219
f 2024 	2025 	2046
f 2027 	2012 	2039
f 2012 	2014 	2039
f 2014 	2016 	2039
f 1793 	1768 	2016
f 2041 	2066 	214
f 2041 	214 	2038
f 2016 	2019 	1793
f 2020 	2042 	2019
f 2036 	2034 	2044
f 2043 	2038 	219
f 1793 	2019 	2042
f 2040 	2035 	2053
f 2020 	2021 	2042
f 2021 	2022 	2042
f 88 	2043 	219
f 529 	539 	2045
f 2046 	2042 	2022
f 1931 	1838 	2707
f 2046 	2022 	2023
f 2023 	2024 	2046
f 2039 	2046 	2025
f 979 	805 	2010
f 1842 	1911 	2041
f 810 	2047 	2048
f 482 	1699 	2015
f 2048 	812 	810
f 2041 	2038 	1842
f 2171 	2062 	2015
f 2027 	2039 	2025
f 1699 	1757 	2015
f 1401 	2051 	1901
f 1993 	2029 	2007
f 2057 	2079 	2007
f 2039 	1925 	1933
f 2039 	1933 	2046
f 1901 	2051 	1909
f 1908 	1909 	2051
f 1908 	2051 	2055
f 2050 	2054 	2051
f 2055 	2051 	2054
f 2049 	2084 	2050
f 1853 	2043 	1577
f 1768 	2032 	1925
f 1908 	2055 	1865
f 1768 	1925 	2039
f 2052 	2040 	2053
f 2054 	2056 	2055
f 1865 	2055 	2056
f 1773 	1853 	1577
f 2037 	2053 	2035
f 2049 	2110 	2083
f 2054 	2050 	2060
f 2061 	1852 	2059
f 2058 	456 	230
f 2058 	230 	2065
f 2054 	2060 	2063
f 2054 	2063 	2056
f 2065 	230 	2066
f 2060 	2050 	2068
f 214 	2066 	230
f 1464 	2072 	954
f 2065 	1929 	2058
f 2069 	2063 	2068
f 2060 	2068 	2063
f 2072 	1038 	954
f 2068 	2050 	2075
f 2053 	2057 	2052
f 2066 	1935 	2065
f 2007 	2079 	2080
f 1847 	2074 	2078
f 2062 	2120 	2109
f 1935 	2066 	1911
f 2072 	2076 	1038
f 1051 	1041 	2076
f 2077 	2069 	2075
f 2068 	2075 	2069
f 1911 	2066 	2041
f 2075 	2050 	2084
f 2076 	1981 	1051
f 1852 	2085 	2064
f 2171 	2088 	2062
f 2084 	2083 	2086
f 1461 	2095 	1917
f 1953 	1917 	2095
f 2104 	2124 	2062
f 1852 	2061 	2087
f 1648 	2095 	1461
f 2092 	1882 	2090
f 2086 	2077 	2084
f 2075 	2084 	2077
f 1902 	2096 	2097
f 2097 	2098 	1905
f 2097 	1905 	1902
f 2098 	2099 	1905
f 1573 	1571 	2193
f 2109 	2131 	2062
f 2194 	1573 	2193
f 2062 	2131 	2071
f 1907 	1905 	2101
f 2099 	2101 	1905
f 2101 	2102 	1907
f 2089 	2104 	2062
f 2100 	2095 	2093
f 1657 	1647 	1991
f 2100 	2093 	2119
f 1991 	2017 	1657
f 1929 	1953 	2100
f 1615 	1613 	1994
f 2111 	2113 	2109
f 1932 	1941 	2064
f 2064 	2085 	1933
f 2455 	2048 	2047
f 1613 	1657 	2017
f 2084 	2049 	2083
f 2116 	2112 	2121
f 2116 	2083 	2110
f 2110 	2112 	2116
f 2136 	2160 	2112
f 2113 	2117 	2109
f 1796 	1793 	2067
f 2042 	2067 	1793
f 2093 	1648 	1633
f 1994 	1613 	2017
f 2083 	2116 	2086
f 2067 	2042 	2070
f 982 	2118 	2047
f 2095 	1648 	2093
f 2070 	2042 	2073
f 2046 	2074 	2042
f 1615 	1994 	1573
f 2111 	2109 	2120
f 2073 	2042 	2074
f 1933 	2085 	2046
f 2122 	2131 	2117
f 2119 	2093 	1633
f 2074 	2046 	2078
f 1932 	2064 	1933
f 2116 	2121 	2123
f 2116 	2123 	2086
f 2071 	2131 	2091
f 1439 	1210 	1573
f 2078 	2046 	2081
f 2120 	2062 	2124
f 2121 	2112 	2125
f 2081 	2046 	2082
f 2123 	2121 	2126
f 2082 	2046 	2085
f 1439 	1573 	2001
f 2125 	2126 	2121
f 2139 	2155 	2129
f 2125 	2112 	2127
f 2165 	2160 	2136
f 2010 	2118 	979
f 2125 	2127 	2126
f 2128 	2108 	2140
f 2130 	2126 	2127
f 2119 	1633 	2114
f 1630 	2114 	1633
f 2131 	2137 	2138
f 1627 	2133 	2132
f 2159 	2135 	1041
f 2059 	2064 	1941
f 2090 	2087 	1941
f 2061 	2059 	1941
f 1941 	1949 	2090
f 2137 	2131 	2122
f 2109 	2117 	2131
f 1943 	1952 	2140
f 2128 	2140 	1952
f 1038 	1041 	2135
f 2087 	2061 	1941
f 2132 	1626 	1627
f 2090 	1949 	2092
f 1987 	2097 	1949
f 2092 	1949 	2094
f 2138 	2141 	2131
f 1626 	2132 	2115
f 1067 	2135 	2159
f 2094 	1949 	2096
f 2097 	2096 	1949
f 2131 	2141 	2143
f 2131 	2143 	2091
f 2155 	2156 	2129
f 2362 	2139 	2129
f 2098 	1987 	2099
f 2097 	1987 	2098
f 1067 	1076 	2135
f 2115 	1630 	1626
f 2091 	2143 	2145
f 2091 	2145 	2146
f 2048 	2457 	2134
f 1505 	954 	2135
f 1630 	2115 	2114
f 2099 	1987 	2101
f 2106 	2105 	2003
f 2101 	1987 	2102
f 2102 	1987 	2105
f 2148 	2091 	2147
f 2091 	2146 	2147
f 1987 	2003 	2105
f 2140 	2108 	2152
f 2071 	472 	2062
f 1410 	1467 	2153
f 455 	2071 	2091
f 2127 	2112 	2149
f 2156 	2157 	2129
f 2157 	2174 	2129
f 2154 	1663 	1664
f 472 	2071 	455
f 2154 	1664 	2153
f 1467 	1881 	2153
f 2149 	2130 	2127
f 2134 	2423 	18
f 2425 	18 	2423
f 2427 	2428 	7
f 1051 	2150 	2159
f 2149 	2112 	2160
f 2136 	2158 	2164
f 1049 	1051 	2159
f 7 	18 	2427
f 1881 	2161 	2153
f 1142 	3914 	2173
f 2149 	2160 	2130
f 1087 	1088 	2159
f 2173 	2103 	2175
f 2163 	2130 	2160
f 1998 	880 	802
f 1881 	2205 	2161
f 2159 	2150 	1087
f 2165 	2136 	2164
f 1605 	1948 	1757
f 1948 	2168 	1757
f 2169 	2166 	1003
f 2165 	2164 	2167
f 3249 	2167 	2164
f 802 	864 	2166
f 2170 	1757 	2168
f 2155 	2139 	2162
f 2144 	2162 	2139
f 2167 	2163 	2165
f 2160 	2165 	2163
f 2088 	2089 	2062
f 776 	2169 	1003
f 2171 	2015 	1757
f 2170 	2171 	1757
f 2155 	2162 	2156
f 2172 	2156 	2162
f 2205 	2204 	2161
f 776 	1471 	2169
f 1998 	802 	2166
f 2103 	2129 	2174
f 2174 	2175 	2103
f 2175 	1942 	2173
f 290 	1561 	1524
f 290 	1524 	1523
f 2178 	2154 	2153
f 2178 	2153 	2161
f 1523 	1531 	290
f 1526 	1527 	290
f 1540 	290 	1541
f 2181 	2151 	2152
f 1526 	290 	1531
f 2181 	2142 	2151
f 2181 	2152 	2108
f 1556 	1555 	290
f 1781 	1755 	2186
f 1556 	290 	1171
f 2226 	1088 	1087
f 2177 	2441 	2179
f 2189 	2188 	2184
f 2183 	2184 	2188
f 2188 	2185 	2183
f 896 	2183 	2185
f 2186 	1755 	2187
f 1087 	1161 	2201
f 2444 	2010 	2442
f 1555 	1558 	290
f 2201 	2176 	1087
f 1663 	2154 	2187
f 2182 	2288 	2177
f 1558 	1563 	290
f 1562 	1561 	290
f 2301 	2186 	2191
f 1562 	290 	1563
f 2189 	2184 	2142
f 880 	1998 	2182
f 2187 	2191 	2186
f 2274 	1471 	2273
f 2151 	2142 	2184
f 1178 	1177 	9
f 1471 	2274 	2169
f 2275 	2169 	2274
f 2277 	2166 	2275
f 2169 	2275 	2166
f 1173 	9 	1185
f 2167 	2190 	2163
f 2044 	2045 	2036
f 1185 	9 	1186
f 1177 	1181 	9
f 1190 	9 	1193
f 1190 	1186 	9
f 2166 	2277 	1998
f 2759 	1865 	2056
f 2187 	2178 	2191
f 1193 	9 	1181
f 2187 	2154 	2178
f 1535 	1571 	1223
f 2284 	2286 	2182
f 2284 	2182 	1998
f 2286 	2288 	2182
f 539 	2036 	2045
f 547 	539 	529
f 9 	4001 	1178
f 1175 	1178 	4001
f 2179 	2010 	1012
f 2191 	2178 	2198
f 895 	1012 	2010
f 2179 	2442 	2010
f 529 	2261 	547
f 2010 	805 	895
f 1303 	1301 	4001
f 1535 	2193 	1571
f 1176 	1175 	4001
f 1301 	1176 	4001
f 2126 	2130 	2196
f 1349 	1351 	4001
f 902 	980 	953
f 2118 	2010 	2448
f 2446 	2448 	2010
f 901 	902 	953
f 2047 	2118 	2451
f 2448 	2451 	2118
f 1303 	4001 	1306
f 2197 	2195 	2009
f 953 	896 	901
f 905 	901 	896
f 896 	2185 	905
f 2009 	2008 	2197
f 1351 	1353 	4001
f 4001 	1321 	1306
f 453 	2242 	2195
f 1349 	4001 	1350
f 1380 	4001 	1381
f 4030 	4013 	2194
f 1321 	4001 	1340
f 1379 	970 	973
f 981 	973 	970
f 1353 	1361 	4001
f 1340 	4001 	1343
f 1343 	4001 	1346
f 2009 	2195 	2200
f 2199 	2203 	2202
f 1346 	4001 	1361
f 970 	953 	980
f 980 	981 	970
f 2202 	1620 	1621
f 1350 	4001 	1382
f 1382 	4001 	1380
f 2198 	2204 	2200
f 1424 	1379 	973
f 1620 	2202 	2203
f 1424 	1423 	1421
f 1363 	156 	1329
f 2208 	1332 	156
f 1364 	156 	1363
f 1381 	156 	1364
f 1329 	156 	1330
f 1330 	156 	1332
f 2009 	2205 	1643
f 1421 	1423 	1443
f 2204 	2205 	2009
f 1620 	2203 	2206
f 1421 	1379 	1424
f 1659 	1620 	2206
f 1805 	1332 	2208
f 2202 	2298 	2199
f 1872 	1857 	495
f 1946 	1944 	2180
f 2209 	2226 	1147
f 2202 	2803 	2298
f 1147 	1109 	2209
f 1802 	495 	1803
f 2208 	495 	1811
f 2246 	1797 	1799
f 1659 	2206 	2210
f 1660 	1659 	2210
f 1811 	495 	1802
f 1811 	1816 	2208
f 2208 	1806 	1805
f 1109 	1126 	2209
f 1806 	2208 	1816
f 2235 	2238 	2253
f 1799 	1744 	2246
f 1803 	495 	1856
f 1857 	1856 	495
f 2218 	2246 	1744
f 2206 	2213 	2210
f 2100 	2211 	2214
f 1607 	495 	1608
f 2100 	2214 	1929
f 1608 	495 	1612
f 2216 	2227 	2219
f 1888 	1887 	495
f 1611 	1610 	495
f 2253 	1730 	3980
f 2228 	2220 	2219
f 2215 	2203 	2199
f 1744 	1730 	2218
f 1872 	495 	1873
f 2222 	2211 	2114
f 2223 	2224 	2225
f 2217 	2223 	2216
f 2224 	2223 	2217
f 2227 	2216 	2223
f 1610 	1612 	495
f 2228 	2219 	2227
f 2222 	2114 	2115
f 2211 	2100 	2119
f 1884 	495 	1886
f 1892 	495 	1884
f 1888 	495 	1892
f 2180 	2230 	1946
f 1999 	1464 	1440
f 2314 	2300 	2212
f 1873 	495 	1887
f 1947 	1946 	2230
f 2211 	2119 	2114
f 1464 	1421 	1443
f 1886 	495 	1607
f 1443 	1440 	1464
f 2228 	2229 	2220
f 1611 	374 	1604
f 2229 	2231 	2221
f 2229 	2221 	2220
f 1604 	374 	1605
f 1605 	374 	1948
f 1942 	2175 	2172
f 2115 	2132 	2222
f 1750 	1758 	1717
f 1948 	374 	2168
f 2132 	2133 	2222
f 2172 	2175 	2174
f 2168 	374 	2170
f 2089 	2088 	374
f 2226 	2176 	2232
f 2215 	2231 	2203
f 2229 	2228 	2203
f 2124 	2104 	374
f 1762 	1758 	1750
f 2276 	1750 	1717
f 2223 	2225 	2203
f 2206 	2203 	2225
f 2172 	2174 	2157
f 2172 	2157 	2156
f 2201 	2232 	2176
f 2104 	2089 	374
f 2223 	2203 	2227
f 1750 	2251 	1762
f 3403 	3401 	2230
f 2227 	2203 	2228
f 2229 	2203 	2231
f 2088 	2171 	374
f 2170 	374 	2171
f 1763 	1762 	2251
f 2144 	2257 	2321
f 1087 	2176 	2226
f 2204 	2009 	2200
f 2144 	2321 	2162
f 2162 	2321 	2260
f 2233 	2235 	2236
f 2172 	2162 	2260
f 2233 	2207 	1797
f 2233 	2238 	2235
f 2161 	2204 	2198
f 2315 	2180 	2172
f 2161 	2198 	2178
f 2238 	2246 	2253
f 2124 	374 	2113
f 2111 	2124 	2113
f 1871 	2241 	2524
f 2206 	2225 	2213
f 2234 	2213 	2216
f 2113 	374 	2117
f 2216 	2219 	2234
f 2219 	2220 	2234
f 2120 	2124 	2111
f 2220 	2221 	2234
f 2231 	2234 	2221
f 1992 	1988 	1981
f 2247 	1981 	1988
f 2117 	374 	2122
f 2237 	2150 	1051
f 2233 	1797 	2246
f 2150 	2237 	2291
f 1992 	2076 	1997
f 2137 	374 	2138
f 2224 	2213 	2225
f 2217 	2213 	2224
f 2216 	2213 	2217
f 2122 	374 	2137
f 2237 	1051 	1981
f 2233 	2246 	2238
f 2200 	2195 	2242
f 2218 	2253 	2246
f 1464 	1999 	2072
f 1999 	1997 	2072
f 2076 	2072 	1997
f 1992 	1981 	2076
f 2237 	1981 	2247
f 2141 	374 	2143
f 2138 	374 	2141
f 2053 	2037 	2244
f 453 	2197 	2008
f 2249 	2237 	2247
f 453 	2195 	2197
f 3968 	3965 	2236
f 1763 	2251 	2248
f 2249 	2239 	2237
f 3631 	2037 	2031
f 2248 	2249 	2250
f 2251 	2240 	2239
f 2146 	3369 	2147
f 452 	2243 	2242
f 2239 	2249 	2251
f 453 	452 	2242
f 2250 	2247 	1988
f 3977 	3976 	2212
f 2243 	452 	2323
f 452 	464 	2323
f 2249 	2248 	2251
f 2247 	2250 	2249
f 1407 	1015 	1086
f 2253 	3980 	2236
f 2236 	2235 	2253
f 2268 	2242 	2243
f 2241 	2240 	2251
f 2200 	2242 	2268
f 547 	2261 	572
f 2215 	2234 	2231
f 2251 	1750 	2241
f 1750 	2524 	2241
f 1765 	1763 	2248
f 2258 	572 	2254
f 2254 	572 	2261
f 2299 	2356 	2215
f 2215 	2263 	2234
f 2264 	1765 	2248
f 1085 	2601 	2259
f 2222 	2133 	2328
f 2215 	2267 	2263
f 2264 	2248 	2250
f 2328 	2401 	2222
f 2255 	1085 	2259
f 2264 	2250 	1988
f 2254 	2269 	2258
f 1407 	1086 	2255
f 2264 	1988 	1991
f 2198 	2268 	2271
f 2200 	2268 	2198
f 2272 	2266 	2262
f 2266 	2270 	2262
f 2270 	2269 	2262
f 2254 	2262 	2269
f 2268 	2243 	2256
f 2268 	2256 	2271
f 2222 	2447 	2211
f 1717 	2265 	2276
f 2272 	2276 	2265
f 2266 	2272 	2265
f 2278 	2237 	2279
f 2277 	2280 	1998
f 2252 	2271 	2256
f 2252 	2192 	2271
f 2239 	2279 	2237
f 2284 	1998 	2280
f 2239 	2240 	2279
f 2192 	2191 	2271
f 2288 	2289 	2177
f 2191 	2198 	2271
f 2237 	2278 	2291
f 2273 	1515 	2282
f 2279 	2290 	2278
f 2058 	2452 	456
f 2316 	2230 	2180
f 2282 	2213 	2273
f 2274 	2273 	2213
f 2274 	2213 	2275
f 2316 	2292 	2230
f 2275 	2213 	2277
f 2234 	2277 	2213
f 2259 	2601 	2293
f 2277 	2234 	2280
f 1945 	1943 	2285
f 2280 	2234 	2284
f 2234 	2263 	2288
f 2267 	2288 	2263
f 1943 	2287 	2285
f 2284 	2234 	2286
f 1921 	2296 	2297
f 1945 	2285 	2281
f 2289 	2288 	2267
f 2286 	2234 	2288
f 1976 	1939 	2294
f 2279 	2307 	2290
f 1666 	1665 	2210
f 2210 	2213 	1666
f 2282 	1666 	2213
f 1939 	2297 	2294
f 1939 	1921 	2297
f 2186 	2296 	1767
f 2296 	2301 	2306
f 3982 	3977 	2300
f 2329 	2302 	2295
f 2297 	2296 	2306
f 2212 	2300 	3977
f 2296 	2186 	2301
f 1871 	2303 	2241
f 2304 	2415 	2281
f 2303 	2240 	2241
f 2285 	2304 	2281
f 2302 	1747 	2295
f 2192 	2301 	2191
f 2303 	2279 	2240
f 2307 	2303 	2305
f 2329 	2295 	2283
f 2298 	2299 	2199
f 2285 	2287 	2309
f 2303 	2307 	2279
f 2320 	2318 	2304
f 2294 	2297 	2311
f 1871 	2305 	2303
f 2304 	2285 	2309
f 2311 	2297 	2306
f 2304 	2309 	2320
f 1407 	2255 	2312
f 2294 	2311 	2313
f 2255 	2259 	2312
f 2309 	2317 	2320
f 2305 	2333 	2334
f 2315 	2172 	2260
f 3601 	2317 	2309
f 2305 	2334 	2307
f 2290 	2307 	2334
f 2180 	2315 	2316
f 2259 	2293 	2312
f 2310 	2333 	2305
f 3987 	2300 	2314
f 2291 	2278 	1161
f 2290 	1161 	2278
f 2192 	2252 	2301
f 1161 	1087 	2150
f 3716 	2321 	2257
f 2150 	2291 	1161
f 2326 	2201 	1161
f 633 	1407 	2345
f 2326 	1161 	2290
f 2318 	2322 	2319
f 733 	2324 	2327
f 2318 	2320 	2322
f 464 	2325 	2323
f 733 	2327 	3189
f 464 	2360 	2325
f 2290 	2334 	2326
f 2230 	2292 	3669
f 2243 	2323 	2347
f 2325 	2337 	2323
f 2345 	1407 	2312
f 2388 	2387 	2982
f 2359 	2388 	2982
f 3248 	633 	3261
f 2340 	2343 	2982
f 2341 	2340 	2982
f 2346 	245 	2332
f 2337 	2374 	2386
f 2336 	2337 	2386
f 2336 	2252 	2337
f 2310 	1971 	2333
f 2335 	2252 	2336
f 2339 	2322 	2338
f 2256 	2243 	2347
f 2342 	2322 	2339
f 262 	123 	2332
f 2332 	123 	2346
f 2256 	2347 	2252
f 2345 	3261 	633
f 123 	2373 	2346
f 2347 	2323 	2337
f 2343 	2344 	2982
f 2347 	2337 	2252
f 2330 	2302 	2329
f 2351 	2302 	2330
f 2353 	2350 	1021
f 2353 	2505 	2350
f 2452 	467 	456
f 245 	262 	2332
f 2335 	2306 	2301
f 1119 	2353 	1021
f 520 	2355 	519
f 3065 	2348 	2355
f 2301 	2252 	2335
f 1967 	1964 	2354
f 1964 	2349 	2354
f 520 	3065 	2355
f 2373 	2331 	2346
f 2356 	2299 	2331
f 2357 	2420 	485
f 2357 	2355 	2420
f 1967 	1452 	1995
f 1967 	2354 	1452
f 2215 	2199 	2299
f 439 	2091 	1129
f 2298 	2803 	2812
f 2352 	2319 	1498
f 484 	2254 	485
f 2351 	1742 	2302
f 2364 	2349 	2352
f 2299 	2298 	245
f 2354 	2349 	2364
f 2299 	245 	2331
f 2330 	1742 	2351
f 464 	471 	2360
f 2364 	2377 	2354
f 245 	2346 	2331
f 2330 	1769 	1742
f 2254 	2261 	485
f 471 	483 	2360
f 2261 	2357 	485
f 2261 	2355 	2357
f 521 	2355 	2261
f 748 	572 	2258
f 2365 	2267 	2356
f 2215 	2356 	2267
f 2364 	2352 	1498
f 2363 	2366 	2367
f 2363 	2367 	2368
f 2368 	2382 	2363
f 2362 	2363 	2403
f 2384 	2403 	2363
f 2374 	2360 	2361
f 2325 	2360 	2374
f 2283 	2308 	2329
f 2355 	521 	519
f 1742 	1747 	2302
f 2356 	2369 	2365
f 2814 	2358 	2366
f 2358 	2375 	2367
f 2374 	2337 	2325
f 1498 	1501 	2364
f 2356 	2331 	2373
f 2736 	2387 	2379
f 2760 	2736 	2379
f 2368 	2367 	2375
f 1452 	2354 	2377
f 1119 	2380 	2353
f 2384 	2363 	2382
f 2381 	532 	2486
f 1501 	2377 	2364
f 2382 	2368 	2383
f 2375 	2383 	2368
f 2372 	2374 	2361
f 2336 	2386 	2335
f 2376 	2369 	2373
f 2356 	2373 	2369
f 2388 	2378 	2387
f 2378 	2379 	2387
f 122 	2371 	2370
f 2736 	2707 	2387
f 2372 	2386 	2374
f 2373 	123 	2391
f 2373 	2390 	2376
f 2340 	2341 	2753
f 2341 	2389 	2753
f 2391 	2392 	2393
f 2340 	2753 	2343
f 2133 	2330 	2328
f 2395 	2393 	2394
f 2392 	2394 	2393
f 2344 	2759 	2396
f 2759 	2344 	2343
f 2397 	2398 	2399
f 2330 	2133 	1627
f 2394 	2398 	2395
f 2397 	2395 	2398
f 2387 	2389 	2982
f 2372 	2313 	2311
f 2341 	2982 	2389
f 3245 	2313 	2372
f 2311 	2306 	2372
f 2486 	573 	2381
f 2391 	123 	2392
f 2372 	2306 	2386
f 1769 	2330 	1627
f 2378 	2359 	2379
f 2388 	2359 	2378
f 2400 	2379 	2359
f 2458 	2454 	1978
f 2383 	2402 	2384
f 2383 	2384 	2382
f 2139 	2362 	2403
f 2410 	532 	2381
f 2144 	2139 	2403
f 1022 	1120 	2385
f 2392 	123 	2394
f 536 	532 	2410
f 2398 	123 	2399
f 2399 	123 	140
f 2385 	2380 	1022
f 2394 	123 	2398
f 2384 	2402 	2403
f 2144 	2403 	2402
f 2371 	536 	2410
f 2391 	2404 	2373
f 2306 	2335 	2386
f 2327 	2324 	2433
f 573 	485 	2381
f 2405 	2406 	2407
f 2359 	2327 	2478
f 2358 	2472 	2475
f 2359 	2409 	2400
f 2475 	2375 	2358
f 2408 	2414 	2405
f 2433 	4015 	4021
f 2281 	2415 	2349
f 2463 	2416 	2445
f 2686 	604 	2417
f 2414 	2418 	2419
f 2419 	2406 	2414
f 2330 	2401 	2328
f 2352 	2349 	2415
f 2391 	2393 	2404
f 3890 	2404 	2393
f 485 	2410 	2381
f 2349 	1964 	1945
f 2408 	2405 	2413
f 2393 	2395 	3890
f 2395 	2397 	3890
f 2371 	2426 	3221
f 1945 	2281 	2349
f 2329 	2401 	2330
f 2405 	2414 	2406
f 2426 	2371 	2410
f 3890 	2397 	2399
f 140 	3890 	2399
f 2319 	2415 	2318
f 2417 	2416 	2421
f 2319 	2352 	2415
f 485 	2420 	2410
f 2422 	2134 	2457
f 2515 	2424 	947
f 20 	2439 	2308
f 2304 	2318 	2415
f 2432 	2440 	2424
f 1952 	1985 	2429
f 2426 	2410 	2420
f 2424 	2515 	2432
f 3890 	2423 	2404
f 2401 	2447 	2222
f 2429 	1985 	2437
f 2423 	2422 	2404
f 2329 	2461 	2401
f 2437 	1985 	1986
f 2401 	2461 	2447
f 2423 	3890 	2425
f 2437 	1986 	2438
f 2420 	2355 	2426
f 2428 	2427 	3890
f 2428 	3890 	217
f 2436 	545 	2424
f 2414 	1129 	2091
f 2427 	2425 	3890
f 2440 	2443 	2424
f 2373 	2404 	2390
f 2442 	2179 	2441
f 2443 	2450 	2424
f 2461 	2439 	474
f 2443 	2440 	2536
f 2446 	2010 	2444
f 2461 	474 	478
f 2177 	2289 	2441
f 2445 	545 	2436
f 3221 	2426 	2355
f 2447 	478 	467
f 2449 	2414 	2148
f 2091 	2148 	2414
f 2450 	2462 	2424
f 2462 	2464 	2424
f 2464 	2513 	2424
f 2436 	2424 	2465
f 2447 	467 	2452
f 235 	536 	2371
f 2438 	1986 	2454
f 2414 	2449 	2453
f 2414 	2453 	2418
f 2411 	2412 	2473
f 2047 	2451 	2455
f 135 	194 	2371
f 2457 	2048 	2455
f 2413 	2405 	2456
f 2454 	1986 	1990
f 2423 	2134 	2422
f 256 	260 	532
f 2454 	1990 	1978
f 2469 	2405 	2459
f 2407 	2459 	2405
f 217 	7 	2428
f 2329 	2308 	2439
f 2469 	2474 	2405
f 239 	256 	536
f 532 	536 	256
f 2289 	2365 	2441
f 2442 	2441 	2365
f 2267 	2365 	2289
f 2444 	2442 	2365
f 2369 	2451 	2365
f 2376 	2451 	2369
f 2329 	2439 	2461
f 3176 	142 	2370
f 2444 	2365 	2446
f 2435 	2434 	2470
f 2435 	2470 	2460
f 2446 	2365 	2448
f 2536 	2450 	2443
f 2272 	2262 	640
f 2414 	2408 	1129
f 2262 	639 	640
f 2465 	2445 	2436
f 2448 	2365 	2451
f 2262 	635 	639
f 2461 	478 	2447
f 2536 	2462 	2450
f 2376 	2404 	2451
f 2457 	2455 	2404
f 2390 	2404 	2376
f 2262 	2254 	484
f 2455 	2451 	2404
f 2262 	484 	635
f 2422 	2457 	2404
f 2463 	2445 	2465
f 742 	759 	2266
f 2416 	2463 	2421
f 2460 	2470 	2466
f 2265 	742 	2266
f 2434 	2411 	2473
f 2470 	2434 	2473
f 1717 	1713 	2265
f 2211 	2447 	2452
f 2385 	2413 	2456
f 2468 	2476 	2467
f 2719 	2467 	2476
f 2257 	2144 	2402
f 747 	2258 	2269
f 2452 	2058 	1929
f 747 	748 	2258
f 2466 	2470 	2471
f 2214 	2211 	2452
f 2452 	1929 	2214
f 747 	2269 	2270
f 2456 	2405 	2474
f 2270 	2266 	759
f 2477 	2478 	2479
f 682 	2486 	2481
f 1127 	2408 	2413
f 2487 	2507 	3130
f 2563 	2421 	2463
f 2477 	2479 	2468
f 2476 	2468 	2479
f 1127 	2413 	1120
f 2470 	2473 	2327
f 2471 	2470 	2327
f 2471 	2327 	2433
f 2478 	2327 	2479
f 2476 	2479 	2327
f 2473 	2476 	2327
f 3991 	2482 	2475
f 2506 	2485 	2484
f 2385 	1120 	2413
f 2506 	2484 	2483
f 2475 	2482 	2375
f 2383 	2375 	2482
f 2486 	484 	573
f 2492 	2494 	2705
f 2486 	635 	484
f 2483 	2484 	3130
f 2504 	3130 	2503
f 2486 	639 	635
f 2487 	2485 	2506
f 2490 	2505 	2489
f 2456 	2489 	2505
f 2492 	2705 	2491
f 2493 	2489 	2456
f 2474 	2495 	2456
f 2501 	2705 	2494
f 2495 	2496 	2456
f 2491 	2421 	2492
f 2608 	2492 	2421
f 2456 	2496 	2497
f 2456 	2497 	2498
f 2712 	2494 	2608
f 2492 	2608 	2494
f 2456 	2498 	2493
f 2383 	2482 	3988
f 2380 	2385 	2505
f 270 	3130 	269
f 2486 	706 	2481
f 2491 	2500 	2421
f 2456 	2505 	2385
f 2659 	1024 	2007
f 2494 	2712 	2501
f 2694 	2501 	2712
f 682 	2508 	640
f 2503 	3130 	2502
f 2502 	3130 	2507
f 2507 	2487 	2506
f 2505 	2490 	2510
f 2488 	1580 	2480
f 2503 	2506 	2504
f 904 	640 	2508
f 682 	2481 	2508
f 2499 	2412 	2411
f 2499 	2411 	2434
f 2435 	2499 	2434
f 2435 	2460 	2499
f 2505 	2510 	2511
f 2512 	2505 	2511
f 2465 	2424 	2513
f 2529 	1580 	2488
f 2460 	2466 	2499
f 2502 	2506 	2503
f 2506 	2502 	2507
f 706 	731 	2508
f 3070 	2509 	2514
f 2481 	706 	2508
f 269 	2504 	334
f 2506 	334 	2504
f 344 	334 	2506
f 3988 	2402 	2383
f 2506 	2616 	344
f 2505 	2353 	2380
f 2466 	2471 	2499
f 2431 	2432 	2515
f 1320 	1334 	2515
f 2431 	2515 	2430
f 2467 	2409 	2468
f 2488 	2480 	1519
f 2517 	2514 	2519
f 2433 	2499 	2471
f 2516 	2521 	2522
f 2432 	2431 	2523
f 1347 	2523 	2431
f 2522 	2528 	2516
f 2518 	2516 	2528
f 2523 	2530 	2432
f 2440 	2432 	2530
f 1621 	1754 	2202
f 2525 	2561 	2527
f 2409 	2478 	2477
f 2409 	2477 	2468
f 2527 	2526 	2525
f 1519 	1501 	2529
f 2530 	2536 	2440
f 2534 	2516 	2533
f 2527 	1871 	2524
f 2521 	2516 	2534
f 2478 	2409 	2359
f 2532 	2533 	2531
f 2556 	2557 	1308
f 2531 	2533 	2516
f 269 	3130 	2504
f 2433 	2535 	2499
f 2529 	1501 	1498
f 2430 	1352 	1347
f 2430 	1347 	2431
f 2539 	2542 	4021
f 2524 	1750 	2527
f 2484 	2485 	3130
f 2433 	2537 	2535
f 2531 	2538 	2532
f 1750 	2526 	2527
f 2529 	2488 	1519
f 1750 	2276 	2526
f 2558 	1308 	2557
f 2276 	904 	2526
f 2485 	2487 	3130
f 1251 	2350 	2531
f 1506 	1519 	2480
f 2276 	2272 	904
f 2350 	2505 	2531
f 2462 	2536 	2541
f 1251 	1021 	2350
f 2513 	2563 	2465
f 1576 	2529 	2543
f 2509 	2519 	2514
f 2322 	2543 	2319
f 1871 	2527 	1876
f 2516 	1251 	2531
f 2527 	2561 	1876
f 2529 	1498 	2543
f 2505 	2512 	2531
f 2543 	1498 	2319
f 2464 	2541 	2546
f 2526 	2600 	2586
f 2538 	2531 	2512
f 2526 	904 	2600
f 2310 	1876 	2559
f 2558 	2553 	2483
f 2557 	2553 	2558
f 2506 	2483 	2553
f 2539 	4021 	2540
f 2148 	2147 	3369
f 2555 	2560 	2564
f 2589 	2591 	4021
f 2508 	2600 	904
f 2541 	2464 	2462
f 3243 	2407 	2406
f 2419 	2418 	3243
f 2544 	2540 	4021
f 2453 	3243 	2418
f 2554 	2555 	2564
f 2554 	2564 	2565
f 2565 	2568 	2554
f 2557 	2556 	2553
f 2544 	4021 	2545
f 2545 	4021 	2547
f 2463 	2465 	2563
f 2561 	2567 	2559
f 2613 	2553 	2556
f 2464 	2546 	2513
f 2563 	2513 	2546
f 2407 	3243 	2459
f 2459 	3243 	2469
f 2474 	2469 	3243
f 2568 	2569 	2554
f 2569 	2570 	2554
f 4021 	2549 	2548
f 2547 	4021 	2548
f 2474 	3243 	2495
f 2497 	2496 	3243
f 2550 	2458 	2552
f 2495 	3243 	2496
f 2572 	3060 	2570
f 2433 	2571 	2537
f 2570 	2509 	2572
f 2569 	2618 	2570
f 2489 	3243 	2490
f 2489 	2493 	3243
f 2574 	1304 	2587
f 1308 	1304 	2575
f 2493 	2498 	3243
f 2497 	3243 	2498
f 1308 	2575 	2577
f 2577 	2585 	1308
f 2556 	1308 	2578
f 2525 	2526 	2586
f 2490 	3243 	2510
f 2586 	2561 	2525
f 2538 	3309 	2532
f 2590 	2454 	2550
f 2581 	2732 	2582
f 2550 	2454 	2458
f 2567 	910 	699
f 2573 	2576 	2547
f 2578 	1308 	2585
f 2547 	2548 	2573
f 2532 	3309 	2533
f 2541 	2628 	2546
f 1876 	2561 	2559
f 2539 	2540 	2690
f 2533 	3309 	2534
f 2546 	2628 	2563
f 2545 	2576 	2544
f 2521 	3309 	2522
f 2534 	3309 	2521
f 2576 	2545 	2547
f 2574 	2575 	1304
f 2512 	3309 	2538
f 2574 	2613 	2575
f 2690 	2670 	2589
f 2579 	2588 	2590
f 425 	2603 	1304
f 2542 	2539 	2690
f 2589 	2542 	2690
f 2523 	2654 	2530
f 2421 	2563 	2593
f 2587 	1304 	2594
f 2594 	2612 	2587
f 910 	2567 	2586
f 2550 	2579 	2590
f 423 	424 	1304
f 697 	699 	910
f 2593 	2595 	2421
f 2567 	2561 	2586
f 2604 	2606 	1304
f 1304 	2596 	2597
f 1304 	2597 	2598
f 2599 	1304 	2598
f 2594 	1304 	2599
f 2599 	2612 	2594
f 2586 	2600 	910
f 2597 	2641 	2598
f 2600 	912 	910
f 2604 	1304 	2603
f 2600 	2508 	912
f 912 	696 	910
f 697 	910 	696
f 2596 	1304 	2606
f 2641 	2596 	2606
f 2641 	2606 	2604
f 2641 	2604 	2603
f 2583 	2584 	2611
f 2615 	2583 	2611
f 2611 	2584 	2610
f 2605 	2610 	2584
f 424 	2633 	425
f 2421 	2595 	2608
f 2566 	2580 	2564
f 2565 	2564 	2580
f 2577 	2575 	2613
f 2574 	2587 	2613
f 2588 	2438 	2454
f 2609 	2823 	2610
f 2585 	2577 	2613
f 2588 	2454 	2590
f 2568 	2565 	2614
f 2559 	1971 	2310
f 2578 	2613 	2556
f 2580 	2614 	2565
f 2615 	2625 	2583
f 2625 	2634 	2583
f 2595 	2593 	2663
f 2585 	2613 	2578
f 2548 	2549 	2592
f 2548 	2592 	2573
f 2618 	2569 	2614
f 912 	675 	696
f 675 	912 	648
f 2568 	2614 	2569
f 701 	2619 	2567
f 2616 	2506 	2553
f 2567 	1954 	2559
f 1959 	1954 	2621
f 2622 	2621 	1954
f 2616 	2553 	2613
f 2622 	2567 	2619
f 1954 	2567 	2622
f 1971 	2559 	1954
f 2509 	2570 	2618
f 2634 	2635 	2583
f 1956 	1955 	2627
f 736 	2627 	1955
f 2718 	2566 	2562
f 1955 	1961 	736
f 1959 	736 	1961
f 2626 	2625 	2617
f 2615 	2617 	2625
f 2619 	713 	727
f 736 	2622 	727
f 2888 	1576 	2890
f 2619 	701 	713
f 2543 	2322 	2342
f 2543 	2342 	1576
f 736 	1959 	2621
f 2621 	2622 	736
f 2628 	2541 	2624
f 2619 	727 	2622
f 2635 	2636 	2583
f 2631 	2583 	2636
f 2631 	2636 	2637
f 2638 	2629 	2637
f 2643 	2629 	2638
f 2629 	2630 	2637
f 2631 	2637 	2630
f 2612 	2613 	2587
f 2724 	2580 	2566
f 1125 	3367 	1123
f 2612 	2599 	2598
f 2602 	1406 	1479
f 2724 	2731 	2580
f 1085 	1406 	2601
f 2638 	2637 	2639
f 2626 	2639 	2637
f 1479 	2607 	2602
f 2906 	2641 	2633
f 3352 	3380 	2642
f 2612 	2598 	2641
f 2643 	2645 	2629
f 2602 	2601 	1406
f 2596 	2641 	2597
f 2739 	2509 	2618
f 2641 	2603 	2633
f 2643 	2638 	2644
f 2639 	2644 	2638
f 2603 	425 	2633
f 2645 	2660 	2629
f 2644 	2664 	2643
f 2626 	2840 	2639
f 2623 	2883 	2624
f 2536 	2530 	2623
f 2624 	2536 	2623
f 2536 	2624 	2541
f 2673 	2677 	2649
f 2649 	1019 	2650
f 1125 	1110 	3367
f 2655 	2651 	2652
f 2339 	2338 	2653
f 2626 	2634 	2625
f 2550 	2632 	2658
f 2652 	2651 	2656
f 1405 	1907 	2654
f 2634 	2626 	2635
f 1024 	2659 	2650
f 2637 	2636 	2626
f 2635 	2626 	2636
f 2652 	2656 	2657
f 2654 	1347 	1405
f 2551 	2592 	2549
f 2551 	4033 	2592
f 1347 	2654 	2523
f 2542 	2589 	4021
f 2591 	2671 	4021
f 2602 	2648 	2293
f 2660 	2661 	2629
f 2661 	2666 	2629
f 2293 	2601 	2602
f 2433 	2662 	2571
f 2653 	2342 	2339
f 2664 	2730 	2660
f 1721 	2576 	2573
f 2660 	2645 	2664
f 2645 	2643 	2664
f 2581 	2771 	2666
f 2582 	2771 	2581
f 2695 	2696 	2338
f 2576 	1721 	1924
f 1123 	3360 	1121
f 2667 	1121 	3360
f 2652 	2657 	2668
f 2595 	2663 	2665
f 2657 	650 	2668
f 3855 	1130 	2338
f 2608 	2595 	2665
f 2640 	2550 	2658
f 2712 	2608 	2665
f 2657 	2656 	650
f 1130 	1131 	2338
f 2695 	2338 	2669
f 2669 	2338 	1131
f 2671 	2591 	2670
f 2591 	2589 	2670
f 2828 	2626 	2617
f 2658 	3153 	2640
f 2626 	2828 	2840
f 2650 	2673 	2649
f 2650 	2659 	2080
f 2007 	2080 	2659
f 2859 	2563 	2628
f 1019 	2647 	2674
f 2667 	1131 	1121
f 1748 	2651 	2655
f 2667 	2669 	1131
f 1130 	1123 	1131
f 1479 	1564 	994
f 2656 	2651 	1748
f 2704 	2706 	3360
f 2593 	2859 	2928
f 1479 	994 	2607
f 1019 	2649 	2647
f 2646 	2202 	1754
f 2681 	2682 	2649
f 2655 	2646 	1754
f 2673 	2650 	2080
f 2677 	2678 	2649
f 2678 	2679 	2649
f 2314 	2212 	2620
f 1748 	4040 	2656
f 2903 	2623 	2530
f 2620 	2212 	2592
f 2903 	2530 	2654
f 2433 	4021 	2671
f 2647 	2649 	2682
f 2670 	2676 	2671
f 2433 	2671 	2676
f 2675 	994 	1004
f 2679 	2681 	2649
f 2555 	2720 	2560
f 2675 	2560 	2720
f 3183 	2579 	2550
f 2675 	1004 	1019
f 2682 	2683 	2647
f 2674 	2647 	2683
f 2544 	2690 	2540
f 2663 	2593 	2928
f 2690 	2544 	2576
f 2710 	2684 	2690
f 994 	2675 	2720
f 1634 	2700 	1996
f 652 	2711 	2709
f 1996 	1656 	1634
f 1996 	1995 	1656
f 2678 	3374 	2685
f 2500 	2705 	2686
f 604 	2686 	2705
f 1995 	1452 	1656
f 3374 	2678 	2677
f 2560 	2674 	2683
f 2421 	2686 	2417
f 2688 	2680 	1634
f 1656 	2688 	1634
f 2377 	2688 	1452
f 1656 	1452 	2688
f 2688 	1746 	2680
f 2670 	2684 	2676
f 2809 	2805 	2702
f 2433 	2676 	2662
f 2688 	1506 	1746
f 2692 	2697 	3360
f 2688 	2377 	1506
f 2592 	2212 	1730
f 1746 	1734 	2680
f 2491 	2705 	2500
f 2002 	2726 	1978
f 2646 	2655 	2713
f 2726 	2002 	2733
f 2696 	2723 	2338
f 2500 	2686 	2421
f 2689 	2679 	2685
f 2573 	1730 	1721
f 2697 	2667 	3360
f 2695 	2691 	2696
f 2692 	2691 	2695
f 2698 	2700 	2699
f 2678 	2685 	2679
f 2767 	2582 	2732
f 2693 	2696 	2691
f 2690 	2576 	1924
f 2667 	2697 	2669
f 2697 	2692 	2669
f 2695 	2669 	2692
f 604 	2705 	2703
f 2693 	3360 	2706
f 2562 	2681 	2689
f 2679 	2689 	2681
f 2006 	2700 	2698
f 2501 	2694 	2705
f 2683 	2564 	2560
f 2006 	2005 	2700
f 652 	604 	2711
f 2682 	2566 	2683
f 2564 	2683 	2566
f 2566 	2682 	2562
f 2701 	2705 	2694
f 2701 	2715 	2705
f 2681 	2562 	2682
f 2809 	2702 	2358
f 2655 	2652 	2713
f 2687 	2732 	2877
f 2685 	2716 	2745
f 2708 	2710 	1936
f 2685 	2745 	2689
f 2703 	2705 	2715
f 2711 	2703 	2715
f 2562 	2689 	2718
f 2704 	3360 	2714
f 2777 	2780 	3360
f 2715 	2721 	2711
f 2721 	2725 	2711
f 2725 	2737 	2711
f 2700 	2717 	2699
f 2700 	1634 	2680
f 2694 	2712 	2701
f 2715 	2701 	2712
f 1780 	2719 	2708
f 2737 	2743 	2711
f 1790 	1780 	2708
f 2005 	1996 	2700
f 2723 	2746 	2338
f 1731 	2699 	2717
f 243 	263 	2614
f 2717 	2700 	2680
f 2721 	2715 	2722
f 2704 	2714 	2723
f 2717 	2680 	1734
f 300 	2566 	2718
f 1783 	2710 	1714
f 2712 	2722 	2715
f 1734 	1731 	2717
f 2713 	2792 	2728
f 2723 	2696 	2704
f 2706 	2704 	2696
f 2693 	2706 	2696
f 2709 	2711 	2743
f 2713 	2652 	2792
f 2729 	2458 	1978
f 2661 	2660 	2730
f 1978 	2726 	2729
f 2725 	2721 	2727
f 2722 	2727 	2721
f 2719 	2476 	2708
f 2733 	2002 	2011
f 2733 	2011 	2735
f 2618 	2614 	263
f 2735 	2011 	2018
f 2736 	2719 	1934
f 2743 	2748 	2709
f 1 	2762 	2734
f 2473 	2412 	2708
f 2785 	2786 	2642
f 2 	1 	2734
f 3730 	2519 	2739
f 792 	2761 	790
f 2725 	2727 	2737
f 2738 	2737 	2727
f 2714 	3360 	2740
f 784 	2741 	2742
f 2736 	1934 	1931
f 2519 	2509 	2739
f 2752 	2605 	2748
f 263 	2739 	2618
f 2473 	2708 	2476
f 2738 	2744 	2743
f 2738 	2743 	2737
f 2746 	2774 	2338
f 2689 	2745 	2718
f 2707 	2736 	1931
f 2710 	2747 	2684
f 2670 	2690 	2684
f 2709 	2748 	2605
f 2770 	2607 	994
f 2746 	2723 	2740
f 2714 	2740 	2723
f 2710 	2708 	2412
f 2747 	2710 	2412
f 2748 	2743 	2744
f 2736 	2750 	2751
f 3125 	2749 	1868
f 2751 	2467 	2719
f 2736 	2751 	2719
f 2389 	2387 	2707
f 2753 	2707 	1836
f 2744 	2822 	2748
f 1838 	1836 	2707
f 2755 	2742 	2761
f 2750 	2736 	2757
f 2722 	2712 	2764
f 2668 	2742 	2755
f 2614 	2580 	242
f 1868 	2749 	2758
f 2614 	242 	243
f 2759 	2753 	1836
f 248 	242 	2724
f 2757 	2736 	2760
f 2761 	2742 	2741
f 2727 	2722 	2765
f 242 	2580 	2731
f 2727 	2765 	2775
f 2661 	2730 	2666
f 2732 	2666 	2730
f 2749 	1731 	1734
f 242 	2731 	2724
f 2389 	2707 	2753
f 2738 	2727 	2775
f 2755 	2652 	2668
f 2724 	2566 	248
f 2668 	784 	2742
f 2738 	2775 	2744
f 2666 	2732 	2581
f 2749 	1734 	2758
f 792 	791 	2761
f 2759 	2343 	2753
f 2762 	2761 	2734
f 2732 	2730 	2863
f 3029 	2396 	2759
f 1734 	1746 	2763
f 2734 	124 	2
f 2480 	1572 	2766
f 1572 	1832 	2766
f 1730 	2573 	2592
f 2763 	2766 	1868
f 2767 	2771 	2582
f 2770 	994 	2720
f 263 	3730 	2739
f 2740 	3360 	2769
f 789 	790 	2761
f 2777 	2653 	2338
f 248 	2566 	300
f 1832 	1868 	2766
f 2745 	300 	2718
f 2774 	2782 	2338
f 2745 	307 	300
f 3998 	2314 	2620
f 2342 	2653 	2777
f 2761 	2741 	789
f 2772 	2771 	2767
f 2629 	2666 	2771
f 2768 	2771 	2773
f 2772 	2773 	2771
f 2745 	2716 	307
f 2480 	2766 	1506
f 2796 	2795 	2687
f 2716 	3386 	307
f 2687 	2702 	2796
f 2758 	2763 	1868
f 2772 	2732 	2773
f 1734 	2763 	2758
f 2772 	2767 	2732
f 2740 	2769 	2746
f 2774 	2746 	2769
f 2781 	2762 	1
f 2766 	2763 	1746
f 2648 	2602 	2770
f 2784 	508 	2948
f 2602 	2607 	2770
f 2499 	2676 	2747
f 2535 	2676 	2499
f 2537 	2676 	2535
f 2662 	2676 	2571
f 2537 	2571 	2676
f 2684 	2747 	2676
f 508 	494 	2948
f 2769 	3360 	2776
f 2762 	2778 	2761
f 2358 	2811 	2809
f 2762 	2781 	2778
f 2776 	3360 	2780
f 2831 	2797 	2642
f 2786 	2787 	2642
f 1 	3 	2781
f 2777 	2338 	2780
f 2783 	2780 	2338
f 2782 	2783 	2338
f 3602 	3269 	3612
f 2761 	2778 	2755
f 2777 	2642 	2787
f 2765 	2764 	2960
f 2778 	2728 	2755
f 2777 	2787 	2342
f 2790 	2342 	2787
f 2722 	2764 	2765
f 2755 	2792 	2652
f 2782 	2774 	2776
f 2769 	2776 	2774
f 2792 	2755 	2728
f 2783 	2782 	2776
f 2783 	2776 	2780
f 2942 	2744 	2775
f 2787 	2786 	2790
f 2785 	2790 	2786
f 3217 	2744 	2942
f 2768 	2773 	2795
f 2768 	2795 	2796
f 2796 	2805 	2768
f 2805 	2809 	2768
f 2768 	2809 	2788
f 2785 	2642 	2797
f 2732 	2687 	2795
f 2342 	2790 	2801
f 921 	49 	6
f 2800 	2794 	2799
f 2802 	2810 	2794
f 2800 	2802 	2794
f 2845 	2798 	2794
f 6 	831 	921
f 2785 	2797 	2790
f 2770 	2720 	3060
f 2942 	2775 	2945
f 2793 	2820 	2791
f 2775 	2765 	2945
f 2803 	2804 	2812
f 2809 	2811 	2788
f 2646 	2804 	2803
f 2796 	2702 	2805
f 2747 	2412 	2499
f 2795 	2773 	2732
f 2807 	2791 	2820
f 2789 	2788 	2811
f 2811 	2814 	2789
f 2750 	2409 	2751
f 2467 	2751 	2409
f 2646 	2803 	2202
f 2815 	2820 	2794
f 2810 	2815 	2794
f 2409 	2750 	2757
f 2409 	2757 	2760
f 2810 	2802 	2813
f 2367 	2366 	2358
f 2811 	2358 	2814
f 1249 	1253 	2806
f 2379 	2400 	2760
f 2400 	2409 	2760
f 2808 	2807 	2820
f 2793 	2794 	2820
f 2759 	3036 	3029
f 1094 	245 	2812
f 3038 	3036 	2816
f 2759 	2816 	3036
f 2813 	2815 	2810
f 2818 	2817 	2812
f 2821 	2808 	2820
f 2814 	2366 	2789
f 2821 	2820 	3639
f 2824 	2812 	2817
f 2363 	2789 	2366
f 2804 	2818 	2812
f 2815 	3635 	2820
f 2812 	2838 	1106
f 2752 	2754 	2605
f 2812 	1106 	1094
f 2752 	2748 	2822
f 2754 	2756 	2605
f 2804 	2713 	2818
f 3180 	4136 	4135
f 2822 	2823 	2752
f 2754 	2752 	2823
f 2609 	2605 	2756
f 2610 	2605 	2609
f 4129 	3144 	4130
f 2838 	2812 	2824
f 2611 	2610 	2823
f 2754 	2823 	2756
f 2609 	2756 	2823
f 2611 	2823 	2617
f 2611 	2617 	2615
f 2816 	2826 	3043
f 2406 	2419 	3243
f 2888 	2889 	1576
f 2846 	2852 	2342
f 3045 	2827 	3046
f 2825 	1165 	2911
f 2845 	2794 	2293
f 2312 	2293 	2794
f 2342 	2890 	1576
f 2896 	2924 	1310
f 2056 	2063 	2826
f 2644 	2639 	2844
f 2816 	2056 	2826
f 2784 	2779 	2733
f 3380 	1606 	2846
f 2816 	3043 	3038
f 2829 	2644 	2844
f 2825 	2896 	1310
f 2642 	3380 	2846
f 2911 	2896 	2825
f 2831 	2642 	2847
f 2846 	2847 	2642
f 508 	2735 	3026
f 2833 	2342 	2801
f 2849 	2847 	2342
f 2664 	2644 	4006
f 2790 	2797 	2801
f 2831 	2801 	2797
f 2830 	2927 	3051
f 2833 	2801 	2831
f 2744 	3217 	2822
f 2930 	3053 	2927
f 2924 	1302 	1310
f 2806 	2516 	2836
f 2823 	2822 	2834
f 2516 	2518 	2836
f 3053 	2930 	3058
f 2873 	2874 	2342
f 2864 	2865 	2839
f 2842 	2836 	2841
f 2841 	2836 	2520
f 2518 	2520 	2836
f 2844 	2639 	2840
f 2851 	2852 	1606
f 2735 	508 	2784
f 2829 	2844 	4010
f 2759 	2056 	2816
f 2086 	2927 	2830
f 2833 	2849 	2342
f 2846 	2342 	2847
f 2840 	4010 	2844
f 2086 	2830 	2077
f 2846 	1606 	2852
f 2830 	2069 	2077
f 2854 	2855 	2850
f 2853 	2342 	2852
f 2873 	2342 	2853
f 2827 	2069 	2830
f 2826 	2063 	2069
f 2831 	2847 	2849
f 2831 	2849 	2833
f 2617 	2856 	2828
f 2851 	2853 	2852
f 2823 	2834 	2856
f 2733 	2779 	2726
f 2837 	2839 	2865
f 2865 	2866 	2837
f 2856 	2617 	2823
f 2965 	2964 	1596
f 3222 	2834 	3218
f 2857 	2836 	2842
f 2733 	2735 	2784
f 3218 	2834 	2822
f 2856 	2834 	3222
f 2951 	2848 	2858
f 2826 	2069 	2827
f 1606 	2885 	2884
f 2871 	2872 	1606
f 2884 	2886 	1606
f 2887 	1606 	2923
f 2889 	2925 	1576
f 2850 	2861 	2854
f 2845 	2837 	2866
f 2866 	2867 	2845
f 2867 	2868 	2845
f 2868 	2878 	2845
f 2878 	2880 	2845
f 2857 	2870 	2836
f 2869 	2836 	2870
f 2858 	2868 	2867
f 2872 	2851 	1606
f 2867 	2866 	2858
f 2860 	2458 	2729
f 2890 	2342 	2874
f 2875 	2862 	2624
f 2702 	2472 	2358
f 2866 	2865 	2858
f 2869 	2870 	2876
f 2862 	2859 	2628
f 1576 	2971 	1580
f 2865 	2864 	2858
f 2832 	2632 	2550
f 2951 	2858 	2864
f 2871 	2874 	2873
f 2871 	2873 	2872
f 2880 	2798 	2845
f 2550 	2552 	2832
f 2862 	2628 	2624
f 2873 	2853 	2872
f 2851 	2872 	2853
f 2838 	2824 	3119
f 2858 	2879 	2868
f 2806 	1251 	2516
f 2563 	2859 	2593
f 2832 	2552 	2860
f 2878 	2868 	2879
f 2965 	1596 	2969
f 2882 	2892 	2869
f 2817 	2818 	2713
f 2876 	2882 	2869
f 2624 	2883 	2875
f 2713 	2804 	2646
f 2869 	2850 	2819
f 2871 	1606 	2886
f 2836 	2869 	1249
f 2885 	1606 	2887
f 2819 	1249 	2869
f 2878 	2881 	2880
f 2879 	2881 	2878
f 2925 	2958 	1576
f 2726 	2779 	2729
f 2799 	2794 	2798
f 2836 	1249 	2806
f 2798 	2880 	2881
f 2799 	2798 	2881
f 2552 	2458 	2860
f 2779 	2860 	2729
f 2881 	2891 	2799
f 2861 	2850 	2892
f 2869 	2892 	2850
f 2106 	2107 	2875
f 2800 	2799 	2891
f 2190 	2894 	2895
f 2891 	3633 	2800
f 3567 	3568 	1868
f 2893 	2616 	2613
f 2732 	2863 	2877
f 2898 	2899 	2900
f 2899 	2898 	2901
f 2897 	2901 	2898
f 2623 	2903 	2883
f 2905 	2896 	2904
f 2897 	2896 	2905
f 2902 	2904 	2896
f 2829 	4006 	2644
f 865 	2910 	907
f 3147 	2881 	2879
f 3147 	3149 	2881
f 2910 	865 	2616
f 2896 	2897 	2924
f 2897 	2905 	2909
f 2897 	2909 	2901
f 4010 	4006 	2829
f 2908 	2612 	2641
f 3159 	2859 	3158
f 2862 	3158 	2859
f 2912 	2779 	2907
f 3088 	2928 	3159
f 2105 	2106 	2883
f 2889 	2888 	2885
f 2884 	2885 	2888
f 2913 	2902 	2896
f 2102 	2105 	2903
f 2885 	2887 	2889
f 2915 	2913 	2896
f 2915 	2896 	2911
f 2917 	2915 	2911
f 2884 	2890 	2886
f 2888 	2890 	2884
f 2874 	2886 	2890
f 2871 	2886 	2874
f 2875 	3156 	2862
f 2855 	2918 	2850
f 2893 	2957 	2910
f 2911 	2850 	2917
f 2918 	2917 	2850
f 3012 	3013 	1594
f 1165 	2850 	2911
f 2858 	2848 	3145
f 2910 	2616 	2893
f 2875 	2883 	2106
f 2919 	2893 	2613
f 1907 	2903 	2654
f 2921 	2898 	2920
f 2919 	2914 	2916
f 2920 	2898 	2900
f 1907 	2102 	2903
f 2883 	2903 	2105
f 2964 	2937 	1606
f 2190 	2895 	2163
f 2958 	2961 	1576
f 2971 	1576 	2961
f 2973 	2974 	1580
f 2860 	2779 	2929
f 2893 	2919 	2957
f 3051 	2927 	3053
f 2925 	2889 	2923
f 2929 	2779 	2912
f 2924 	2897 	2926
f 2887 	2923 	2889
f 2929 	2832 	2860
f 2931 	2764 	2712
f 3118 	2950 	3106
f 2914 	2919 	2612
f 2931 	2712 	2665
f 2926 	1305 	1302
f 2933 	2934 	2963
f 2922 	2963 	2934
f 2934 	2936 	2922
f 2832 	2929 	3623
f 2926 	1302 	2924
f 2935 	2931 	2665
f 2612 	2919 	2613
f 2293 	2648 	2839
f 2951 	2864 	2922
f 2898 	2926 	2897
f 2935 	2665 	2663
f 2936 	2938 	2922
f 1594 	2969 	1596
f 2936 	2934 	3005
f 2914 	2908 	2906
f 2923 	1606 	2937
f 2928 	2935 	2663
f 1606 	1596 	2964
f 2612 	2908 	2914
f 2938 	2941 	2922
f 2828 	4010 	2840
f 2938 	2936 	3005
f 2632 	2832 	3171
f 2633 	1136 	2906
f 2907 	2779 	2940
f 2941 	2946 	2922
f 2946 	2947 	2922
f 2926 	2898 	2984
f 2906 	2908 	2641
f 2940 	4 	2907
f 2779 	2784 	2940
f 2938 	3005 	2941
f 2835 	2941 	3005
f 2947 	2951 	2922
f 2898 	2921 	2944
f 2943 	2944 	2921
f 2941 	2835 	2946
f 2843 	2946 	2835
f 2784 	4 	2940
f 2839 	2922 	2864
f 2946 	2843 	2947
f 2848 	2947 	2843
f 2930 	2939 	3058
f 2947 	2848 	2951
f 2952 	2945 	2765
f 3084 	1535 	1341
f 2948 	3705 	2784
f 494 	81 	2948
f 2948 	81 	3705
f 2910 	2957 	907
f 3705 	4 	2784
f 4035 	2863 	2730
f 3837 	3839 	2894
f 2954 	2916 	2914
f 2163 	2895 	2130
f 2950 	2130 	2895
f 2950 	3061 	2939
f 2765 	2960 	2952
f 2974 	3022 	1580
f 2957 	2916 	2954
f 1580 	2971 	2973
f 2923 	2958 	2925
f 2930 	2196 	2939
f 2961 	2958 	2937
f 2923 	2937 	2958
f 2939 	2196 	2130
f 2950 	2939 	2130
f 3107 	1594 	1922
f 2957 	2919 	2916
f 2123 	2126 	2930
f 3013 	3021 	1594
f 2955 	2698 	3003
f 2126 	2196 	2930
f 2963 	2959 	2967
f 2953 	2966 	2959
f 2698 	2699 	3003
f 2930 	2086 	2123
f 2956 	2966 	2953
f 2967 	2959 	2966
f 2967 	2976 	2963
f 2976 	2978 	2963
f 2086 	2930 	2927
f 3077 	2970 	2966
f 2966 	2970 	2967
f 2764 	2931 	2960
f 2699 	1877 	2962
f 2699 	1731 	1877
f 2975 	2972 	2977
f 2932 	2963 	2978
f 2967 	2970 	2976
f 2983 	2976 	2970
f 2978 	2976 	2983
f 2973 	2971 	2965
f 2971 	2961 	2964
f 2937 	2964 	2961
f 3003 	2699 	2962
f 3217 	2942 	3191
f 3192 	2942 	2945
f 2977 	3075 	2975
f 1205 	2954 	1136
f 2954 	2914 	2906
f 2975 	2980 	2982
f 3170 	3150 	3217
f 2922 	2648 	2963
f 2982 	2972 	2975
f 2942 	3192 	3191
f 2932 	2933 	2963
f 2026 	2955 	2981
f 3187 	2952 	2960
f 2998 	3929 	2997
f 2986 	2987 	3929
f 2988 	3929 	3002
f 2989 	3929 	2988
f 2999 	3929 	2998
f 2327 	2359 	2982
f 2934 	2933 	2990
f 2989 	2992 	3929
f 2992 	3027 	3929
f 3187 	3190 	2952
f 1136 	2954 	2906
f 2977 	2994 	2996
f 2983 	2990 	2933
f 2987 	2997 	3929
f 2954 	1454 	3142
f 1341 	1220 	2991
f 2972 	3004 	2977
f 2995 	2998 	2997
f 3002 	3929 	2999
f 3005 	2934 	2990
f 2945 	3190 	3192
f 2972 	2982 	3004
f 2954 	1205 	1454
f 2995 	2993 	2999
f 2995 	2999 	2998
f 2954 	3142 	3146
f 2957 	2954 	3146
f 2993 	3503 	2988
f 2988 	3503 	2989
f 2945 	2952 	3190
f 2979 	2981 	2955
f 2026 	2030 	2955
f 2935 	3194 	2931
f 2030 	2698 	2955
f 2931 	3195 	2960
f 2996 	3105 	2977
f 2993 	2988 	3002
f 3194 	3195 	2931
f 2968 	2974 	2969
f 2965 	2969 	2973
f 2978 	2983 	2932
f 2933 	2932 	2983
f 2964 	2965 	2971
f 2973 	2969 	2974
f 3017 	3020 	2982
f 3000 	3005 	2990
f 2949 	2984 	2898
f 3010 	2994 	3004
f 2977 	3004 	2994
f 3002 	2999 	2993
f 3021 	2968 	1594
f 3004 	3014 	3010
f 2514 	2517 	2970
f 3030 	3015 	2982
f 3113 	3112 	1572
f 2970 	2517 	2983
f 3016 	3017 	3018
f 3006 	1976 	2294
f 3016 	3020 	3017
f 2969 	1594 	2968
f 3017 	2982 	3018
f 3018 	2982 	3015
f 2030 	2006 	2698
f 3004 	2982 	3020
f 1220 	1218 	2991
f 1580 	3117 	1572
f 3015 	3023 	3018
f 3025 	3016 	3023
f 3013 	3012 	3022
f 2979 	2955 	3003
f 3018 	3023 	3016
f 1218 	3019 	2991
f 3024 	2728 	3011
f 2962 	2979 	3003
f 2949 	2991 	3019
f 3016 	3025 	3020
f 3004 	3020 	3025
f 3013 	3022 	3021
f 3022 	2974 	3021
f 2968 	3021 	2974
f 2735 	2018 	3026
f 3026 	2018 	2034
f 2949 	3019 	2984
f 3024 	3011 	3039
f 3026 	2034 	557
f 2992 	2989 	3503
f 3023 	3038 	3025
f 2036 	557 	2034
f 3004 	3025 	3014
f 1305 	2926 	2984
f 2036 	541 	557
f 2987 	2986 	2995
f 2985 	2995 	2986
f 3860 	2995 	2985
f 2396 	3030 	2982
f 2396 	2982 	2344
f 1218 	2984 	3019
f 2997 	2987 	2995
f 538 	2036 	539
f 3015 	3028 	3023
f 3030 	2396 	3029
f 541 	2036 	538
f 3032 	3033 	3031
f 3029 	3028 	3030
f 3015 	3030 	3028
f 3037 	3032 	3031
f 3037 	3031 	3035
f 1976 	3006 	3063
f 523 	522 	3042
f 2826 	3041 	3043
f 3045 	3041 	2827
f 2826 	2827 	3041
f 3040 	3044 	3042
f 2830 	3046 	2827
f 3047 	3012 	1594
f 3046 	2830 	3048
f 3035 	3049 	3050
f 1570 	1572 	3112
f 2830 	3051 	3048
f 2713 	3024 	2817
f 3112 	3116 	1570
f 3049 	3035 	3052
f 3157 	3052 	3035
f 2045 	3040 	529
f 3055 	2950 	3054
f 2044 	3044 	3040
f 3035 	3050 	3057
f 3035 	3057 	3037
f 2044 	2981 	3044
f 2950 	3055 	3061
f 2993 	2995 	3059
f 2045 	2044 	3040
f 3058 	2939 	3061
f 2044 	2026 	2981
f 3023 	3028 	3036
f 3029 	3036 	3028
f 3022 	3064 	1580
f 3117 	1580 	3064
f 3036 	3038 	3023
f 3066 	3060 	2572
f 3070 	3073 	3060
f 2554 	2570 	3060
f 3041 	3038 	3043
f 3025 	3038 	3041
f 523 	3042 	521
f 520 	521 	3042
f 3070 	3060 	3066
f 3067 	3068 	2944
f 2898 	2944 	3068
f 3025 	3041 	3045
f 3045 	3046 	3025
f 3048 	3051 	3025
f 3046 	3048 	3025
f 3070 	3066 	2509
f 3051 	3053 	3025
f 3053 	3058 	3025
f 2956 	3060 	3073
f 3069 	3068 	3067
f 3014 	3025 	3055
f 3058 	3055 	3025
f 3068 	3069 	3071
f 3073 	3076 	2956
f 3062 	1976 	3072
f 3010 	3014 	3055
f 2572 	2509 	3066
f 3055 	3054 	2994
f 2994 	3010 	3055
f 3076 	3077 	2956
f 2996 	2994 	3054
f 3058 	3061 	3055
f 3100 	3006 	3007
f 3070 	2514 	3073
f 3074 	3068 	3071
f 3008 	3100 	3007
f 2993 	3059 	3056
f 3503 	2993 	3056
f 2970 	3077 	3076
f 3075 	2977 	3078
f 3079 	3072 	3063
f 2970 	3076 	2514
f 3073 	2514 	3076
f 2817 	3024 	3039
f 3113 	1572 	3117
f 3081 	3082 	3080
f 2956 	3077 	2966
f 3080 	3083 	3081
f 3080 	3085 	3083
f 3012 	3047 	3022
f 3024 	2713 	2728
f 3080 	3086 	3085
f 3009 	3087 	3011
f 3047 	3064 	3022
f 3080 	2928 	3088
f 3080 	3088 	3086
f 3087 	3089 	3011
f 3075 	2980 	2975
f 3090 	3091 	1922
f 2981 	2979 	3044
f 3042 	3065 	520
f 3093 	3080 	3082
f 3094 	3080 	3093
f 3078 	3096 	3097
f 3080 	3094 	3098
f 3078 	3102 	3096
f 3042 	3099 	2348
f 3102 	3109 	3096
f 2979 	3042 	3044
f 1393 	1399 	3092
f 3006 	3100 	3063
f 22 	3087 	3009
f 3829 	3825 	3097
f 3087 	22 	27
f 3078 	3097 	3825
f 26 	3092 	3087
f 27 	26 	3087
f 3103 	3104 	3105
f 2950 	3103 	3106
f 3105 	3106 	3103
f 1393 	3092 	26
f 3091 	3107 	1922
f 3111 	1594 	3107
f 3104 	3103 	3109
f 2950 	3109 	3103
f 3100 	3108 	3110
f 3111 	3047 	1594
f 3042 	2348 	3065
f 3089 	3039 	3011
f 3078 	2977 	3105
f 3104 	3078 	3105
f 3102 	3078 	3104
f 3100 	3114 	3108
f 3092 	3115 	3087
f 3100 	3128 	3114
f 3092 	1399 	3115
f 3128 	3181 	3114
f 2979 	3099 	3042
f 2996 	3106 	3105
f 3063 	3082 	3081
f 3089 	3087 	3115
f 3104 	3109 	3102
f 2979 	2962 	3099
f 3083 	3079 	3081
f 3085 	3079 	3083
f 3309 	2511 	3243
f 3118 	3054 	2950
f 3063 	3081 	3079
f 3085 	3086 	3079
f 3167 	2949 	3068
f 3088 	3079 	3086
f 3089 	3115 	3119
f 3109 	2950 	3120
f 3879 	3120 	2950
f 3119 	3039 	3089
f 3098 	3094 	3110
f 3110 	3094 	3100
f 3063 	3100 	3094
f 3063 	3094 	3093
f 3063 	3093 	3082
f 3054 	3118 	2996
f 1403 	3115 	1399
f 3091 	3112 	3107
f 3090 	3116 	3091
f 3112 	3113 	3107
f 3111 	3107 	3113
f 3113 	3117 	3111
f 3047 	3111 	3117
f 1403 	3119 	3115
f 3101 	3059 	2995
f 3106 	2996 	3118
f 2817 	3039 	3119
f 3112 	3091 	3116
f 3879 	3829 	3120
f 3109 	3120 	3097
f 3097 	3096 	3109
f 3119 	2824 	2817
f 3064 	3047 	3117
f 1403 	2838 	3119
f 3116 	3124 	1570
f 723 	743 	3122
f 743 	3126 	3122
f 3142 	54 	29
f 3146 	29 	42
f 3435 	3124 	3123
f 3124 	3116 	3123
f 3090 	3123 	3116
f 1879 	3125 	1868
f 1341 	3157 	3084
f 3001 	3009 	3127
f 3009 	3011 	3127
f 3101 	2995 	3034
f 2781 	3001 	2778
f 1539 	1520 	3130
f 2781 	3 	3001
f 3125 	1879 	3154
f 3129 	3133 	3130
f 3131 	3217 	3134
f 3131 	3134 	3132
f 37 	3001 	3
f 4103 	4104 	3034
f 3122 	733 	3189
f 37 	3009 	3001
f 3034 	4104 	3101
f 37 	22 	3009
f 3126 	47 	3122
f 3154 	2749 	3125
f 3126 	651 	47
f 3135 	3133 	3129
f 3209 	3210 	3131
f 3129 	3137 	3135
f 2728 	3127 	3011
f 3131 	3138 	3139
f 3131 	3139 	3209
f 2778 	3001 	3127
f 1877 	1731 	2749
f 2962 	1877 	3154
f 2728 	2778 	3127
f 3134 	3143 	3132
f 3140 	3141 	3136
f 3154 	3152 	2962
f 4136 	3288 	3144
f 3142 	29 	3146
f 3381 	3383 	3144
f 1719 	3838 	3144
f 3146 	42 	3148
f 3148 	42 	46
f 3148 	46 	3151
f 3151 	46 	49
f 921 	3151 	49
f 3170 	3143 	3150
f 3175 	3154 	3121
f 3154 	1879 	3121
f 3084 	3035 	1535
f 1877 	2749 	3154
f 3143 	3128 	3100
f 2957 	3146 	3148
f 3183 	2640 	3215
f 3155 	3156 	2875
f 2957 	3148 	907
f 3158 	2862 	3156
f 3180 	4116 	3179
f 3148 	3151 	907
f 3084 	3157 	3035
f 2859 	3159 	2928
f 3162 	3163 	3157
f 3145 	3767 	2879
f 3052 	3157 	3163
f 3080 	2935 	2928
f 2879 	2858 	3145
f 3080 	3098 	2935
f 3161 	4136 	3160
f 3180 	3160 	4136
f 3165 	3167 	3164
f 3166 	3167 	3165
f 3155 	2875 	2107
f 3160 	3180 	3174
f 723 	3136 	3141
f 3750 	3145 	2848
f 3141 	3169 	807
f 557 	609 	3026
f 3150 	3134 	3217
f 3175 	3172 	3173
f 3166 	3162 	3167
f 3157 	3167 	3162
f 1341 	2991 	3167
f 3170 	3217 	3181
f 3140 	184 	3141
f 3177 	3176 	2370
f 2832 	3235 	3171
f 2991 	2949 	3167
f 2658 	2632 	3171
f 1341 	3167 	3157
f 3179 	3174 	3180
f 2949 	2898 	3068
f 2658 	3171 	3204
f 3167 	3068 	3164
f 3074 	3164 	3068
f 2550 	2640 	3183
f 2518 	3542 	2520
f 2982 	2980 	3184
f 3196 	3185 	2960
f 3186 	2960 	3185
f 2960 	3186 	3187
f 3181 	3217 	3188
f 2870 	3542 	2876
f 2520 	3542 	2841
f 2982 	3189 	2327
f 2982 	3184 	3189
f 2861 	2892 	3542
f 3182 	3189 	3184
f 2841 	3542 	2842
f 2842 	3542 	2857
f 3193 	2990 	2983
f 3122 	3189 	3182
f 2857 	3542 	2870
f 1903 	1916 	3280
f 2990 	3193 	3200
f 2882 	3542 	2892
f 3196 	2960 	3195
f 3197 	2672 	2579
f 3194 	2935 	3198
f 2854 	3542 	2855
f 3198 	2935 	3098
f 3182 	3199 	3232
f 3156 	3155 	3079
f 2579 	3183 	3197
f 3826 	3200 	3193
f 3072 	3079 	3155
f 3156 	3079 	3158
f 3088 	3159 	3079
f 1862 	1903 	3280
f 3199 	3202 	3201
f 3158 	3079 	3159
f 2918 	3542 	2917
f 2913 	2915 	3542
f 2917 	3542 	2915
f 3072 	2107 	3062
f 2003 	3062 	2107
f 2901 	3621 	2899
f 2920 	2900 	3621
f 3202 	2980 	3075
f 3155 	2107 	3072
f 2107 	2106 	2003
f 2899 	3621 	2900
f 2901 	2909 	3621
f 2904 	3621 	2905
f 3134 	3150 	3143
f 2881 	3149 	3751
f 2905 	3621 	2909
f 1916 	1922 	3289
f 3280 	1916 	3289
f 2891 	2881 	3751
f 3184 	3199 	3182
f 3184 	2980 	3202
f 2891 	3751 	3755
f 3114 	3191 	3108
f 3181 	3128 	3170
f 3143 	3170 	3128
f 3074 	3071 	440
f 3069 	440 	3071
f 3067 	440 	3069
f 3186 	3108 	3187
f 3153 	2658 	3203
f 3165 	3164 	440
f 3199 	3184 	3202
f 3164 	3074 	440
f 3191 	3114 	3188
f 3187 	3108 	3190
f 3188 	3114 	3181
f 3190 	3108 	3192
f 3191 	3192 	3108
f 3050 	3049 	3095
f 3702 	1027 	3214
f 3147 	2879 	3767
f 3186 	3185 	3108
f 3194 	3198 	3110
f 3098 	3110 	3198
f 3195 	3194 	3110
f 3108 	3196 	3110
f 961 	3310 	3206
f 3195 	3110 	3196
f 3196 	3108 	3185
f 3173 	3172 	3176
f 3750 	3767 	3145
f 3052 	3163 	3095
f 3049 	3052 	3095
f 3163 	3162 	3095
f 3162 	3166 	3095
f 3166 	3165 	3095
f 440 	3095 	3165
f 3173 	3176 	3177
f 956 	949 	3207
f 3744 	2843 	2835
f 3032 	3037 	3095
f 3057 	3095 	3037
f 3138 	4042 	3139
f 561 	563 	3172
f 3211 	3212 	3213
f 3216 	3222 	3210
f 3131 	3210 	3222
f 3210 	4042 	3216
f 2312 	2807 	2808
f 3202 	3214 	3201
f 2312 	2791 	2807
f 3213 	3219 	3211
f 2822 	3217 	3218
f 3219 	3283 	3211
f 3211 	3285 	3215
f 1027 	3942 	3214
f 3173 	3177 	3221
f 956 	3207 	961
f 3220 	961 	3207
f 1027 	787 	3942
f 3221 	2370 	2371
f 3177 	2370 	3221
f 3310 	3220 	3223
f 3208 	3183 	3215
f 2835 	3005 	3812
f 2640 	3153 	3211
f 3176 	3172 	563
f 3191 	3188 	3217
f 3203 	3211 	3153
f 3724 	3832 	2983
f 3229 	3225 	3227
f 2793 	2791 	2312
f 3220 	3310 	961
f 2793 	2312 	2794
f 3269 	2345 	2808
f 3329 	3324 	3230
f 199 	119 	3229
f 119 	3225 	3229
f 2312 	2808 	2345
f 3211 	3215 	2640
f 119 	3224 	3225
f 3099 	3173 	3221
f 3230 	3231 	3329
f 119 	184 	3140
f 3260 	3247 	3203
f 119 	3140 	3224
f 2145 	3369 	2146
f 3204 	3252 	3203
f 3212 	3211 	3233
f 3211 	3203 	3233
f 3232 	3140 	3136
f 815 	2134 	3207
f 3232 	3224 	3140
f 2510 	3243 	2511
f 3204 	3171 	3235
f 3232 	3225 	3224
f 3228 	3227 	3232
f 3232 	3227 	3225
f 2355 	2348 	3221
f 3228 	3232 	3199
f 2348 	3099 	3221
f 3236 	3222 	3216
f 3173 	3154 	3175
f 3227 	3237 	3229
f 3099 	3152 	3173
f 3226 	3464 	3230
f 3938 	3237 	1335
f 3464 	3467 	3230
f 2528 	2522 	3309
f 2511 	3309 	2512
f 2962 	3152 	3099
f 3131 	3218 	3217
f 3227 	3228 	3237
f 3218 	3131 	3222
f 3152 	3154 	3173
f 3234 	3461 	3457
f 3237 	3942 	1335
f 3236 	4014 	3222
f 233 	234 	3121
f 3230 	3467 	3893
f 2293 	2837 	2845
f 3199 	3201 	3237
f 3400 	3389 	3916
f 2922 	2839 	2648
f 3228 	3199 	3237
f 3207 	2134 	3511
f 97 	533 	3240
f 3232 	3122 	3182
f 3207 	3511 	3220
f 3232 	723 	3122
f 2293 	2839 	2837
f 3336 	3231 	3242
f 2963 	2770 	2959
f 3232 	3136 	723
f 3168 	3174 	4121
f 3336 	3242 	3337
f 3244 	3337 	3242
f 3203 	2658 	3204
f 3309 	3311 	2528
f 236 	3121 	1879
f 2345 	3269 	3261
f 233 	3121 	236
f 3247 	3233 	3203
f 3245 	2372 	2361
f 3246 	3339 	3244
f 236 	1879 	1868
f 3260 	3203 	3252
f 2158 	3248 	2164
f 3264 	3255 	3248
f 411 	412 	3175
f 787 	1027 	3693
f 3235 	191 	3250
f 3174 	4118 	4121
f 787 	3693 	3692
f 3175 	560 	3172
f 2648 	2770 	2963
f 3252 	3204 	3251
f 3250 	3253 	3235
f 3256 	3235 	3253
f 3204 	3254 	3251
f 3249 	2164 	3248
f 3274 	3264 	3261
f 409 	411 	3121
f 3060 	2720 	2554
f 2720 	2555 	2554
f 3249 	3257 	2167
f 3204 	3235 	3256
f 3204 	3256 	3259
f 3204 	3259 	3254
f 3255 	3257 	3249
f 2453 	3364 	3243
f 3243 	3356 	3357
f 3357 	3358 	3243
f 3258 	1241 	3489
f 2956 	2770 	3060
f 3161 	3298 	4136
f 3255 	3249 	3248
f 3269 	3273 	3261
f 3264 	3265 	3255
f 3006 	2294 	2313
f 3183 	3208 	3197
f 3257 	3255 	3265
f 2770 	2953 	2959
f 3267 	3144 	3266
f 3267 	3270 	3144
f 3270 	3271 	3144
f 3244 	3242 	3521
f 3006 	2313 	3278
f 3244 	3521 	3522
f 3246 	3244 	3522
f 3268 	3267 	3266
f 3246 	3522 	3557
f 3304 	3305 	3243
f 3262 	3263 	3243
f 3309 	3243 	3263
f 3273 	3269 	3272
f 3274 	3261 	3273
f 3248 	3261 	3264
f 2770 	2956 	2953
f 3313 	2528 	3311
f 3381 	3144 	3271
f 3278 	3299 	3006
f 3268 	3347 	3267
f 3920 	3197 	3208
f 3292 	3215 	3295
f 2918 	2855 	3542
f 2854 	2861 	3542
f 2882 	2876 	3542
f 3285 	3211 	3283
f 3296 	3215 	3285
f 3268 	3291 	3345
f 2313 	3245 	3278
f 2902 	2913 	3542
f 3280 	3287 	3282
f 3266 	3144 	3286
f 3288 	4136 	3290
f 3286 	3144 	3288
f 3266 	3286 	3268
f 2920 	3621 	2921
f 1520 	3920 	3208
f 3268 	3286 	3288
f 3288 	3291 	3268
f 2944 	440 	3067
f 3288 	3290 	3291
f 3280 	3289 	3294
f 3208 	3215 	3292
f 3208 	3292 	3293
f 3057 	3050 	3095
f 3205 	3294 	3289
f 4011 	4008 	3095
f 3289 	3206 	3205
f 3296 	3295 	3215
f 3245 	3239 	3278
f 3291 	3174 	3168
f 577 	556 	259
f 920 	3206 	917
f 3289 	917 	3206
f 3208 	3129 	1520
f 3298 	3331 	4136
f 3300 	3301 	3208
f 920 	956 	3206
f 3280 	3294 	3287
f 64 	3315 	259
f 3314 	259 	3315
f 3300 	3208 	3293
f 3302 	3303 	3243
f 3304 	3243 	3303
f 3305 	3306 	3243
f 3262 	3243 	3306
f 4181 	3007 	3006
f 3137 	3208 	3307
f 3129 	3208 	3137
f 3301 	3307 	3208
f 3318 	3176 	3317
f 3277 	3276 	3302
f 3303 	3302 	3276
f 3289 	1922 	917
f 3276 	3263 	3262
f 3276 	3262 	3306
f 3297 	3308 	580
f 3275 	3487 	3265
f 579 	3297 	580
f 187 	1304 	191
f 191 	1304 	3250
f 3239 	3299 	3278
f 3272 	3265 	3273
f 3264 	3274 	3265
f 3315 	64 	3316
f 3321 	3324 	3294
f 3294 	3205 	3312
f 3312 	3321 	3294
f 3310 	3312 	3205
f 3250 	1304 	3253
f 3273 	3265 	3274
f 3263 	3323 	3309
f 3276 	3323 	3263
f 3312 	3310 	3223
f 3253 	1304 	3256
f 3320 	3176 	3318
f 3280 	3348 	1862
f 3498 	3313 	3516
f 3311 	3323 	3313
f 3314 	3315 	3317
f 3317 	3308 	3314
f 3212 	1308 	3213
f 3212 	3233 	1308
f 3316 	3318 	3315
f 3318 	3317 	3315
f 3282 	3355 	3280
f 3297 	3314 	3308
f 3233 	3247 	1308
f 3316 	64 	3319
f 3322 	3176 	3320
f 3276 	3306 	3305
f 3324 	3329 	3294
f 3329 	3332 	3294
f 3282 	3287 	3336
f 90 	3176 	3322
f 4181 	3006 	3299
f 3223 	3226 	3312
f 3321 	3312 	3226
f 3322 	3320 	3319
f 3316 	3319 	3320
f 3316 	3320 	3318
f 3332 	3336 	3294
f 4181 	3299 	3241
f 3311 	3309 	3323
f 3247 	3260 	1308
f 3259 	1304 	3254
f 3226 	3230 	3321
f 3299 	3239 	3241
f 3251 	3254 	1304
f 67 	90 	68
f 3322 	68 	90
f 3319 	68 	3322
f 3325 	3326 	3327
f 3516 	3313 	3323
f 3328 	3325 	3327
f 3251 	1308 	3252
f 3252 	1308 	3260
f 3348 	3280 	3355
f 818 	3535 	3516
f 3161 	3160 	3174
f 3161 	3174 	3298
f 3291 	3298 	3174
f 1722 	3804 	1719
f 3489 	3655 	3258
f 3330 	3354 	3326
f 3331 	3333 	4136
f 801 	818 	3323
f 3334 	3335 	4136
f 3336 	3337 	3282
f 3287 	3294 	3336
f 3331 	3298 	3291
f 3694 	3699 	1600
f 3303 	3276 	3304
f 3305 	3304 	3276
f 3321 	3230 	3324
f 3257 	3265 	3483
f 3334 	4136 	3333
f 3337 	3339 	3282
f 3257 	3483 	3482
f 3332 	3329 	3231
f 3290 	4136 	3335
f 3482 	2167 	3257
f 3291 	3290 	3335
f 3555 	3552 	1462
f 3617 	3615 	1462
f 1480 	1481 	3554
f 3516 	3323 	818
f 3231 	3336 	3332
f 3291 	3335 	3334
f 3291 	3334 	3333
f 3339 	3340 	3282
f 1462 	1490 	3630
f 2360 	3325 	3328
f 3213 	1308 	3219
f 2360 	483 	3325
f 3323 	803 	801
f 3514 	3496 	1248
f 3323 	3276 	3338
f 3338 	3276 	3277
f 3509 	3518 	1246
f 3283 	1308 	3285
f 3325 	483 	3326
f 3343 	3346 	1237
f 3346 	3485 	1237
f 483 	70 	3326
f 3341 	3338 	3277
f 3295 	1308 	3292
f 3301 	3300 	1308
f 3296 	1308 	3295
f 3330 	3326 	70
f 3344 	1237 	57
f 75 	59 	3330
f 3291 	3333 	3331
f 3293 	3292 	1308
f 3293 	1308 	3300
f 70 	75 	3330
f 3349 	3361 	3281
f 57 	3469 	3344
f 57 	58 	3469
f 3343 	3344 	3469
f 3346 	3343 	3469
f 3133 	2558 	3130
f 2558 	2483 	3130
f 3135 	2558 	3133
f 3342 	3347 	3268
f 3348 	1858 	1862
f 3342 	3268 	3345
f 3239 	3328 	3327
f 3307 	2558 	3137
f 3354 	3330 	59
f 3377 	3348 	3350
f 3354 	59 	97
f 33 	81 	3351
f 3327 	3326 	3354
f 3469 	3351 	494
f 3302 	3243 	3358
f 3348 	3355 	3350
f 3353 	3352 	2642
f 3277 	3302 	3358
f 3277 	3358 	3357
f 3356 	3277 	3357
f 3354 	3241 	3239
f 3360 	1070 	3353
f 3356 	3243 	3359
f 1070 	3352 	3353
f 3354 	3240 	3241
f 81 	494 	3351
f 3327 	3354 	3239
f 2361 	2360 	3328
f 3352 	1092 	3380
f 3355 	3282 	3340
f 3350 	3355 	3340
f 3245 	3328 	3239
f 3364 	3369 	3341
f 3359 	3341 	3356
f 488 	3469 	494
f 2691 	2692 	3360
f 803 	3323 	3338
f 3360 	2693 	2691
f 3338 	3341 	814
f 3351 	3469 	33
f 803 	3338 	814
f 1196 	814 	3341
f 2361 	3328 	3245
f 3364 	3341 	3359
f 3353 	2642 	2777
f 3469 	488 	3362
f 3353 	2777 	3360
f 3240 	3354 	97
f 574 	1196 	3341
f 3369 	3364 	2453
f 2439 	480 	474
f 1153 	1250 	3360
f 3340 	3379 	3350
f 3368 	3369 	2145
f 3337 	3244 	3339
f 3359 	3243 	3364
f 3366 	1860 	1858
f 3368 	2145 	594
f 2453 	2449 	3369
f 3360 	1123 	3367
f 3366 	1899 	1860
f 3277 	3356 	3341
f 1215 	1216 	3818
f 3368 	3341 	3369
f 2079 	3371 	2080
f 2673 	2080 	3371
f 592 	574 	594
f 3371 	3374 	2673
f 2079 	3365 	3371
f 3368 	594 	3341
f 2057 	3365 	2079
f 3367 	868 	1153
f 673 	585 	3370
f 2677 	2673 	3374
f 3366 	3375 	3372
f 3360 	3367 	1153
f 3366 	3377 	3375
f 1858 	3348 	3366
f 2244 	2245 	3365
f 3366 	3348 	3377
f 3370 	3504 	673
f 3692 	3376 	1281
f 3377 	3350 	3379
f 3379 	3387 	3377
f 3387 	3392 	3377
f 3392 	3396 	3377
f 3379 	3340 	3382
f 3818 	3715 	1195
f 15 	1288 	3376
f 3383 	1715 	3144
f 1715 	1716 	3144
f 53 	3373 	84
f 3371 	3365 	3378
f 1716 	1715 	1749
f 3378 	3384 	3371
f 3373 	85 	84
f 3271 	3347 	3381
f 3383 	3381 	3347
f 3271 	3270 	3347
f 3270 	3267 	3347
f 3371 	3384 	3374
f 3386 	3374 	3384
f 2716 	2685 	3374
f 3375 	3377 	3396
f 3372 	3375 	3396
f 3399 	677 	673
f 3379 	3382 	3404
f 3426 	677 	3399
f 3373 	86 	85
f 3386 	2716 	3374
f 3388 	3389 	3390
f 3390 	3389 	3391
f 3168 	3345 	3291
f 3389 	3388 	3393
f 3396 	3411 	3372
f 3394 	3389 	3393
f 3386 	709 	307
f 3387 	3404 	3392
f 3394 	3395 	3389
f 715 	716 	3384
f 3384 	716 	3386
f 3395 	3397 	3389
f 3408 	3396 	3392
f 3363 	3529 	3532
f 3397 	3398 	3389
f 715 	3384 	3378
f 3391 	3389 	3400
f 3532 	3349 	3363
f 3415 	3399 	673
f 3340 	3246 	3382
f 3361 	3349 	3534
f 3376 	3402 	3373
f 3246 	3340 	3339
f 4145 	1749 	3347
f 2000 	3401 	3405
f 3380 	1092 	852
f 852 	1606 	3380
f 3406 	2004 	3405
f 3405 	2004 	2000
f 3402 	3388 	3390
f 3391 	3373 	3390
f 86 	3373 	3391
f 3406 	2031 	2028
f 3387 	3379 	3404
f 3407 	3394 	3393
f 3407 	3393 	3388
f 3407 	3388 	3402
f 3027 	3431 	3929
f 3407 	3395 	3394
f 3408 	3392 	3404
f 3259 	3256 	1304
f 187 	188 	1304
f 188 	180 	1304
f 3412 	3413 	41
f 3395 	3407 	3397
f 3406 	2028 	2004
f 3407 	3398 	3397
f 3283 	3219 	1308
f 1308 	3251 	1304
f 3410 	4116 	3409
f 3486 	4116 	3410
f 3365 	2057 	2053
f 3400 	86 	3391
f 677 	3429 	3362
f 2558 	3301 	1308
f 3307 	3301 	2558
f 3296 	3285 	1308
f 3417 	41 	3413
f 3402 	3390 	3373
f 3408 	3411 	3396
f 3409 	4116 	3414
f 2230 	3669 	3403
f 1540 	1539 	270
f 1539 	3130 	270
f 3135 	3137 	2558
f 3422 	4116 	3421
f 3414 	4116 	3422
f 3407 	3402 	3420
f 3403 	3669 	3416
f 3090 	1922 	3123
f 3416 	3423 	3401
f 3416 	3401 	3403
f 3425 	1916 	3427
f 3376 	3424 	3402
f 3423 	3428 	3405
f 3423 	3405 	3401
f 3413 	3499 	3417
f 3571 	3408 	3404
f 3424 	3430 	3420
f 3365 	2053 	2244
f 41 	3924 	3433
f 3432 	3433 	3929
f 3434 	41 	3433
f 3431 	3432 	3929
f 3402 	3424 	3420
f 1843 	1570 	3436
f 1226 	1241 	2184
f 41 	3434 	3437
f 3437 	3490 	41
f 3439 	41 	3438
f 3439 	3412 	41
f 3435 	1570 	3124
f 3424 	3440 	3430
f 3378 	3365 	2245
f 3436 	3435 	3418
f 3419 	3418 	3435
f 3123 	3419 	3435
f 2184 	1225 	1226
f 3427 	3436 	3425
f 3439 	3499 	3412
f 3557 	3559 	3382
f 3418 	3425 	3436
f 3382 	3559 	3404
f 3427 	1916 	3444
f 3440 	3424 	3441
f 3443 	3440 	3441
f 3441 	3424 	3442
f 3027 	2992 	3503
f 3404 	3559 	3571
f 1771 	1837 	3444
f 3436 	3444 	1843
f 3428 	3641 	3406
f 3446 	3895 	3445
f 3426 	3399 	3415
f 1837 	1843 	3444
f 3427 	3444 	3436
f 1411 	1269 	3385
f 3405 	3428 	3406
f 1858 	3451 	3452
f 3454 	1862 	3452
f 3455 	3456 	3506
f 3415 	3506 	3456
f 1771 	3460 	3459
f 3449 	3415 	3448
f 3456 	3448 	3415
f 1771 	3459 	3462
f 3389 	3398 	3916
f 3461 	3916 	3398
f 3415 	3449 	3463
f 3471 	3426 	3463
f 3415 	3463 	3426
f 3226 	3892 	3464
f 3465 	1771 	3462
f 1837 	1771 	3465
f 95 	3400 	3916
f 3471 	3476 	3426
f 3466 	3468 	1832
f 3440 	3446 	3445
f 1832 	3470 	3466
f 3475 	1570 	3472
f 3473 	3474 	3429
f 3476 	3479 	3426
f 3479 	3480 	3426
f 3429 	3426 	3480
f 1868 	3477 	3478
f 3478 	3533 	1868
f 3414 	3507 	3409
f 3473 	3429 	3480
f 3481 	3477 	1832
f 3481 	1832 	3468
f 3485 	3469 	3484
f 1868 	1832 	3477
f 3474 	3484 	3429
f 3484 	3469 	3429
f 3407 	3420 	3447
f 3453 	3407 	3447
f 3445 	3447 	3420
f 3430 	3445 	3420
f 3440 	3445 	3430
f 3407 	3453 	3457
f 3457 	3461 	3407
f 3450 	3385 	1269
f 3346 	3469 	3485
f 3407 	3461 	3398
f 1269 	1273 	3450
f 3433 	3570 	3434
f 3492 	41 	3490
f 3438 	41 	3491
f 3313 	3498 	2528
f 3498 	3519 	2528
f 3469 	3362 	3429
f 3493 	41 	3492
f 3491 	41 	3493
f 3506 	3415 	673
f 1189 	3655 	3489
f 3514 	3513 	3496
f 1226 	3494 	1241
f 3494 	3489 	1241
f 3490 	3570 	3492
f 3223 	3220 	3458
f 3450 	3494 	1226
f 3536 	3520 	2528
f 3502 	2528 	3501
f 3519 	3536 	2528
f 3494 	1189 	3489
f 3505 	3542 	3502
f 3431 	3027 	3503
f 3494 	3450 	1273
f 1275 	3494 	1273
f 3501 	3661 	3502
f 3504 	3506 	673
f 3509 	3510 	3504
f 3507 	3421 	3499
f 3511 	18 	3220
f 3515 	3513 	3514
f 3577 	3595 	3513
f 18 	3511 	2134
f 3517 	3513 	3515
f 3818 	1201 	3512
f 3499 	3439 	3438
f 3517 	3518 	3513
f 3504 	3513 	3518
f 3500 	3501 	2528
f 3520 	3500 	2528
f 3413 	3412 	3499
f 3507 	3422 	3421
f 3421 	3417 	3499
f 1860 	1899 	196
f 3520 	3535 	3500
f 3501 	3500 	3535
f 3527 	1407 	1367
f 3509 	3504 	3518
f 3516 	3519 	3498
f 3538 	3537 	1858
f 1367 	3526 	3527
f 3410 	3409 	3523
f 3370 	3530 	3513
f 3539 	3546 	1868
f 3533 	3539 	1868
f 3523 	3409 	3507
f 3265 	3487 	3483
f 3414 	3422 	3507
f 3466 	3462 	3468
f 3470 	3462 	3466
f 3454 	3452 	3477
f 3451 	3478 	3452
f 3523 	3486 	3410
f 3510 	3524 	3504
f 3524 	3525 	3504
f 3506 	3504 	3525
f 40 	3557 	3522
f 3454 	3477 	3460
f 3460 	3481 	3459
f 3526 	1372 	1300
f 3179 	3178 	3174
f 3459 	3481 	3462
f 3470 	3488 	3462
f 3525 	3528 	3506
f 3527 	1008 	1407
f 3482 	2190 	2167
f 3370 	3513 	3504
f 2894 	2190 	3482
f 3486 	3523 	3178
f 3174 	3178 	3523
f 3488 	3475 	3462
f 3465 	3462 	3475
f 1837 	3465 	3472
f 1837 	3472 	1843
f 3528 	3455 	3506
f 3477 	3452 	3478
f 3481 	3460 	3477
f 3468 	3462 	3481
f 3475 	3472 	3465
f 3451 	1858 	3531
f 3535 	1416 	3661
f 3526 	1269 	3527
f 3884 	3361 	3534
f 3230 	3893 	3894
f 3565 	1860 	3566
f 3535 	3661 	3501
f 3894 	3231 	3230
f 3527 	1269 	1411
f 3513 	3530 	3543
f 3535 	3520 	3536
f 3885 	3534 	3532
f 3543 	3577 	3513
f 3527 	1411 	1008
f 3535 	3536 	3516
f 1201 	1189 	3512
f 3519 	3516 	3536
f 3533 	3478 	3531
f 1189 	1274 	3512
f 3451 	3531 	3478
f 3906 	3893 	3467
f 3496 	3513 	3495
f 3531 	1858 	3537
f 3535 	818 	1416
f 3467 	3464 	3906
f 3526 	1300 	1269
f 3546 	3553 	1868
f 3564 	1858 	3565
f 3534 	3349 	3532
f 2528 	3542 	2518
f 892 	3541 	891
f 3621 	2904 	3542
f 892 	893 	3541
f 3231 	3894 	3242
f 893 	1225 	3541
f 440 	2944 	2943
f 32 	50 	3521
f 896 	3541 	1225
f 32 	3521 	3242
f 3588 	3656 	3542
f 2528 	3502 	3542
f 3508 	3542 	3505
f 3538 	1858 	3544
f 3553 	3560 	1868
f 896 	891 	3541
f 3531 	3537 	3533
f 3538 	3539 	3537
f 3539 	3533 	3537
f 1075 	1409 	957
f 3885 	3884 	3534
f 893 	1411 	3385
f 50 	40 	3522
f 3548 	1858 	3547
f 3544 	1858 	3548
f 3521 	50 	3522
f 3543 	705 	3545
f 3884 	3284 	3281
f 3551 	3552 	3550
f 3549 	3550 	3552
f 1008 	1015 	1407
f 3895 	3885 	3532
f 3567 	1868 	3560
f 3554 	3551 	3550
f 7 	3911 	3458
f 3546 	3539 	3544
f 3538 	3544 	3539
f 3458 	3220 	7
f 3438 	3491 	3499
f 3497 	3499 	3493
f 7 	3220 	18
f 3546 	3548 	3553
f 3544 	3548 	3546
f 3547 	3553 	3548
f 3493 	3492 	3497
f 1409 	1008 	1411
f 3529 	3895 	3532
f 1008 	1409 	1015
f 3555 	3549 	3552
f 3547 	1858 	3556
f 3564 	3556 	1858
f 3382 	3246 	3557
f 3575 	3582 	236
f 654 	3597 	3562
f 3560 	3553 	3556
f 3547 	3556 	3553
f 3856 	3869 	3279
f 3503 	4107 	3563
f 3857 	2894 	3482
f 3549 	3545 	729
f 236 	1868 	3568
f 3432 	3431 	3503
f 3432 	3503 	3563
f 3613 	3616 	3542
f 2902 	3542 	2904
f 3619 	3621 	3542
f 3433 	3432 	3563
f 3569 	3575 	236
f 3568 	3569 	236
f 3433 	3563 	3570
f 642 	3663 	729
f 3437 	3434 	3570
f 3565 	3566 	3568
f 3568 	3567 	3565
f 3564 	3565 	3567
f 3569 	3568 	3566
f 3573 	3408 	3571
f 3437 	3570 	3490
f 3493 	3499 	3491
f 3560 	3556 	3567
f 3564 	3567 	3556
f 3566 	1860 	3574
f 3582 	241 	236
f 3497 	3492 	3570
f 3408 	3573 	3562
f 3566 	3574 	3569
f 3574 	3575 	3569
f 3579 	3577 	3578
f 3576 	3614 	3577
f 4154 	3497 	3570
f 3574 	1860 	3580
f 196 	197 	1860
f 2921 	3621 	2943
f 3622 	2943 	3621
f 69 	3559 	3557
f 3558 	2309 	2287
f 3583 	3585 	3542
f 3583 	3542 	3508
f 3582 	3575 	3580
f 3574 	3580 	3575
f 40 	69 	3557
f 3505 	3661 	3508
f 3558 	3601 	2309
f 3580 	1860 	197
f 3585 	3587 	3542
f 3580 	197 	3582
f 3588 	3542 	3587
f 3132 	3589 	3131
f 3586 	3265 	3272
f 3559 	69 	63
f 3589 	3138 	3131
f 63 	3562 	3573
f 3100 	3008 	3594
f 63 	3573 	3571
f 3558 	3572 	3601
f 63 	3571 	3559
f 3577 	3579 	3581
f 3577 	3581 	3593
f 3586 	3269 	3592
f 3591 	3592 	3269
f 3586 	3272 	3269
f 3625 	3626 	2808
f 3265 	3592 	3275
f 3591 	3275 	3592
f 3595 	3577 	3596
f 3683 	3681 	3597
f 3599 	3269 	3598
f 3591 	3269 	3599
f 3600 	3596 	3577
f 3408 	3597 	3681
f 3279 	3599 	3598
f 1195 	3584 	3667
f 3495 	3513 	3540
f 3540 	3513 	3595
f 3408 	3562 	3597
f 3591 	3599 	3279
f 3275 	3591 	3279
f 3598 	3269 	3603
f 3603 	3269 	3602
f 3577 	3593 	3600
f 2912 	2907 	3590
f 3603 	3602 	3281
f 3603 	3281 	3284
f 3100 	3594 	3132
f 3143 	3100 	3132
f 3543 	3576 	3577
f 3605 	2943 	3604
f 3601 	3572 	3561
f 4042 	3589 	3594
f 3604 	2943 	3606
f 2907 	3649 	3590
f 3601 	3689 	2317
f 3543 	3545 	3576
f 3677 	3673 	3372
f 3651 	3706 	3605
f 3561 	3584 	3601
f 3608 	3610 	3542
f 3613 	3542 	3610
f 3411 	3609 	3372
f 3372 	3609 	3677
f 3612 	3269 	3626
f 3578 	3577 	3614
f 3611 	3378 	2245
f 3626 	3349 	3612
f 3411 	3408 	3609
f 3681 	3609 	3408
f 3611 	2245 	2244
f 3576 	3545 	3620
f 3617 	3620 	3545
f 3279 	3598 	3284
f 3603 	3284 	3598
f 3618 	3542 	3616
f 3619 	3542 	3618
f 3615 	3617 	3545
f 3624 	2943 	3622
f 2244 	2037 	3611
f 3269 	2808 	3626
f 3690 	3683 	3627
f 3597 	3627 	3683
f 3629 	3630 	3576
f 3625 	3363 	3626
f 3686 	3601 	3584
f 3620 	3629 	3576
f 3631 	3611 	2037
f 3576 	3630 	3614
f 3676 	2181 	2108
f 3612 	3349 	3602
f 3281 	3602 	3349
f 3549 	3555 	3632
f 3586 	3592 	3265
f 3696 	3690 	3628
f 3627 	3628 	3690
f 2802 	2800 	3633
f 3549 	3632 	3545
f 3615 	3545 	3632
f 3633 	2813 	2802
f 3643 	2108 	3642
f 2813 	3635 	2815
f 3628 	3634 	3696
f 1943 	2140 	2287
f 3640 	2808 	3638
f 3638 	2808 	2821
f 3639 	3638 	2821
f 3625 	2808 	3640
f 2140 	3558 	2287
f 3946 	3944 	3637
f 3628 	3627 	3646
f 3639 	3363 	3638
f 3647 	3634 	3628
f 3623 	2929 	3666
f 3406 	3641 	3637
f 3634 	3647 	3648
f 2031 	3406 	3637
f 2820 	3635 	3639
f 3642 	2108 	2128
f 3631 	2031 	3637
f 3676 	2108 	3643
f 3611 	3631 	3945
f 3562 	63 	654
f 3637 	3641 	3946
f 3645 	3642 	2128
f 661 	3627 	654
f 3611 	3945 	3943
f 3943 	3941 	3611
f 3645 	2128 	1952
f 2429 	3645 	1952
f 884 	3636 	764
f 138 	3649 	139
f 3680 	139 	3649
f 3640 	3638 	3363
f 3349 	3626 	3363
f 3363 	3625 	3640
f 147 	3649 	137
f 138 	137 	3649
f 2891 	3916 	3633
f 3662 	3621 	3619
f 664 	3647 	3646
f 3650 	3649 	147
f 3604 	3651 	3605
f 3628 	3646 	3647
f 3607 	3605 	3706
f 3606 	2943 	3653
f 3653 	2943 	3624
f 3597 	654 	3627
f 3606 	3653 	3651
f 3604 	3606 	3651
f 853 	3654 	3644
f 3618 	3662 	3619
f 3561 	2152 	3652
f 3647 	662 	3648
f 2151 	3258 	3652
f 662 	3647 	664
f 853 	3644 	846
f 3610 	3665 	3613
f 144 	3650 	146
f 2152 	2151 	3652
f 3916 	2813 	3633
f 147 	146 	3650
f 2891 	3755 	3916
f 661 	664 	3646
f 3608 	3542 	3656
f 3650 	144 	149
f 3918 	3635 	2813
f 3646 	3627 	661
f 3584 	3561 	3652
f 3650 	149 	148
f 3650 	148 	157
f 157 	162 	3650
f 2813 	3234 	3918
f 3657 	181 	180
f 2152 	3572 	3558
f 3658 	3529 	3639
f 2152 	3561 	3572
f 3639 	3529 	3363
f 2152 	3558 	2140
f 3660 	2929 	2912
f 3659 	3651 	3653
f 1304 	181 	418
f 3654 	3691 	3644
f 2912 	3590 	3650
f 3590 	3649 	3650
f 3622 	3621 	3662
f 3654 	3678 	3691
f 2151 	1241 	3258
f 3639 	3635 	3658
f 3618 	3664 	3662
f 2151 	2184 	1241
f 2912 	3650 	3660
f 3664 	3618 	3616
f 3660 	3650 	162
f 3671 	3979 	2142
f 3665 	3664 	3616
f 3616 	3613 	3665
f 161 	3660 	162
f 3725 	204 	203
f 3952 	3950 	3641
f 3725 	246 	204
f 3667 	3652 	3258
f 3428 	3952 	3641
f 2929 	3660 	3666
f 3667 	3258 	3655
f 3608 	3665 	3610
f 3666 	3657 	3623
f 3584 	3652 	3667
f 642 	779 	3663
f 1417 	3668 	1416
f 3673 	203 	1899
f 3725 	203 	3673
f 3668 	3661 	1416
f 3666 	168 	167
f 3657 	3666 	181
f 167 	181 	3666
f 1194 	3667 	3655
f 1189 	1194 	3655
f 3670 	3669 	2292
f 175 	3660 	169
f 161 	169 	3660
f 3775 	244 	246
f 3660 	175 	176
f 3660 	176 	3666
f 3666 	176 	168
f 3671 	2142 	2181
f 3670 	2292 	2316
f 3672 	3671 	2181
f 3623 	3657 	3235
f 846 	3731 	3663
f 188 	187 	3657
f 191 	3235 	187
f 180 	188 	3657
f 3674 	3670 	2260
f 3235 	2832 	3623
f 3665 	3608 	3656
f 3668 	3665 	3656
f 3670 	2316 	2315
f 3663 	3549 	729
f 3725 	3673 	3733
f 3676 	3672 	2181
f 3657 	187 	3235
f 3663 	3731 	3550
f 3961 	3416 	3669
f 3663 	3550 	3549
f 3673 	3677 	3675
f 1417 	3665 	3668
f 3673 	1899 	3366
f 3680 	127 	125
f 3680 	125 	139
f 3366 	3372 	3673
f 3680 	130 	127
f 3682 	3684 	3679
f 3677 	3609 	3681
f 3683 	3675 	3681
f 3690 	3675 	3683
f 3696 	3675 	3690
f 3677 	3681 	3675
f 3505 	3502 	3661
f 33 	116 	115
f 3584 	1195 	3686
f 3679 	3684 	3687
f 3679 	3687 	3688
f 114 	3685 	115
f 134 	3685 	114
f 33 	115 	3685
f 3587 	3668 	3588
f 3583 	3508 	3661
f 134 	131 	3685
f 3656 	3588 	3668
f 3675 	3733 	3673
f 3696 	3700 	3675
f 3668 	3587 	3661
f 3587 	3585 	3661
f 3661 	3585 	3583
f 130 	3680 	131
f 3686 	3689 	3601
f 3680 	3685 	131
f 3653 	3624 	3659
f 3622 	3662 	3659
f 3694 	3695 	3678
f 3691 	3678 	3695
f 3700 	3703 	3675
f 3424 	3376 	3692
f 3659 	3624 	3622
f 3698 	3699 	3679
f 3678 	3679 	3699
f 3698 	3679 	3688
f 2907 	4 	3649
f 4 	3680 	3649
f 3703 	3708 	3675
f 3733 	3675 	3708
f 3700 	3696 	3634
f 3662 	3664 	1412
f 1412 	1414 	3662
f 110 	33 	58
f 3697 	2338 	2322
f 3678 	3699 	3694
f 109 	108 	33
f 109 	33 	110
f 107 	33 	108
f 3702 	3075 	3078
f 107 	116 	33
f 3701 	3697 	3689
f 3670 	2315 	2260
f 3708 	3711 	3733
f 3423 	3416 	3962
f 3679 	3654 	3636
f 1434 	3659 	3662
f 3700 	3634 	3703
f 3704 	3703 	3634
f 3702 	3214 	3202
f 3679 	3678 	3654
f 2322 	2320 	3697
f 2320 	2317 	3697
f 3662 	1414 	1434
f 3705 	81 	3680
f 3702 	3202 	3075
f 2317 	3689 	3697
f 3695 	3707 	3691
f 3707 	3718 	3691
f 81 	3685 	3680
f 3711 	3712 	3733
f 3957 	3423 	3960
f 3705 	3680 	4
f 3703 	3704 	3708
f 3709 	3708 	3704
f 3674 	2260 	2321
f 3710 	3691 	3719
f 3605 	3607 	2943
f 3713 	2943 	3607
f 3966 	3964 	3670
f 3714 	392 	2943
f 3713 	3714 	2943
f 3686 	3701 	3689
f 394 	2943 	392
f 393 	394 	392
f 393 	3706 	1496
f 3716 	3674 	2321
f 3708 	3709 	3711
f 3706 	393 	392
f 3706 	392 	3714
f 3704 	3634 	3648
f 1195 	3701 	3686
f 3607 	3706 	3713
f 3714 	3713 	3706
f 3706 	3651 	3659
f 3715 	3701 	1195
f 3674 	3970 	3670
f 394 	393 	3717
f 1496 	3717 	393
f 3719 	3691 	3718
f 513 	3717 	1460
f 3720 	3710 	3721
f 513 	438 	3717
f 3710 	3719 	3721
f 1496 	1460 	3717
f 3710 	3720 	3722
f 3972 	3674 	3716
f 2983 	2517 	3724
f 4077 	4076 	4000
f 3726 	3731 	3710
f 3726 	3710 	3722
f 3550 	3728 	3554
f 3725 	3775 	246
f 2519 	3724 	2517
f 3644 	3691 	3710
f 3723 	3643 	3642
f 3730 	3724 	2519
f 3729 	3780 	3725
f 3762 	3774 	3095
f 3642 	3901 	3723
f 3901 	3642 	3645
f 3740 	3996 	3761
f 3741 	3996 	3740
f 3725 	3732 	3729
f 3832 	3724 	684
f 685 	683 	3730
f 3710 	846 	3644
f 3725 	3733 	3732
f 683 	684 	3724
f 846 	3710 	3731
f 3735 	3736 	3729
f 3732 	3733 	3735
f 3712 	3735 	3733
f 3753 	4059 	3746
f 3738 	3731 	3727
f 3726 	3727 	3731
f 3724 	3730 	683
f 3739 	3754 	3735
f 3729 	3732 	3735
f 685 	3730 	263
f 3711 	3739 	3712
f 3735 	3712 	3739
f 3550 	3731 	3738
f 3742 	3550 	3738
f 3728 	3550 	3742
f 3729 	3736 	3743
f 3723 	3734 	3757
f 3746 	4059 	3745
f 3736 	3754 	3743
f 3825 	3794 	3702
f 884 	3752 	3679
f 3709 	3739 	3711
f 3747 	4059 	3753
f 3693 	3702 	3794
f 3736 	3735 	3754
f 3702 	3078 	3825
f 3793 	3747 	3753
f 3679 	3636 	884
f 3746 	3790 	3753
f 3768 	3790 	3740
f 3794 	3424 	3692
f 3751 	3149 	3147
f 3996 	4002 	3761
f 3772 	3773 	4011
f 3692 	3693 	3794
f 487 	3762 	3095
f 3774 	3776 	3095
f 3765 	3766 	3764
f 3763 	3764 	3766
f 3761 	3760 	3768
f 3767 	3751 	3147
f 3765 	3769 	3766
f 3874 	3766 	3769
f 3741 	3740 	3790
f 3761 	3768 	3740
f 3755 	3751 	100
f 566 	3770 	3762
f 566 	3762 	487
f 486 	566 	487
f 3734 	3864 	3771
f 3759 	4011 	3773
f 3759 	3760 	4011
f 3776 	3783 	3095
f 3783 	3781 	3095
f 3770 	3774 	3762
f 3775 	258 	244
f 100 	101 	3755
f 3757 	3734 	3771
f 3770 	3776 	3774
f 3775 	3778 	3777
f 3772 	3847 	3773
f 3723 	3757 	3643
f 3775 	3780 	3778
f 3779 	3772 	4011
f 4011 	3095 	3779
f 3752 	3786 	3802
f 3751 	104 	100
f 3775 	3725 	3780
f 3782 	3763 	3788
f 3766 	3788 	3763
f 3751 	3767 	118
f 3781 	3779 	3095
f 3795 	3798 	3780
f 3785 	3787 	3780
f 3798 	3800 	3780
f 3784 	3785 	3780
f 3787 	3795 	3780
f 3780 	3729 	3784
f 3743 	3784 	3729
f 3441 	3442 	3788
f 3782 	3788 	3442
f 3789 	3768 	3760
f 3789 	3790 	3768
f 118 	3767 	120
f 3756 	3787 	3785
f 3756 	3785 	3754
f 3441 	3788 	3443
f 3791 	3443 	3788
f 2843 	3792 	3750
f 2848 	2843 	3750
f 878 	3848 	3786
f 3800 	3819 	3780
f 3778 	3780 	3819
f 3790 	3746 	3745
f 3748 	3747 	3793
f 3794 	3765 	3764
f 136 	133 	3792
f 3793 	3753 	3790
f 3797 	3769 	3765
f 3797 	3765 	3794
f 3756 	3796 	3787
f 3744 	3792 	2843
f 3745 	3741 	3790
f 3796 	3795 	3787
f 3752 	882 	3786
f 128 	126 	3767
f 133 	128 	3750
f 3868 	3766 	3874
f 3744 	141 	3792
f 3799 	3798 	3796
f 3752 	806 	882
f 3795 	3796 	3798
f 3874 	3769 	3801
f 3767 	3750 	128
f 3798 	3799 	3800
f 3823 	3819 	3799
f 3771 	3737 	3672
f 3750 	3792 	133
f 3802 	3803 	3804
f 3802 	3804 	3805
f 3672 	3676 	3771
f 136 	3792 	141
f 3769 	3797 	3801
f 3773 	3789 	3759
f 3760 	3759 	3789
f 48 	143 	3812
f 3442 	3424 	3782
f 3763 	3782 	3424
f 3424 	3794 	3763
f 3802 	3805 	3806
f 3793 	3790 	174
f 3791 	3440 	3443
f 3679 	3802 	3806
f 3679 	3806 	3682
f 3764 	3763 	3794
f 3785 	3784 	3754
f 3743 	3754 	3784
f 3807 	3808 	3809
f 4097 	3866 	3793
f 3808 	3810 	3811
f 3808 	3811 	3809
f 3812 	3000 	3826
f 3813 	3808 	3814
f 258 	3775 	674
f 3812 	3005 	3000
f 3813 	3815 	3808
f 3752 	3802 	3679
f 3667 	1194 	1195
f 3808 	3807 	3816
f 3777 	3817 	3775
f 674 	3775 	3817
f 3814 	3808 	3816
f 3512 	1215 	3818
f 3820 	3808 	3815
f 3833 	3777 	3819
f 3777 	3778 	3819
f 3874 	3808 	3821
f 3820 	3821 	3808
f 172 	3790 	3789
f 3810 	3808 	3824
f 3874 	3824 	3808
f 3790 	172 	174
f 3000 	2990 	3826
f 3825 	3829 	3807
f 3825 	3807 	3809
f 3825 	3809 	3811
f 3800 	3799 	3819
f 3822 	3827 	3828
f 688 	3715 	1216
f 3814 	3816 	3813
f 3829 	3813 	3816
f 3829 	3816 	3807
f 681 	674 	3817
f 3822 	3828 	3830
f 1201 	3818 	1194
f 208 	192 	3831
f 3813 	3829 	3815
f 3833 	3842 	3817
f 3817 	3777 	3833
f 3832 	3826 	3193
f 3834 	3822 	3830
f 3815 	3829 	3820
f 2990 	3200 	3826
f 3847 	3789 	3773
f 3829 	3821 	3820
f 1216 	3715 	3818
f 3834 	3830 	3835
f 192 	3789 	3847
f 3819 	3823 	3833
f 3835 	3836 	3834
f 1195 	1194 	3818
f 2895 	2894 	3839
f 192 	172 	3789
f 3840 	3834 	3838
f 3836 	3838 	3834
f 2835 	3812 	3744
f 3846 	3853 	3817
f 3842 	3846 	3817
f 3812 	143 	3744
f 2895 	3839 	3843
f 1919 	3822 	3758
f 28 	3812 	3826
f 3737 	3671 	3672
f 3842 	3833 	3844
f 3823 	3844 	3833
f 3845 	3857 	3821
f 3831 	566 	208
f 681 	3817 	3853
f 3783 	3776 	3847
f 3832 	3193 	2983
f 3849 	3803 	3848
f 3802 	3848 	3803
f 3842 	3844 	3846
f 691 	3846 	3844
f 3837 	3829 	3839
f 3843 	3839 	3829
f 3837 	3841 	3829
f 3097 	3120 	3829
f 3848 	3850 	3851
f 3848 	3851 	3852
f 3841 	3845 	3829
f 3757 	3771 	3676
f 3829 	3845 	3821
f 3757 	3676 	3643
f 28 	3826 	3832
f 3854 	3851 	3850
f 3794 	3825 	3811
f 3794 	3811 	3810
f 3824 	3797 	3810
f 3794 	3810 	3797
f 3840 	3854 	3834
f 3850 	3834 	3854
f 28 	48 	3812
f 3781 	3847 	3779
f 3783 	3847 	3781
f 3772 	3779 	3847
f 3822 	3834 	3758
f 3770 	3847 	3776
f 2338 	3697 	3855
f 3850 	3758 	3834
f 208 	566 	497
f 3848 	3852 	3849
f 3831 	3847 	3770
f 3770 	566 	3831
f 3756 	3877 	3796
f 3850 	3848 	878
f 3715 	688 	3855
f 3877 	3881 	3796
f 159 	150 	3832
f 3855 	3701 	3715
f 3850 	878 	3758
f 3749 	4059 	3748
f 3881 	3799 	3796
f 3697 	3701 	3855
f 3857 	3482 	3483
f 166 	159 	3832
f 3741 	3745 	4059
f 3862 	4059 	3749
f 3748 	4059 	3747
f 166 	3832 	690
f 684 	690 	3832
f 53 	15 	3373
f 3863 	3865 	4059
f 2985 	4059 	3859
f 3859 	4059 	3858
f 2986 	4059 	2985
f 3802 	3786 	3848
f 2985 	3859 	3860
f 340 	600 	16
f 3858 	3860 	3859
f 16 	53 	340
f 3861 	53 	16
f 3863 	4059 	3862
f 3861 	15 	53
f 3845 	3841 	3857
f 3837 	2894 	3857
f 3836 	3144 	3838
f 3830 	3144 	3835
f 3828 	3144 	3830
f 4147 	3144 	3827
f 3827 	3144 	3828
f 3376 	3373 	15
f 3835 	3144 	3836
f 1543 	3861 	1544
f 3863 	3866 	3865
f 3862 	3866 	3863
f 3860 	3865 	3866
f 1544 	16 	1616
f 3866 	3034 	3860
f 15 	3861 	1543
f 3803 	1719 	3804
f 3849 	1719 	3803
f 3862 	3749 	3866
f 3856 	3279 	3284
f 3861 	16 	1544
f 681 	3853 	710
f 3793 	3866 	3748
f 3749 	3748 	3866
f 1296 	3734 	1203
f 3851 	1719 	3852
f 4097 	4103 	3866
f 3275 	3279 	3868
f 3838 	1719 	3840
f 4103 	3034 	3866
f 115 	1237 	114
f 57 	1237 	58
f 134 	114 	620
f 3860 	3034 	2995
f 3840 	1719 	3854
f 3851 	3854 	1719
f 3852 	1719 	3849
f 3865 	3858 	4059
f 3734 	1296 	3864
f 418 	167 	99
f 3865 	3860 	3858
f 3279 	3869 	3868
f 418 	421 	1304
f 3682 	1688 	3684
f 3867 	3864 	1383
f 3856 	3766 	3869
f 3804 	1688 	3805
f 3805 	1688 	3806
f 3687 	3684 	1688
f 3806 	1688 	3682
f 1354 	3867 	1383
f 3707 	3695 	1600
f 1600 	3695 	3694
f 3699 	3698 	1600
f 3688 	1600 	3698
f 3275 	3868 	3487
f 732 	3872 	3704
f 3709 	3704 	3872
f 3874 	3857 	3483
f 3872 	3739 	3709
f 3687 	1600 	3688
f 3867 	3771 	3864
f 3718 	3707 	1600
f 3874 	3483 	3487
f 345 	1245 	1316
f 3739 	3872 	3876
f 3742 	3738 	1593
f 3721 	1600 	3720
f 3719 	1600 	3721
f 3718 	1600 	3719
f 1600 	1601 	3720
f 2950 	2895 	3879
f 3722 	3720 	1593
f 3722 	1593 	3726
f 3726 	1593 	3727
f 3837 	3857 	3841
f 1354 	3882 	3867
f 3727 	1593 	3738
f 3551 	1462 	3552
f 3771 	3867 	3737
f 3868 	3874 	3487
f 1593 	1480 	3554
f 3871 	298 	602
f 3756 	771 	3877
f 3823 	3799 	3878
f 3632 	1462 	3615
f 3555 	1462 	3632
f 3871 	3870 	298
f 3870 	302 	298
f 3728 	1593 	3554
f 3742 	1593 	3728
f 3870 	3873 	302
f 3843 	3879 	2895
f 3881 	3878 	3799
f 329 	302 	3873
f 3617 	1462 	3620
f 797 	3881 	3877
f 3873 	4037 	329
f 3874 	3821 	3857
f 1466 	1455 	3630
f 1455 	1456 	3630
f 3766 	3868 	3869
f 3620 	1462 	3629
f 1491 	1466 	3630
f 3629 	1462 	3630
f 3754 	3739 	761
f 3874 	3801 	3824
f 765 	3754 	761
f 3595 	1248 	3540
f 3495 	3540 	1248
f 345 	3880 	1245
f 761 	3872 	732
f 761 	3739 	3876
f 3882 	1245 	3880
f 3889 	3873 	3910
f 761 	3876 	3872
f 3880 	345 	352
f 3496 	3495 	1248
f 765 	771 	3754
f 3737 	3867 	3882
f 3882 	3880 	3737
f 771 	3756 	3754
f 3910 	3873 	3870
f 3595 	3596 	1248
f 3596 	3600 	1248
f 3281 	3361 	3884
f 738 	732 	3704
f 3600 	3593 	1248
f 3581 	1248 	3593
f 3875 	3887 	3883
f 738 	3704 	3648
f 3886 	2579 	2672
f 662 	738 	3648
f 3823 	3878 	775
f 3856 	3284 	3884
f 3844 	3823 	775
f 3886 	2588 	2579
f 775 	777 	3844
f 3886 	2438 	2588
f 3509 	1246 	3510
f 3517 	3515 	1246
f 3515 	3514 	1246
f 1248 	1246 	3514
f 691 	3844 	777
f 786 	775 	3878
f 3518 	3517 	1246
f 3878 	3881 	786
f 3881 	797 	786
f 3877 	771 	797
f 3449 	1246 	3463
f 3448 	1246 	3449
f 3456 	1246 	3448
f 140 	3891 	3890
f 3455 	1246 	3456
f 3891 	217 	3890
f 3463 	1246 	3471
f 3886 	2437 	2438
f 3471 	1246 	3476
f 3476 	1246 	3479
f 3889 	3896 	3875
f 3887 	3875 	3896
f 3899 	3900 	3898
f 3897 	3898 	3900
f 3525 	1246 	3528
f 1278 	3479 	1246
f 1246 	3525 	3524
f 3902 	3898 	3903
f 3902 	3904 	3898
f 3528 	1246 	3455
f 3904 	3905 	3898
f 3897 	3907 	3898
f 3903 	3898 	3907
f 3901 	3888 	3932
f 3905 	3908 	3898
f 3908 	3909 	3898
f 3906 	213 	3893
f 3893 	220 	3894
f 3909 	3899 	3898
f 3766 	3856 	3884
f 3485 	3484 	1237
f 3474 	3473 	1237
f 3484 	3474 	1237
f 3932 	3933 	3901
f 3473 	3480 	1237
f 3480 	3479 	1237
f 1278 	1237 	3479
f 3892 	3906 	3464
f 3529 	3919 	3895
f 32 	3242 	3894
f 2429 	2437 	3886
f 216 	3893 	213
f 3894 	363 	32
f 3900 	3910 	3897
f 3458 	3911 	3892
f 3913 	3907 	3912
f 3223 	3458 	3892
f 3907 	3897 	3912
f 3226 	3223 	3892
f 3912 	3897 	3910
f 3892 	212 	3906
f 3901 	3933 	1203
f 3884 	3788 	3766
f 1147 	2226 	2232
f 2232 	2201 	1147
f 3901 	3645 	3888
f 3885 	3788 	3884
f 7 	209 	3911
f 3911 	210 	3892
f 212 	3892 	210
f 1146 	1147 	2201
f 213 	3906 	212
f 3886 	3888 	2429
f 3895 	3788 	3885
f 3894 	220 	222
f 222 	225 	3894
f 3910 	3915 	3912
f 3734 	3901 	1203
f 3447 	3445 	3895
f 210 	3911 	209
f 2103 	2173 	3914
f 3919 	3447 	3895
f 3912 	3962 	3913
f 3912 	3915 	3960
f 3734 	3723 	3901
f 3899 	3896 	3889
f 3909 	3896 	3899
f 3914 	2129 	2103
f 3905 	3904 	3913
f 1146 	3917 	3914
f 3907 	3913 	3903
f 3902 	3903 	3913
f 3902 	3913 	3904
f 3888 	3645 	2429
f 3917 	2362 	3914
f 3905 	3913 	3908
f 3909 	3908 	3896
f 3913 	3896 	3908
f 3919 	3529 	3658
f 3886 	2672 	3920
f 3900 	3899 	3910
f 3889 	3910 	3899
f 3918 	3919 	3658
f 3934 	3888 	3922
f 3910 	3870 	3921
f 3658 	3635 	3918
f 3924 	4158 	3923
f 3886 	3922 	3888
f 3788 	3895 	3791
f 3791 	3895 	3446
f 3453 	3447 	3919
f 1520 	3886 	3920
f 3915 	3910 	3927
f 3923 	4158 	3929
f 3919 	3918 	3453
f 3457 	3453 	3918
f 3921 	3927 	3910
f 3918 	3234 	3457
f 3234 	2813 	3916
f 1520 	1437 	3922
f 3461 	3234 	3916
f 3921 	3930 	3927
f 1520 	3922 	3886
f 3870 	3871 	3937
f 3921 	3870 	3937
f 3843 	3829 	3879
f 3824 	3801 	3797
f 3791 	3446 	3440
f 3921 	3935 	3930
f 1377 	3936 	1307
f 1437 	3934 	3922
f 1378 	3936 	1377
f 1695 	3931 	3926
f 3937 	3871 	602
f 3938 	3229 	3237
f 3936 	1335 	1307
f 3939 	3935 	3937
f 3921 	3937 	3935
f 3936 	3938 	1335
f 3937 	602 	605
f 247 	3936 	1378
f 247 	240 	3936
f 240 	3938 	3936
f 587 	598 	3939
f 3937 	587 	3939
f 1575 	3933 	3932
f 199 	3229 	3938
f 3933 	1166 	1203
f 1674 	3959 	3931
f 3933 	1575 	1170
f 3933 	1170 	1166
f 3941 	735 	3611
f 3631 	3944 	3945
f 3631 	3637 	3944
f 3237 	3201 	3942
f 3947 	3948 	3949
f 3946 	3641 	3950
f 3693 	1027 	3702
f 3951 	3947 	3949
f 3942 	787 	3940
f 3926 	3931 	4044
f 3926 	4044 	3953
f 3926 	3953 	3954
f 3934 	1578 	3932
f 3201 	3214 	3942
f 3428 	3955 	3952
f 3940 	787 	1254
f 3957 	3955 	3423
f 3428 	3423 	3955
f 3926 	3954 	3956
f 3926 	3956 	3948
f 3926 	3948 	3947
f 1437 	1522 	3934
f 3947 	3925 	3926
f 3934 	1522 	1578
f 3416 	3961 	3962
f 3958 	3925 	3947
f 3951 	3958 	3947
f 3932 	3888 	3934
f 3961 	3669 	3963
f 3931 	3959 	4044
f 4045 	4044 	3959
f 3962 	3960 	3423
f 2672 	3197 	3920
f 3385 	1225 	893
f 2184 	2183 	1225
f 2207 	2233 	866
f 3669 	3670 	3963
f 1225 	2183 	896
f 3965 	868 	866
f 3963 	3670 	3964
f 3965 	1153 	868
f 3970 	3967 	3670
f 3928 	4158 	3969
f 3966 	3670 	3967
f 3975 	905 	2185
f 3969 	3925 	3971
f 3983 	3975 	2185
f 3674 	3972 	3970
f 3968 	1158 	3965
f 3983 	2185 	2188
f 3971 	3925 	3958
f 3974 	3972 	3716
f 866 	2233 	3965
f 2233 	2236 	3965
f 3941 	3939 	735
f 3943 	3939 	3941
f 3968 	2236 	3977
f 3976 	3977 	2236
f 3935 	3939 	3943
f 1730 	2212 	3976
f 3978 	3983 	2188
f 3935 	3943 	3945
f 3944 	3927 	3945
f 3927 	3930 	3945
f 3935 	3945 	3930
f 3978 	2188 	2189
f 3926 	1696 	1695
f 3979 	3978 	2189
f 3927 	3944 	3946
f 3946 	3950 	3927
f 3952 	3955 	3927
f 3952 	3927 	3950
f 3976 	2236 	3981
f 3981 	2236 	3980
f 1696 	3926 	3925
f 2142 	3979 	2189
f 3955 	3957 	3927
f 1730 	3981 	3980
f 3915 	3927 	3957
f 3976 	3981 	1730
f 3957 	3960 	3915
f 3960 	3962 	3912
f 3983 	229 	3975
f 3961 	3913 	3962
f 3961 	3963 	3913
f 3984 	3989 	3968
f 3982 	3984 	3968
f 3977 	3982 	3968
f 3963 	3964 	3913
f 3964 	3966 	3913
f 3967 	3896 	3966
f 221 	229 	3983
f 3970 	3896 	3967
f 1696 	4158 	1684
f 221 	3983 	3978
f 1153 	3965 	1158
f 3913 	3966 	3896
f 3989 	1150 	3968
f 3896 	3970 	3972
f 3033 	3986 	3031
f 3985 	3031 	3986
f 3987 	3984 	2300
f 3985 	3035 	3031
f 3887 	3896 	3972
f 3883 	3887 	3972
f 3982 	2300 	3984
f 3883 	3972 	3974
f 3737 	3979 	3671
f 4005 	3985 	3990
f 740 	1150 	3989
f 3992 	352 	377
f 3984 	3987 	3989
f 740 	3989 	3987
f 352 	3993 	3737
f 3994 	3991 	2475
f 3991 	3988 	2482
f 3737 	3880 	352
f 3998 	4007 	3987
f 4022 	4030 	3997
f 3997 	4030 	3996
f 3998 	3987 	2314
f 1535 	3035 	3985
f 19 	3992 	372
f 3986 	3990 	3985
f 3994 	2475 	2472
f 372 	373 	19
f 4003 	3985 	4005
f 3992 	377 	372
f 273 	274 	1540
f 1527 	1541 	290
f 2402 	3988 	4000
f 3716 	2257 	4000
f 3979 	3993 	3992
f 4000 	2257 	2402
f 1172 	9 	1173
f 3716 	4000 	4076
f 3988 	4078 	4000
f 4077 	4000 	4078
f 3988 	4079 	4078
f 3995 	4002 	3996
f 156 	1381 	4001
f 398 	19 	373
f 3995 	4004 	4002
f 492 	493 	2208
f 398 	1699 	19
f 495 	403 	1611
f 3992 	19 	3978
f 3978 	3979 	3992
f 2145 	2143 	374
f 2449 	2148 	3369
f 3993 	3979 	3737
f 4008 	4003 	4005
f 3987 	4007 	740
f 2664 	4006 	4009
f 4007 	746 	740
f 3998 	2620 	4007
f 4012 	4003 	4011
f 4008 	4011 	4003
f 4012 	4004 	4003
f 4009 	2730 	2664
f 3995 	4003 	4004
f 4009 	4006 	4084
f 3999 	4003 	3995
f 2730 	4009 	4034
f 4034 	4009 	4085
f 3995 	3996 	4030
f 4025 	4030 	4022
f 4014 	4010 	2828
f 4083 	4006 	4010
f 4084 	4006 	4083
f 4001 	155 	156
f 3985 	2193 	1535
f 4057 	4034 	4080
f 4017 	4015 	4016
f 4030 	3999 	3995
f 4014 	2828 	2856
f 2324 	4017 	4016
f 3959 	1674 	4018
f 47 	4017 	2324
f 2324 	733 	47
f 4019 	4020 	4018
f 4017 	4021 	4015
f 4023 	4024 	4013
f 3222 	4014 	2856
f 4026 	4027 	4013
f 4023 	4013 	4027
f 4014 	4081 	4010
f 2472 	2702 	4028
f 4019 	4018 	4013
f 2472 	4028 	3994
f 746 	4007 	4032
f 4013 	4024 	4019
f 2877 	4029 	4028
f 2687 	2877 	4028
f 4031 	1702 	746
f 4032 	4031 	746
f 2702 	2687 	4028
f 4031 	4032 	4033
f 4092 	3994 	4028
f 4032 	2592 	4033
f 4032 	2620 	2592
f 4032 	4007 	2620
f 4086 	4087 	4028
f 2730 	4034 	4035
f 4036 	4029 	2877
f 4036 	2877 	2863
f 2433 	4016 	4015
f 4035 	4036 	2863
f 2433 	2324 	4016
f 4085 	4080 	4034
f 4084 	4085 	4009
f 4021 	4031 	4033
f 2549 	4021 	2551
f 4033 	2551 	4021
f 4035 	4052 	4036
f 3985 	4003 	2193
f 4092 	4028 	4087
f 1702 	4031 	4021
f 650 	4017 	651
f 2193 	4003 	3999
f 3008 	4038 	3594
f 4017 	47 	651
f 1674 	2194 	4018
f 4038 	4039 	3594
f 4040 	4021 	4017
f 1677 	4021 	4040
f 650 	2656 	4017
f 2193 	3999 	2194
f 589 	329 	4037
f 589 	4039 	576
f 4017 	2656 	4040
f 4038 	4179 	576
f 3999 	4030 	2194
f 1677 	4040 	1748
f 4037 	4041 	589
f 4041 	4039 	589
f 4039 	4038 	576
f 4018 	2194 	4013
f 3008 	4179 	4038
f 4042 	3210 	3209
f 3589 	4042 	3138
f 3209 	3139 	4042
f 4025 	4043 	4030
f 3589 	3132 	3594
f 3875 	4037 	3889
f 190 	4001 	8
f 4026 	4013 	4043
f 4030 	4043 	4013
f 3873 	3889 	4037
f 165 	152 	5
f 9 	5 	8
f 10 	5 	9
f 4046 	4042 	3594
f 4048 	4018 	4047
f 4020 	4047 	4018
f 78 	165 	5
f 4039 	4049 	3594
f 4064 	4049 	4039
f 4018 	4048 	3959
f 4045 	3959 	4048
f 4049 	4050 	4051
f 3594 	4049 	4051
f 4002 	4004 	3761
f 3760 	3761 	4011
f 872 	680 	14
f 4004 	4012 	3761
f 4011 	3761 	4012
f 4054 	4049 	4064
f 4081 	4050 	4082
f 4051 	4050 	4081
f 4080 	4085 	4050
f 3594 	4051 	4046
f 14 	306 	872
f 4026 	4043 	3741
f 4052 	4053 	4054
f 4055 	4052 	4056
f 4053 	4052 	4055
f 3997 	3741 	4022
f 4022 	3741 	4025
f 9 	1172 	10
f 4025 	3741 	4043
f 4052 	4057 	4058
f 25 	1172 	24
f 35 	1172 	253
f 4024 	3741 	4019
f 4023 	3741 	4024
f 4027 	3741 	4023
f 4020 	4019 	3741
f 1172 	25 	31
f 4035 	4034 	4052
f 4028 	4029 	4052
f 11 	10 	1172
f 12 	13 	1172
f 30 	12 	1172
f 30 	1172 	31
f 4029 	4036 	4052
f 4001 	9 	8
f 4061 	4052 	4060
f 4045 	2986 	3953
f 30 	14 	12
f 4058 	4056 	4052
f 3953 	4044 	4045
f 2986 	4045 	4059
f 3954 	3953 	2986
f 3956 	3954 	2986
f 4028 	4052 	4061
f 4047 	4059 	4048
f 4048 	4059 	4045
f 4062 	4052 	4054
f 4062 	4063 	4052
f 4060 	4052 	4063
f 3971 	3958 	2986
f 3928 	3969 	2986
f 3951 	2986 	3958
f 3948 	2986 	3949
f 3956 	2986 	3948
f 3929 	3928 	2986
f 4039 	4041 	4064
f 3969 	3971 	2986
f 4041 	4037 	4064
f 3924 	3923 	3433
f 4064 	4065 	4066
f 3033 	3095 	3986
f 3986 	3095 	3990
f 4064 	4067 	4065
f 3990 	3095 	4005
f 4005 	3095 	4008
f 4065 	4067 	4087
f 4049 	4054 	4053
f 4049 	4053 	4055
f 4049 	4055 	4056
f 4056 	4050 	4049
f 4050 	4058 	4057
f 4070 	584 	4069
f 584 	4070 	4071
f 4050 	4056 	4058
f 4054 	4064 	4062
f 4068 	2584 	2583
f 4068 	584 	652
f 4068 	2605 	2584
f 4060 	4063 	4066
f 4061 	4060 	4066
f 4062 	4066 	4063
f 4066 	4062 	4064
f 4064 	4037 	3875
f 4064 	4072 	4067
f 4064 	4073 	4072
f 3883 	4073 	3875
f 4064 	3875 	4073
f 3716 	4076 	3974
f 4088 	4089 	3988
f 4093 	4079 	3988
f 3988 	3991 	4088
f 4090 	4088 	3991
f 4091 	4090 	3994
f 4074 	584 	4068
f 4010 	4082 	4083
f 4052 	4034 	4057
f 4069 	2627 	4070
f 736 	4070 	2627
f 4070 	736 	4071
f 739 	4071 	736
f 4082 	4010 	4081
f 3238 	4081 	4014
f 3236 	3238 	4014
f 584 	1971 	1956
f 4069 	584 	1956
f 1971 	584 	4074
f 4086 	4028 	4061
f 4075 	4095 	4094
f 3991 	3994 	4090
f 4075 	4074 	4095
f 3994 	4092 	4091
f 3988 	4089 	4093
f 4068 	4095 	4074
f 3974 	4076 	3883
f 4076 	4077 	3883
f 4078 	3883 	4077
f 4068 	2583 	4095
f 4079 	4073 	4078
f 4057 	4080 	4050
f 4069 	1956 	2627
f 3236 	4042 	3238
f 3236 	3216 	4042
f 4042 	4046 	3238
f 4051 	3238 	4046
f 4081 	3238 	4051
f 4082 	4050 	4083
f 4083 	4050 	4084
f 4084 	4050 	4085
f 4086 	4066 	4087
f 4061 	4066 	4086
f 4065 	4087 	4066
f 4089 	4073 	4093
f 2629 	2771 	4095
f 4088 	4073 	4089
f 4090 	4073 	4088
f 4090 	4091 	4073
f 3883 	4078 	4073
f 4072 	4073 	4091
f 4091 	4092 	4072
f 4092 	4087 	4072
f 4067 	4072 	4087
f 4093 	4073 	4079
f 4075 	4094 	2334
f 1971 	4074 	2333
f 4097 	172 	4096
f 4095 	2630 	2629
f 4095 	2631 	2630
f 4097 	174 	172
f 3793 	174 	4097
f 172 	4098 	4096
f 4074 	4075 	2333
f 4098 	4099 	4096
f 351 	4096 	4099
f 4094 	4101 	1146
f 351 	420 	4096
f 4096 	420 	4111
f 4100 	4099 	4098
f 4099 	4100 	349
f 4099 	349 	351
f 2788 	4101 	2768
f 4100 	208 	1460
f 4101 	2771 	2768
f 4100 	4098 	192
f 4101 	4094 	4095
f 4100 	192 	208
f 1465 	4100 	1460
f 4075 	2334 	2333
f 1465 	1473 	4100
f 4100 	1798 	362
f 4100 	362 	349
f 4101 	2788 	2789
f 4109 	4104 	4103
f 4101 	4095 	2771
f 2326 	4094 	1146
f 4107 	3503 	4106
f 4107 	4106 	4102
f 4094 	2326 	2334
f 3503 	3056 	4106
f 3059 	3101 	4108
f 4105 	3059 	4108
f 3056 	3059 	4105
f 4105 	4106 	3056
f 2363 	3917 	2789
f 4109 	4108 	3101
f 3101 	4104 	4109
f 3917 	2363 	2362
f 4097 	4096 	4110
f 4101 	2789 	3917
f 4103 	4097 	4110
f 1146 	2201 	2326
f 4103 	4110 	4109
f 4101 	3917 	1146
f 4110 	4111 	4109
f 4096 	4111 	4110
f 4106 	4165 	4102
f 4165 	4105 	4111
f 4105 	4108 	4111
f 4113 	4114 	4112
f 4165 	4106 	4105
f 4111 	632 	4165
f 4109 	4111 	4108
f 4115 	4112 	4114
f 4125 	4131 	4112
f 4111 	426 	632
f 4111 	420 	426
f 4180 	4117 	4112
f 4116 	4112 	4117
f 4113 	4112 	4116
f 4119 	4120 	4118
f 4120 	4121 	4118
f 3168 	4123 	4139
f 4122 	1775 	1854
f 4119 	4123 	4120
f 3168 	4121 	4123
f 4180 	4112 	4122
f 4123 	4121 	4120
f 4112 	1775 	4122
f 1906 	1775 	4112
f 4123 	4134 	21
f 4137 	1910 	1906
f 4180 	4124 	4117
f 4125 	4112 	4115
f 4126 	3174 	3523
f 4127 	4129 	4130
f 4127 	4130 	4128
f 4127 	4131 	4132
f 4127 	4132 	4133
f 4118 	4126 	4119
f 4126 	4118 	3174
f 4127 	4112 	4131
f 4127 	4133 	4135
f 4135 	4136 	4127
f 4129 	4127 	4136
f 4123 	4119 	4134
f 4112 	4127 	4137
f 4167 	39 	4134
f 4137 	4127 	4128
f 1906 	4112 	4137
f 39 	151 	4134
f 4134 	151 	21
f 4138 	4137 	4128
f 4128 	4130 	4140
f 4128 	4140 	4141
f 4142 	4128 	4141
f 2283 	1749 	4145
f 4143 	4138 	4142
f 4143 	4146 	4138
f 4128 	4142 	4138
f 4145 	3342 	4144
f 4145 	3347 	3342
f 4144 	3342 	3345
f 4144 	3345 	4139
f 4138 	3822 	1919
f 3168 	4139 	3345
f 4138 	4146 	4147
f 4148 	2308 	2283
f 4138 	4147 	3827
f 4138 	3827 	3822
f 4123 	4148 	4144
f 4123 	4144 	4139
f 4148 	2283 	4145
f 4148 	4145 	4144
f 20 	4148 	4123
f 20 	4123 	21
f 1926 	4149 	4169
f 20 	2308 	4148
f 4150 	3507 	3499
f 4150 	3499 	4153
f 4151 	4126 	3523
f 4149 	1926 	1930
f 4151 	3523 	3507
f 4151 	4119 	4126
f 3973 	1930 	1684
f 3507 	4150 	4151
f 4159 	1930 	3973
f 4152 	4151 	4150
f 4158 	4159 	3973
f 4155 	4119 	4151
f 4155 	4151 	4152
f 3973 	1684 	4158
f 4153 	4155 	4152
f 4153 	4152 	4150
f 4153 	3499 	3497
f 4154 	4153 	3497
f 4122 	1854 	1926
f 1926 	4184 	4122
f 4155 	4167 	4134
f 4157 	4158 	3924
f 3928 	3929 	4158
f 4155 	4134 	4119
f 4157 	4160 	4158
f 4159 	4158 	4160
f 4159 	4160 	4161
f 4162 	4159 	4161
f 4162 	4161 	4163
f 4162 	4163 	4164
f 4102 	4165 	4166
f 4155 	4153 	4167
f 4168 	4162 	4164
f 4166 	4167 	4153
f 4166 	4154 	3570
f 4166 	4153 	4154
f 4156 	1926 	4169
f 4166 	3570 	3563
f 4166 	3563 	4107
f 4167 	4166 	4165
f 4149 	4162 	4169
f 4166 	4107 	4102
f 4162 	4168 	4170
f 4177 	4169 	4170
f 4162 	4170 	4169
f 4149 	1930 	4162
f 4172 	4173 	4184
f 4171 	4172 	4184
f 4165 	632 	34
f 4165 	34 	38
f 4156 	4174 	4171
f 4167 	4165 	38
f 4156 	4175 	4174
f 38 	39 	4167
f 4176 	4184 	4173
f 4177 	4178 	4169
f 4175 	4156 	4178
f 4169 	4178 	4156
f 4179 	3007 	4181
f 4179 	3008 	3007
f 4156 	4171 	4184
f 4179 	4181 	3240
f 4182 	4184 	4176
f 4181 	3241 	3240
f 4124 	4180 	4183
f 3240 	533 	4179
f 1926 	4156 	4184
f 4185 	4184 	4182
f 4180 	4184 	4185
f 4180 	4185 	4183
f 21 	309 	20
f 308 	309 	21
f 4122 	4184 	4180
f 20 	309 	480
f 20 	480 	2439
f 3925 	3969 	4158
f 4159 	4162 	1930
f 1696 	3925 	4158
f 4163 	4161 	41
f 4160 	41 	4161
f 3924 	41 	4157
f 4164 	41 	4168
f 4163 	41 	4164
f 3417 	4174 	41
f 4168 	41 	4170
f 4174 	3417 	4171
f 4172 	4171 	3417
f 4175 	41 	4174
f 4178 	41 	4175
f 4177 	41 	4178
f 4170 	41 	4177
f 3178 	3179 	4116
f 4117 	3417 	4116
f 4124 	3417 	4117
f 4114 	4113 	3180
f 4116 	3180 	4113
f 4183 	3417 	4124
f 4185 	3417 	4183
f 3417 	3421 	4116
f 4173 	3417 	4176
f 4172 	3417 	4173
f 3178 	4116 	3486
f 4176 	3417 	4182
f 4182 	3417 	4185
f 3180 	4115 	4114
f 3180 	4125 	4115
f 4131 	3180 	4132
f 4125 	3180 	4131
f 4135 	4133 	3180
f 4132 	3180 	4133
f 4142 	3144 	4143
f 4136 	3144 	4129
f 4140 	3144 	4141
f 4142 	4141 	3144
f 4130 	3144 	4140
f 4146 	4143 	3144
f 4147 	4146 	3144
f 2129 	3914 	2362
f 4027 	4026 	3741
f 3997 	3996 	3741
f 4047 	4020 	4059
f 3741 	4059 	4020
f 3949 	2986 	3951
f 3929 	3433 	3923
f 3032 	3095 	3033
f 652 	2709 	4068
f 2605 	4068 	2709
f 2631 	4095 	2583
# 8384 faces

 #end of obj_0

