# Object Export From Tinkercad Server 2015

mtllib obj.mtl

o obj_0
v -128.257 		-42.8835 		0
v -128.769 		-42.5935 		0
v -129.267 		-42.2775 		0
v -129.748 		-41.9385 		0
v -130.213 		-41.5765 		0
v -129.59 		-37.4845 		0
v -129.327 		-37.8215 		0
v -129.048 		-38.1445 		0
v -129.608 		-39.2645 		8.031
v -128.754 		-38.4535 		0
v -113.036 		-39.5375 		11.14
v -113.155 		-40.7725 		10.451
v -128.444 		-38.7485 		0
v -112.678 		-40.6995 		10.14
v -114.522 		-27.9025 		3.634
v -111.1606 		-35.9161 		0.1544
v -111.1644 		-35.9276 		0.1539
v -111.919 		-39.7105 		10.14
v -122.877 		-23.1045 		7.972
v -123.042 		-22.1185 		6.983
v -114.052 		-28.8995 		3.598
v -132.893 		-26.1315 		0.1932
v -133.1026 		-26.5016 		0.179
v -128.121 		-39.0275 		0
v -127.784 		-39.2905 		0
v -114.56 		-28.9695 		0.32
v -132.578 		-25.6335 		0.1857
v -132.2387 		-25.1525 		0.1502
v -114.419 		-29.2485 		0.32
v -131.085 		-40.7855 		0
v -114.529 		-28.9854 		0.32
v -114.733 		-28.5795 		0.32
v -114.925 		-28.1975 		0.32
v -131.537 		-41.0495 		5.64
v -114.6735 		-28.6398 		0.32
v -131.349 		-41.2375 		5.64
v -115.136 		-27.8265 		0.32
v -114.7472 		-28.4634 		0.32
v -130.659 		-41.1915 		0
v -114.775 		-28.4049 		0.32
v -114.8014 		-28.3563 		0.32
v -131.196 		-41.4565 		5.64
v -115.364 		-27.4655 		0.32
v -115.0214 		-27.9515 		0.32
v -131.491 		-40.3585 		0
v -131.876 		-39.9125 		0
v -132.238 		-39.4485 		0
v -132.578 		-38.9675 		0
v -132.893 		-38.4695 		0
v -133.183 		-37.9575 		0
v -133.228 		-25.3695 		0.829
v -123.506 		-42.4565 		3.941
v -115.0627 		-27.8756 		0.32
v -115.0947 		-27.8194 		0.32
v -115.3343 		-27.4698 		0.32
v -131.208 		-33.5775 		0
v -115.456 		-27.2922 		0.32
v -131.135 		-33.9985 		0
v -114.264 		-38.1765 		10.274
v -129.048 		-26.4565 		0.32
v -114.56 		-28.9695 		0.2389
v -131.042 		-34.4145 		0
v -114.4523 		-29.2485 		0.2091
v -129.327 		-26.7795 		0.32
v -130.928 		-34.8265 		0
v -122.036 		-42.4805 		3.987
v -114.733 		-28.5795 		0.2057
v -130.794 		-35.2325 		0
v -129.59 		-27.1165 		0.32
v -129.1512 		-26.5359 		0.32
v -129.3292 		-26.7465 		0.32
v -130.64 		-35.6305 		0
v -129.836 		-27.4655 		0.32
v -114.925 		-28.1975 		0.199
v -129.4976 		-26.9458 		0.32
v -114.8047 		-28.4368 		0.1672
v -129.5498 		-27.0123 		0.32
v -114.97 		-38.5315 		10.595
v -130.467 		-36.0215 		0
v -114.8002 		-28.4458 		0.168
v -130.064 		-27.8265 		0.32
v -130.275 		-36.4025 		0
v -129.5774 		-27.0475 		0.32
v -129.8336 		-27.4215 		0.32
v -115.136 		-27.8265 		0.1801
v -115.1222 		-27.8508 		0.1715
v -130.064 		-36.7745 		0
v -115.1166 		-27.8607 		0.1715
v -129.836 		-37.1355 		0
v -115.364 		-27.4655 		0.2389
v -111.0087 		-35.3925 		0.1738
v -111.117 		-35.7835 		0.1642
v -115.456 		-27.335 		0.2311
v -111.1582 		-35.9087 		0.1551
v -114.778 		-27.4575 		2.031
v -133.448 		-37.4305 		0
v -130.275 		-28.1975 		0.32
v -133.687 		-36.8925 		0
v -133.899 		-36.3425 		0
v -134.083 		-35.7835 		0
v -134.24 		-35.2165 		0
v -134.369 		-34.6415 		0
v -134.47 		-34.0615 		0
v -134.542 		-33.4765 		0
v -130.0261 		-27.7023 		0.32
v -122.073 		-22.1215 		6.953
v -130.467 		-28.5795 		0.32
v -123.453 		-40.9605 		0
v -128.179 		-39.6135 		4.769
v -130.0877 		-27.7922 		0.32
v -130.2511 		-28.0928 		0.32
v -122.771 		-42.4985 		3.964
v -123.027 		-40.9925 		0
v -130.64 		-28.9695 		0.32
v -130.3754 		-28.3215 		0.32
v -115.128 		-27.8575 		0.14
v -130.4785 		-28.5509 		0.32
v -122.6 		-41.0025 		0
v -128.584 		-40.5495 		5.77
v -114.442 		-28.0475 		2.031
v -122.173 		-40.9925 		0
v -127.771 		-41.0815 		5.8
v -121.747 		-40.9605 		0
v -121.323 		-40.9085 		0
v -120.902 		-40.8355 		0
v -114.81 		-28.4425 		0.14
v -120.485 		-40.7415 		0
v -120.074 		-40.6285 		0
v -119.668 		-40.4945 		0
v -122.439 		-44.8095 		0.65
v -130.6225 		-28.8716 		0.32
v -130.7619 		-29.1823 		0.32
v -130.7857 		-29.2485 		0.32
v -121.785 		-45.0435 		0.91
v -127.435 		-39.5365 		0
v -129.327 		-26.7795 		0.2362
v -127.074 		-39.7645 		0
v -129.1494 		-26.5739 		0.2255
v -129.59 		-27.1165 		0.2168
v -129.5291 		-27.0385 		0.1947
v -129.5048 		-27.0074 		0.1951
v -126.702 		-39.9755 		0
v -129.836 		-27.4655 		0.2372
v -126.321 		-40.1675 		0
v -122.051 		-44.9065 		0.759
v -130.064 		-27.8265 		0.1794
v -125.93 		-40.3405 		0
v -130.275 		-28.1975 		0.2039
v -130.0749 		-27.8456 		0.1728
v -125.532 		-40.4945 		0
v -109.808 		-34.6135 		1.14
v -125.126 		-40.6285 		0
v -130.467 		-28.5795 		0.2101
v -130.3874 		-28.4212 		0.1717
v -124.715 		-40.7415 		0
v -110.08 		-34.8105 		0.91
v -130.64 		-28.9695 		0.2005
v -124.298 		-40.8355 		0
v -123.877 		-40.9085 		0
v -130.7477 		-29.2485 		0.1875
v -130.68 		-29.0732 		0.1709
v -130.6512 		-28.9986 		0.1922
v -122.681 		-44.8045 		0.645
v -114.15 		-28.6625 		2.031
v -130.663 		-29.0505 		0.14
v -130.237 		-27.1715 		2.031
v -110.345 		-35.1335 		0.719
v -109.713 		-33.9965 		1.14
v -119.684 		-43.9405 		0
v -120.259 		-44.0695 		0
v -120.839 		-44.1705 		0
v -121.424 		-44.2425 		0
v -122.011 		-44.2855 		0
v -122.6 		-44.3005 		0
v -123.189 		-44.2855 		0
v -123.776 		-44.2425 		0
v -124.361 		-44.1705 		0
v -124.941 		-44.0695 		0
v -125.516 		-43.9405 		0
v -126.083 		-43.7835 		0
v -126.643 		-43.5985 		0
v -127.192 		-43.3865 		0
v -127.731 		-43.1485 		0
v -130.39 		-28.4425 		0.14
v -130.7121 		-29.0435 		0.32
v -115.368 		-26.6145 		3.682
v -114.987 		-41.5765 		0
v -130.6708 		-29.0494 		0.1687
v -115.452 		-41.9385 		0
v -115.933 		-42.2775 		0
v -116.431 		-42.5935 		0
v -116.943 		-42.8835 		0
v -117.469 		-43.1485 		0
v -118.008 		-43.3865 		0
v -118.557 		-43.5985 		0
v -119.117 		-43.7835 		0
v -122.999 		-44.8565 		0.703
v -115.364 		-37.1355 		0
v -115.136 		-36.7745 		0
v -114.98 		-27.1495 		3.661
v -114.925 		-36.4025 		0
v -114.733 		-36.0215 		0
v -114.56 		-35.6305 		0
v -113.984 		-38.1125 		11.14
v -130.018 		-37.7415 		4.671
v -114.406 		-35.2325 		0
v -114.272 		-34.8265 		0
v -114.158 		-34.4145 		0
v -114.633 		-38.9855 		11.14
v -131.233 		-37.7255 		5.648
v -114.065 		-33.9985 		0
v -130.526 		-38.7195 		5.686
v -113.992 		-33.5775 		0
v -130.072 		-27.8575 		0.14
v -123.289 		-44.9695 		0.829
v -119.27 		-40.3405 		0
v -118.879 		-40.1675 		0
v -122.011 		-44.2855 		0.1863
v -121.6 		-44.2554 		0.1644
v -129.508 		-27.0345 		0.14
v -118.498 		-39.9755 		0
v -118.126 		-39.7645 		0
v -129.399 		-26.1025 		2.031
v -117.765 		-39.5365 		0
v -117.416 		-39.2905 		0
v -117.079 		-39.0275 		0
v -119.608 		-23.0735 		7.37
v -129.876 		-39.4445 		5.717
v -116.756 		-38.7485 		0
v -116.446 		-38.4535 		0
v -128.922 		-25.6175 		2.031
v -111.972 		-25.2225 		0.91
v -116.152 		-38.1445 		0
v -115.873 		-37.8215 		0
v -115.61 		-37.4845 		0
v -111.957 		-25.5215 		0.759
v -128.412 		-25.1685 		2.031
v -120.868 		-22.2495 		6.915
v -127.744 		-25.2821 		0.32
v -127.7458 		-25.2836 		0.32
v -123.6029 		-44.2552 		0.14
v -128.754 		-26.1465 		0.32
v -128.4988 		-25.9045 		0.32
v -123.648 		-44.2519 		0.144
v -114.115 		-40.7855 		0
v -128.6165 		-26.0015 		0.32
v -129.912 		-37.8815 		4.674
v -109.645 		-33.3765 		1.14
v -128.7503 		-26.1118 		0.32
v -114.541 		-41.1915 		0
v -123.571 		-44.2605 		0.14
v -128.8695 		-26.2102 		0.32
v -128.9149 		-26.2563 		0.32
v -128.9642 		-26.3146 		0.32
v -111.513 		-36.8925 		0
v -111.752 		-37.4305 		0
v -112.017 		-37.9575 		0
v -112.307 		-38.4695 		0
v -112.622 		-38.9675 		0
v -112.961 		-39.4485 		0
v -113.324 		-39.9125 		0
v -113.709 		-40.3585 		0
v -110.7679 		-34.2792 		0.14
v -127.744 		-25.2823 		0.3194
v -111.877 		-25.8305 		0.665
v -122.6 		-44.3005 		0.1916
v -128.754 		-26.1465 		0.235
v -110.658 		-33.4765 		0
v -110.73 		-34.0615 		0
v -110.831 		-34.6415 		0
v -110.96 		-35.2165 		0
v -111.117 		-35.7835 		0
v -111.301 		-36.3425 		0
v -123.189 		-44.2855 		0.1689
v -123.5375 		-44.26 		0.14
v -129.048 		-26.4565 		0.2194
v -114.84 		-38.9055 		8.245
v -128.8713 		-26.2702 		0.1658
v -128.8648 		-26.2633 		0.1664
v -127.784 		-25.3105 		0
v -128.121 		-25.5735 		0
v -128.444 		-25.8525 		0
v -128.864 		-26.2725 		0.14
v -128.754 		-26.1465 		0
v -120.083 		-23.0625 		6.26
v -129.048 		-26.4565 		0
v -129.327 		-26.7795 		0
v -129.59 		-27.1165 		0
v -110.831 		-34.6415 		0.1649
v -129.836 		-27.4655 		0
v -119.919 		-22.4595 		6.885
v -130.064 		-27.8265 		0
v -130.275 		-28.1975 		0
v -130.467 		-28.5795 		0
v -130.64 		-28.9695 		0
v -115.223 		-37.7975 		9.259
v -131.179 		-28.9765 		2.031
v -120.821 		-42.3405 		4.025
v -119.868 		-42.1215 		4.056
v -130.794 		-29.3685 		0
v -122.103 		-23.1195 		5.957
v -130.928 		-29.7745 		0
v -111.584 		-26.3105 		0.68
v -131.042 		-30.1855 		0
v -123.112 		-23.1145 		5.995
v -115.027 		-39.1235 		10.236
v -131.135 		-30.6025 		0
v -131.208 		-31.0235 		0
v -114.799 		-37.7975 		9.618
v -131.261 		-31.4475 		0
v -131.292 		-31.8735 		0
v -121.524 		-45.2555 		1.14
v -131.302 		-32.3005 		0
v -131.292 		-32.7275 		0
v -129.694 		-38.1555 		4.69
v -128.974 		-38.9225 		4.73
v -131.261 		-33.1535 		0
v -120.287 		-45.0925 		1.14
v -114.961 		-38.2495 		9.743
v -119.735 		-44.5325 		0.703
v -132.151 		-23.8545 		10.39
v -115.36 		-38.5145 		9.587
v -134.6 		-32.3005 		0
v -134.586 		-31.7115 		0
v -134.542 		-31.1245 		0
v -134.47 		-30.5395 		0
v -134.369 		-29.9595 		0
v -134.24 		-29.3845 		0
v -134.083 		-28.8165 		0
v -133.899 		-28.2575 		0
v -133.687 		-27.7085 		0
v -133.448 		-27.1695 		0
v -133.183 		-26.6435 		0
v -132.893 		-26.1315 		0
v -132.578 		-25.6335 		0
v -119.986 		-44.7165 		0.829
v -112.9603 		-25.1525 		0.1712
v -112.9581 		-25.1556 		0.1712
v -134.586 		-32.8895 		0
v -132.522 		-23.9005 		10.14
v -133.281 		-24.8905 		10.14
v -123.112 		-23.1145 		5.984
v -111.972 		-39.2315 		10.451
v -131.197 		-23.1395 		10.577
v -112.622 		-25.6335 		0.1803
v -129.466 		-38.4215 		4.701
v -121.2736 		-44.224 		0.14
v -121.424 		-44.2425 		0.155
v -112.6131 		-25.6476 		0.1797
v -131.415 		-23.4285 		10.632
v -111.926 		-38.9235 		10.577
v -112.374 		-38.5785 		11.14
v -131.68 		-24.4555 		11.14
v -131.76 		-23.7035 		10.577
v -121.243 		-44.2235 		0.14
v -120.377 		-23.3755 		5.892
v -131.491 		-24.2415 		0
v -131.085 		-23.8145 		0
v -130.659 		-23.4085 		0
v -130.213 		-23.0245 		0
v -129.748 		-22.6615 		0
v -129.267 		-22.3225 		0
v -128.769 		-22.0075 		0
v -128.257 		-21.7175 		0
v -132.238 		-25.1515 		0
v -131.876 		-24.6875 		0
v -122.6 		-23.5975 		0
v -123.027 		-23.6085 		0
v -123.453 		-23.6395 		0
v -111.811 		-38.6225 		10.635
v -119.668 		-24.1065 		0
v -111.527 		-38.2335 		10.577
v -120.074 		-23.9725 		0
v -112.2678 		-26.2007 		0.1555
v -112.2651 		-26.2055 		0.1558
v -112.017 		-26.6435 		0.1678
v -120.485 		-23.8585 		0
v -111.752 		-27.1695 		0.1542
v -120.0946 		-44.0326 		0.1429
v -120.0987 		-44.0335 		0.1433
v -120.259 		-44.0695 		0.1523
v -120.902 		-23.7645 		0
v -111.7383 		-27.2005 		0.1518
v -129.82 		-24.8235 		11.14
v -120.839 		-44.1705 		0.1555
v -121.323 		-23.6915 		0
v -121.1714 		-44.2114 		0.14
v -121.747 		-23.6395 		0
v -122.173 		-23.6085 		0
v -128.845 		-24.2435 		9.179
v -112.271 		-26.195 		0.1555
v -128.254 		-23.8205 		9.157
v -121.367 		-23.1835 		5.929
v -123.877 		-23.6915 		0
v -124.298 		-23.7645 		0
v -124.715 		-23.8585 		0
v -125.126 		-23.9725 		0
v -125.532 		-24.1065 		0
v -129.582 		-24.8735 		9.21
v -128.454 		-39.3955 		4.748
v -125.93 		-24.2605 		0
v -126.321 		-24.4335 		0
v -126.702 		-24.6255 		0
v -120.0936 		-44.0324 		0.1429
v -127.074 		-24.8355 		0
v -128.492 		-25.0835 		10.06
v -127.435 		-25.0645 		0
v -112.2758 		-26.1866 		0.1556
v -110.96 		-35.2165 		0.1782
v -127.956 		-24.6875 		10.049
v -120.0922 		-44.0321 		0.1429
v -123.189 		-20.3145 		0
v -122.6 		-20.3005 		0
v -112.2795 		-26.1801 		0.1559
v -122.011 		-20.3145 		0
v -121.424 		-20.3585 		0
v -120.839 		-20.4305 		0
v -120.259 		-20.5305 		0
v -119.684 		-20.6595 		0
v -110.757 		-34.2355 		0.14
v -127.731 		-21.4525 		0
v -127.192 		-21.2135 		0
v -126.643 		-21.0015 		0
v -126.083 		-20.8165 		0
v -125.516 		-20.6595 		0
v -124.941 		-20.5305 		0
v -124.361 		-20.4305 		0
v -123.776 		-20.3585 		0
v -114.56 		-28.9695 		0
v -114.733 		-28.5795 		0
v -112.307 		-26.1315 		0.161
v -114.925 		-28.1975 		0
v -133.281 		-39.7105 		1.14
v -112.2966 		-26.1499 		0.1593
v -112.2813 		-26.1769 		0.1563
v -115.136 		-27.8265 		0
v -132.522 		-40.6995 		1.14
v -115.364 		-27.4655 		0
v -115.61 		-27.1165 		0
v -115.873 		-26.7795 		0
v -116.152 		-26.4565 		0
v -132.045 		-40.7725 		0.829
v -116.446 		-26.1465 		0
v -116.756 		-25.8525 		0
v -117.079 		-25.5735 		0
v -117.416 		-25.3105 		0
v -120.573 		-23.3265 		5.896
v -112.288 		-26.165 		0.1579
v -112.2819 		-26.1758 		0.1566
v -113.939 		-33.1535 		0
v -113.908 		-32.7275 		0
v -129.003 		-24.1045 		11.14
v -113.897 		-32.3005 		0
v -128.108 		-23.4855 		11.14
v -113.908 		-31.8735 		0
v -113.939 		-31.4475 		0
v -131.9302 		-39.843 		0.1439
v -132.2068 		-39.4885 		0.1553
v -113.992 		-31.0235 		0
v -114.065 		-30.6025 		0
v -114.158 		-30.1855 		0
v -129.995 		-22.8495 		11.14
v -114.272 		-29.7745 		0
v -114.406 		-29.3685 		0
v -130.01 		-21.6185 		10.14
v -119.858 		-23.5255 		5.868
v -112.622 		-25.6335 		0
v -112.307 		-26.1315 		0
v -112.017 		-26.6435 		0
v -120.0916 		-44.0319 		0.1429
v -111.752 		-27.1695 		0
v -111.513 		-27.7085 		0
v -118 		-23.2655 		10.878
v -130.513 		-21.9875 		10.14
v -117.765 		-25.0645 		0
v -131.9273 		-39.8468 		0.1438
v -131.9274 		-39.8467 		0.1438
v -118.126 		-24.8355 		0
v -117.581 		-23.4275 		10.805
v -118.498 		-24.6255 		0
v -118.879 		-24.4335 		0
v -110.7168 		-33.9543 		0.1639
v -110.73 		-34.0615 		0.1567
v -119.27 		-24.2605 		0
v -110.7558 		-34.2097 		0.14
v -114.115 		-23.8145 		0
v -130.999 		-22.3785 		10.14
v -131.045 		-22.7485 		10.39
v -119.117 		-20.8165 		0
v -118.557 		-21.0015 		0
v -118.008 		-21.2135 		0
v -117.469 		-21.4525 		0
v -116.943 		-21.7175 		0
v -116.431 		-22.0075 		0
v -115.933 		-22.3225 		0
v -120.0893 		-44.0314 		0.143
v -115.452 		-22.6615 		0
v -114.987 		-23.0245 		0
v -131.9257 		-39.8488 		0.1439
v -114.541 		-23.4085 		0
v -113.709 		-24.2415 		0
v -113.324 		-24.6875 		0
v -112.961 		-25.1515 		0
v -110.6 		-32.3005 		0
v -110.614 		-32.8895 		0
v -111.301 		-28.2575 		0
v -111.117 		-28.8165 		0
v -110.96 		-29.3845 		0
v -110.831 		-29.9595 		0
v -110.73 		-30.5395 		0
v -110.658 		-31.1245 		0
v -110.614 		-31.7115 		0
v -119.552 		-43.904 		0.1713
v -119.684 		-43.9405 		0.169
v -131.84 		-39.9542 		0.1495
v -131.8624 		-39.9283 		0.1491
v -131.9243 		-39.8505 		0.1441
v -126.812 		-40.9705 		10.382
v -127.618 		-40.5135 		10.367
v -118.88 		-23.8875 		9.842
v -125.964 		-41.3485 		10.396
v -131.1349 		-40.733 		0.14
v -110.6481 		-33.3445 		0.1995
v -131.1598 		-40.7068 		0.14
v -131.876 		-39.9125 		0.1489
v -131.1848 		-40.6805 		0.14
v -110.658 		-33.4765 		0.1962
v -131.9225 		-39.8528 		0.1443
v -128.03 		-21.5995 		11.14
v -128.533 		-21.2265 		10.577
v -132.6082 		-38.9197 		0.14
v -132.6308 		-38.884 		0.14
v -134.543 		-33.2695 		11.14
v -135.269 		-32.9885 		10.451
v -118.101 		-24.2815 		9.808
v -121.367 		-23.1835 		5.926
v -128.818 		-21.4485 		10.632
v -128.712 		-21.9735 		11.14
v -135.177 		-32.7765 		10.553
v -134.358 		-37.8455 		1.14
v -133.228 		-39.3775 		0.91
v -135.135 		-32.6215 		10.601
v -129.223 		-21.6255 		10.577
v -133.295 		-38.8465 		0.68
v -134.575 		-31.5235 		11.14
v -129.64 		-21.6705 		10.39
v -135.106 		-32.2595 		10.632
v -118.711 		-23.9625 		9.83
v -118.185 		-24.2315 		9.809
v -135.156 		-31.9015 		10.577
v -133.451 		-38.5185 		0.648
v -135.269 		-31.6115 		10.451
v -133.3669 		-37.5918 		0.14
v -133.4065 		-37.5131 		0.14
v -129.621 		-37.4405 		0.14
v -129.59 		-37.4845 		0.14
v -129.4009 		-37.7269 		0.14
v -129.327 		-37.8215 		0.14
v -129.048 		-38.1445 		0.14
v -128.8064 		-38.3984 		0.14
v -128.754 		-38.4535 		0.14
v -133.73 		-38.1765 		0.727
v -117.676 		-24.5285 		9.787
v -128.5621 		-38.6361 		0.14
v -128.444 		-38.7485 		0.14
v -128.121 		-39.0275 		0.14
v -128.145 		-20.5425 		10.14
v -127.7899 		-39.2859 		0.14
v -127.784 		-39.2905 		0.14
v -128.286 		-20.8885 		10.39
v -127.744 		-39.3187 		0.14
v -122.439 		-23.1015 		5.963
v -123.14 		-22.1175 		4.986
v -132.238 		-39.4485 		0.1566
v -122.165 		-22.1095 		4.956
v -132.483 		-39.1019 		0.1476
v -133.7003 		-36.8579 		0.14
v -133.7072 		-36.8402 		0.14
v -133.7073 		-36.8398 		0.14
v -123.627 		-22.1555 		5.002
v -133.916 		-38.0385 		0.829
v -134.372 		-34.624 		0.14
v -134.386 		-34.544 		0.14
v -131.998 		-23.8145 		5.64
v -134.4866 		-33.9265 		0.14
v -134.5019 		-33.8021 		0.14
v -131.2371 		-33.3445 		0.14
v -131.208 		-33.5775 		0.14
v -131.1844 		-33.7138 		0.14
v -132.7626 		-38.6756 		0.1509
v -131.1387 		-33.9769 		0.14
v -131.135 		-33.9985 		0.14
v -131.042 		-34.4145 		0.14
v -130.928 		-34.8265 		0.14
v -130.9238 		-34.8392 		0.14
v -130.8744 		-34.9888 		0.14
v -130.794 		-35.2325 		0.14
v -130.7321 		-35.3925 		0.14
v -130.64 		-35.6305 		0.14
v -132.618 		-38.9065 		0.14
v -130.6251 		-35.6642 		0.14
v -130.467 		-36.0215 		0.14
v -132.759 		-31.4985 		9.444
v -130.3208 		-36.3116 		0.14
v -130.2899 		-36.3729 		0.14
v -132.787 		-32.7085 		9.482
v -130.275 		-36.4025 		0.14
v -117.265 		-23.6955 		10.866
v -130.064 		-36.7745 		0.14
v -129.9365 		-36.9764 		0.14
v -129.836 		-37.1355 		0.14
v -116.778 		-23.9255 		10.776
v -119.995 		-22.4445 		4.887
v -129.6616 		-37.3829 		0.14
v -116.269 		-24.4255 		10.846
v -132.578 		-38.9675 		0.1441
v -120.949 		-22.2385 		4.918
v -116.382 		-24.2155 		10.761
v -128.118 		-24.9395 		8.182
v -132.757 		-33.1915 		9.497
v -115.637 		-24.8505 		10.73
v -132.8795 		-38.4908 		0.1605
v -128.12 		-24.9405 		8.171
v -128.279 		-23.8295 		7.157
v -126.5547 		-43.6277 		0.14
v -126.6142 		-43.608 		0.14
v -115.558 		-25.0785 		10.83
v -129.24 		-24.5675 		7.195
v -132.049 		-32.0185 		10.196
v -128.675 		-24.1095 		7.173
v -132.893 		-38.4695 		0.1616
v -123.648 		-40.9366 		0.14
v -132.06 		-32.6915 		10.209
v -123.5507 		-40.9485 		0.14
v -123.453 		-40.9605 		0.14
v -132.971 		-38.3318 		0.1613
v -123.027 		-40.9925 		0.14
v -122.6 		-41.0025 		0.14
v -122.173 		-40.9925 		0.14
v -117.4 		-23.2935 		11.14
v -121.747 		-40.9605 		0.14
v -121.5278 		-40.9336 		0.14
v -116.491 		-23.8915 		11.14
v -121.4873 		-40.9287 		0.14
v -133.443 		-37.4405 		0.1436
v -121.323 		-40.9085 		0.14
v -120.902 		-40.8355 		0.14
v -115.641 		-24.5715 		11.14
v -120.7931 		-40.811 		0.14
v -120.485 		-40.7415 		0.14
v -131.996 		-31.3465 		10.185
v -128.019 		-24.8655 		6.173
v -120.4604 		-40.7348 		0.14
v -120.1232 		-40.642 		0.14
v -120.074 		-40.6285 		0.14
v -133.387 		-37.5565 		0.14
v -119.668 		-40.4945 		0.14
v -119.552 		-40.4496 		0.14
v -127.85 		-24.7475 		6.162
v -127.5031 		-39.4885 		0.14
v -127.435 		-39.5365 		0.14
v -127.074 		-39.7645 		0.14
v -126.702 		-39.9755 		0.14
v -122.995 		-19.7475 		5.64
v -117.076 		-24.9515 		9.765
v -133 		-32.3005 		11.14
v -126.6672 		-39.993 		0.14
v -123.245 		-19.6545 		5.64
v -126.6584 		-39.9974 		0.14
v -126.4489 		-40.103 		0.14
v -126.321 		-40.1675 		0.14
v -125.93 		-40.3405 		0.14
v -125.696 		-40.431 		0.14
v -125.532 		-40.4945 		0.14
v -135.555 		-31.2235 		10.14
v -125.4264 		-40.5294 		0.14
v -125.126 		-40.6285 		0.14
v -134.499 		-30.7505 		11.14
v -124.7976 		-40.7188 		0.14
v -124.715 		-40.7415 		0.14
v -133.183 		-37.9575 		0.1603
v -135.392 		-29.9865 		10.14
v -135.094 		-29.7615 		10.39
v -124.6283 		-40.761 		0.14
v -124.298 		-40.8355 		0.14
v -123.877 		-40.9085 		0.14
v -134.831 		-29.4355 		10.577
v -123.7264 		-40.927 		0.14
v -117.426 		-23.5115 		8.8
v -116.813 		-23.9085 		8.777
v -116.042 		-24.4995 		8.747
v -115.4992 		-41.9718 		0.14
v -115.5633 		-42.0169 		0.14
v -131.83 		-40.8575 		0.727
v -131.181 		-41.4965 		0.719
v -119.733 		-20.0725 		5.64
v -117.077 		-24.9505 		9.759
v -131.625 		-40.9845 		0.665
v -119.95 		-19.9185 		5.64
v -118.194 		-43.4583 		0.14
v -118.2789 		-43.4911 		0.14
v -111.6309 		-37.1578 		0.14
v -111.6662 		-37.2374 		0.14
v -132.363 		-29.3595 		9.376
v -131.491 		-40.3585 		0.1559
v -117.876 		-21.2765 		11.14
v -113.2325 		-39.7956 		0.14
v -113.2936 		-39.8736 		0.14
v -131.153 		-40.7165 		0.14
v -118.421 		-23.0005 		10.835
v -119.003 		-22.7625 		10.855
v -131.864 		-30.5715 		10.172
v -115.579 		-37.4405 		0.14
v -115.456 		-37.266 		0.14
v -115.364 		-37.1355 		0.14
v -132.564 		-30.1825 		9.403
v -115.267 		-36.982 		0.14
v -115.136 		-36.7745 		0.14
v -127.355 		-40.1745 		8.792
v -115.0687 		-36.6559 		0.14
v -114.925 		-36.4025 		0.14
v -130.2999 		-41.5015 		0.1445
v -130.3055 		-41.4966 		0.1449
v -130.659 		-41.1915 		0.1581
v -118.041 		-22.9525 		11.14
v -114.8493 		-36.2523 		0.14
v -114.733 		-36.0215 		0.14
v -131.085 		-40.7855 		0.1452
v -119.045 		-22.5335 		11.14
v -114.5672 		-35.6468 		0.14
v -114.56 		-35.6305 		0.14
v -132.936 		-31.2135 		11.14
v -114.4679 		-35.3925 		0.14
v -114.4079 		-35.2373 		0.14
v -114.406 		-35.2325 		0.14
v -114.272 		-34.8265 		0.14
v -130.2973 		-41.5037 		0.1445
v -132.597 		-29.4335 		11.14
v -114.2662 		-34.8054 		0.14
v -114.1752 		-34.4767 		0.14
v -114.158 		-34.4145 		0.14
v -132.772 		-30.1375 		11.14
v -114.065 		-33.9985 		0.14
v -130.2961 		-41.5047 		0.1445
v -131.349 		-23.3635 		5.64
v -114.0232 		-33.7576 		0.14
v -113.992 		-33.5775 		0.14
v -131.785 		-32.8135 		8.493
v -131.756 		-23.7035 		5.64
v -130.2948 		-41.5059 		0.1445
v -113.9722 		-33.4189 		0.14
v -113.9629 		-33.3445 		0.14
v -119.27 		-40.3405 		0.14
v -118.288 		-23.0565 		8.83
v -119.1513 		-40.288 		0.14
v -118.962 		-22.7755 		8.853
v -119.0924 		-40.2619 		0.14
v -131.798 		-32.1325 		8.456
v -118.879 		-40.1675 		0.14
v -118.498 		-39.9755 		0.14
v -118.3595 		-39.8969 		0.14
v -118.126 		-39.7645 		0.14
v -118.1041 		-39.7507 		0.14
v -117.765 		-39.5365 		0.14
v -128.179 		-23.7635 		5.154
v -117.6969 		-39.4885 		0.14
v -117.416 		-39.2905 		0.14
v -129.703 		-24.9815 		5.215
v -131.761 		-31.4515 		8.435
v -117.079 		-39.0275 		0.14
v -128.777 		-24.1875 		5.177
v -116.7566 		-38.749 		0.14
v -116.756 		-38.7485 		0.14
v -116.7552 		-38.7478 		0.14
v -116.6094 		-38.609 		0.14
v -116.446 		-38.4535 		0.14
v -116.2299 		-38.2264 		0.14
v -116.152 		-38.1445 		0.14
v -115.515 		-22.6145 		11.14
v -128.659 		-24.7255 		4.684
v -113.511 		-36.9265 		10.319
v -128.172 		-24.9825 		4.177
v -115.56 		-21.6705 		10.39
v -115.873 		-37.8215 		0.14
v -130.294 		-41.5066 		0.1446
v -115.8649 		-37.8111 		0.14
v -115.61 		-37.4845 		0.14
v -130.2593 		-41.5365 		0.1482
v -129.812 		-39.5125 		3.72
v -113.741 		-37.3545 		10.304
v -115.977 		-21.6255 		10.577
v -116.826 		-21.7805 		11.14
v -110.756 		-34.2109 		0.14
v -131.785 		-32.8135 		8.479
v -114.141 		-37.3965 		10.618
v -128.092 		-40.8865 		3.788
v -113.785 		-36.7825 		10.629
v -128.737 		-21.4035 		5.64
v -128.103 		-39.6735 		2.769
v -131.348 		-29.4545 		8.373
v -116.418 		-21.4305 		10.635
v -131.535 		-30.1095 		8.399
v -113.418 		-37.1825 		11.14
v -134.5009 		-30.7903 		0.14
v -134.4909 		-30.7093 		0.14
v -114.733 		-37.0655 		9.293
v -116.667 		-21.2265 		10.577
v -131.726 		-31.2845 		8.442
v -134.2063 		-29.2625 		0.14
v -134.2024 		-29.2485 		0.14
v -134.2017 		-29.2459 		0.14
v -134.1789 		-29.1635 		0.14
v -114.312 		-36.2805 		9.326
v -113.721 		-37.3115 		8.306
v -126.868 		-40.4505 		8.813
v -133.3997 		-27.0737 		0.14
v -133.3732 		-27.021 		0.14
v -126.345 		-40.7015 		8.835
v -129.219 		-21.6265 		5.64
v -127.355 		-40.1745 		8.797
v -129.271 		-40.0115 		3.743
v -114.185 		-36.0135 		9.34
v -116.862 		-20.9835 		10.451
v -129.482 		-21.6715 		5.64
v -131.604 		-30.4425 		8.403
v -117.055 		-20.5425 		10.14
v -118.207 		-20.0645 		10.14
v -118.656 		-20.2405 		10.451
v -118.966 		-20.8635 		11.14
v -114.535 		-36.7225 		9.311
v -127.869 		-39.8415 		2.031
v -118.965 		-20.2745 		10.577
v -127.744 		-25.2823 		0.14
v -127.784 		-25.3105 		0.14
v -127.9493 		-25.4395 		0.14
v -128.121 		-25.5735 		0.14
v -119.286 		-20.2425 		10.635
v -128.444 		-25.8525 		0.14
v -128.754 		-26.1465 		0.14
v -131.348 		-29.4545 		8.369
v -126.168 		-40.7805 		8.845
v -128.534 		-21.2315 		5.64
v -131.618 		-29.5925 		10.156
v -128.9076 		-26.3084 		0.14
v -114.836 		-37.2355 		9.289
v -130.935 		-38.1685 		3.665
v -113.778 		-24.1655 		11.14
v -113.44 		-23.7035 		10.577
v -129.105 		-38.8055 		2.72
v -129.99 		-37.7805 		2.676
v -129.048 		-26.4565 		0.14
v -111.648 		-37.2045 		11.14
v -129.0699 		-26.4818 		0.14
v -129.2785 		-26.7233 		0.14
v -113.701 		-23.5155 		10.635
v -113.005 		-35.7605 		8.359
v -129.327 		-26.7795 		0.14
v -114.003 		-23.1395 		10.577
v -113.381 		-36.6625 		8.329
v -134.199 		-29.2255 		11.14
v -129.59 		-27.1165 		0.14
v -134.67 		-29.0245 		10.632
v -126.695 		-40.5365 		8.823
v -129.6538 		-27.207 		0.14
v -129.748 		-27.3407 		0.14
v -129.836 		-27.4655 		0.14
v -134.625 		-28.6655 		10.577
v -130.064 		-27.8265 		0.14
v -134.689 		-28.2515 		10.39
v -130.1286 		-27.9401 		0.14
v -130.275 		-28.1975 		0.14
v -134.609 		-27.3265 		10.14
v -130.467 		-28.5795 		0.14
v -134.835 		-27.9075 		10.14
v -130.4782 		-28.6048 		0.14
v -130.64 		-28.9695 		0.14
v -130.321 		-38.9585 		3.696
v -130.6947 		-29.1113 		0.14
v -130.7218 		-29.1816 		0.14
v -112.949 		-35.5855 		10.365
v -130.7477 		-29.2485 		0.14
v -130.794 		-29.3685 		0.14
v -129.59 		-37.4845 		0.32
v -128.233 		-20.7935 		5.64
v -113.216 		-35.4845 		10.65
v -129.327 		-37.8215 		0.32
v -129.6602 		-37.4405 		0.32
v -129.2886 		-37.8917 		0.32
v -129.048 		-38.1445 		0.32
v -128.754 		-38.4535 		0.32
v -129.086 		-38.1376 		0.32
v -128.444 		-38.7485 		0.32
v -128.9358 		-38.3199 		0.32
v -128.9114 		-38.3448 		0.32
v -128.121 		-39.0275 		0.32
v -128.8452 		-38.4122 		0.32
v -128.3935 		-38.8149 		0.32
v -132.187 		-23.8665 		0.91
v -112.963 		-36.1935 		11.14
v -127.784 		-39.2905 		0.32
v -128.1466 		-39.0349 		0.32
v -132.522 		-23.9005 		1.14
v -127.9459 		-39.2138 		0.32
v -127.8699 		-39.2742 		0.32
v -127.8156 		-39.3093 		0.32
v -130.928 		-29.7745 		0.14
v -111.968 		-25.1515 		10.328
v -113.868 		-35.1975 		9.367
v -129.59 		-37.4845 		0.2255
v -129.621 		-37.4405 		0.211
v -113.679 		-34.5475 		9.388
v -111.919 		-24.8905 		10.14
v -130.9457 		-29.8382 		0.14
v -131.0383 		-30.1721 		0.14
v -131.042 		-30.1855 		0.14
v -113.27 		-24.7535 		11.14
v -131.1063 		-30.4737 		0.14
v -131.135 		-30.6025 		0.14
v -112.678 		-23.9005 		10.14
v -113.049 		-23.8545 		10.39
v -113.492 		-33.5495 		9.42
v -126.518 		-41.4415 		10.091
v -131.208 		-31.0235 		0.14
v -129.327 		-37.8215 		0.2662
v -131.2421 		-31.2965 		0.14
v -131.261 		-31.4475 		0.14
v -131.2644 		-31.4938 		0.14
v -131.2672 		-31.5324 		0.14
v -131.292 		-31.8735 		0.14
v -131.296 		-32.0448 		0.14
v -131.302 		-32.3005 		0.14
v -133.281 		-24.8905 		1.14
v -131.292 		-32.7275 		0.14
v -131.2872 		-32.7935 		0.14
v -131.261 		-33.1535 		0.14
v -125.564 		-41.0055 		8.865
v -132.238 		-25.1515 		0.1501
v -132.1792 		-25.0762 		0.14
v -129.048 		-38.1445 		0.2302
v -132.127 		-28.6715 		9.354
v -132.176 		-25.072 		0.14
v -132.1328 		-25.0166 		0.14
v -128.754 		-38.4535 		0.2125
v -128.8613 		-38.3408 		0.1664
v -128.8741 		-38.3273 		0.1653
v -128.444 		-38.7485 		0.2627
v -113.679 		-34.5485 		9.399
v -113.538 		-33.8855 		9.422
v -128.121 		-39.0275 		0.2387
v -127.8607 		-39.2306 		0.1706
v -124.658 		-41.2655 		8.895
v -132.237 		-28.4065 		11.14
v -127.87 		-39.2234 		0.1668
v -127.8815 		-39.2144 		0.1673
v -125.32 		-41.0875 		8.88
v -133.206 		-26.7005 		11.14
v -132.169 		-25.0595 		0.14
v -127.87 		-39.2145 		0.14
v -127.744 		-39.3556 		0.32
v -127.784 		-39.2905 		0.2015
v -129.4084 		-22.4222 		0.14
v -129.3532 		-22.3833 		0.14
v -131.876 		-24.6875 		0.157
v -127.744 		-39.3187 		0.2084
v -131.84 		-24.6458 		0.1564
v -128.667 		-39.2075 		2.031
v -128.864 		-38.3285 		0.14
v -129.618 		-38.2385 		2.031
v -114.155 		-22.7485 		10.39
v -113.869 		-35.1985 		9.374
v -134.012 		-26.6145 		10.39
v -134.358 		-26.7545 		10.14
v -114.201 		-22.3785 		10.14
v -115.19 		-21.6185 		10.14
v -123.984 		-41.3935 		8.916
v -131.505 		-23.5085 		0.655
v -124.656 		-41.2655 		8.905
v -132.393 		-25.3765 		11.14
v -133.23 		-25.2605 		10.39
v -133.274 		-25.6765 		10.577
v -131.491 		-24.2415 		0.1505
v -131.4494 		-24.1978 		0.1468
v -131.4258 		-24.1729 		0.1447
v -131.4215 		-24.1684 		0.1441
v -112.542 		-33.9405 		10.418
v -112.942 		-34.5805 		10.664
v -112.795 		-33.8855 		10.675
v -119.434 		-23.6625 		7.859
v -123.981 		-41.3945 		8.93
v -121.2737 		-20.377 		0.14
v -121.1714 		-20.3896 		0.14
v -118.711 		-23.9625 		7.831
v -131.421 		-24.1679 		0.144
v -112.484 		-34.6365 		11.14
v -123.302 		-41.4715 		8.938
v -122.787 		-41.4985 		8.955
v -124.3529 		-20.4295 		0.14
v -124.2567 		-20.4177 		0.14
v -112.57 		-34.1125 		8.412
v -123.6641 		-20.3501 		0.14
v -123.648 		-20.3489 		0.14
v -133.411 		-26.0125 		10.632
v -123.5592 		-20.3423 		0.14
v -123.5312 		-20.3401 		0.14
v -122.014 		-41.4775 		8.981
v -122.6 		-23.5975 		0.14
v -122.7177 		-23.6005 		0.14
v -123.027 		-23.6085 		0.14
v -113.115 		-34.7275 		8.796
v -123.1687 		-23.6188 		0.14
v -123.453 		-23.6395 		0.14
v -123.648 		-23.6634 		0.14
v -122.615 		-41.4985 		8.975
v -118.89 		-23.8835 		7.834
v -119.552 		-24.1514 		0.14
v -119.668 		-24.1065 		0.14
v -120.074 		-23.9725 		0.14
v -112.721 		-34.8275 		8.39
v -120.3922 		-23.8842 		0.14
v -120.485 		-23.8585 		0.14
v -120.902 		-23.7645 		0.14
v -121.0437 		-23.7399 		0.14
v -121.323 		-23.6915 		0.14
v -112.92 		-34.1155 		10.067
v -117.816 		-24.4495 		7.797
v -121.3379 		-23.6897 		0.14
v -121.6 		-23.6575 		0.14
v -121.747 		-23.6395 		0.14
v -122.173 		-23.6085 		0.14
v -122.3502 		-23.6039 		0.14
v -132.619 		-34.1705 		7.528
v -123.877 		-23.6915 		0.14
v -131.4177 		-24.1644 		0.144
v -123.9145 		-23.698 		0.14
v -124.298 		-23.7645 		0.14
v -118.554 		-40.5625 		7.115
v -132.464 		-34.8795 		7.551
v -118.925 		-40.7345 		7.1
v -124.715 		-23.8585 		0.14
v -124.7377 		-23.8648 		0.14
v -125.126 		-23.9725 		0.14
v -125.532 		-24.1065 		0.14
v -117.835 		-40.1705 		7.146
v -125.6246 		-24.1423 		0.14
v -125.6324 		-24.1453 		0.14
v -125.93 		-24.2605 		0.14
v -126.1939 		-24.3772 		0.14
v -126.321 		-24.4335 		0.14
v -117.547 		-41.1495 		8.135
v -126.702 		-24.6255 		0.14
v -126.8324 		-24.6991 		0.14
v -126.9345 		-24.7568 		0.14
v -127.074 		-24.8355 		0.14
v -117.817 		-24.4485 		7.788
v -131.4177 		-24.1644 		0.144
v -127.435 		-25.0645 		0.14
v -127.4747 		-25.0925 		0.14
v -127.5598 		-25.1525 		0.14
v -119.238 		-40.8575 		7.083
v -111.6703 		-27.3538 		0.14
v -111.6401 		-27.4219 		0.14
v -133.673 		-26.3675 		10.577
v -114.4523 		-29.2485 		0.14
v -114.56 		-28.9695 		0.14
v -118.15 		-23.7605 		6.254
v -114.5656 		-28.9568 		0.14
v -114.733 		-28.5795 		0.14
v -114.8502 		-28.3463 		0.14
v -114.925 		-28.1975 		0.14
v -114.933 		-28.1834 		0.14
v -115.136 		-27.8265 		0.14
v -115.1995 		-27.7259 		0.14
v -115.2342 		-27.671 		0.14
v -115.364 		-27.4655 		0.14
v -115.456 		-27.335 		0.14
v -115.61 		-27.1165 		0.14
v -115.8217 		-26.8452 		0.14
v -115.873 		-26.7795 		0.14
v -117.835 		-40.1695 		7.142
v -115.8995 		-26.7488 		0.14
v -116.152 		-26.4565 		0.14
v -116.4137 		-26.1805 		0.14
v -116.446 		-26.1465 		0.14
v -116.756 		-25.8525 		0.14
v -131.085 		-23.8145 		0.1667
v -116.8798 		-25.7456 		0.14
v -130.659 		-23.4085 		0.1668
v -116.9155 		-25.7147 		0.14
v -117.079 		-25.5735 		0.14
v -130.3059 		-23.1045 		0.1444
v -134.714 		-35.4085 		5.64
v -117.416 		-25.3105 		0.14
v -118.553 		-40.5625 		7.112
v -117.6402 		-25.1525 		0.14
v -134.645 		-35.6655 		5.64
v -113.939 		-33.1535 		0.14
v -134.719 		-36.4535 		5.64
v -113.9182 		-32.8684 		0.14
v -113.908 		-32.7275 		0.14
v -113.897 		-32.3005 		0.14
v -113.9011 		-32.1427 		0.14
v -113.9011 		-32.1407 		0.14
v -113.908 		-31.8735 		0.14
v -113.939 		-31.4475 		0.14
v -113.9579 		-31.2965 		0.14
v -113.992 		-31.0235 		0.14
v -114.0204 		-30.86 		0.14
v -114.065 		-30.6025 		0.14
v -114.158 		-30.1855 		0.14
v -116.974 		-25.0215 		7.765
v -131.633 		-27.5635 		9.316
v -114.1591 		-30.1814 		0.14
v -114.2008 		-30.0313 		0.14
v -114.272 		-29.7745 		0.14
v -131.12 		-28.3405 		10.135
v -116.941 		-39.5545 		7.187
v -131.306 		-28.7495 		10.142
v -132.101 		-35.9865 		5.587
v -116.624 		-40.5575 		8.169
v -130.01 		-21.6185 		1.14
v -130.914 		-27.9405 		10.128
v -114.406 		-29.3685 		0.14
v -116.974 		-25.0215 		7.752
v -118.2678 		-21.1132 		0.14
v -118.1866 		-21.1445 		0.14
v -130.999 		-22.3785 		1.14
v -131.157 		-23.0695 		0.727
v -131.072 		-22.8545 		0.829
v -116.653 		-24.0245 		6.771
v -115.5423 		-22.5979 		0.14
v -115.4921 		-22.6332 		0.14
v -131.986 		-34.9465 		5.994
v -117.49 		-39.9505 		7.161
v -132.408 		-35.0635 		5.557
v -132.584 		-34.3565 		5.534
v -116.735 		-40.6415 		6.165
v -113.2829 		-24.7401 		0.14
v -115.607 		-39.7175 		6.21
v -113.2543 		-24.7766 		0.14
v -116.152 		-40.2025 		6.187
v -117.49 		-39.9505 		7.157
v -131.149 		-28.9085 		8.351
v -130.748 		-28.0275 		8.316
v -120.025 		-41.1325 		9.057
v -118.437 		-23.0005 		6.836
v -121.245 		-41.3985 		9.01
v -132.671 		-33.8775 		5.519
v -121.587 		-41.4425 		9.007
v -119.452 		-22.5985 		6.87
v -130.3028 		-23.1018 		0.1442
v -130.2987 		-23.0983 		0.1439
v -118.902 		-23.8765 		5.841
v -119.533 		-23.6265 		5.862
v -130.493 		-37.0265 		6.643
v -115.6 		-39.1835 		7.847
v -119.839 		-41.0745 		9.067
v -131.802 		-36.7005 		7.611
v -117.765 		-25.0645 		0.14
v -117.9085 		-24.9735 		0.14
v -118.126 		-24.8355 		0.14
v -130.2974 		-23.0971 		0.1439
v -118.498 		-24.6255 		0.14
v -116.069 		-38.7555 		7.229
v -118.5458 		-24.6014 		0.14
v -118.879 		-24.4335 		0.14
v -118.8909 		-24.4282 		0.14
v -119.27 		-24.2605 		0.14
v -120.907 		-41.3415 		9.029
v -116.684 		-39.3375 		7.19
v -119.5502 		-24.1521 		0.14
v -118.291 		-24.1725 		5.82
v -130.2957 		-23.0957 		0.1439
v -110.7649 		-30.3393 		0.14
v -110.7613 		-30.3599 		0.14
v -110.7568 		-30.3856 		0.14
v -110.7516 		-30.4154 		0.14
v -118.291 		-24.1715 		5.806
v -127.595 		-40.0265 		6.792
v -130.409 		-27.4365 		8.286
v -126.425 		-40.6675 		6.834
v -127.493 		-41.2475 		7.81
v -118.902 		-23.8765 		5.83
v -130.2918 		-23.0924 		0.1441
v -115.558 		-38.5895 		7.487
v -130.213 		-23.0245 		0.1502
v -129.792 		-22.6958 		0.1555
v -118.17 		-23.1235 		4.826
v -115.493 		-38.1425 		7.243
v -133.705 		-36.8475 		0.14
v -134.374 		-34.6175 		0.14
v -130.379 		-37.2075 		6.648
v -128.589 		-21.2835 		0.68
v -129.677 		-21.6725 		0.91
v -130.834 		-28.2015 		8.319
v -115.942 		-38.6485 		7.222
v -129.07 		-21.5765 		0.665
v -130.9 		-36.2695 		6.611
v -131.078 		-28.7285 		8.341
v -127.024 		-40.3665 		6.802
v -117.422 		-24.7035 		5.787
v -134.499 		-33.8505 		0.14
v -129.71 		-37.3015 		0.14
v -131.424 		-36.0155 		6.971
v -131.164 		-35.6605 		6.582
v -118.783 		-40.6655 		5.109
v -129.748 		-22.6615 		0.1561
v -129.744 		-22.6587 		0.1559
v -117.933 		-40.2265 		5.14
v -116.477 		-24.9495 		6.123
v -118.065 		-40.7315 		5.502
v -130.899 		-36.2695 		6.607
v -117.141 		-24.8945 		5.762
v -119.507 		-40.9635 		5.085
v -126.426 		-40.6665 		6.826
v -119.528 		-41.3595 		5.448
v -129.367 		-22.3905 		0.14
v -117.933 		-40.2265 		5.133
v -118.39 		-40.4805 		5.114
v -129.267 		-22.3225 		0.1524
v -129.2527 		-22.3134 		0.1536
v -130.39 		-36.1575 		0.14
v -131.686 		-33.7435 		6.527
v -131.558 		-34.3955 		6.548
v -130.663 		-35.5495 		0.14
v -117.614 		-41.1925 		4.132
v -131.274 		-35.3475 		6.579
v -124.4 		-41.3195 		6.91
v -125.611 		-40.9915 		6.864
v -131.471 		-34.7135 		6.546
v -117.307 		-24.0305 		5.163
v -128.769 		-22.0075 		0.195
v -128.257 		-21.7175 		0.2118
v -127.744 		-21.459 		0.2031
v -125.011 		-41.1785 		6.884
v -130.976 		-34.6025 		0.14
v -131.191 		-33.6275 		0.14
v -117.105 		-23.7135 		4.788
v -115.569 		-24.9125 		4.727
v -116.176 		-24.8705 		5.118
v -117.337 		-39.8435 		5.164
v -126.603 		-43.6135 		0.14
v -116.887 		-39.5115 		5.184
v -116.309 		-24.2765 		4.758
v -128.145 		-20.5425 		1.14
v -125.847 		-40.3575 		0.14
v -126.753 		-39.9375 		0.14
v -131.686 		-33.7425 		6.512
v -117.337 		-39.8435 		5.16
v -130.717 		-26.1325 		9.263
v -123.926 		-40.8855 		0.14
v -128.363 		-21.0145 		0.813
v -130.092 		-25.3915 		9.232
v -116.463 		-21.4035 		5.64
v -124.903 		-40.6825 		0.14
v -116.666 		-21.2315 		5.64
v -130.696 		-27.0175 		8.754
v -130.517 		-36.9825 		4.641
v -117.068 		-40.2645 		4.663
v -131.089 		-35.8465 		4.602
v -130.862 		-36.3435 		4.619
v -116.197 		-40.2345 		4.186
v -130.027 		-26.8715 		8.272
v -115.981 		-21.6265 		5.64
v -131.709 		-36.8765 		5.618
v -120.296 		-40.6825 		0.14
v -120.945 		-40.8345 		0.14
v -116.988 		-40.8105 		4.155
v -121.603 		-40.9365 		0.14
v -130.028 		-26.8725 		8.261
v -130.326 		-37.2925 		4.647
v -122.933 		-40.9875 		0.14
v -119.067 		-22.7405 		4.857
v -115.897 		-38.5955 		5.235
v -116.967 		-20.7935 		5.64
v -115.496 		-38.1435 		5.248
v -118.233 		-43.4775 		0.14
v -115.515 		-41.9855 		0.14
v -130.451 		-27.1825 		10.112
v -131.14 		-26.7255 		9.285
v -127.5868 		-25.1525 		0.32
v -118.447 		-39.9375 		0.14
v -127.5598 		-25.1525 		0.2601
v -118.446 		-20.1805 		5.64
v -130.194 		-26.8215 		10.104
v -119.235 		-20.2545 		5.64
v -119.353 		-40.3575 		0.14
v -119.492 		-20.1855 		5.64
v -116.46 		-39.1495 		5.205
v -127.21 		-23.2045 		9.119
v -115.692 		-37.5665 		0.14
v -115.954 		-38.6595 		5.226
v -118.969 		-20.2775 		5.64
v -116.336 		-38.3285 		0.14
v -131.156 		-35.6755 		4.58
v -116.816 		-38.7905 		0.14
v -125.989 		-23.6675 		10.014
v -126.806 		-24.0195 		10.028
v -116.743 		-39.3925 		5.188
v -113.27 		-39.8475 		0.14
v -118.405 		-24.1125 		3.827
v -117.641 		-24.5515 		3.796
v -114.673 		-35.8535 		0.14
v -117.276 		-24.7975 		3.779
v -115.128 		-36.7425 		0.14
v -130.736 		-36.5845 		4.616
v -117.172 		-39.7255 		3.173
v -117.909 		-40.2115 		3.145
v -131.307 		-26.6455 		11.14
v -130.567 		-25.6155 		11.14
v -111.648 		-37.2045 		0.14
v -114.072 		-33.9545 		0.14
v -118.689 		-40.6245 		3.117
v -131.389 		-34.9875 		4.572
v -114.312 		-34.9235 		0.14
v -129.605 		-26.3365 		8.25
v -128.896 		-25.6005 		8.217
v -131.71 		-33.5695 		4.521
v -119.297 		-40.8865 		3.095
v -131.62 		-34.1085 		4.541
v -134.499 		-30.7505 		0.14
v -117.765 		-25.0645 		0.32
v -117.5837 		-25.1525 		0.32
v -117.6309 		-25.1184 		0.32
v -117.6853 		-25.0843 		0.32
v -118.126 		-24.8355 		0.32
v -131.396 		-34.9885 		4.556
v -118.498 		-24.6255 		0.32
v -118.0809 		-24.8357 		0.32
v -118.879 		-24.4335 		0.32
v -118.3448 		-24.6699 		0.32
v -125.658 		-23.2595 		8.417
v -119.27 		-40.3405 		0.32
v -119.27 		-24.2605 		0.32
v -118.3955 		-24.638 		0.32
v -118.4812 		-24.5926 		0.32
v -118.8316 		-24.4301 		0.32
v -119.4224 		-40.4329 		0.32
v -119.3608 		-40.4103 		0.32
v -118.879 		-40.1675 		0.32
v -119.3009 		-24.2126 		0.32
v -119.3609 		-24.1881 		0.32
v -119.4539 		-24.1604 		0.32
v -118.498 		-39.9755 		0.32
v -119.3009 		-40.3883 		0.32
v -118.89 		-40.1978 		0.32
v -118.126 		-39.7645 		0.32
v -117.765 		-25.0645 		0.2258
v -118.5972 		-40.0621 		0.32
v -117.6402 		-25.1525 		0.1961
v -117.9581 		-39.6585 		0.32
v -118.4812 		-40.0083 		0.32
v -118.3676 		-39.9464 		0.32
v -118.126 		-24.8355 		0.2324
v -123.8 		-23.1455 		9.973
v -119.27 		-40.3405 		0.2103
v -119.3376 		-40.3666 		0.1934
v -119.3746 		-40.381 		0.1961
v -119.552 		-40.4496 		0.2223
v -118.498 		-24.6255 		0.1869
v -118.4531 		-24.6508 		0.1721
v -118.4383 		-24.6592 		0.1704
v -118.879 		-40.1675 		0.2374
v -118.879 		-24.4335 		0.2372
v -131.229 		-31.3045 		0.14
v -131.293 		-32.3005 		0.14
v -124.693 		-23.2905 		9.99
v -118.498 		-39.9755 		0.187
v -119.27 		-24.2605 		0.2102
v -118.126 		-39.7645 		0.2866
v -118.4337 		-39.939 		0.1703
v -118.453 		-39.95 		0.1717
v -119.3876 		-24.215 		0.2018
v -119.3553 		-24.2275 		0.192
v -119.3376 		-24.2343 		0.1933
v -117.613 		-40.0315 		2.031
v -119.436 		-23.6615 		2.031
v -119.353 		-24.2435 		0.14
v -119.552 		-24.1265 		0.32
v -119.552 		-24.1514 		0.2271
v -117.056 		-39.6425 		2.031
v -125.134 		-23.3955 		9.999
v -118.806 		-40.6815 		2.031
v -128.649 		-25.3695 		8.192
v -118.806 		-23.9185 		2.031
v -131.064 		-30.3195 		0.14
v -130.888 		-29.6775 		0.14
v -118.447 		-24.6635 		0.14
v -117.906 		-24.3955 		2.031
v -129.376 		-26.0865 		8.225
v -134.199 		-29.2255 		0.14
v -126.964 		-21.1285 		11.14
v -124.4 		-41.3205 		6.907
v -129.629 		-26.1385 		10.087
v -126.549 		-22.8995 		9.096
v -131.581 		-34.2855 		4.533
v -133.387 		-27.0435 		0.14
v -116.278 		-21.5115 		0.645
v -126.496 		-22.6575 		11.14
v -115.856 		-38.5545 		3.233
v -116.772 		-21.1085 		0.759
v -116.486 		-39.1715 		3.201
v -125.167 		-22.4325 		9.05
v -131.71 		-33.5705 		4.511
v -124.215 		-22.2355 		9.02
v -117.079 		-39.0275 		0.32
v -117.244 		-39.1563 		0.32
v -117.1583 		-39.096 		0.32
v -116.756 		-38.7485 		0.32
v -117.016 		-38.9959 		0.32
v -116.054 		-21.6055 		0.68
v -116.446 		-38.4535 		0.32
v -116.8919 		-38.9086 		0.32
v -116.152 		-38.1445 		0.32
v -116.8374 		-38.8703 		0.32
v -116.7417 		-38.7862 		0.32
v -116.532 		-38.5844 		0.32
v -134.689 		-36.3495 		0.89
v -134.835 		-36.6935 		1.14
v -115.873 		-37.8215 		0.32
v -116.3073 		-38.3682 		0.32
v -116.2637 		-38.3203 		0.32
v -116.2446 		-38.2976 		0.32
v -115.61 		-37.4845 		0.32
v -118.4146 		-21.0565 		0.1517
v -115.8745 		-37.8597 		0.32
v -115.681 		-37.6308 		0.32
v -115.605 		-37.5262 		0.32
v -115.5463 		-37.4405 		0.32
v -117.079 		-39.0275 		0.2846
v -118.233 		-21.1235 		0.14
v -134.625 		-35.9355 		0.703
v -116.756 		-38.7485 		0.1821
v -116.8038 		-38.7898 		0.1695
v -116.8194 		-38.8033 		0.1688
v -116.8302 		-38.8126 		0.1736
v -116.446 		-38.4535 		0.1912
v -116.152 		-38.1445 		0.2185
v -116.326 		-38.3274 		0.1649
v -116.3321 		-38.3338 		0.1642
v -115.873 		-37.8215 		0.2351
v -115.61 		-37.4845 		0.2184
v -115.6638 		-37.5535 		0.1983
v -115.6888 		-37.5854 		0.193
v -115.579 		-37.4405 		0.2211
v -125.61 		-40.9915 		6.86
v -118.008 		-21.2135 		0.1508
v -117.6821 		-21.358 		0.1537
v -115.577 		-38.2425 		2.031
v -134.691 		-35.4985 		0.648
v -116.035 		-38.7455 		2.031
v -129.162 		-25.6645 		10.075
v -125.465 		-22.3095 		11.14
v -124.046 		-22.0075 		11.14
v -116.8536 		-38.8819 		0.32
v -115.594 		-21.6755 		0.867
v -116.8388 		-38.8716 		0.32
v -126.912 		-41.5345 		5.83
v -116.8197 		-38.8035 		0.1688
v -117.469 		-21.4525 		0.1556
v -117.2872 		-21.5441 		0.1473
v -127.325 		-25.0035 		0.14
v -133.448 		-37.4305 		0.1441
v -125.798 		-20.2095 		10.632
v -133.687 		-36.8925 		0.142
v -126.753 		-24.6635 		0.14
v -126.235 		-20.2745 		10.577
v -117.1718 		-21.6023 		0.1421
v -125.538 		-24.1185 		0.14
v -117.1714 		-21.6025 		0.1421
v -126.649 		-20.2105 		10.39
v -117.1706 		-21.6028 		0.1421
v -124.255 		-23.7655 		0.14
v -117.1681 		-21.6041 		0.1422
v -126.993 		-20.0645 		10.14
v -116.943 		-21.7175 		0.161
v -116.7331 		-21.8364 		0.1682
v -124.343 		-20.4275 		0.14
v -114.675 		-37.5535 		7.596
v -114.987 		-37.8885 		7.518
v -123.597 		-23.6645 		0.14
v -127.716 		-40.5315 		5.293
v -115.08 		-37.6005 		7.279
v -115.216 		-38.2855 		7.565
v -115.456 		-22.6587 		0.1431
v -115.515 		-22.6145 		0.14
v -125.72 		-40.9535 		4.863
v -133.899 		-36.3425 		0.1771
v -122.267 		-23.6135 		0.14
v -134.083 		-35.7835 		0.1914
v -116.431 		-22.0075 		0.1785
v -134.1913 		-35.3925 		0.1835
v -115.933 		-22.3225 		0.1695
v -125.72 		-40.9535 		4.851
v -127.529 		-40.0625 		4.798
v -120.945 		-23.7655 		0.14
v -117.055 		-20.5425 		1.14
v -120.296 		-23.9175 		0.14
v -116.935 		-20.8565 		0.91
v -126.689 		-40.5395 		4.83
v -123.571 		-20.3395 		0.14
v -132.271 		-32.9375 		7.99
v -121.243 		-20.3775 		0.14
v -132.79 		-32.0025 		7.46
v -113.971 		-31.3045 		0.14
v -118.207 		-20.0645 		1.14
v -126.689 		-40.5395 		4.815
v -115.083 		-37.6045 		7.266
v -113.907 		-32.3005 		0.14
v -114.332 		-38.2575 		6.271
v -122.206 		-23.1085 		3.956
v -113.932 		-32.9655 		0.14
v -123.305 		-23.1295 		3.998
v -119.126 		-20.2675 		0.665
v -114.425 		-29.3635 		0.14
v -123.676 		-19.3445 		10.14
v -124.343 		-20.4275 		11.14
v -114.136 		-30.3195 		0.14
v -118.582 		-20.2245 		0.867
v -124.913 		-19.5075 		10.14
v -125.138 		-19.8055 		10.39
v -123.027 		-23.6085 		0.32
v -122.6 		-23.5975 		0.32
v -132.197 		-35.7345 		3.579
v -123.453 		-23.6395 		0.32
v -119.552 		-20.6961 		0.1722
v -119.5241 		-20.7038 		0.1727
v -123.1537 		-23.5975 		0.32
v -123.5506 		-23.6127 		0.32
v -117.602 		-25.1945 		0.14
v -123.6471 		-23.6229 		0.32
v -123.648 		-23.623 		0.32
v -121.747 		-23.6395 		0.32
v -116.816 		-25.8105 		0.14
v -113.851 		-41.2375 		5.64
v -119.117 		-20.8165 		0.1798
v -116.336 		-26.2725 		0.14
v -118.557 		-21.0015 		0.163
v -115.692 		-27.0345 		0.14
v -125.465 		-20.0685 		10.577
v -113.202 		-40.7865 		5.64
v -112.943 		-40.7195 		5.64
v -132.771 		-32.9705 		7.49
v -134.872 		-35.0955 		0.727
v -127.163 		-40.7095 		4.436
v -135.016 		-34.9145 		0.829
v -111.648 		-27.3955 		0.14
v -127.601 		-40.0125 		4.781
v -114.004 		-41.4565 		5.64
v -135.392 		-34.6135 		1.14
v -122.173 		-23.6085 		0.32
v -122.4736 		-23.5714 		0.32
v -123.027 		-23.6085 		0.2629
v -122.6 		-23.5975 		0.2436
v -123.453 		-23.6395 		0.2101
v -123.648 		-23.6634 		0.1726
v -134.24 		-35.2165 		0.1799
v -123.6047 		-23.6581 		0.1677
v -123.5896 		-23.6563 		0.1687
v -134.369 		-34.6415 		0.1419
v -122.4816 		-23.6005 		0.2163
v -124.367 		-41.3275 		4.908
v -115.282 		-37.8725 		5.27
v -123.109 		-23.1205 		2.031
v -122.09 		-23.1145 		2.031
v -121.7961 		-23.6182 		0.32
v -121.6 		-23.6408 		0.32
v -121.9762 		-23.5975 		0.32
v -122.2502 		-23.566 		0.32
v -122.3471 		-23.5666 		0.32
v -121.99 		-23.1205 		9.94
v -121.747 		-23.6395 		0.263
v -121.6 		-23.6575 		0.2589
v -122.173 		-23.6085 		0.1976
v -115.289 		-39.4125 		4.224
v -122.2803 		-23.6057 		0.1698
v -122.2644 		-23.6061 		0.1679
v -114.643 		-38.6775 		4.254
v -124.016 		-41.3885 		4.917
v -132.718 		-31.0375 		7.43
v -114.754 		-37.9955 		4.77
v -111.969 		-25.1515 		5.64
v -114.071 		-37.8855 		4.285
v -121.113 		-23.2235 		3.919
v -120.254 		-23.4075 		3.891
v -112.943 		-23.8815 		5.64
v -113.663 		-23.5515 		5.64
v -119.621 		-23.5965 		3.871
v -125.051 		-41.1665 		4.877
v -134.47 		-34.0615 		0.1453
v -113.851 		-23.3635 		5.64
v -111.969 		-39.4495 		5.64
v -111.836 		-38.6685 		5.64
v -114.004 		-23.1445 		5.64
v -127.243 		-41.3715 		3.819
v -111.531 		-38.2345 		5.64
v -135.555 		-33.3765 		1.14
v -127.556 		-40.0475 		2.794
v -113.444 		-23.7035 		5.64
v -126.594 		-40.5875 		2.835
v -113.27 		-24.7535 		0.14
v -110.757 		-30.3655 		0.14
v -111.927 		-38.9195 		5.64
v -119.668 		-24.1065 		0.32
v -126.191 		-40.7705 		2.85
v -129.995 		-41.7515 		11.14
v -120.485 		-23.8585 		0.32
v -120.902 		-23.7645 		0.32
v -121.323 		-23.6915 		0.32
v -120.9273 		-23.7215 		0.32
v -120.9895 		-23.7095 		0.32
v -121.054 		-23.7035 		0.32
v -127.849 		-43.0725 		11.14
v -120.9664 		-23.7533 		0.1753
v -132.169 		-39.5415 		11.14
v -134.542 		-33.4765 		0.1598
v -114.114 		-22.9025 		5.64
v -134.5519 		-33.3445 		0.1617
v -132.821 		-38.5755 		11.14
v -113.701 		-41.0855 		0.645
v -113.404 		-40.8815 		0.719
v -120.9625 		-23.754 		0.1743
v -131.276 		-40.5645 		11.14
v -121.413 		-23.1775 		2.031
v -112.678 		-40.6995 		1.14
v -130.081 		-39.5245 		11.14
v -121.3763 		-23.6665 		0.32
v -113.013 		-40.7345 		0.91
v -121.323 		-23.6915 		0.2512
v -127.8 		-41.3065 		11.14
v -120.413 		-23.3705 		2.031
v -128.709 		-40.7085 		11.14
v -115.451 		-21.6685 		5.64
v -129.559 		-40.0285 		11.14
v -119.6866 		-24.0799 		0.32
v -120.074 		-23.9725 		0.32
v -120.0314 		-23.9607 		0.32
v -120.2943 		-23.8699 		0.32
v -131.419 		-37.8115 		11.14
v -120.3071 		-23.8654 		0.32
v -120.7494 		-23.7618 		0.32
v -111.919 		-39.7105 		1.14
v -111.919 		-24.8905 		1.14
v -120.8944 		-23.7279 		0.32
v -119.668 		-24.1065 		0.2449
v -133.705 		-36.8475 		11.14
v -120.074 		-23.9725 		0.2212
v -132.373 		-35.8575 		11.14
v -112.288 		-24.3875 		1.14
v -132.488 		-34.7785 		3.548
v -120.485 		-23.8585 		0.1936
v -120.2975 		-23.9105 		0.1642
v -112.678 		-23.9005 		1.14
v -120.902 		-23.7645 		0.1803
v -134.374 		-34.6175 		11.14
v -120.9528 		-23.7557 		0.1715
v -120.9358 		-23.7586 		0.1728
v -113.575 		-23.6165 		0.665
v -132.898 		-33.7475 		11.14
v -113.964 		-41.3915 		0.68
v -125.862 		-43.8485 		11.14
v -126.496 		-41.9425 		11.14
v -123.687 		-42.6435 		11.14
v -113.083 		-23.8515 		0.867
v -124.406 		-42.5425 		11.14
v -125.465 		-42.2915 		11.14
v -135.246 		-31.6555 		5.64
v -113.1582 		-39.7006 		0.1448
v -113.1986 		-39.7522 		0.1422
v -114.8941 		-23.1045 		0.1538
v -114.6834 		-23.2859 		0.1469
v -131.262 		-35.3985 		2.588
v -123.571 		-44.2605 		11.14
v -131.099 		-35.8215 		2.604
v -132.778 		-31.6935 		5.451
v -132.787 		-32.6675 		5.481
v -127.435 		-39.5365 		0.32
v -121.243 		-44.2235 		11.14
v -127.074 		-39.7645 		0.32
v -126.702 		-39.9755 		0.32
v -121.513 		-42.6435 		11.14
v -126.321 		-40.1675 		0.32
v -125.93 		-40.3405 		0.32
v -126.7946 		-39.9691 		0.32
v -126.748 		-39.9944 		0.32
v -126.3625 		-40.1731 		0.32
v -126.0087 		-40.3372 		0.32
v -125.9283 		-40.3744 		0.32
v -125.8085 		-40.4234 		0.32
v -114.6091 		-23.3499 		0.1445
v -114.6031 		-23.355 		0.145
v -112.9923 		-39.4885 		0.1554
v -132.122 		-33.2855 		4.127
v -126.702 		-39.9755 		0.1873
v -126.7513 		-39.9475 		0.1705
v -126.321 		-40.1675 		0.238
v -118.966 		-43.7365 		11.14
v -125.93 		-40.3405 		0.2108
v -125.696 		-40.431 		0.2137
v -125.8356 		-40.377 		0.1934
v -125.8724 		-40.3628 		0.1962
v -114.541 		-23.4085 		0.1523
v -114.2204 		-23.7141 		0.1708
v -130.713 		-36.6385 		2.634
v -118.041 		-41.6475 		11.14
v -135.173 		-29.8375 		5.64
v -119.386 		-42.1915 		11.14
v -134.827 		-29.4335 		5.64
v -130.746 		-37.3205 		3.02
v -130.49 		-37.0305 		2.648
v -123.415 		-19.5575 		0.91
v -116.826 		-42.8195 		11.14
v -115.515 		-41.9855 		11.14
v -122.921 		-19.7655 		0.68
v -131.59 		-37.1045 		3.626
v -120.28 		-23.3995 		9.896
v -115.919 		-40.2625 		11.14
v -116.785 		-40.9225 		11.14
v -117.4 		-41.3065 		11.14
v -115.119 		-39.5245 		11.14
v -114.613 		-41.2475 		11.14
v -114.115 		-40.7855 		0.1524
v -113.778 		-40.4355 		11.14
v -114.0514 		-40.7186 		0.1441
v -122.56 		-19.7935 		0.648
v -127.298 		-40.2105 		2.031
v -114.541 		-41.1915 		0.1777
v -121.004 		-23.2415 		9.922
v -114.9407 		-41.5365 		0.1759
v -114.6104 		-23.3488 		0.1445
v -120.935 		-23.2545 		9.905
v -114.6111 		-23.3481 		0.1445
v -114.0504 		-40.7175 		0.144
v -114.6133 		-23.3462 		0.1446
v -122.124 		-19.7225 		0.727
v -127.5387 		-39.4885 		0.32
v -114.0483 		-40.7154 		0.1439
v -127.3836 		-39.5889 		0.32
v -130.467 		-36.0215 		0.32
v -130.275 		-36.4025 		0.32
v -127.0828 		-39.7836 		0.32
v -126.8541 		-39.9316 		0.32
v -130.064 		-36.7745 		0.32
v -130.3899 		-36.2555 		0.32
v -130.3587 		-36.3079 		0.32
v -129.836 		-37.1355 		0.32
v -126.8049 		-39.9635 		0.32
v -130.0323 		-36.857 		0.32
v -127.435 		-39.5365 		0.2622
v -127.5031 		-39.4885 		0.2503
v -129.7772 		-37.2862 		0.32
v -129.7012 		-37.3907 		0.32
v -114.1343 		-23.7961 		0.1758
v -127.074 		-39.7645 		0.2451
v -126.7522 		-39.947 		0.1702
v -126.7615 		-39.9418 		0.1695
v -114.0467 		-40.7136 		0.1439
v -130.275 		-36.4025 		0.2349
v -121.911 		-19.6305 		0.829
v -130.3555 		-36.2427 		0.1901
v -130.064 		-36.7745 		0.2663
v -123.189 		-20.3145 		0.1689
v -112.961 		-25.1515 		0.1711
v -113.324 		-39.9125 		0.1434
v -122.8247 		-20.3058 		0.1823
v -113.709 		-40.3585 		0.1563
v -114.0457 		-40.7126 		0.1439
v -132.537 		-30.0045 		5.397
v -132.674 		-30.7235 		5.42
v -132.054 		-29.6355 		5.007
v -122.7506 		-20.3041 		0.1851
v -110.757 		-34.2355 		11.14
v -111.007 		-35.3735 		11.14
v -126.701 		-40.5355 		2.031
v -122.6 		-20.3005 		0.1907
v -131.784 		-31.7565 		6.457
v -122.011 		-20.3145 		0.1866
v -121.6 		-20.3453 		0.1644
v -125.571 		-41.0045 		2.873
v -124.722 		-41.2495 		2.901
v -129.836 		-37.1355 		0.2247
v -131.766 		-33.0835 		6.505
v -129.7085 		-37.3163 		0.1699
v -129.7207 		-37.2991 		0.1687
v -131.791 		-32.0885 		6.46
v -120.089 		-19.7805 		0.91
v -120.287 		-19.5075 		1.14
v -113.324 		-24.6875 		0.1462
v -119.868 		-19.9815 		0.759
v -123.854 		-41.4115 		2.928
v -130.416 		-37.1405 		2.031
v -125.532 		-40.4945 		0.32
v -125.126 		-40.6285 		0.32
v -120.903 		-19.4135 		1.14
v -125.5566 		-40.5101 		0.32
v -130.91 		-36.2485 		2.031
v -124.715 		-40.7415 		0.32
v -125.2059 		-40.6308 		0.32
v -124.298 		-40.8355 		0.32
v -124.9544 		-40.7174 		0.32
v -124.9166 		-40.7282 		0.32
v -123.877 		-40.9085 		0.32
v -124.8922 		-40.7352 		0.32
v -124.3194 		-40.8542 		0.32
v -124.0081 		-40.9189 		0.32
v -123.8806 		-40.9403 		0.32
v -123.648 		-40.9642 		0.32
v -125.532 		-40.4945 		0.2376
v -131.766 		-33.0835 		6.491
v -125.126 		-40.6285 		0.2179
v -124.715 		-40.7415 		0.2111
v -124.9014 		-40.6902 		0.1665
v -124.9107 		-40.6877 		0.1668
v -124.298 		-40.8355 		0.2373
v -114.115 		-23.8145 		0.1769
v -123.877 		-40.9085 		0.2045
v -123.912 		-40.9024 		0.1956
v -123.951 		-40.8957 		0.1948
v -113.709 		-24.2415 		0.1746
v -123.648 		-40.9366 		0.2208
v -131.688 		-30.8875 		6.424
v -124.789 		-41.2365 		2.031
v -115.422 		-38.0545 		3.258
v -131.348 		-29.4545 		6.369
v -125.443 		-41.0495 		2.031
v -114.166 		-22.7125 		0.91
v -131.835 		-29.7745 		8.009
v -114.201 		-22.3785 		1.14
v -119.571 		-23.6155 		9.87
v -114.074 		-22.9985 		0.759
v -114.687 		-21.9875 		1.14
v -122.181 		-41.4905 		6.992
v -123.528 		-41.4535 		6.944
v -119.7 		-23.5725 		9.865
v -115.19 		-21.6185 		1.14
v -131.721 		-31.0955 		6.428
v -122.522 		-41.4935 		6.968
v -122.963 		-21.9065 		11.14
v -120.439 		-22.1335 		11.14
v -123.529 		-41.4535 		6.936
v -123.122 		-23.0975 		9.96
v -121.513 		-21.9575 		11.14
v -111.731 		-38.4825 		0.645
v -130.64 		-35.6305 		0.32
v -130.7154 		-35.5285 		0.32
v -130.7604 		-35.3925 		0.32
v -111.496 		-38.2085 		0.719
v -122.988 		-20.3235 		11.14
v -130.6865 		-35.616 		0.32
v -130.5552 		-35.9086 		0.32
v -130.4395 		-36.1662 		0.32
v -130.3925 		-36.2511 		0.32
v -130.64 		-35.6305 		0.1851
v -130.667 		-35.5608 		0.1705
v -121.243 		-20.3775 		11.14
v -131.572 		-30.2665 		6.4
v -112.226 		-31.5745 		11.14
v -112.226 		-33.0255 		11.14
v -121.524 		-19.3445 		1.14
v -122.982 		-22.8025 		8.295
v -112.603 		-29.4335 		11.14
v -120.191 		-41.1795 		7.057
v -112.365 		-30.4955 		11.14
v -115.452 		-22.6615 		0.1435
v -123.008 		-22.1145 		8.982
v -114.987 		-23.0245 		0.1569
v -122.28 		-22.1145 		8.959
v -113.099 		-28.0705 		11.14
v -121.51 		-41.4355 		7.015
v -131.572 		-30.2665 		6.397
v -120.194 		-41.1805 		7.046
v -111.648 		-27.3955 		11.14
v -121.424 		-20.3585 		0.1548
v -114.876 		-25.3455 		11.14
v -114.186 		-26.1875 		11.14
v -110.632 		-33.0765 		11.14
v -113.599 		-27.1035 		11.14
v -109.875 		-33.0825 		10.39
v -111.905 		-38.8465 		0.68
v -130.7321 		-35.3925 		0.208
v -130.467 		-36.0215 		0.1937
v -130.3904 		-36.1735 		0.1707
v -121.439 		-22.1735 		10.933
v -119.72 		-22.5515 		10.905
v -119.9 		-22.4775 		10.884
v -120.839 		-20.4305 		0.1549
v -112.588 		-25.6975 		11.14
v -120.259 		-20.5305 		0.1529
v -120.0973 		-20.5668 		0.1441
v -120.0948 		-20.5673 		0.1439
v -111.967 		-39.1925 		0.813
v -111.757 		-37.4405 		0.1575
v -111.8444 		-37.6143 		0.1646
v -131.78 		-31.6965 		4.449
v -130.3978 		-36.1589 		0.1683
v -110.044 		-32.6995 		10.577
v -131.796 		-32.4825 		4.479
v -131.782 		-32.8465 		4.488
v -110.096 		-32.3805 		10.635
v -110.632 		-31.5235 		11.14
v -110.044 		-31.9015 		10.577
v -120.818 		-22.2655 		10.913
v -109.875 		-31.5185 		10.39
v -120.094 		-20.5675 		0.1439
v -121.515 		-41.4365 		7
v -120.0933 		-20.5677 		0.1439
v -120.833 		-22.2625 		8.914
v -112.017 		-37.9575 		0.1787
v -131.623 		-34.0945 		2.537
v -112.0728 		-38.056 		0.1777
v -119.886 		-22.4745 		8.884
v -131.208 		-33.5775 		0.32
v -131.2636 		-33.3445 		0.32
v -112.584 		-38.9074 		0.146
v -131.2544 		-33.4645 		0.32
v -112.5886 		-38.9147 		0.1468
v -131.135 		-33.9985 		0.32
v -112.622 		-38.9675 		0.1507
v -120.691 		-22.7955 		9.406
v -131.042 		-34.4145 		0.32
v -112.961 		-39.4485 		0.1574
v -131.2466 		-33.5658 		0.32
v -131.2274 		-33.6938 		0.32
v -110.757 		-30.3655 		11.14
v -131.1726 		-33.9425 		0.32
v -130.928 		-34.8265 		0.32
v -111.069 		-29.0435 		11.14
v -120.0926 		-20.5678 		0.1438
v -131.045 		-41.8515 		10.39
v -131.0777 		-34.373 		0.32
v -121.137 		-22.6545 		9.359
v -121.818 		-19.5745 		10.39
v -122.201 		-19.7435 		10.577
v -122.64 		-19.7935 		10.632
v -120.85 		-41.3325 		7.022
v -131.8 		-32.3005 		4.47
v -130.999 		-42.2225 		10.14
v -131.796 		-32.482 		4.474
v -131.796 		-32.4814 		4.474
v -130.01 		-42.9815 		10.14
v -131.7952 		-32.445 		4.4748
v -121.885 		-41.4705 		5.001
v -122.58 		-41.4985 		4.974
v -122.999 		-19.7435 		10.577
v -112.5825 		-38.9051 		0.146
v -129.64 		-42.9305 		10.39
v -120.0866 		-20.5692 		0.144
v -112.5813 		-38.9031 		0.1459
v -123.382 		-19.5745 		10.39
v -129.223 		-42.9755 		10.577
v -122.494 		-41.4955 		4.973
v -123.297 		-41.4725 		4.947
v -109.808 		-29.9865 		10.14
v -112.5805 		-38.9019 		0.1459
v -128.818 		-43.1515 		10.632
v -109.645 		-31.2235 		10.14
v -110.106 		-29.7615 		10.39
v -110.369 		-29.4355 		10.577
v -128.533 		-43.3735 		10.577
v -128.286 		-43.7125 		10.39
v -131.677 		-29.2675 		5.992
v -128.145 		-44.0585 		10.14
v -131.0329 		-34.5759 		0.32
v -131.0164 		-34.6386 		0.32
v -130.9697 		-34.7592 		0.32
v -131.208 		-33.5775 		0.1866
v -131.2371 		-33.3445 		0.2263
v -131.135 		-33.9985 		0.231
v -131.1973 		-33.639 		0.1713
v -119.735 		-20.0685 		10.577
v -131.2013 		-33.6161 		0.1734
v -131.326 		-29.3865 		4.372
v -131.042 		-34.4145 		0.2265
v -130.9736 		-34.6616 		0.2079
v -130.9872 		-34.6125 		0.1899
v -130.9921 		-34.595 		0.1908
v -131.721 		-31.0955 		4.428
v -120.062 		-19.8055 		10.39
v -110.501 		-29.1415 		10.635
v -131.401 		-34.9815 		2.031
v -110.567 		-28.8265 		10.615
v -123.296 		-41.4725 		4.945
v -112.5777 		-38.8974 		0.1461
v -120.903 		-19.4135 		10.14
v -110.558 		-28.4705 		10.502
v -120.287 		-19.5075 		10.14
v -130.794 		-35.2325 		0.32
v -130.9262 		-34.8908 		0.32
v -121.524 		-19.3445 		10.14
v -130.928 		-34.8265 		0.243
v -110.48 		-28.1465 		10.328
v -110.365 		-27.9075 		10.14
v -110.842 		-26.7545 		10.14
v -111.188 		-26.6145 		10.39
v -130.794 		-35.2325 		0.2437
v -131.019 		-41.9575 		5.64
v -119.684 		-20.6595 		0.1699
v -112.307 		-38.4695 		0.1734
v -131.574 		-34.3235 		2.031
v -125.913 		-23.7175 		8.087
v -127.559 		-24.5515 		8.157
v -132.8 		-32.3005 		3.47
v -113.44 		-31.5205 		9.49
v -128.968 		-43.0645 		5.64
v -128.737 		-43.1975 		5.64
v -132.749 		-33.3015 		3.501
v -126.993 		-44.5355 		10.14
v -128.534 		-43.3695 		5.64
v -126.649 		-44.3905 		10.39
v -128.233 		-43.8075 		5.64
v -126.8 		-24.1175 		8.124
v -134.586 		-32.8895 		0.1681
v -134.5951 		-32.5073 		0.1545
v -134.5951 		-32.5057 		0.1542
v -120.809 		-41.3125 		5.04
v -135.325 		-33.0825 		0.89
v -126.093 		-23.7915 		8.092
v -134.5953 		-32.4996 		0.154
v -135.156 		-32.6995 		0.703
v -134.5954 		-32.4943 		0.154
v -115.456 		-37.3086 		0.32
v -115.456 		-37.266 		0.2318
v -126.235 		-44.3255 		10.577
v -125.798 		-44.3915 		10.632
v -114.549 		-36.7405 		7.311
v -130.999 		-42.2225 		1.14
v -131.034 		-41.8875 		0.91
v -114.105 		-35.8315 		7.344
v -134.5955 		-32.4902 		0.154
v -135.106 		-32.3405 		0.648
v -119.673 		-41.0225 		5.064
v -130.513 		-42.6125 		1.14
v -130.01 		-42.9815 		1.14
v -134.5957 		-32.4808 		0.1543
v -113.411 		-31.8585 		9.488
v -114.714 		-37.0385 		7.289
v -126.8 		-24.1175 		8.12
v -120.173 		-41.1725 		5.047
v -109.818 		-33.1755 		5.64
v -114.105 		-35.8315 		7.34
v -110.047 		-31.9045 		5.64
v -127.56 		-24.5515 		8.15
v -130.213 		-41.5765 		0.153
v -129.792 		-41.9042 		0.1686
v -109.954 		-31.6555 		5.64
v -113.628 		-37.1245 		6.312
v -129.301 		-42.9545 		0.727
v -129.531 		-42.9285 		0.829
v -112.431 		-32.9775 		10.448
v -128.145 		-44.0585 		1.14
v -128.265 		-43.7435 		0.91
v -121.54 		-41.4375 		5.004
v -112.404 		-32.2515 		10.471
v -135.135 		-31.9785 		0.68
v -112.902 		-35.4565 		6.369
v -128.508 		-43.4045 		0.719
v -127.448 		-23.3265 		7.127
v -134.5958 		-32.4779 		0.1546
v -134.5977 		-32.3989 		0.1605
v -134.6 		-32.3005 		0.1672
v -113.157 		-36.1395 		6.347
v -134.586 		-31.7115 		0.1804
v -134.5549 		-31.2965 		0.1692
v -129.07 		-43.0245 		0.665
v -110.047 		-32.6955 		5.64
v -113.668 		-34.4965 		7.396
v -119.924 		-41.0995 		3.071
v -135.177 		-31.8245 		0.727
v -113.829 		-35.0775 		7.373
v -120.996 		-41.3595 		3.03
v -134.5958 		-32.4755 		0.1549
v -134.596 		-32.469 		0.1557
v -113.084 		-33.7875 		7.858
v -127.744 		-43.142 		0.2145
v -128.257 		-42.8835 		0.2088
v -135.269 		-31.6115 		0.829
v -128.3987 		-42.8032 		0.1997
v -121.872 		-41.4715 		2.996
v -110.027 		-29.8375 		5.64
v -110.373 		-29.4335 		5.64
v -134.5958 		-32.4751 		0.1552
v -123.195 		-41.4805 		2.949
v -129.042 		-42.4203 		0.1431
v -129.0438 		-42.4191 		0.1433
v -129.267 		-42.2775 		0.1602
v -129.748 		-41.9385 		0.1702
v -110.078 		-32.0595 		0.665
v -112.64 		-32.0045 		10.708
v -113.497 		-33.6335 		7.43
v -109.857 		-31.4845 		0.91
v -129.0412 		-42.4208 		0.1431
v -112.693 		-33.1845 		10.687
v -113.62 		-34.3005 		7.4
v -110.096 		-32.3805 		0.645
v -129.0404 		-42.4213 		0.1431
v -123.453 		-40.9605 		0.32
v -110.065 		-32.6215 		0.68
v -123.027 		-40.9925 		0.32
v -123.4748 		-40.982 		0.32
v -122.6 		-41.0025 		0.32
v -123.2753 		-41.0025 		0.32
v -122.173 		-40.9925 		0.32
v -129.0392 		-42.4221 		0.1431
v -121.747 		-40.9605 		0.32
v -121.323 		-40.9085 		0.32
v -128.769 		-42.5935 		0.176
v -122.0227 		-41.0025 		0.32
v -121.8204 		-40.9947 		0.32
v -120.902 		-40.8355 		0.32
v -121.6817 		-40.9894 		0.32
v -121.5849 		-40.9829 		0.32
v -133.281 		-39.7105 		10.14
v -121.4914 		-40.9684 		0.32
v -120.485 		-40.7415 		0.32
v -127.151 		-23.8765 		6.502
v -121.0758 		-40.9039 		0.32
v -120.074 		-40.6285 		0.32
v -132.522 		-40.6995 		10.14
v -132.151 		-40.7455 		10.39
v -113.497 		-33.6335 		7.422
v -112.428 		-31.6895 		8.489
v -124.896 		-23.3915 		8.051
v -112.416 		-32.6625 		8.458
v -123.896 		-23.1985 		8.019
v -120.9895 		-40.8906 		0.32
v -120.8629 		-40.8645 		0.32
v -120.6085 		-40.8049 		0.32
v -119.668 		-40.4945 		0.32
v -120.2756 		-40.727 		0.32
v -120.2127 		-40.7053 		0.32
v -113.403 		-32.5355 		9.453
v -112.815 		-32.4145 		8.872
v -122.9821 		-41.0326 		0.32
v -122.8851 		-41.0356 		0.32
v -123.453 		-40.9605 		0.2348
v -134.358 		-37.8455 		10.14
v -134.012 		-37.9865 		10.39
v -123.027 		-40.9925 		0.1926
v -122.6 		-41.0025 		0.2402
v -133.673 		-38.2335 		10.577
v -122.9257 		-40.9949 		0.1676
v -122.9406 		-40.9945 		0.168
v -122.173 		-40.9925 		0.2631
v -121.747 		-40.9605 		0.2066
v -113.773 		-34.8845 		7.378
v -133.411 		-38.5885 		10.632
v -112.515 		-33.7995 		6.422
v -126.839 		-41.5765 		9.833
v -125.932 		-41.9365 		9.863
v -113.403 		-32.5375 		9.467
v -109.945 		-32.9525 		0.813
v -133.274 		-38.9235 		10.577
v -112.863 		-31.6325 		10.054
v -133.23 		-39.3405 		10.39
v -110.6281 		-31.5233 		0.1439
v -110.6278 		-31.5273 		0.144
v -114.412 		-36.4855 		5.325
v -114.086 		-35.7805 		5.35
v -110.6282 		-31.5223 		0.1439
v -110.6358 		-31.4203 		0.1472
v -110.6284 		-31.5199 		0.144
v -125.465 		-44.5325 		10.577
v -114.885 		-37.3085 		5.294
v -113.575 		-30.5145 		9.532
v -125.138 		-44.7945 		10.39
v -124.913 		-45.0925 		10.14
v -121.323 		-40.9085 		0.1964
v -121.6006 		-40.9426 		0.1635
v -121.6145 		-40.9443 		0.1664
v -110.6451 		-31.2965 		0.1512
v -113.714 		-29.9245 		9.553
v -120.902 		-40.8355 		0.1805
v -120.9293 		-40.8402 		0.1744
v -120.9528 		-40.8443 		0.1715
v -120.485 		-40.7415 		0.1939
v -120.074 		-40.6285 		0.2187
v -120.2931 		-40.6887 		0.1653
v -119.668 		-40.4945 		0.2394
v -125.548 		-23.5855 		8.069
v -110.6276 		-31.5306 		0.1442
v -110.614 		-31.7115 		0.1634
v -113.888 		-29.3455 		9.573
v -110.6067 		-32.0181 		0.1822
v -120.082 		-41.1495 		2.031
v -110.6278 		-31.5276 		0.144
v -131.76 		-40.8975 		10.577
v -121.413 		-41.4235 		2.031
v -124.895 		-23.3915 		8.043
v -122.43 		-41.4925 		2.031
v -131.415 		-41.1725 		10.632
v -113.961 		-35.4595 		5.35
v -135.12 		-29.7895 		0.91
v -135.392 		-29.9865 		1.14
v -131.197 		-41.4605 		10.577
v -123.893 		-23.1975 		8.006
v -123.676 		-45.2555 		10.14
v -123.449 		-41.4615 		2.031
v -110.6008 		-32.266 		0.1974
v -125.474 		-23.1715 		6.442
v -134.855 		-29.4675 		0.719
v -128.187 		-40.1255 		10.355
v -128.898 		-39.5435 		10.339
v -134.542 		-31.1245 		0.1646
v -135.555 		-31.2235 		1.14
v -110.6 		-32.3005 		0.1995
v -110.614 		-32.8895 		0.211
v -124.28 		-42.3515 		9.917
v -109.645 		-31.2235 		1.14
v -109.713 		-30.6035 		1.14
v -119.286 		-44.3575 		10.635
v -109.808 		-29.9865 		1.14
v -114.371 		-36.4095 		5.314
v -113.619 		-30.3175 		9.535
v -110.409 		-29.3665 		0.68
v -128.139 		-39.6405 		8.756
v -125.085 		-41.6425 		10.41
v -124.997 		-42.2085 		9.894
v -110.207 		-29.6545 		0.813
v -128.001 		-39.7425 		8.771
v -114.702 		-37.0155 		5.291
v -112.648 		-30.0805 		10.539
v -112.512 		-30.7995 		10.516
v -124.41 		-41.8105 		10.421
v -112.452 		-31.2815 		10.501
v -112.696 		-31.0625 		10.724
v -126.346 		-22.8185 		7.089
v -110.73 		-30.5395 		0.1481
v -110.658 		-31.1245 		0.1568
v -125.427 		-22.5075 		7.059
v -113.528 		-36.9305 		4.319
v -112.954 		-29.6505 		10.747
v -129.659 		-39.6565 		9.726
v -124.006 		-22.2075 		7.014
v -129.298 		-39.9875 		9.741
v -125.991 		-23.0825 		6.707
v -134.47 		-30.5395 		0.153
v -128.532 		-40.5965 		9.772
v -134.369 		-29.9595 		0.1666
v -134.24 		-29.3845 		0.1501
v -112.665 		-30.0035 		8.542
v -112.53 		-30.7215 		8.519
v -129.855 		-37.9505 		8.675
v -127.331 		-24.4105 		6.142
v -118.965 		-44.3255 		10.577
v -115.813 		-26.0895 		9.711
v -130.931 		-38.1745 		9.665
v -129.908 		-37.8855 		8.685
v -116.291 		-25.6045 		9.721
v -110.9976 		-29.2485 		0.2182
v -110.96 		-29.3845 		0.2155
v -110.831 		-29.9595 		0.1795
v -126.208 		-23.8555 		6.1
v -131.8 		-32.3005 		2.47
v -130.137 		-38.1905 		10.306
v -130.531 		-37.6235 		10.295
v -118.656 		-44.3605 		10.451
v -123.289 		-44.9695 		10.451
v -113.078 		-35.9295 		4.354
v -122.999 		-44.8565 		10.577
v -116.098 		-25.1895 		9.288
v -115.812 		-26.0905 		9.697
v -122.56 		-44.8065 		10.632
v -110.555 		-28.9345 		5.64
v -110.577 		-28.6695 		5.64
v -122.201 		-44.8565 		10.577
v -110.481 		-28.1465 		5.64
v -113.836 		-27.4045 		10.782
v -128.74 		-39.1495 		8.728
v -118.207 		-44.5355 		10.14
v -131.755 		-33.2025 		2.502
v -131.789 		-32.7525 		2.486
v -125.744 		-23.6545 		6.072
v -113.512 		-28.0545 		10.771
v -121.818 		-45.0265 		10.39
v -128.612 		-39.2635 		8.747
v -113.849 		-35.1325 		5.371
v -111.093 		-26.6675 		5.64
v -129.236 		-38.6695 		8.705
v -129.469 		-38.4175 		8.708
v -110.365 		-27.9075 		1.14
v -113.956 		-29.1565 		9.584
v -110.502 		-28.2145 		0.91
v -110.566 		-28.5075 		0.759
v -114.295 		-28.3425 		9.617
v -113.515 		-33.7355 		5.42
v -129.701 		-38.7235 		10.318
v -131.261 		-31.4475 		0.32
v -119.462 		-42.0015 		10.069
v -126.973 		-24.2065 		6.123
v -131.292 		-31.8735 		0.32
v -131.276 		-31.2965 		0.32
v -131.2794 		-31.3357 		0.32
v -131.302 		-32.3005 		0.32
v -127.551 		-23.3895 		5.131
v -118.329 		-41.5595 		10.107
v -134.67 		-35.5765 		10.632
v -114.611 		-27.7385 		9.643
v -113.661 		-34.4685 		5.394
v -122.333 		-42.0515 		8.416
v -134.625 		-36.0155 		10.553
v -134.835 		-36.6935 		10.14
v -113.515 		-33.7345 		5.418
v -134.659 		-36.2445 		10.451
v -131.2821 		-31.3669 		0.32
v -131.302 		-31.6764 		0.32
v -131.292 		-32.7275 		0.32
v -131.261 		-33.1535 		0.32
v -131.302 		-32.8449 		0.32
v -131.34 		-32.2681 		0.32
v -131.3389 		-32.3651 		0.32
v -110.567 		-28.8265 		0.665
v -131.261 		-31.4475 		0.2236
v -131.2456 		-31.324 		0.1961
v -131.2424 		-31.299 		0.1925
v -117.055 		-44.0585 		10.14
v -116.862 		-43.6165 		10.451
v -131.292 		-31.8735 		0.2369
v -131.302 		-32.3005 		0.1747
v -131.3018 		-32.2944 		0.1739
v -131.292 		-32.7275 		0.2526
v -131.3017 		-32.3128 		0.1742
v -114.61 		-27.7405 		9.631
v -131.261 		-33.1535 		0.2588
v -116.667 		-43.3735 		10.577
v -131.787 		-31.9605 		2.031
v -126.876 		-24.1545 		4.128
v -116.418 		-43.1695 		10.635
v -126.924 		-23.5565 		4.678
v -126.482 		-23.9595 		4.114
v -132.177 		-35.7975 		9.581
v -115.977 		-42.9755 		10.577
v -123.514 		-42.0125 		9.502
v -115.56 		-42.9305 		10.39
v -131.2421 		-31.2965 		0.1921
v -110.842 		-26.7545 		1.14
v -113.661 		-34.4685 		5.389
v -135.094 		-34.8385 		10.39
v -134.831 		-35.1645 		10.577
v -122.339 		-42.4895 		9.978
v -121.608 		-42.4495 		10
v -135.392 		-34.6135 		10.14
v -135.555 		-33.3765 		10.14
v -125.103 		-23.4475 		6.063
v -113.721 		-27.2855 		8.633
v -124.448 		-23.2875 		6.041
v -132.642 		-34.0325 		9.524
v -124.448 		-23.2875 		6.026
v -112.556 		-34.0495 		4.415
v -122.57 		-42.0125 		10.452
v -123.032 		-41.9945 		10.444
v -123.313 		-42.4665 		9.947
v -131.965 		-33.8085 		10.229
v -112.707 		-34.7675 		4.392
v -114.16 		-28.6555 		9.599
v -115.19 		-42.9815 		10.14
v -131.849 		-34.4725 		10.241
v -114.201 		-42.2225 		10.14
v -131.775 		-32.9795 		2.031
v -114.155 		-41.8515 		10.39
v -132.408 		-35.0985 		9.558
v -130.794 		-29.3685 		0.32
v -130.928 		-29.7745 		0.32
v -130.9107 		-29.597 		0.32
v -131.042 		-30.1855 		0.32
v -131.135 		-30.6025 		0.32
v -130.9157 		-29.6108 		0.32
v -130.9533 		-29.7345 		0.32
v -131.0382 		-30.0442 		0.32
v -111.314 		-26.5375 		0.813
v -131.208 		-31.0235 		0.32
v -131.1125 		-30.3154 		0.32
v -131.1399 		-30.4787 		0.32
v -131.2294 		-31.0128 		0.32
v -131.2618 		-31.2066 		0.32
v -131.2751 		-31.2856 		0.32
v -111.36 		-28.1047 		0.2022
v -111.301 		-28.2575 		0.2131
v -111.117 		-28.8165 		0.2266
v -130.794 		-29.3685 		0.1989
v -130.928 		-29.7745 		0.1886
v -130.8992 		-29.6873 		0.1709
v -130.8924 		-29.6668 		0.1689
v -131.042 		-30.1855 		0.1934
v -113.073 		-28.6755 		10.585
v -131.135 		-30.6025 		0.2263
v -131.0717 		-30.3188 		0.1687
v -113.241 		-28.7275 		10.761
v -131.208 		-31.0235 		0.2353
v -131.2393 		-31.2738 		0.1964
v -130.993 		-36.8305 		10.281
v -131.574 		-30.2765 		2.031
v -131.2737 		-31.2703 		0.32
v -118.752 		-41.7435 		8.093
v -111.752 		-37.4305 		0.1571
v -131.2419 		-31.2947 		0.1919
v -131.291 		-36.2095 		10.271
v -131.699 		-30.9455 		2.031
v -131.463 		-35.7845 		10.264
v -121.524 		-45.2555 		10.14
v -120.287 		-45.0925 		10.14
v -120.062 		-44.7945 		10.39
v -112.927 		-29.0645 		8.572
v -119.735 		-44.5325 		10.577
v -113.281 		-28.1545 		8.603
v -111.36 		-36.4956 		0.1654
v -111.513 		-36.8925 		0.1587
v -131.796 		-36.6995 		9.611
v -114.457 		-36.5815 		3.324
v -114.904 		-37.3415 		3.291
v -114.132 		-36.7515 		3.691
v -114.911 		-25.7975 		10.813
v -114.8 		-25.7405 		10.692
v -114.084 		-35.7815 		3.354
v -131.456 		-37.3495 		9.634
v -114.209 		-26.5185 		10.661
v -113.813 		-27.1345 		10.639
v -114.336 		-26.5755 		10.797
v -130.781 		-36.4995 		8.62
v -131.131 		-35.7375 		8.593
v -115.364 		-37.1355 		0.32
v -115.3563 		-37.1629 		0.32
v -115.136 		-36.7745 		0.32
v -114.925 		-36.4025 		0.32
v -115.1739 		-36.8964 		0.32
v -114.733 		-36.0215 		0.32
v -115.0947 		-36.7807 		0.32
v -115.0627 		-36.7244 		0.32
v -114.9248 		-36.4549 		0.32
v -114.56 		-35.6305 		0.32
v -114.7372 		-36.0884 		0.32
v -114.651 		-35.92 		0.32
v -114.5999 		-35.8012 		0.32
v -114.5586 		-35.6949 		0.32
v -114.4412 		-35.3925 		0.32
v -131.131 		-35.7375 		8.591
v -115.364 		-37.1355 		0.2399
v -125.39 		-23.0185 		5.562
v -115.136 		-36.7745 		0.1821
v -125.997 		-22.6895 		5.078
v -114.925 		-36.4025 		0.2331
v -115.116 		-36.7392 		0.1732
v -115.1218 		-36.7495 		0.1732
v -114.733 		-36.0215 		0.2235
v -114.56 		-35.6305 		0.2301
v -114.652 		-35.8385 		0.1916
v -114.6669 		-35.872 		0.1902
v -114.4679 		-35.3925 		0.2291
v -130.307 		-37.3205 		8.651
v -124.35 		-22.2595 		5.024
v -114.442 		-36.5525 		2.031
v -125.3 		-22.4735 		5.055
v -114.754 		-26.6105 		10.169
v -119.492 		-44.4145 		5.64
v -119.235 		-44.3455 		5.64
v -118.446 		-44.4205 		5.64
v -125.063 		-19.7275 		5.64
v -125.708 		-20.1855 		5.64
v -115.172 		-26.8835 		9.678
v -114.778 		-37.1435 		2.031
v -130.822 		-36.4235 		8.622
v -130.49 		-37.0285 		8.648
v -115.33 		-25.1595 		8.717
v -113.501 		-33.6595 		3.424
v -126.231 		-20.2775 		5.64
v -120.403 		-42.2575 		10.039
v -113.673 		-34.5245 		3.397
v -131.403 		-36.2525 		9.057
v -114.682 		-25.8845 		8.686
v -113.79 		-34.9505 		3.383
v -126.496 		-20.2525 		5.64
v -120.043 		-41.7135 		10.497
v -120.725 		-41.8635 		10.485
v -121.184 		-41.9335 		10.477
v -115.169 		-26.8865 		9.663
v -114.406 		-35.2325 		0.32
v -125.467 		-20.0725 		5.64
v -114.272 		-34.8265 		0.32
v -114.3973 		-35.2793 		0.32
v -114.158 		-34.4145 		0.32
v -131.666 		-33.8275 		8.525
v -114.2889 		-35.0001 		0.32
v -114.065 		-33.9985 		0.32
v -114.2733 		-34.9598 		0.32
v -114.2543 		-34.8979 		0.32
v -114.1431 		-34.4487 		0.32
v -113.992 		-33.5775 		0.32
v -114.0579 		-34.105 		0.32
v -114.0372 		-34.0211 		0.32
v -114.0135 		-33.894 		0.32
v -113.9357 		-33.3445 		0.32
v -131.39 		-35.0095 		8.565
v -114.406 		-35.2325 		0.2284
v -114.241 		-26.4645 		8.663
v -114.272 		-34.8265 		0.196
v -114.3026 		-34.9193 		0.1692
v -114.3059 		-34.9292 		0.1683
v -114.158 		-34.4145 		0.2379
v -131.609 		-34.1635 		8.528
v -114.065 		-33.9985 		0.2027
v -113.992 		-33.5775 		0.2359
v -114.0542 		-33.9361 		0.1948
v -114.061 		-33.9755 		0.1968
v -125.667 		-23.6265 		4.086
v -113.9629 		-33.3445 		0.222
v -111.527 		-26.3675 		10.577
v -113.706 		-34.6545 		2.031
v -111.731 		-26.1175 		10.635
v -113.905 		-35.3045 		2.031
v -124.609 		-23.3255 		4.047
v -118.969 		-44.3235 		5.64
v -118.704 		-44.3485 		5.64
v -131.39 		-35.0095 		8.561
v -111.877 		-25.8305 		10.615
v -131.744 		-34.9095 		10.249
v -111.188 		-37.9865 		10.39
v -131.614 		-35.3505 		10.256
v -132.046 		-28.4615 		7.347
v -132.299 		-29.1445 		7.369
v -111.959 		-25.4845 		10.502
v -118.648 		-41.6995 		6.096
v -134.107 		-37.9335 		5.64
v -133.273 		-38.9195 		5.64
v -123.877 		-23.6915 		0.32
v -133.229 		-39.1815 		5.64
v -123.7185 		-23.6339 		0.32
v -124.298 		-23.7645 		0.32
v -124.715 		-23.8585 		0.32
v -124.1364 		-23.698 		0.32
v -126.836 		-41.5755 		7.833
v -125.126 		-23.9725 		0.32
v -124.2424 		-23.7143 		0.32
v -126.157 		-41.8595 		7.856
v -124.3058 		-23.7273 		0.32
v -125.532 		-24.1065 		0.32
v -119.331 		-41.9535 		6.073
v -125.93 		-24.2605 		0.32
v -125.4142 		-24.0323 		0.32
v -126.321 		-24.4335 		0.32
v -125.4667 		-24.0467 		0.32
v -125.529 		-24.0644 		0.32
v -125.6192 		-24.1 		0.32
v -125.9839 		-24.2636 		0.32
v -126.702 		-24.6255 		0.32
v -126.3591 		-24.4319 		0.32
v -127.074 		-24.8355 		0.32
v -127.435 		-25.0645 		0.32
v -126.7185 		-24.5932 		0.32
v -126.8049 		-24.6375 		0.32
v -126.9603 		-24.7299 		0.32
v -118.489 		-41.6275 		4.102
v -110.842 		-37.8455 		10.14
v -127.3224 		-24.9451 		0.32
v -127.4285 		-25.0192 		0.32
v -127.477 		-25.0619 		0.32
v -123.877 		-23.6915 		0.1984
v -124.298 		-23.7645 		0.1843
v -124.2641 		-23.7586 		0.1724
v -124.2528 		-23.7567 		0.171
v -110.365 		-36.6935 		10.14
v -124.715 		-23.8585 		0.2558
v -110.511 		-36.3495 		10.39
v -125.126 		-23.9725 		0.2527
v -125.532 		-24.1065 		0.176
v -125.5232 		-24.1036 		0.1774
v -110.575 		-35.9355 		10.577
v -125.93 		-24.2605 		0.251
v -125.5538 		-24.1149 		0.1749
v -125.5363 		-24.1082 		0.1745
v -126.321 		-24.4335 		0.2588
v -126.702 		-24.6255 		0.1896
v -127.074 		-24.8355 		0.1996
v -126.7616 		-24.6592 		0.17
v -126.7468 		-24.6508 		0.1726
v -110.543 		-35.6145 		10.635
v -124.631 		-41.7185 		7.339
v -127.3601 		-25.017 		0.1816
v -127.3432 		-25.0063 		0.1716
v -127.3246 		-24.9945 		0.1679
v -125.223 		-42.1555 		7.887
v -129.653 		-39.6555 		7.726
v -128.916 		-40.2975 		7.757
v -128.143 		-39.6425 		6.771
v -127.435 		-25.0645 		0.2199
v -124.267 		-42.3595 		7.917
v -127.298 		-24.3905 		2.031
v -128.122 		-40.8675 		7.787
v -116.967 		-43.8075 		5.64
v -128.146 		-39.6405 		6.756
v -126.391 		-23.9245 		2.031
v -116.666 		-43.3695 		5.64
v -116.463 		-43.1975 		5.64
v -115.981 		-42.9735 		5.64
v -125.443 		-23.5505 		2.031
v -124.789 		-23.3645 		2.031
v -115.718 		-42.9295 		5.64
v -125.965 		-44.3455 		5.64
v -113.414 		-31.9395 		7.49
v -124.123 		-23.2275 		2.031
v -113.424 		-32.9575 		7.455
v -130.141 		-37.5655 		6.667
v -130.788 		-38.3755 		7.673
v -126.013 		-41.9055 		5.861
v -131.335 		-37.5635 		7.642
v -134.714 		-29.1925 		5.64
v -118.207 		-44.5355 		1.14
v -118.514 		-44.3985 		0.91
v -110.369 		-35.1645 		10.577
v -130.326 		-38.9465 		7.696
v -127.731 		-21.4525 		0.2029
v -127.192 		-21.2135 		0.1677
v -126.9816 		-21.1322 		0.1444
v -110.106 		-34.8385 		10.39
v -126.9745 		-21.1295 		0.1435
v -134.645 		-28.9345 		5.64
v -119.286 		-44.3575 		0.645
v -126.9705 		-21.128 		0.1431
v -125.467 		-44.5275 		5.64
v -125.25 		-44.6825 		5.64
v -126.97 		-21.1278 		0.1431
v -130.018 		-37.7415 		6.671
v -109.808 		-34.6135 		10.14
v -126.9675 		-21.1268 		0.1429
v -132.187 		-28.8385 		5.359
v -126.9641 		-21.1255 		0.1428
v -109.645 		-33.3765 		10.14
v -125.083 		-42.1895 		5.891
v -126.963 		-21.1251 		0.1429
v -124.368 		-42.3455 		5.914
v -126.9588 		-21.1234 		0.1431
v -126.7854 		-21.0565 		0.1539
v -118.557 		-43.5985 		0.1621
v -119.117 		-43.7835 		0.179
v -123.676 		-19.3445 		1.14
v -124.913 		-19.5075 		1.14
v -126.993 		-20.0645 		1.14
v -128.906 		-38.9905 		6.737
v -129.603 		-38.2665 		6.701
v -125.534 		-20.1095 		0.68
v -126.993 		-44.5355 		1.14
v -126.686 		-20.2025 		0.91
v -111.093 		-37.9335 		5.64
v -126.235 		-44.3255 		0.703
v -110.842 		-37.8455 		1.14
v -111.157 		-37.9655 		0.91
v -125.914 		-44.3575 		0.645
v -126.074 		-20.2675 		0.665
v -129.603 		-38.2665 		6.693
v -126.544 		-44.3605 		0.829
v -110.481 		-36.4535 		5.64
v -128.908 		-38.9885 		6.725
v -110.555 		-35.6655 		5.64
v -117.504 		-43.164 		0.1779
v -126.643 		-43.5985 		0.1439
v -110.373 		-35.1675 		5.64
v -127.192 		-43.3865 		0.1923
v -110.027 		-34.7635 		5.64
v -127.731 		-43.1485 		0.2147
v -113.413 		-31.9425 		7.475
v -125.245 		-19.9075 		0.813
v -126.643 		-21.0015 		0.1627
v -126.446 		-20.9364 		0.1649
v -118.008 		-43.3865 		0.1566
v -133.364 		-25.9315 		5.64
v -133.497 		-26.1625 		5.64
v -113.424 		-32.9595 		7.444
v -112.42 		-32.8325 		6.453
v -133.669 		-26.3665 		5.64
v -134.107 		-26.6675 		5.64
v -125.696 		-43.8907 		0.1503
v -126.083 		-43.7835 		0.1563
v -126.083 		-20.8165 		0.1691
v -125.9739 		-20.7863 		0.165
v -112.418 		-31.8625 		6.483
v -126.352 		-41.7745 		3.85
v -125.7409 		-20.7218 		0.1564
v -117.055 		-44.0585 		1.14
v -115.523 		-42.9285 		0.91
v -110.577 		-35.9315 		5.64
v -116.13 		-43.0245 		0.665
v -113.803 		-29.6065 		7.565
v -113.153 		-30.5855 		7.933
v -125.516 		-20.6595 		0.148
v -113.504 		-30.9255 		7.523
v -125.4917 		-20.654 		0.146
v -116.418 		-43.1695 		0.645
v -125.4855 		-20.6527 		0.1457
v -125.427 		-42.0915 		3.88
v -125.4829 		-20.6521 		0.1457
v -116.667 		-43.3735 		0.703
v -113.629 		-30.2635 		7.533
v -125.682 		-44.4245 		0.65
v -125.4817 		-20.6518 		0.1458
v -124.941 		-20.5305 		0.1573
v -113.503 		-30.9295 		7.509
v -124.361 		-20.4305 		0.1406
v -125.111 		-44.8205 		0.91
v -124.913 		-45.0925 		1.14
v -131.086 		-27.6115 		7.809
v -115.5982 		-42.0415 		0.1415
v -131.637 		-27.5825 		7.316
v -125.332 		-44.6195 		0.759
v -123.776 		-20.3585 		0.1444
v -113.803 		-29.6075 		7.558
v -131.456 		-28.2035 		6.894
v -123.676 		-45.2555 		1.14
v -112.507 		-30.8975 		6.513
v -130.526 		-27.6285 		6.305
v -121.859 		-23.1365 		7.952
v -115.456 		-41.9413 		0.1451
v -116.862 		-43.6165 		0.829
v -130.844 		-28.2165 		6.326
v -130.525 		-27.6285 		6.292
v -122.88 		-23.1045 		7.987
v -125.49 		-43.9463 		0.1459
v -125.4931 		-43.9456 		0.1461
v -125.516 		-43.9405 		0.1475
v -110.365 		-36.6935 		1.14
v -110.501 		-35.4585 		0.645
v -110.575 		-35.8545 		0.68
v -112.685 		-29.9445 		6.544
v -125.49 		-43.9463 		0.1459
v -115.933 		-42.2775 		0.1563
v -115.9552 		-42.2916 		0.156
v -110.545 		-36.2055 		0.813
v -113.443 		-31.4135 		5.508
v -122.196 		-23.1095 		7.95
v -125.4872 		-43.947 		0.1458
v -130.844 		-28.2165 		6.315
v -113.402 		-32.0975 		5.483
v -125.4836 		-43.9478 		0.1457
v -111.301 		-36.3425 		0.1679
v -111.1686 		-35.9402 		0.154
v -113.427 		-32.9735 		5.449
v -125.4822 		-43.9481 		0.1458
v -119.993 		-23.4795 		7.881
v -111.1669 		-35.9352 		0.1539
v -113.427 		-32.9735 		5.446
v -123.776 		-44.2425 		0.1552
v -124.361 		-44.1705 		0.1793
v -124.941 		-44.0695 		0.1752
v -120.845 		-23.2695 		7.915
v -113.402 		-32.0985 		5.476
v -112.406 		-32.1005 		4.476
v -131.014 		-26.5445 		7.279
v -120.182 		-23.4235 		7.885
v -112.433 		-33.0785 		4.445
v -113.637 		-30.2315 		5.549
v -113.867 		-29.4075 		5.577
v -130.165 		-27.0655 		6.284
v -130.27 		-25.5905 		7.241
v -120.845 		-23.2695 		7.907
v -130.164 		-26.1435 		6.815
v -122.321 		-42.4895 		7.978
v -123.54 		-42.4485 		7.94
v -113.534 		-30.7375 		5.518
v -130.165 		-27.0645 		6.269
v -123.354 		-41.8445 		6.569
v -119.62 		-23.5985 		7.864
v -113.12 		-30.2835 		6.036
v -116.4096 		-42.5799 		0.1499
v -113.815 		-29.5725 		5.557
v -116.4938 		-42.629 		0.1456
v -112.543 		-30.6425 		4.521
v -112.687 		-29.9255 		4.544
v -129.546 		-26.2775 		6.25
v -116.4912 		-42.6276 		0.1456
v -119.676 		-42.0675 		8.062
v -116.4881 		-42.6258 		0.1457
v -120.625 		-42.2995 		8.032
v -121.591 		-42.4405 		8.001
v -116.4846 		-42.6239 		0.1459
v -128.853 		-25.5525 		6.214
v -116.431 		-42.5935 		0.1496
v -113.409 		-31.9005 		3.485
v -113.4 		-32.3415 		3.469
v -128.853 		-25.5525 		6.207
v -113.447 		-33.2225 		3.438
v -116.943 		-42.8835 		0.174
v -117.469 		-43.1485 		0.1794
v -113.939 		-33.1535 		0.32
v -113.9213 		-33.2427 		0.32
v -113.908 		-32.7275 		0.32
v -115.19 		-42.9815 		1.14
v -113.897 		-32.3005 		0.32
v -114.201 		-42.2225 		1.14
v -113.897 		-33.0713 		0.32
v -113.908 		-31.8735 		0.32
v -114.181 		-41.9575 		5.64
v -114.113 		-41.7105 		0.813
v -113.939 		-31.4475 		0.32
v -122.733 		-44.8065 		5.64
v -113.897 		-31.6831 		0.32
v -113.9084 		-31.5056 		0.32
v -113.9173 		-31.3669 		0.32
v -113.9251 		-31.2965 		0.32
v -122.205 		-44.8535 		5.64
v -113.8868 		-32.9991 		0.32
v -113.8642 		-32.3974 		0.32
v -131.811 		-27.9405 		5.329
v -113.8594 		-32.2681 		0.32
v -121.955 		-44.9465 		5.64
v -113.939 		-33.1535 		0.2106
v -113.908 		-32.7275 		0.1983
v -113.9257 		-32.9702 		0.1652
v -113.897 		-32.3005 		0.1788
v -113.8976 		-32.3219 		0.1797
v -113.908 		-31.8735 		0.2358
v -113.8972 		-32.2938 		0.1772
v -113.939 		-31.4475 		0.2227
v -113.9579 		-31.2965 		0.194
v -113.9545 		-31.3237 		0.1954
v -130.82 		-28.1685 		4.329
v -113.407 		-31.9605 		2.031
v -131.008 		-28.5665 		4.344
v -113.457 		-33.3185 		2.031
v -114.987 		-41.5765 		0.1757
v -115.452 		-41.9385 		0.1455
v -123.245 		-44.9465 		5.64
v -123.644 		-42.4435 		5.937
v -119.469 		-40.9485 		9.079
v -118.311 		-40.4395 		9.123
v -113.293 		-29.5945 		4.06
v -113.832 		-29.5225 		3.576
v -122.673 		-42.4945 		5.967
v -113.489 		-31.0225 		3.519
v -130.816 		-26.2705 		5.268
v -119.286 		-40.8825 		9.089
v -118.925 		-40.7345 		9.104
v -130.205 		-25.5125 		5.238
v -129.608 		-26.3395 		4.25
v -128.845 		-25.5485 		4.208
v -113.992 		-31.0235 		0.32
v -130.549 		-26.7535 		4.776
v -113.9316 		-31.2383 		0.32
v -113.9569 		-31.087 		0.32
v -114.065 		-30.6025 		0.32
v -131.228 		-26.8735 		5.291
v -114.158 		-30.1855 		0.32
v -114.0316 		-30.641 		0.32
v -114.272 		-29.7745 		0.32
v -114.0787 		-30.3602 		0.32
v -114.406 		-29.3685 		0.32
v -114.0809 		-30.3471 		0.32
v -114.0951 		-30.284 		0.32
v -114.2483 		-29.777 		0.32
v -114.3566 		-29.419 		0.32
v -114.3988 		-29.2968 		0.32
v -130.145 		-27.0365 		4.283
v -113.992 		-31.0235 		0.2329
v -113.9593 		-31.2849 		0.1933
v -114.065 		-30.6025 		0.2241
v -114.158 		-30.1855 		0.2045
v -120.137 		-44.8735 		5.64
v -114.1294 		-30.3138 		0.1691
v -114.1271 		-30.3239 		0.169
v -114.272 		-29.7745 		0.2402
v -119.733 		-44.5275 		5.64
v -114.406 		-29.3685 		0.2031
v -114.4013 		-29.3827 		0.2023
v -114.4164 		-29.3416 		0.1992
v -113.706 		-29.9465 		2.031
v -121.46 		-42.4305 		6.005
v -113.557 		-30.6095 		2.031
v -120.029 		-42.1645 		6.051
v -117.718 		-40.0975 		9.155
v -116.451 		-25.4565 		7.744
v -134.835 		-27.9075 		1.14
v -120.979 		-42.3645 		6.02
v -118.927 		-41.3585 		10.515
v -118.181 		-41.0235 		10.527
v -134.625 		-28.5855 		0.727
v -134.659 		-28.3565 		0.829
v -115.764 		-25.5885 		8.107
v -116.451 		-25.4575 		7.729
v -134.625 		-28.7455 		0.68
v -115.735 		-26.1845 		7.709
v -116.967 		-40.3195 		10.548
v -116.124 		-39.6895 		10.566
v -134.083 		-28.8165 		0.1553
v -133.899 		-28.2575 		0.1527
v -133.8471 		-28.1232 		0.1449
v -133.8464 		-28.1213 		0.1448
v -115.962 		-25.9305 		7.707
v -133.8457 		-28.1196 		0.1447
v -115.506 		-39.6165 		8.215
v -116.885 		-39.5025 		9.19
v -115.648 		-26.2745 		5.701
v -116.61 		-25.3175 		5.752
v -133.8456 		-28.1191 		0.1447
v -115.648 		-26.2745 		5.697
v -133.8446 		-28.1165 		0.1446
v -117.157 		-39.7175 		9.165
v -133.8425 		-28.1111 		0.1447
v -116.112 		-25.7775 		5.727
v -133.687 		-27.7085 		0.1579
v -133.4617 		-27.2005 		0.1478
v -133.254 		-25.5995 		0.727
v -134.358 		-26.7545 		1.14
v -115.674 		-25.6895 		5.337
v -134.043 		-26.6345 		0.91
v -117.055 		-40.8535 		10.152
v -116.266 		-40.2865 		10.183
v -115.533 		-39.6485 		10.213
v -116.583 		-25.3415 		3.746
v -115.892 		-39.9765 		10.198
v -115.797 		-26.1115 		3.705
v -133.704 		-26.3915 		0.719
v -115.61 		-27.1165 		0.32
v -115.873 		-26.7795 		0.32
v -115.5552 		-27.1474 		0.32
v -116.152 		-26.4565 		0.32
v -115.605 		-27.0748 		0.32
v -115.681 		-26.9701 		0.32
v -115.8129 		-26.8141 		0.32
v -133.295 		-25.7545 		0.68
v -116.446 		-26.1465 		0.32
v -116.0987 		-26.4758 		0.32
v -116.756 		-25.8525 		0.32
v -116.2637 		-26.2806 		0.32
v -116.2931 		-26.2523 		0.32
v -117.079 		-25.5735 		0.32
v -116.6529 		-25.906 		0.32
v -116.119 		-38.8295 		9.21
v -117.416 		-25.3105 		0.32
v -116.6981 		-25.8626 		0.32
v -116.8167 		-25.7483 		0.32
v -117.0126 		-25.5949 		0.32
v -117.4999 		-25.213 		0.32
v -115.61 		-27.1165 		0.2182
v -115.873 		-26.7795 		0.235
v -115.6888 		-27.0156 		0.1929
v -115.6638 		-27.0475 		0.1983
v -116.152 		-26.4565 		0.2184
v -116.446 		-26.1465 		0.199
v -116.3254 		-26.2737 		0.1665
v -116.756 		-25.8525 		0.1861
v -117.079 		-25.5735 		0.2303
v -116.8161 		-25.8006 		0.1688
v -116.7927 		-25.8208 		0.1755
v -117.416 		-25.3105 		0.227
v -116.117 		-38.8285 		9.223
v -117.6098 		-25.1739 		0.1889
v -117.5732 		-25.1997 		0.1908
v -133.448 		-27.1695 		0.1472
v -115.577 		-26.3575 		2.031
v -115.607 		-39.2155 		10.578
v -116.7887 		-25.7703 		0.32
v -116.8118 		-25.8043 		0.1677
v -133.183 		-26.6435 		0.1736
v -114.003 		-41.4605 		10.577
v -113.815 		-41.1995 		10.635
v -116.529 		-25.3885 		2.031
v -113.44 		-40.8975 		10.577
v -114.625 		-27.7185 		7.639
v -114.101 		-28.7845 		7.595
v -114.344 		-28.2425 		7.616
v -114.435 		-28.0655 		7.621
v -114.724 		-27.5465 		7.642
v -113.119 		-28.5555 		6.589
v -114.101 		-28.7845 		7.591
v -113.516 		-27.6695 		6.62
v -115.096 		-26.9775 		7.672
v -115.108 		-26.2295 		8.139
v -115.096 		-26.9775 		7.665
v -113.998 		-26.8245 		6.65
v -115.194 		-25.2975 		6.711
v -114.56 		-26.0315 		6.68
v -114.829 		-27.3805 		5.649
v -114.829 		-27.3795 		5.646
v -114.392 		-28.1445 		5.62
v -114.106 		-28.7675 		5.587
v -114.392 		-28.1455 		5.612
v -113.532 		-27.6425 		4.621
v -113.045 		-28.7595 		4.583
v -113.764 		-27.2125 		4.636
v -115.278 		-26.7335 		5.678
v -115.278 		-26.7335 		5.676
v -114.289 		-26.3895 		4.666
v -115.271 		-25.9465 		4.197
v -114.893 		-25.6195 		4.697
v -111.836 		-25.9315 		5.64
v -111.927 		-25.6815 		5.64
v -111.531 		-26.3665 		5.64
v -111.513 		-27.7085 		0.174
# 2983 vertices

g group_0_16089887

usemtl color_16089887
s 0

f 3 	135 	2
f 4 	135 	3
f 5 	24 	4
f 45 	46 	7
f 8 	45 	7
f 11 	1722 	12
f 13 	39 	10
f 12 	14 	11
f 17 	272 	16
f 14 	18 	11
f 24 	39 	13
f 23 	2906 	22
f 25 	4 	24
f 27 	2906 	28
f 31 	35 	26
f 29 	31 	26
f 32 	26 	35
f 35 	38 	32
f 957 	2906 	2914
f 45 	10 	30
f 8 	10 	45
f 144 	147 	182
f 180 	181 	150
f 30 	10 	39
f 38 	40 	32
f 40 	41 	32
f 33 	32 	41
f 41 	44 	33
f 37 	33 	44
f 44 	53 	37
f 50 	96 	79
f 96 	98 	79
f 957 	2896 	51
f 53 	54 	37
f 54 	55 	37
f 43 	37 	55
f 43 	55 	57
f 100 	101 	65
f 61 	63 	26
f 64 	60 	70
f 79 	82 	50
f 26 	32 	61
f 67 	61 	32
f 695 	42 	36
f 70 	71 	64
f 71 	75 	64
f 69 	64 	75
f 75 	77 	69
f 77 	83 	69
f 49 	50 	82
f 82 	87 	49
f 99 	100 	68
f 698 	695 	36
f 80 	32 	76
f 67 	32 	80
f 32 	33 	76
f 74 	76 	33
f 83 	84 	69
f 73 	69 	84
f 84 	105 	73
f 47 	48 	89
f 89 	6 	47
f 36 	34 	698
f 33 	37 	88
f 74 	33 	88
f 86 	88 	37
f 85 	86 	37
f 46 	47 	6
f 98 	99 	68
f 90 	85 	37
f 90 	37 	43
f 6 	7 	46
f 87 	89 	49
f 43 	93 	90
f 16 	272 	94
f 65 	68 	100
f 72 	79 	98
f 48 	49 	89
f 68 	72 	98
f 58 	62 	102
f 102 	103 	58
f 56 	58 	103
f 317 	56 	103
f 104 	317 	103
f 81 	73 	105
f 105 	110 	81
f 57 	55 	95
f 55 	54 	95
f 2081 	66 	2077
f 110 	111 	81
f 97 	81 	111
f 111 	115 	97
f 93 	116 	90
f 85 	90 	116
f 86 	85 	116
f 95 	54 	53
f 95 	53 	120
f 112 	66 	2081
f 88 	86 	116
f 124 	125 	171
f 112 	2081 	52
f 120 	53 	44
f 120 	44 	41
f 120 	41 	40
f 91 	167 	92
f 170 	171 	125
f 88 	116 	74
f 116 	126 	74
f 76 	74 	126
f 120 	40 	38
f 107 	97 	115
f 115 	117 	107
f 117 	131 	107
f 169 	170 	125
f 80 	76 	126
f 128 	169 	127
f 114 	107 	131
f 131 	185 	114
f 133 	2360 	132
f 164 	38 	35
f 164 	35 	31
f 29 	164 	31
f 217 	221 	192
f 67 	126 	61
f 80 	126 	67
f 126 	1514 	61
f 183 	1 	144
f 64 	136 	138
f 64 	138 	60
f 69 	139 	140
f 69 	140 	141
f 136 	64 	141
f 69 	141 	64
f 139 	69 	143
f 73 	143 	69
f 167 	2717 	94
f 81 	146 	143
f 81 	143 	73
f 149 	81 	148
f 146 	81 	149
f 97 	148 	81
f 177 	178 	158
f 135 	4 	25
f 108 	113 	176
f 107 	153 	154
f 148 	97 	154
f 107 	154 	97
f 113 	118 	174
f 15 	95 	120
f 114 	157 	153
f 114 	153 	107
f 118 	121 	174
f 15 	120 	21
f 172 	173 	121
f 155 	158 	179
f 114 	160 	161
f 161 	188 	114
f 157 	114 	162
f 173 	174 	121
f 121 	123 	172
f 120 	38 	164
f 161 	160 	165
f 166 	131 	117
f 166 	117 	115
f 21 	120 	164
f 123 	124 	172
f 171 	172 	124
f 125 	127 	169
f 129 	196 	128
f 174 	175 	113
f 175 	176 	113
f 159 	108 	176
f 176 	177 	159
f 158 	159 	177
f 178 	179 	158
f 152 	155 	179
f 179 	180 	152
f 150 	152 	180
f 181 	182 	150
f 147 	150 	182
f 182 	183 	144
f 142 	144 	1
f 1 	2 	142
f 137 	142 	2
f 39 	24 	5
f 135 	137 	2
f 162 	165 	157
f 157 	165 	153
f 184 	153 	165
f 154 	153 	184
f 132 	114 	185
f 162 	114 	188
f 193 	194 	217
f 192 	193 	217
f 129 	216 	194
f 216 	217 	194
f 194 	195 	129
f 196 	129 	195
f 169 	128 	196
f 132 	185 	297
f 199 	258 	198
f 188 	161 	165
f 166 	297 	131
f 204 	803 	795
f 162 	188 	165
f 204 	795 	78
f 201 	258 	199
f 166 	115 	111
f 166 	111 	110
f 203 	255 	202
f 209 	204 	78
f 207 	272 	206
f 78 	1719 	209
f 213 	269 	211
f 211 	270 	208
f 154 	184 	148
f 184 	214 	148
f 149 	148 	214
f 505 	268 	450
f 166 	110 	105
f 166 	105 	84
f 166 	84 	83
f 221 	222 	191
f 191 	192 	221
f 146 	214 	143
f 214 	220 	143
f 149 	214 	146
f 139 	143 	220
f 140 	139 	220
f 222 	224 	191
f 2911 	2909 	95
f 190 	191 	224
f 166 	83 	77
f 166 	77 	75
f 166 	75 	223
f 197 	218 	219
f 250 	187 	226
f 141 	140 	220
f 226 	229 	250
f 223 	75 	71
f 70 	223 	71
f 95 	186 	2944
f 229 	230 	250
f 200 	186 	95
f 245 	250 	230
f 141 	220 	136
f 138 	136 	220
f 95 	15 	200
f 262 	245 	230
f 233 	262 	230
f 212 	228 	316
f 235 	261 	234
f 242 	243 	246
f 198 	260 	235
f 233 	234 	262
f 202 	257 	201
f 206 	255 	203
f 208 	271 	207
f 187 	189 	226
f 246 	249 	242
f 249 	252 	242
f 252 	253 	242
f 189 	190 	224
f 225 	226 	189
f 224 	225 	189
f 210 	212 	205
f 253 	254 	242
f 60 	242 	254
f 70 	60 	254
f 258 	201 	257
f 259 	198 	258
f 257 	202 	256
f 260 	198 	259
f 261 	235 	260
f 262 	234 	261
f 256 	202 	255
f 242 	267 	243
f 270 	211 	269
f 271 	208 	270
f 272 	207 	271
f 273 	206 	272
f 255 	206 	273
f 276 	278 	60
f 279 	242 	278
f 267 	242 	279
f 60 	278 	242
f 218 	197 	266
f 276 	60 	138
f 281 	360 	280
f 253 	223 	254
f 70 	254 	223
f 266 	197 	274
f 278 	276 	283
f 276 	138 	283
f 220 	283 	138
f 197 	251 	275
f 274 	197 	275
f 1270 	1257 	205
f 357 	358 	284
f 358 	359 	284
f 251 	197 	215
f 223 	253 	252
f 223 	252 	231
f 1270 	205 	247
f 279 	278 	283
f 231 	252 	249
f 231 	249 	246
f 231 	246 	243
f 240 	231 	243
f 239 	231 	240
f 243 	283 	240
f 267 	283 	243
f 279 	283 	267
f 264 	240 	283
f 1461 	2575 	283
f 286 	357 	284
f 1270 	247 	846
f 288 	365 	287
f 292 	334 	290
f 291 	238 	285
f 294 	332 	293
f 346 	247 	205
f 185 	131 	297
f 295 	332 	294
f 300 	331 	295
f 302 	329 	300
f 303 	265 	2980
f 304 	329 	302
f 325 	326 	310
f 414 	236 	265
f 408 	414 	265
f 298 	299 	2069
f 414 	435 	236
f 324 	325 	310
f 298 	2069 	2077
f 310 	311 	324
f 66 	298 	2077
f 323 	324 	311
f 313 	323 	311
f 319 	59 	309
f 101 	102 	62
f 62 	65 	101
f 2940 	319 	309
f 306 	319 	322
f 978 	353 	321
f 338 	1648 	345
f 319 	306 	59
f 749 	584 	321
f 59 	306 	78
f 321 	898 	340
f 572 	301 	342
f 316 	315 	212
f 345 	1648 	349
f 11 	18 	343
f 197 	355 	163
f 11 	351 	352
f 342 	301 	305
f 350 	354 	353
f 308 	310 	326
f 307 	308 	326
f 327 	307 	326
f 328 	304 	327
f 329 	304 	328
f 330 	300 	329
f 331 	300 	330
f 332 	295 	331
f 333 	293 	332
f 365 	290 	335
f 334 	293 	333
f 307 	327 	304
f 323 	313 	314
f 317 	339 	314
f 339 	317 	104
f 323 	314 	339
f 352 	370 	372
f 355 	130 	163
f 354 	321 	353
f 355 	145 	130
f 134 	145 	355
f 346 	205 	315
f 219 	348 	197
f 348 	347 	197
f 360 	281 	359
f 282 	284 	359
f 361 	280 	360
f 364 	405 	363
f 362 	407 	361
f 282 	359 	281
f 286 	287 	357
f 334 	335 	290
f 293 	334 	292
f 290 	365 	288
f 366 	287 	365
f 357 	287 	366
f 344 	745 	350
f 346 	315 	316
f 355 	197 	347
f 749 	321 	354
f 343 	351 	11
f 351 	370 	352
f 745 	354 	350
f 212 	315 	205
f 376 	469 	375
f 469 	468 	375
f 355 	312 	134
f 381 	170 	380
f 471 	378 	383
f 377 	382 	419
f 171 	381 	385
f 375 	374 	303
f 247 	346 	846
f 388 	416 	386
f 386 	417 	382
f 374 	375 	468
f 412 	413 	367
f 413 	415 	367
f 356 	238 	393
f 391 	265 	374
f 385 	387 	171
f 397 	398 	424
f 312 	380 	318
f 395 	427 	394
f 119 	109 	316
f 119 	316 	228
f 379 	318 	380
f 375 	2368 	376
f 401 	422 	398
f 376 	2368 	378
f 403 	364 	402
f 399 	390 	406
f 379 	380 	170
f 407 	362 	405
f 379 	404 	336
f 379 	336 	318
f 391 	468 	408
f 403 	405 	364
f 400 	346 	316
f 400 	316 	109
f 410 	406 	390
f 303 	374 	265
f 280 	361 	407
f 363 	405 	362
f 404 	379 	170
f 408 	265 	391
f 404 	411 	336
f 346 	877 	846
f 408 	468 	414
f 420 	167 	263
f 289 	263 	167
f 409 	289 	167
f 410 	390 	392
f 94 	92 	167
f 416 	388 	415
f 417 	386 	416
f 389 	367 	415
f 484 	371 	491
f 418 	382 	417
f 389 	415 	388
f 412 	367 	368
f 412 	368 	369
f 394 	428 	369
f 423 	424 	398
f 422 	423 	398
f 402 	422 	401
f 421 	402 	364
f 422 	402 	421
f 424 	425 	396
f 396 	397 	424
f 395 	396 	425
f 425 	426 	395
f 427 	395 	426
f 428 	394 	427
f 412 	369 	428
f 821 	346 	400
f 452 	384 	406
f 432 	436 	468
f 349 	431 	468
f 436 	438 	468
f 434 	448 	468
f 414 	468 	435
f 431 	434 	468
f 467 	468 	438
f 503 	467 	438
f 439 	503 	438
f 349 	1648 	431
f 448 	434 	1648
f 431 	1648 	434
f 452 	406 	410
f 232 	236 	435
f 356 	393 	536
f 440 	503 	439
f 486 	501 	443
f 320 	336 	411
f 445 	500 	444
f 285 	238 	356
f 446 	498 	445
f 435 	468 	449
f 448 	449 	468
f 451 	505 	450
f 453 	505 	451
f 410 	454 	452
f 536 	447 	356
f 449 	448 	1642
f 458 	47 	457
f 1648 	1642 	448
f 469 	471 	432
f 506 	507 	464
f 435 	449 	232
f 468 	469 	432
f 343 	18 	1591
f 1642 	232 	449
f 470 	411 	170
f 455 	512 	453
f 511 	512 	456
f 460 	461 	509
f 507 	508 	461
f 430 	432 	471
f 429 	430 	471
f 441 	443 	501
f 444 	500 	443
f 440 	441 	501
f 464 	429 	472
f 471 	472 	429
f 472 	506 	464
f 463 	464 	507
f 461 	463 	507
f 508 	509 	461
f 509 	510 	460
f 477 	457 	46
f 47 	46 	457
f 462 	474 	487
f 480 	493 	478
f 470 	496 	320
f 411 	470 	320
f 489 	490 	371
f 478 	495 	475
f 353 	462 	350
f 371 	373 	489
f 475 	497 	446
f 457 	437 	433
f 485 	793 	269
f 381 	312 	385
f 476 	437 	477
f 482 	2093 	483
f 420 	485 	2093
f 380 	312 	381
f 481 	493 	480
f 373 	377 	489
f 419 	489 	377
f 418 	419 	382
f 483 	2093 	485
f 385 	312 	387
f 355 	387 	312
f 462 	487 	488
f 477 	437 	457
f 2093 	2096 	420
f 640 	725 	473
f 515 	516 	46
f 476 	477 	46
f 481 	484 	491
f 492 	481 	491
f 493 	481 	492
f 494 	478 	493
f 495 	478 	494
f 497 	475 	495
f 498 	446 	497
f 500 	445 	498
f 486 	443 	500
f 490 	491 	371
f 344 	462 	488
f 470 	170 	496
f 170 	169 	496
f 476 	499 	437
f 344 	350 	462
f 503 	440 	502
f 501 	502 	440
f 496 	2614 	320
f 420 	156 	167
f 442 	437 	499
f 420 	151 	156
f 213 	450 	269
f 268 	269 	450
f 459 	460 	510
f 456 	459 	510
f 505 	453 	504
f 510 	511 	456
f 455 	456 	512
f 504 	453 	512
f 420 	168 	151
f 1 	183 	2073
f 2074 	2076 	1
f 525 	46 	516
f 1120 	487 	474
f 2 	2102 	3
f 499 	46 	517
f 525 	528 	46
f 420 	248 	168
f 722 	723 	5
f 466 	356 	447
f 499 	517 	442
f 518 	521 	922
f 524 	30 	522
f 526 	30 	524
f 705 	45 	526
f 488 	487 	1126
f 517 	46 	528
f 30 	526 	45
f 46 	45 	515
f 705 	515 	45
f 523 	2093 	527
f 527 	2093 	482
f 574 	47 	458
f 499 	476 	46
f 574 	576 	47
f 698 	694 	528
f 48 	531 	532
f 48 	532 	590
f 48 	590 	49
f 529 	537 	538
f 516 	515 	698
f 528 	525 	698
f 516 	698 	525
f 533 	539 	534
f 536 	572 	575
f 536 	393 	301
f 530 	537 	529
f 536 	301 	572
f 537 	543 	538
f 533 	542 	539
f 520 	535 	479
f 533 	545 	547
f 543 	546 	462
f 474 	462 	546
f 546 	465 	474
f 575 	617 	536
f 535 	548 	549
f 535 	520 	548
f 533 	547 	542
f 462 	538 	543
f 545 	550 	547
f 530 	798 	537
f 520 	1828 	548
f 537 	798 	543
f 554 	96 	553
f 552 	550 	545
f 555 	556 	6
f 600 	541 	544
f 6 	556 	557
f 558 	7 	557
f 6 	557 	7
f 541 	600 	433
f 7 	558 	559
f 7 	559 	8
f 8 	559 	560
f 561 	10 	560
f 8 	560 	10
f 301 	393 	238
f 552 	545 	675
f 301 	238 	106
f 10 	561 	564
f 565 	13 	564
f 10 	564 	13
f 13 	565 	566
f 13 	566 	24
f 20 	301 	106
f 24 	566 	568
f 569 	25 	568
f 24 	568 	25
f 301 	20 	305
f 25 	569 	571
f 573 	575 	572
f 529 	570 	530
f 98 	1464 	577
f 579 	98 	578
f 577 	578 	98
f 98 	579 	99
f 570 	567 	884
f 576 	574 	433
f 457 	433 	458
f 574 	458 	433
f 103 	102 	583
f 582 	583 	102
f 535 	549 	563
f 573 	572 	342
f 103 	585 	586
f 103 	586 	104
f 321 	584 	898
f 587 	588 	56
f 56 	588 	589
f 591 	58 	589
f 592 	58 	591
f 56 	589 	58
f 754 	549 	548
f 58 	592 	593
f 58 	593 	62
f 62 	593 	594
f 62 	594 	65
f 65 	594 	595
f 65 	595 	596
f 597 	68 	596
f 65 	596 	68
f 600 	551 	532
f 68 	597 	598
f 599 	72 	598
f 68 	598 	72
f 72 	599 	601
f 602 	79 	601
f 72 	601 	79
f 551 	600 	544
f 79 	602 	604
f 605 	82 	604
f 607 	82 	605
f 79 	604 	82
f 608 	473 	479
f 82 	607 	609
f 82 	609 	87
f 87 	609 	610
f 611 	89 	610
f 87 	610 	89
f 608 	479 	612
f 613 	1272 	466
f 89 	611 	614
f 555 	6 	614
f 89 	614 	6
f 615 	608 	612
f 196 	513 	169
f 447 	536 	613
f 616 	48 	576
f 47 	576 	48
f 514 	496 	169
f 411 	404 	170
f 616 	531 	48
f 536 	617 	613
f 171 	170 	381
f 615 	612 	618
f 613 	466 	447
f 576 	433 	616
f 600 	531 	433
f 171 	387 	172
f 387 	347 	172
f 348 	172 	347
f 616 	433 	531
f 172 	219 	173
f 348 	219 	172
f 218 	173 	219
f 173 	218 	174
f 266 	174 	218
f 615 	618 	621
f 266 	274 	174
f 175 	174 	274
f 590 	622 	49
f 351 	1592 	370
f 175 	275 	176
f 274 	275 	175
f 176 	275 	241
f 176 	241 	244
f 622 	590 	551
f 640 	473 	608
f 590 	532 	551
f 2739 	2733 	178
f 643 	608 	615
f 179 	2668 	180
f 2669 	180 	2668
f 624 	2041 	623
f 2669 	625 	180
f 181 	180 	625
f 181 	625 	626
f 627 	615 	621
f 182 	2654 	183
f 50 	49 	636
f 2656 	2073 	183
f 2074 	1 	2073
f 620 	606 	629
f 630 	624 	623
f 631 	49 	622
f 620 	629 	633
f 108 	632 	634
f 635 	108 	634
f 628 	630 	623
f 631 	636 	49
f 108 	635 	637
f 108 	637 	113
f 638 	118 	637
f 113 	637 	118
f 648 	615 	627
f 551 	631 	622
f 118 	638 	639
f 118 	639 	121
f 121 	639 	641
f 121 	641 	123
f 645 	96 	554
f 123 	641 	642
f 644 	124 	642
f 646 	124 	644
f 123 	642 	124
f 643 	640 	608
f 629 	606 	603
f 124 	646 	647
f 124 	647 	125
f 648 	643 	615
f 125 	647 	649
f 650 	127 	649
f 125 	649 	127
f 651 	629 	603
f 127 	650 	653
f 127 	653 	654
f 655 	128 	654
f 127 	654 	128
f 656 	540 	554
f 128 	655 	657
f 128 	657 	129
f 612 	479 	535
f 666 	633 	629
f 540 	656 	581
f 129 	657 	658
f 129 	658 	216
f 661 	135 	660
f 135 	25 	660
f 571 	660 	25
f 135 	661 	662
f 135 	662 	137
f 656 	562 	581
f 137 	662 	663
f 137 	663 	142
f 618 	612 	665
f 681 	50 	636
f 621 	618 	665
f 142 	663 	667
f 142 	667 	669
f 142 	669 	670
f 671 	144 	670
f 142 	670 	144
f 681 	553 	50
f 144 	671 	672
f 144 	672 	147
f 732 	629 	651
f 147 	672 	673
f 674 	150 	673
f 147 	673 	150
f 150 	674 	676
f 677 	152 	676
f 150 	676 	152
f 656 	551 	562
f 545 	678 	675
f 152 	677 	679
f 680 	155 	679
f 152 	679 	155
f 678 	682 	675
f 665 	612 	535
f 155 	680 	684
f 685 	158 	684
f 155 	684 	158
f 158 	685 	686
f 158 	686 	159
f 683 	682 	678
f 628 	652 	630
f 665 	535 	563
f 636 	551 	681
f 159 	686 	688
f 108 	159 	632
f 688 	632 	159
f 631 	551 	636
f 553 	681 	551
f 656 	553 	551
f 692 	693 	189
f 693 	2698 	189
f 190 	189 	2698
f 191 	2761 	192
f 2771 	652 	628
f 687 	1707 	683
f 690 	691 	697
f 563 	549 	689
f 689 	690 	563
f 700 	701 	194
f 195 	194 	701
f 514 	169 	513
f 694 	698 	34
f 765 	659 	771
f 2203 	675 	682
f 255 	702 	256
f 702 	703 	256
f 257 	256 	1892
f 563 	690 	697
f 697 	2247 	665
f 728 	522 	30
f 563 	697 	665
f 800 	704 	716
f 258 	1982 	259
f 1953 	1947 	259
f 1629 	1661 	518
f 261 	260 	1667
f 261 	1668 	707
f 261 	707 	708
f 519 	1629 	518
f 698 	515 	705
f 262 	1766 	245
f 517 	694 	442
f 1726 	1728 	250
f 517 	528 	694
f 198 	235 	714
f 715 	198 	714
f 603 	712 	651
f 819 	824 	546
f 198 	715 	717
f 718 	199 	717
f 198 	717 	199
f 473 	710 	479
f 705 	526 	698
f 709 	698 	526
f 603 	716 	712
f 199 	718 	720
f 721 	201 	720
f 199 	720 	201
f 724 	39 	723
f 39 	5 	723
f 1120 	1126 	487
f 201 	721 	726
f 727 	202 	726
f 201 	726 	202
f 30 	39 	728
f 724 	728 	39
f 202 	727 	730
f 731 	203 	730
f 202 	730 	203
f 732 	666 	629
f 698 	723 	695
f 203 	731 	733
f 734 	206 	733
f 735 	206 	734
f 203 	733 	206
f 722 	695 	723
f 710 	711 	520
f 206 	735 	736
f 206 	736 	207
f 651 	712 	732
f 722 	5 	737
f 479 	710 	520
f 207 	736 	739
f 207 	739 	740
f 741 	208 	740
f 207 	740 	208
f 742 	732 	712
f 738 	742 	712
f 208 	741 	743
f 208 	743 	211
f 737 	5 	744
f 211 	743 	746
f 747 	213 	746
f 211 	746 	213
f 603 	748 	808
f 1842 	372 	370
f 744 	5 	750
f 213 	747 	751
f 450 	213 	752
f 751 	752 	213
f 2031 	2025 	785
f 709 	522 	698
f 658 	753 	216
f 748 	603 	606
f 723 	698 	724
f 728 	698 	522
f 216 	753 	755
f 216 	755 	757
f 759 	217 	757
f 216 	757 	217
f 217 	759 	760
f 217 	760 	221
f 1025 	689 	754
f 221 	760 	761
f 762 	222 	761
f 221 	761 	222
f 549 	754 	689
f 222 	762 	763
f 764 	224 	763
f 222 	763 	224
f 224 	764 	766
f 767 	225 	766
f 224 	766 	225
f 225 	767 	770
f 225 	770 	226
f 226 	770 	772
f 773 	229 	772
f 226 	772 	229
f 756 	754 	548
f 769 	808 	758
f 229 	773 	774
f 229 	774 	775
f 776 	230 	775
f 229 	775 	230
f 372 	1842 	1595
f 768 	2830 	780
f 771 	768 	780
f 724 	698 	728
f 230 	776 	777
f 778 	233 	777
f 230 	777 	233
f 233 	778 	784
f 233 	784 	234
f 771 	780 	782
f 750 	5 	785
f 234 	784 	786
f 787 	235 	786
f 234 	786 	235
f 765 	771 	782
f 235 	787 	713
f 713 	714 	235
f 505 	523 	268
f 785 	788 	2031
f 606 	620 	748
f 527 	482 	268
f 269 	268 	482
f 483 	269 	482
f 483 	485 	269
f 793 	263 	269
f 270 	269 	263
f 289 	270 	263
f 783 	791 	792
f 789 	821 	799
f 270 	289 	271
f 409 	271 	289
f 783 	1263 	791
f 409 	91 	271
f 272 	271 	91
f 797 	781 	790
f 791 	1263 	1397
f 92 	94 	272
f 795 	797 	790
f 2730 	2404 	273
f 59 	78 	795
f 339 	104 	1617
f 2012 	2013 	339
f 2011 	2012 	339
f 779 	783 	792
f 790 	59 	795
f 899 	797 	803
f 803 	797 	795
f 791 	801 	792
f 805 	326 	804
f 325 	804 	326
f 801 	807 	792
f 328 	809 	810
f 811 	812 	328
f 329 	328 	812
f 810 	811 	328
f 794 	758 	808
f 706 	792 	807
f 748 	794 	808
f 2890 	2892 	330
f 789 	799 	849
f 807 	823 	706
f 332 	331 	2895
f 332 	816 	817
f 332 	817 	333
f 1120 	474 	465
f 859 	814 	813
f 798 	1192 	543
f 819 	546 	543
f 603 	808 	802
f 802 	800 	716
f 802 	716 	603
f 821 	796 	799
f 802 	808 	825
f 800 	802 	825
f 706 	823 	826
f 826 	827 	706
f 543 	1196 	819
f 813 	822 	970
f 706 	828 	829
f 799 	831 	966
f 799 	966 	849
f 825 	808 	769
f 813 	814 	806
f 1196 	543 	1192
f 2948 	23 	333
f 828 	706 	827
f 335 	28 	365
f 719 	820 	815
f 833 	834 	280
f 829 	828 	832
f 813 	830 	822
f 280 	834 	835
f 836 	281 	835
f 280 	835 	281
f 281 	836 	838
f 281 	838 	282
f 832 	837 	829
f 282 	838 	839
f 282 	839 	284
f 806 	814 	277
f 841 	818 	815
f 813 	806 	845
f 344 	488 	1127
f 840 	825 	1826
f 936 	818 	841
f 530 	842 	798
f 277 	296 	806
f 840 	800 	825
f 716 	704 	843
f 828 	827 	1283
f 828 	1283 	1292
f 845 	830 	813
f 832 	828 	1292
f 309 	59 	845
f 837 	832 	1285
f 837 	1285 	1287
f 2940 	309 	845
f 837 	1287 	1969
f 2940 	845 	296
f 789 	877 	346
f 790 	830 	845
f 296 	845 	806
f 821 	789 	346
f 781 	830 	790
f 822 	830 	781
f 284 	839 	844
f 851 	286 	844
f 284 	844 	286
f 845 	59 	790
f 843 	712 	716
f 712 	843 	738
f 846 	850 	1714
f 570 	842 	530
f 848 	855 	847
f 286 	851 	853
f 286 	853 	854
f 857 	287 	854
f 286 	854 	287
f 860 	683 	678
f 287 	857 	861
f 287 	861 	288
f 860 	687 	683
f 860 	862 	687
f 288 	861 	864
f 288 	864 	865
f 866 	290 	865
f 288 	865 	290
f 290 	866 	868
f 290 	868 	292
f 292 	868 	870
f 871 	293 	870
f 292 	870 	293
f 856 	859 	813
f 293 	871 	873
f 293 	873 	294
f 849 	850 	789
f 294 	873 	875
f 876 	295 	875
f 294 	875 	295
f 848 	1586 	855
f 822 	781 	880
f 855 	1586 	1590
f 970 	822 	880
f 858 	855 	1590
f 295 	876 	878
f 295 	878 	879
f 881 	300 	879
f 850 	846 	877
f 850 	877 	789
f 881 	882 	300
f 295 	879 	300
f 1251 	842 	884
f 889 	886 	888
f 887 	888 	886
f 886 	883 	887
f 842 	570 	884
f 781 	885 	880
f 888 	891 	889
f 891 	893 	889
f 893 	894 	889
f 890 	889 	894
f 894 	896 	890
f 781 	797 	885
f 892 	890 	896
f 896 	897 	892
f 895 	892 	897
f 897 	901 	895
f 901 	903 	895
f 902 	340 	898
f 797 	899 	885
f 902 	932 	340
f 900 	895 	903
f 900 	903 	904
f 900 	904 	905
f 2259 	691 	2461
f 300 	882 	906
f 300 	906 	302
f 815 	820 	863
f 841 	815 	863
f 302 	906 	913
f 914 	304 	913
f 915 	304 	914
f 302 	913 	304
f 898 	584 	749
f 908 	947 	911
f 912 	919 	916
f 304 	915 	917
f 918 	307 	917
f 304 	917 	307
f 1745 	883 	910
f 909 	910 	883
f 307 	918 	923
f 307 	923 	308
f 909 	883 	924
f 886 	924 	883
f 2147 	518 	922
f 308 	923 	925
f 926 	310 	925
f 308 	925 	310
f 993 	984 	898
f 310 	926 	927
f 310 	927 	928
f 929 	311 	928
f 310 	928 	311
f 976 	898 	749
f 518 	2147 	519
f 929 	930 	311
f 313 	311 	930
f 313 	930 	931
f 2603 	687 	862
f 341 	340 	932
f 313 	931 	933
f 313 	933 	314
f 2147 	2236 	519
f 314 	933 	934
f 935 	317 	934
f 314 	934 	317
f 935 	587 	317
f 56 	317 	587
f 889 	939 	924
f 889 	924 	886
f 366 	365 	942
f 941 	942 	365
f 938 	941 	365
f 937 	938 	365
f 890 	943 	944
f 890 	944 	945
f 939 	889 	945
f 890 	945 	889
f 704 	800 	940
f 981 	357 	965
f 357 	366 	965
f 946 	943 	890
f 946 	890 	892
f 892 	895 	946
f 949 	946 	895
f 981 	982 	357
f 954 	895 	953
f 950 	953 	895
f 949 	895 	954
f 895 	900 	950
f 960 	950 	900
f 919 	920 	916
f 28 	2906 	937
f 957 	938 	2906
f 964 	960 	900
f 847 	916 	920
f 937 	2906 	938
f 904 	831 	905
f 1725 	905 	831
f 921 	911 	947
f 359 	1090 	360
f 920 	848 	847
f 953 	950 	958
f 932 	957 	51
f 942 	963 	366
f 956 	867 	862
f 1725 	959 	905
f 963 	965 	366
f 956 	869 	867
f 984 	983 	902
f 921 	947 	948
f 964 	958 	960
f 950 	960 	958
f 956 	872 	874
f 904 	903 	831
f 903 	966 	831
f 976 	1033 	898
f 954 	953 	958
f 872 	971 	972
f 966 	903 	901
f 966 	901 	897
f 966 	897 	896
f 908 	856 	813
f 361 	1207 	961
f 962 	362 	961
f 361 	961 	362
f 958 	967 	949
f 946 	949 	967
f 954 	958 	949
f 943 	946 	967
f 944 	943 	967
f 779 	855 	858
f 894 	968 	896
f 893 	968 	894
f 966 	896 	968
f 874 	869 	956
f 945 	944 	967
f 858 	969 	779
f 968 	893 	891
f 968 	891 	888
f 887 	968 	888
f 973 	779 	969
f 936 	841 	955
f 936 	955 	951
f 939 	967 	924
f 909 	924 	967
f 945 	967 	939
f 910 	909 	967
f 872 	956 	971
f 908 	813 	970
f 947 	908 	970
f 847 	855 	779
f 966 	968 	849
f 947 	880 	1024
f 957 	932 	942
f 973 	974 	779
f 963 	942 	932
f 860 	956 	862
f 976 	749 	354
f 783 	779 	974
f 340 	978 	321
f 976 	354 	745
f 340 	341 	978
f 745 	1127 	976
f 341 	979 	978
f 951 	955 	977
f 984 	357 	983
f 983 	357 	982
f 975 	951 	977
f 363 	1231 	364
f 1232 	1233 	364
f 880 	985 	1024
f 948 	1024 	985
f 849 	968 	850
f 986 	987 	985
f 968 	1790 	850
f 416 	990 	991
f 416 	991 	417
f 880 	986 	985
f 994 	987 	986
f 932 	902 	983
f 885 	986 	880
f 993 	357 	984
f 1033 	1055 	357
f 977 	2206 	989
f 1525 	1526 	419
f 975 	977 	989
f 2621 	2623 	422
f 423 	2660 	424
f 2091 	987 	994
f 2685 	2687 	425
f 994 	986 	885
f 885 	899 	994
f 997 	998 	427
f 427 	998 	428
f 978 	979 	980
f 1002 	956 	978
f 1001 	1003 	428
f 1003 	1004 	428
f 412 	428 	1004
f 1761 	412 	1004
f 1000 	1001 	428
f 412 	1764 	413
f 1761 	1764 	412
f 992 	754 	988
f 1008 	368 	1007
f 368 	367 	1007
f 1006 	1007 	367
f 368 	1008 	1010
f 1011 	369 	1010
f 368 	1010 	369
f 1009 	1018 	856
f 754 	756 	988
f 908 	1009 	856
f 1009 	908 	911
f 369 	1011 	1012
f 1002 	978 	980
f 1015 	1016 	371
f 911 	921 	999
f 371 	1016 	1017
f 371 	1017 	373
f 999 	1009 	911
f 373 	1017 	1019
f 1020 	377 	1019
f 373 	1019 	377
f 999 	1018 	1009
f 377 	1020 	1021
f 377 	1021 	382
f 1054 	992 	1014
f 996 	995 	1013
f 1014 	992 	988
f 947 	970 	880
f 382 	1021 	1022
f 1023 	386 	1022
f 382 	1022 	386
f 1005 	996 	1013
f 386 	1023 	1026
f 386 	1026 	1027
f 1028 	388 	1027
f 386 	1027 	388
f 388 	1028 	1029
f 388 	1029 	389
f 948 	947 	1024
f 389 	1029 	1030
f 1006 	367 	1030
f 389 	1030 	367
f 902 	898 	984
f 1012 	1032 	394
f 1012 	394 	369
f 985 	2048 	948
f 993 	1033 	357
f 358 	357 	1055
f 394 	1032 	1034
f 1035 	395 	1034
f 394 	1034 	395
f 395 	1035 	1039
f 395 	1039 	396
f 754 	992 	1025
f 396 	1039 	1040
f 1041 	397 	1040
f 396 	1040 	397
f 397 	1041 	1042
f 397 	1042 	398
f 398 	1042 	1044
f 398 	1044 	1045
f 1046 	401 	1045
f 398 	1045 	401
f 993 	898 	1033
f 401 	1046 	1047
f 1048 	402 	1047
f 401 	1047 	402
f 1049 	1043 	1036
f 402 	1048 	1050
f 402 	1050 	403
f 403 	1050 	1051
f 403 	1051 	1052
f 1053 	405 	1052
f 403 	1052 	405
f 1150 	1090 	976
f 405 	1053 	1056
f 405 	1056 	407
f 976 	1055 	1033
f 407 	1056 	1057
f 1058 	407 	1057
f 1014 	1145 	1054
f 833 	280 	1058
f 407 	1058 	280
f 503 	338 	467
f 1762 	337 	503
f 345 	349 	467
f 468 	467 	349
f 391 	374 	468
f 378 	471 	469
f 469 	376 	378
f 1054 	1025 	992
f 472 	471 	1061
f 1059 	1038 	1036
f 1005 	1013 	1148
f 429 	1063 	1064
f 1059 	1861 	1038
f 429 	1064 	1066
f 1067 	430 	1066
f 429 	1066 	430
f 1002 	1062 	956
f 995 	975 	989
f 430 	1067 	1068
f 1069 	432 	1068
f 430 	1068 	432
f 995 	989 	1013
f 1054 	1145 	1129
f 1062 	971 	956
f 432 	1069 	1070
f 1071 	436 	1070
f 432 	1070 	436
f 436 	1071 	1072
f 436 	1072 	1073
f 1074 	438 	1073
f 436 	1073 	438
f 1013 	2338 	2339
f 690 	689 	1025
f 438 	1074 	1075
f 1076 	439 	1075
f 438 	1075 	439
f 2662 	1002 	980
f 439 	1076 	1077
f 1078 	440 	1077
f 439 	1077 	440
f 690 	1025 	1110
f 1002 	2662 	2663
f 440 	1078 	1080
f 1081 	441 	1080
f 440 	1080 	441
f 983 	982 	932
f 1025 	1054 	1110
f 441 	1081 	1082
f 1083 	443 	1082
f 441 	1082 	443
f 981 	965 	932
f 965 	963 	932
f 981 	932 	982
f 443 	1083 	1084
f 443 	1084 	444
f 1093 	1043 	1079
f 358 	1055 	1085
f 1133 	1079 	1043
f 1085 	1087 	359
f 1085 	359 	358
f 444 	1084 	1086
f 444 	1086 	1088
f 1089 	445 	1088
f 444 	1088 	445
f 972 	971 	2667
f 1087 	1090 	359
f 445 	1089 	1092
f 445 	1092 	446
f 446 	1092 	1094
f 446 	1094 	475
f 1055 	976 	1085
f 752 	1096 	450
f 1085 	976 	1087
f 450 	1096 	1098
f 1099 	451 	1098
f 450 	1098 	451
f 1087 	976 	1090
f 952 	738 	843
f 2300 	1097 	1418
f 451 	1099 	1100
f 451 	1100 	453
f 976 	1127 	1150
f 952 	843 	1117
f 453 	1100 	1101
f 453 	1101 	1102
f 1103 	455 	1102
f 453 	1102 	455
f 1059 	1036 	1093
f 455 	1103 	1104
f 455 	1104 	456
f 1093 	1036 	1043
f 456 	1104 	1105
f 1106 	459 	1105
f 456 	1105 	459
f 459 	1106 	1107
f 1108 	460 	1107
f 459 	1107 	460
f 231 	2553 	237
f 460 	1108 	1109
f 460 	1109 	461
f 1095 	1091 	1449
f 843 	704 	940
f 1115 	1117 	1111
f 1111 	1117 	940
f 1116 	2884 	1155
f 461 	1109 	1112
f 461 	1112 	1113
f 1114 	463 	1113
f 461 	1113 	463
f 1121 	1115 	1111
f 463 	1114 	1122
f 463 	1122 	464
f 464 	1122 	1063
f 464 	1063 	429
f 1111 	1278 	1121
f 1125 	491 	1124
f 1424 	1124 	490
f 1123 	1054 	1129
f 1043 	1049 	1119
f 745 	344 	1127
f 1123 	1110 	1054
f 1119 	1116 	1133
f 492 	1467 	493
f 1128 	1127 	488
f 493 	1476 	494
f 1133 	1043 	1119
f 1111 	1279 	1278
f 1131 	497 	1130
f 1484 	497 	1131
f 495 	1130 	497
f 843 	940 	1117
f 1729 	1689 	500
f 1118 	1134 	1132
f 1701 	1702 	500
f 1134 	1135 	1132
f 801 	791 	1397
f 1308 	1115 	1121
f 1137 	1139 	502
f 503 	502 	1139
f 1762 	503 	1139
f 952 	1117 	1115
f 952 	1115 	1308
f 989 	2331 	1013
f 1136 	1079 	1141
f 1255 	823 	807
f 1079 	1133 	1141
f 1079 	1136 	1093
f 1313 	1135 	1134
f 1136 	2519 	1093
f 1145 	227 	1149
f 1147 	1135 	1317
f 1149 	227 	291
f 1149 	291 	285
f 1151 	1150 	1127
f 1145 	1149 	285
f 1005 	1148 	1146
f 1126 	1128 	488
f 1168 	1146 	1148
f 1136 	1140 	1240
f 1127 	1128 	1151
f 1161 	1151 	1128
f 1150 	360 	1090
f 1151 	360 	1150
f 1161 	360 	1151
f 466 	1182 	1152
f 1153 	466 	1152
f 1145 	285 	1153
f 1153 	1152 	1145
f 345 	467 	338
f 1094 	1158 	475
f 1065 	1145 	1152
f 475 	1158 	1159
f 1160 	478 	1159
f 475 	1159 	478
f 1161 	1172 	360
f 1172 	1183 	360
f 478 	1160 	1162
f 478 	1162 	480
f 480 	1162 	1164
f 1165 	481 	1164
f 480 	1164 	481
f 481 	1165 	1166
f 1167 	484 	1166
f 481 	1166 	484
f 1167 	1170 	484
f 371 	484 	1170
f 371 	1170 	1015
f 506 	472 	2375
f 1144 	1146 	1168
f 1144 	1168 	1156
f 1136 	1141 	1169
f 1169 	1133 	1116
f 1169 	1141 	1133
f 1148 	2464 	1168
f 1169 	1116 	1163
f 1174 	510 	1173
f 1175 	510 	1174
f 1176 	510 	1175
f 509 	1173 	510
f 1152 	1171 	1065
f 2160 	512 	2159
f 511 	2159 	512
f 2180 	2182 	512
f 512 	2182 	504
f 504 	2204 	505
f 1126 	1172 	1128
f 1161 	1128 	1172
f 531 	600 	532
f 1181 	2528 	1180
f 1184 	1163 	1116
f 553 	656 	554
f 526 	524 	709
f 522 	709 	524
f 1185 	360 	1183
f 1177 	1200 	1171
f 1479 	1163 	1483
f 1171 	1182 	1177
f 1185 	1186 	360
f 1152 	1182 	1171
f 1184 	1116 	1155
f 1172 	1126 	1183
f 1120 	1183 	1126
f 568 	1246 	569
f 285 	356 	1153
f 564 	967 	958
f 568 	566 	958
f 566 	565 	958
f 564 	958 	565
f 1163 	1184 	1483
f 564 	561 	967
f 560 	967 	561
f 1182 	466 	1187
f 1143 	1111 	1142
f 1186 	1120 	1206
f 560 	559 	967
f 559 	558 	967
f 557 	967 	558
f 555 	967 	556
f 466 	1153 	356
f 1186 	1185 	1120
f 1182 	1187 	1177
f 578 	1189 	579
f 1183 	1120 	1185
f 1195 	1140 	1169
f 577 	1189 	578
f 1507 	1188 	1163
f 546 	824 	1193
f 1191 	1154 	2599
f 465 	546 	1193
f 277 	1184 	1155
f 1120 	465 	1193
f 1111 	940 	1142
f 1196 	1193 	819
f 1157 	1154 	1197
f 1157 	2602 	1154
f 1178 	1181 	1180
f 1178 	1180 	1199
f 1195 	1163 	1188
f 1179 	2697 	2743
f 1154 	1191 	1211
f 1193 	824 	819
f 1154 	2602 	2600
f 1190 	583 	582
f 585 	1201 	586
f 1195 	1169 	1163
f 557 	556 	967
f 1195 	1188 	1138
f 1202 	967 	614
f 614 	967 	555
f 1140 	1195 	1138
f 1140 	1136 	1169
f 1192 	798 	842
f 1206 	361 	1186
f 360 	1186 	361
f 361 	1206 	1207
f 1200 	1145 	1065
f 1179 	2743 	1269
f 1198 	1194 	1142
f 1157 	1197 	1203
f 1206 	1120 	1207
f 1210 	1205 	2519
f 1228 	1180 	2528
f 1214 	122 	1199
f 2898 	1212 	1238
f 1212 	1239 	1238
f 1207 	1120 	961
f 1216 	961 	1120
f 362 	962 	1219
f 1211 	1197 	1154
f 363 	362 	1220
f 1219 	1220 	362
f 1120 	1193 	1216
f 1157 	1203 	1037
f 1212 	1237 	1243
f 1445 	1180 	1228
f 1211 	210 	1264
f 1239 	1212 	1243
f 1199 	1180 	1214
f 1445 	1214 	1180
f 1208 	1205 	1210
f 1211 	1191 	210
f 1216 	1193 	1196
f 1200 	1129 	1145
f 1218 	1217 	1225
f 1171 	1200 	1065
f 2612 	2610 	1192
f 1209 	1129 	1200
f 614 	611 	1202
f 610 	1202 	611
f 1212 	1200 	1177
f 605 	610 	609
f 605 	609 	607
f 1230 	1237 	1212
f 610 	605 	1202
f 1217 	1205 	1208
f 1221 	1202 	604
f 604 	1202 	605
f 1218 	1205 	1217
f 1194 	2697 	1179
f 1194 	1179 	1143
f 1194 	1143 	1142
f 2531 	2528 	818
f 818 	2528 	815
f 1196 	1219 	962
f 1196 	962 	1216
f 1223 	1037 	1226
f 1219 	1196 	1220
f 1227 	1228 	2574
f 1212 	1177 	1230
f 2030 	1218 	1225
f 1223 	1226 	1229
f 363 	1220 	1231
f 1229 	1226 	1204
f 1232 	364 	1231
f 421 	364 	1233
f 1222 	1223 	1229
f 2030 	1213 	1205
f 601 	1224 	1221
f 604 	602 	1221
f 601 	1221 	602
f 2030 	1205 	1218
f 1225 	1267 	1307
f 1225 	1307 	1312
f 601 	599 	1224
f 598 	1224 	599
f 1203 	1226 	1037
f 1230 	1177 	1187
f 1224 	598 	1235
f 596 	1235 	597
f 598 	597 	1235
f 595 	1235 	596
f 800 	1142 	940
f 591 	1236 	1235
f 595 	594 	1235
f 594 	593 	1235
f 592 	1235 	593
f 591 	1235 	592
f 589 	1236 	591
f 589 	588 	1236
f 587 	1236 	588
f 1142 	840 	1198
f 1223 	1222 	1031
f 840 	1142 	800
f 1234 	1228 	1227
f 1237 	1230 	1187
f 625 	1241 	626
f 1220 	1196 	1231
f 275 	251 	241
f 1203 	1197 	1226
f 1231 	1196 	1232
f 387 	355 	347
f 1211 	1204 	1226
f 1226 	1197 	1211
f 1031 	1037 	1223
f 1243 	1238 	1239
f 1240 	1140 	1242
f 1194 	1198 	2699
f 669 	1246 	670
f 676 	674 	1245
f 673 	672 	1245
f 672 	671 	1245
f 670 	1245 	671
f 2699 	2697 	1194
f 1229 	1204 	1132
f 667 	1246 	669
f 1247 	1229 	1147
f 1135 	1147 	1229
f 1245 	670 	1246
f 1136 	1240 	1208
f 1132 	1135 	1229
f 667 	663 	1246
f 663 	662 	1246
f 662 	661 	1246
f 660 	1246 	661
f 1258 	1217 	1248
f 1192 	842 	1251
f 2615 	2612 	1251
f 688 	1250 	632
f 1217 	1208 	1248
f 1240 	1248 	1208
f 801 	1397 	1253
f 1248 	1240 	1242
f 807 	801 	1253
f 1244 	1251 	884
f 1136 	1208 	1210
f 684 	1254 	1250
f 688 	686 	1250
f 686 	685 	1250
f 684 	1250 	685
f 1244 	884 	567
f 684 	680 	1254
f 679 	1254 	680
f 1247 	1222 	1229
f 679 	677 	1254
f 676 	1254 	677
f 1255 	807 	1253
f 1256 	1279 	1111
f 1136 	1210 	2519
f 1143 	1256 	1111
f 1245 	1254 	676
f 673 	1245 	674
f 1258 	1267 	1225
f 1225 	1217 	1258
f 1400 	1255 	1253
f 1261 	1267 	1258
f 958 	1246 	568
f 571 	569 	1246
f 571 	1246 	660
f 1253 	1397 	1400
f 658 	657 	1265
f 654 	1265 	657
f 654 	657 	655
f 1211 	1264 	1118
f 653 	649 	1265
f 653 	1265 	654
f 1211 	1118 	1204
f 1262 	1249 	1256
f 1266 	1265 	649
f 649 	653 	650
f 1262 	1256 	1143
f 783 	1632 	1263
f 644 	1268 	1266
f 649 	647 	1266
f 647 	646 	1266
f 644 	1266 	646
f 210 	205 	1257
f 642 	1268 	644
f 1267 	1306 	1307
f 639 	638 	1268
f 642 	641 	1268
f 639 	1268 	641
f 1187 	466 	1272
f 1179 	1269 	1262
f 1271 	1268 	638
f 637 	1271 	638
f 826 	823 	1274
f 1138 	1562 	1273
f 1262 	1143 	1179
f 826 	1274 	1496
f 637 	635 	1271
f 635 	634 	1271
f 1250 	1271 	634
f 1273 	1562 	1275
f 632 	1250 	634
f 700 	1276 	701
f 692 	1277 	693
f 1255 	1274 	823
f 2545 	239 	240
f 1279 	1256 	1249
f 763 	762 	1281
f 766 	764 	1281
f 763 	1281 	764
f 264 	2545 	240
f 239 	1280 	231
f 1273 	1140 	1138
f 761 	1281 	762
f 264 	283 	1282
f 757 	1286 	1281
f 761 	760 	1281
f 760 	759 	1281
f 757 	1281 	759
f 1257 	1264 	210
f 755 	1286 	757
f 1242 	1288 	1291
f 658 	1265 	1286
f 755 	753 	1286
f 658 	1286 	753
f 1264 	1260 	1259
f 1264 	1259 	1118
f 1140 	1273 	1288
f 1259 	1134 	1118
f 786 	778 	1290
f 786 	1290 	787
f 832 	1292 	1285
f 1577 	1574 	1275
f 1580 	1577 	1275
f 1259 	1313 	1134
f 1293 	1290 	777
f 784 	778 	786
f 777 	1290 	778
f 1283 	1518 	1292
f 1291 	1273 	1275
f 775 	1295 	1293
f 777 	776 	1293
f 775 	1293 	776
f 1298 	1291 	1574
f 774 	1295 	775
f 1294 	1313 	1259
f 1291 	1288 	1273
f 774 	773 	1295
f 772 	1295 	773
f 1140 	1288 	1242
f 1257 	1260 	1264
f 1297 	410 	392
f 1295 	770 	1281
f 772 	770 	1295
f 770 	767 	1281
f 766 	1281 	767
f 1297 	392 	1289
f 1261 	1258 	1298
f 1297 	454 	410
f 707 	1299 	708
f 1278 	1279 	1284
f 1291 	1275 	1574
f 713 	787 	1290
f 1304 	717 	1290
f 717 	715 	1290
f 713 	1290 	714
f 1298 	1258 	1248
f 1249 	1393 	1284
f 1300 	1301 	1237
f 1248 	1242 	1298
f 1296 	1297 	1394
f 1291 	1298 	1242
f 1279 	1249 	1284
f 730 	1302 	731
f 1303 	1243 	1237
f 726 	1304 	1302
f 730 	727 	1302
f 726 	1302 	727
f 1267 	1261 	1306
f 1260 	1257 	1305
f 1393 	1249 	1252
f 1305 	1257 	1270
f 1303 	1237 	1301
f 726 	721 	1304
f 720 	1304 	721
f 1305 	1259 	1260
f 720 	718 	1304
f 717 	1304 	718
f 1305 	1294 	1259
f 714 	1290 	715
f 1308 	1121 	1278
f 1237 	1187 	1300
f 702 	1310 	703
f 1308 	1278 	1284
f 751 	747 	1311
f 751 	1311 	752
f 1118 	1132 	1204
f 746 	1311 	747
f 1307 	1306 	1375
f 1307 	1375 	1382
f 1307 	1382 	1312
f 740 	1314 	1311
f 746 	743 	1311
f 743 	741 	1311
f 740 	1311 	741
f 1389 	1315 	1262
f 739 	1314 	740
f 1316 	619 	390
f 1302 	1314 	733
f 734 	733 	1314
f 739 	736 	1314
f 736 	735 	1314
f 734 	1314 	735
f 1300 	1587 	1384
f 733 	731 	1302
f 1262 	1315 	1249
f 485 	420 	793
f 793 	420 	263
f 2903 	1238 	1243
f 1262 	1269 	1389
f 1135 	1313 	1319
f 1297 	1398 	454
f 1324 	1321 	1323
f 1324 	1328 	1321
f 1322 	1323 	1321
f 1296 	1398 	1297
f 1398 	1296 	1452
f 1325 	1321 	1328
f 1328 	1330 	1325
f 1327 	1325 	1330
f 1330 	1334 	1327
f 1316 	399 	1252
f 1334 	1335 	1327
f 1335 	1336 	1327
f 1329 	1327 	1336
f 1336 	1340 	1329
f 1338 	1344 	1332
f 1337 	1338 	1332
f 1333 	1329 	1340
f 1333 	1340 	1341
f 1333 	1341 	1342
f 1344 	1345 	1332
f 1339 	1332 	1345
f 1345 	1348 	1339
f 1343 	1339 	1348
f 1348 	1351 	1343
f 1349 	1321 	1347
f 1326 	1313 	1294
f 1351 	1352 	1343
f 1346 	1343 	1352
f 1350 	1346 	1352
f 1320 	805 	804
f 1347 	1321 	1353
f 1325 	1353 	1321
f 1135 	1319 	1317
f 1332 	1355 	1356
f 1332 	1356 	1357
f 1358 	1332 	1357
f 1327 	1359 	1360
f 1327 	1360 	1361
f 1353 	1325 	1361
f 1327 	1361 	1325
f 1355 	1332 	1362
f 1339 	1362 	1332
f 1359 	1327 	1363
f 1329 	1363 	1327
f 1343 	1367 	1362
f 1343 	1362 	1339
f 1333 	1368 	1363
f 1333 	1363 	1329
f 1252 	1315 	1316
f 1370 	1343 	1369
f 1371 	1343 	1370
f 1367 	1343 	1371
f 1346 	1369 	1343
f 930 	929 	1364
f 928 	1364 	929
f 1350 	1369 	1346
f 1374 	1333 	1373
f 1372 	1373 	1333
f 1368 	1333 	1374
f 1379 	1372 	1333
f 927 	1364 	928
f 1341 	1376 	1342
f 1630 	1342 	1376
f 1375 	1350 	1352
f 1373 	1372 	1377
f 925 	923 	1364
f 927 	926 	1364
f 925 	1364 	926
f 1350 	1295 	1369
f 1370 	1369 	1281
f 1630 	1378 	1342
f 934 	1365 	935
f 587 	935 	1365
f 1236 	587 	1365
f 1382 	1375 	1352
f 1382 	1352 	1351
f 399 	1316 	390
f 1497 	1377 	1379
f 1372 	1379 	1377
f 1371 	1370 	1281
f 930 	1364 	1365
f 934 	933 	1365
f 933 	931 	1365
f 930 	1365 	931
f 1376 	1341 	1340
f 1376 	1340 	1384
f 1382 	1351 	1348
f 1382 	1348 	1345
f 1382 	1345 	1344
f 1374 	1373 	1377
f 619 	1316 	623
f 1384 	1340 	1336
f 1384 	1336 	1335
f 1367 	1281 	1362
f 1281 	1286 	1362
f 1371 	1281 	1367
f 1355 	1362 	1286
f 1356 	1355 	1286
f 923 	918 	1364
f 918 	917 	1364
f 1385 	1364 	917
f 623 	1316 	1383
f 1344 	1338 	1382
f 1337 	1382 	1338
f 1368 	1377 	1363
f 1377 	1387 	1363
f 1374 	1377 	1368
f 1359 	1363 	1387
f 1360 	1359 	1387
f 914 	913 	1385
f 917 	915 	1385
f 914 	1385 	915
f 1357 	1356 	1286
f 1383 	1316 	1389
f 1334 	1388 	1335
f 1384 	1335 	1388
f 1386 	1385 	913
f 1361 	1360 	1387
f 1315 	1252 	1249
f 1388 	1334 	1330
f 1388 	1330 	1328
f 1388 	1328 	1324
f 1388 	1324 	1323
f 1265 	2175 	1286
f 1357 	1286 	1358
f 1381 	1452 	1296
f 881 	165 	1386
f 913 	906 	1386
f 906 	882 	1386
f 881 	1386 	882
f 1366 	1452 	1381
f 1361 	1387 	1353
f 1387 	1529 	1353
f 1347 	1353 	1529
f 811 	810 	1390
f 809 	1390 	810
f 1316 	1315 	1389
f 1390 	812 	811
f 1322 	1388 	1323
f 1380 	1375 	1306
f 1384 	1388 	1300
f 1301 	1300 	1388
f 1312 	1382 	1318
f 1301 	1388 	1303
f 1394 	1331 	1402
f 2951 	1303 	1388
f 1289 	1394 	1297
f 1396 	817 	816
f 1395 	1319 	1313
f 1395 	1313 	1326
f 1395 	1317 	1319
f 879 	878 	165
f 879 	165 	881
f 875 	184 	165
f 878 	876 	165
f 875 	165 	876
f 1395 	1326 	1649
f 1261 	1401 	1306
f 1392 	1234 	1227
f 1405 	1406 	1407
f 1407 	1409 	1405
f 1408 	1405 	1409
f 1410 	1397 	1263
f 1409 	1412 	1408
f 1412 	1454 	1408
f 1403 	1317 	1395
f 1415 	1416 	1408
f 1411 	1408 	1416
f 1416 	1420 	1411
f 1420 	1421 	1411
f 1421 	1422 	1411
f 1413 	1411 	1422
f 1422 	1425 	1413
f 491 	490 	1124
f 1419 	1413 	1425
f 1425 	1426 	1419
f 1097 	1417 	1418
f 1404 	1354 	1366
f 1423 	1419 	1426
f 1423 	1426 	1427
f 1423 	1427 	1428
f 1405 	1429 	1406
f 1402 	1404 	1366
f 1424 	1513 	1124
f 1408 	1432 	1433
f 1408 	1433 	1434
f 1434 	1458 	1408
f 1408 	1435 	1429
f 1408 	1429 	1405
f 1228 	1234 	1445
f 1432 	1408 	1436
f 1411 	1436 	1408
f 184 	871 	214
f 875 	873 	184
f 873 	871 	184
f 870 	214 	871
f 1413 	1437 	1438
f 1439 	1411 	1438
f 1436 	1411 	1439
f 1413 	1438 	1411
f 1437 	1413 	1440
f 1419 	1440 	1413
f 865 	220 	214
f 870 	868 	214
f 868 	866 	214
f 865 	214 	866
f 1423 	1441 	1442
f 1423 	1442 	1443
f 1440 	1419 	1443
f 1423 	1443 	1419
f 864 	220 	865
f 1441 	1423 	1444
f 1428 	1427 	2458
f 1214 	1445 	1457
f 2300 	1418 	540
f 491 	1125 	1446
f 864 	861 	220
f 861 	857 	220
f 854 	220 	857
f 1444 	1290 	1441
f 1442 	1441 	1290
f 1426 	1448 	1427
f 2458 	1427 	1448
f 491 	1446 	1447
f 1443 	1442 	1290
f 1448 	1426 	1425
f 1448 	1425 	1422
f 1448 	1422 	1421
f 1095 	1449 	1431
f 1189 	540 	1418
f 1443 	1290 	1440
f 1437 	1440 	1290
f 1290 	1293 	1437
f 1438 	1437 	1293
f 1420 	1450 	1421
f 1448 	1421 	1450
f 1189 	1418 	1417
f 1402 	1296 	1394
f 1439 	1438 	1293
f 1447 	1496 	1459
f 1450 	1420 	1416
f 1450 	1416 	1415
f 1402 	1366 	1381
f 1447 	1446 	1496
f 1430 	1496 	1125
f 1439 	1293 	1436
f 1293 	1295 	1436
f 1432 	1436 	1295
f 1433 	1432 	1295
f 1393 	1252 	399
f 1446 	1125 	1496
f 1296 	1402 	1381
f 1451 	1393 	399
f 1414 	1380 	1450
f 1415 	1414 	1450
f 1496 	1498 	1467
f 1434 	1433 	1295
f 853 	851 	283
f 853 	220 	854
f 1400 	1471 	1469
f 1375 	1412 	1409
f 1375 	1409 	1407
f 1375 	1407 	1406
f 1375 	1406 	1350
f 1397 	1473 	1400
f 1453 	1452 	1366
f 220 	853 	283
f 844 	283 	851
f 1453 	1366 	1354
f 1429 	1295 	1406
f 1435 	1295 	1429
f 1350 	1406 	1295
f 1281 	1369 	1295
f 1454 	1456 	1408
f 1455 	1410 	1263
f 1414 	1415 	1408
f 1414 	1408 	1456
f 1435 	1408 	1458
f 1457 	122 	1214
f 491 	1447 	492
f 1459 	492 	1447
f 844 	839 	283
f 839 	838 	283
f 838 	836 	283
f 835 	283 	836
f 1451 	384 	1393
f 1380 	1414 	1456
f 1459 	1460 	492
f 406 	1451 	399
f 1458 	1434 	1295
f 835 	834 	283
f 833 	283 	834
f 96 	1464 	98
f 1456 	1454 	1380
f 1454 	1412 	1380
f 1375 	1380 	1412
f 938 	957 	941
f 1435 	1458 	1295
f 957 	942 	941
f 1309 	1308 	1393
f 1308 	1284 	1393
f 961 	1216 	962
f 1459 	1496 	1460
f 1393 	384 	1309
f 1448 	1450 	1399
f 283 	833 	1058
f 1058 	1057 	283
f 1399 	1450 	1401
f 1401 	1450 	1380
f 1461 	283 	1057
f 1380 	1306 	1401
f 1057 	1056 	1461
f 645 	1462 	96
f 50 	553 	96
f 96 	1462 	1464
f 1052 	1465 	1461
f 1056 	1053 	1461
f 1052 	1461 	1053
f 1470 	1391 	1466
f 492 	1460 	1467
f 1469 	493 	1467
f 1051 	1465 	1052
f 1516 	1466 	1391
f 645 	554 	540
f 577 	1464 	540
f 1189 	577 	540
f 1462 	645 	540
f 1471 	493 	1469
f 1047 	1468 	1465
f 1051 	1050 	1465
f 1050 	1048 	1465
f 1047 	1465 	1048
f 1464 	1462 	540
f 1047 	1046 	1468
f 1045 	1468 	1046
f 1451 	406 	384
f 1471 	1473 	493
f 1044 	1468 	1045
f 1039 	1472 	1040
f 1044 	1042 	1468
f 1042 	1041 	1468
f 1040 	1468 	1041
f 14 	12 	1541
f 1468 	1040 	1472
f 1391 	1470 	1474
f 1039 	1035 	1472
f 1034 	1472 	1035
f 1400 	1473 	1471
f 1475 	493 	1473
f 1666 	2067 	552
f 1475 	1476 	493
f 1012 	1480 	1032
f 1477 	998 	997
f 1476 	1475 	1397
f 1478 	1479 	277
f 1473 	1397 	1475
f 277 	1479 	1483
f 99 	579 	1487
f 1034 	1032 	1480
f 1184 	277 	1483
f 1472 	1034 	1480
f 1489 	1491 	100
f 119 	122 	1481
f 1481 	109 	119
f 1163 	1479 	1482
f 1012 	1011 	1480
f 1010 	1480 	1011
f 1007 	1488 	1008
f 1010 	1008 	1488
f 1417 	1431 	1189
f 1484 	1131 	1830
f 1485 	1830 	1131
f 1480 	1010 	1488
f 99 	1487 	100
f 1489 	100 	1487
f 1163 	1482 	1507
f 494 	1476 	1490
f 1006 	1488 	1007
f 1030 	1488 	1006
f 101 	100 	1491
f 495 	494 	1492
f 1490 	1492 	494
f 1492 	1130 	495
f 1485 	1130 	1397
f 1479 	1478 	1482
f 1030 	1029 	1488
f 1029 	1028 	1488
f 1027 	1488 	1028
f 1492 	1490 	1397
f 1026 	1488 	1027
f 1023 	1022 	1026
f 1476 	1397 	1490
f 1493 	1499 	1486
f 1488 	1026 	1022
f 1492 	1397 	1130
f 1482 	1478 	2024
f 1397 	1410 	1485
f 1410 	1455 	1485
f 1495 	1488 	1022
f 1474 	567 	1391
f 122 	1457 	1494
f 1022 	1021 	1495
f 1021 	1020 	1495
f 1020 	1019 	1495
f 1497 	1495 	1019
f 1494 	1481 	122
f 570 	529 	1391
f 1503 	1579 	769
f 758 	1503 	769
f 1019 	1017 	1497
f 1015 	1377 	1016
f 1400 	1498 	1255
f 1498 	1496 	1274
f 1003 	1001 	1500
f 1000 	1500 	1001
f 1188 	1507 	1509
f 1500 	1004 	1003
f 1457 	1499 	1494
f 1502 	991 	990
f 277 	1155 	2884
f 1501 	758 	794
f 1498 	1274 	1255
f 1505 	826 	1496
f 827 	826 	1505
f 567 	570 	1391
f 696 	1287 	1788
f 1463 	2456 	1466
f 1501 	1503 	758
f 1105 	1104 	1504
f 1104 	1103 	1504
f 1103 	1102 	1504
f 1508 	1504 	1102
f 1508 	1102 	1101
f 2463 	2469 	1470
f 1487 	579 	1449
f 1449 	579 	1189
f 1487 	1449 	1489
f 1489 	1449 	1491
f 1101 	1100 	1508
f 1100 	1099 	1508
f 1099 	1098 	1508
f 1511 	1508 	1098
f 1474 	1470 	2639
f 1098 	1096 	1511
f 1096 	752 	1511
f 1311 	1511 	752
f 2637 	1466 	2456
f 1188 	1509 	1138
f 1513 	1788 	1285
f 1542 	1503 	1501
f 1474 	2634 	567
f 2637 	2645 	1466
f 1513 	1285 	1292
f 1113 	1517 	1514
f 1063 	1122 	1514
f 1114 	1514 	1122
f 1113 	1514 	1114
f 1518 	1513 	1292
f 1112 	1517 	1113
f 1515 	1519 	1516
f 1512 	2597 	1563
f 1431 	1449 	1189
f 1512 	1563 	1510
f 1107 	1504 	1517
f 1112 	1109 	1517
f 1109 	1108 	1517
f 1107 	1517 	1108
f 1505 	1518 	1283
f 1107 	1106 	1504
f 1105 	1504 	1106
f 1521 	1527 	1524
f 1527 	1528 	1524
f 1524 	1528 	1530
f 1524 	1530 	1531
f 489 	419 	1526
f 1493 	2673 	1506
f 1526 	1513 	1535
f 1499 	1493 	1506
f 1088 	1533 	1529
f 1094 	1092 	1529
f 1092 	1089 	1529
f 1088 	1529 	1089
f 1086 	1533 	1088
f 1494 	1499 	1506
f 1505 	1283 	827
f 1494 	1506 	1547
f 1535 	489 	1526
f 1082 	1536 	1533
f 1086 	1084 	1533
f 1084 	1083 	1533
f 1082 	1533 	1083
f 1535 	1537 	489
f 490 	489 	1537
f 1537 	1424 	490
f 1620 	2952 	1619
f 1536 	1081 	1538
f 1082 	1081 	1536
f 1080 	1538 	1081
f 1520 	1516 	1519
f 1620 	12 	2952
f 1080 	1078 	1538
f 1077 	1538 	1078
f 1620 	1540 	12
f 1535 	1513 	1537
f 1430 	1124 	1513
f 1539 	1516 	1520
f 1075 	1074 	1538
f 1077 	1076 	1538
f 1075 	1538 	1076
f 1537 	1513 	1424
f 14 	1541 	1624
f 1518 	1430 	1513
f 1539 	1463 	1516
f 1518 	1505 	1430
f 1073 	1072 	116
f 1073 	1538 	1074
f 116 	1538 	1073
f 1516 	1463 	1466
f 1505 	1496 	1430
f 1541 	1540 	1627
f 1481 	1494 	109
f 1467 	1460 	1496
f 1070 	126 	116
f 1072 	1071 	116
f 1070 	116 	1071
f 1469 	1467 	1498
f 1673 	1671 	1523
f 1541 	12 	1540
f 1400 	1469 	1498
f 1070 	1069 	126
f 1068 	126 	1069
f 1543 	1449 	1091
f 1627 	1540 	1620
f 1066 	1514 	126
f 1068 	1067 	126
f 1066 	126 	1067
f 912 	907 	1581
f 14 	1624 	18
f 1545 	1543 	2336
f 1190 	1543 	1545
f 1066 	1064 	1514
f 1063 	1514 	1064
f 1060 	1546 	1061
f 1547 	1506 	1544
f 1017 	1377 	1497
f 1549 	1545 	2336
f 920 	919 	1585
f 796 	1547 	1544
f 1565 	1567 	1532
f 821 	1547 	796
f 1522 	1551 	1521
f 1522 	1550 	1551
f 1527 	1521 	1551
f 821 	400 	1547
f 1553 	1522 	1552
f 1521 	1552 	1522
f 1524 	1554 	1552
f 1524 	1552 	1521
f 1547 	400 	109
f 848 	1598 	1586
f 1547 	109 	1494
f 101 	1491 	1556
f 1524 	1555 	1557
f 1524 	1557 	1558
f 1524 	1558 	1554
f 1556 	1559 	101
f 102 	101 	1559
f 1572 	1532 	1571
f 1559 	582 	102
f 1571 	1532 	1550
f 1522 	1553 	1560
f 1522 	1560 	1550
f 1503 	1542 	1775
f 2597 	1531 	1530
f 858 	1590 	1593
f 1555 	2554 	1480
f 1557 	1555 	1480
f 1528 	2597 	1530
f 2597 	1528 	1563
f 969 	858 	1593
f 1558 	1557 	1480
f 1509 	2045 	2162
f 969 	1593 	1616
f 1563 	1528 	1527
f 1551 	1563 	1527
f 2475 	1539 	1520
f 1552 	1480 	1553
f 1554 	1480 	1552
f 1558 	1480 	1554
f 1560 	1553 	1480
f 1560 	1480 	1488
f 1550 	1532 	1567
f 1532 	1608 	1566
f 1565 	1532 	1566
f 2456 	1463 	1539
f 1569 	1550 	1568
f 1567 	1568 	1550
f 1551 	1550 	1569
f 1562 	1138 	1509
f 1632 	783 	974
f 1571 	1550 	1573
f 1261 	1298 	1574
f 1560 	1575 	1550
f 1575 	1576 	1550
f 1573 	1550 	1576
f 1551 	1569 	1563
f 2965 	1129 	1209
f 1488 	1575 	1560
f 1582 	1577 	1580
f 1568 	1564 	1569
f 1563 	1569 	1564
f 825 	769 	1579
f 1576 	1575 	1488
f 1564 	1568 	1567
f 1564 	1567 	1565
f 1566 	1564 	1565
f 1573 	1488 	1571
f 1576 	1488 	1573
f 1572 	1571 	1488
f 1486 	2625 	1561
f 1563 	1564 	1510
f 1510 	1564 	1623
f 1491 	1449 	1556
f 1449 	1559 	1556
f 1559 	1449 	582
f 582 	1449 	1190
f 1584 	1587 	613
f 1543 	1190 	1449
f 1549 	1190 	1545
f 583 	1589 	103
f 1588 	1561 	1578
f 1401 	1261 	1574
f 1589 	585 	103
f 2673 	1588 	2686
f 1190 	1549 	583
f 1017 	1016 	1377
f 1170 	1377 	1015
f 1166 	1387 	1377
f 1170 	1167 	1377
f 1166 	1377 	1167
f 1588 	1493 	1486
f 1842 	370 	1592
f 1588 	1486 	1561
f 583 	1549 	1589
f 1166 	1165 	1387
f 1164 	1387 	1165
f 1544 	1506 	1594
f 1589 	1549 	585
f 585 	1549 	1201
f 1544 	1594 	796
f 1159 	1158 	1529
f 1164 	1162 	1387
f 1162 	1160 	1387
f 1159 	1387 	1160
f 1187 	1587 	1300
f 1187 	1272 	1587
f 1387 	1159 	1529
f 1094 	1529 	1158
f 1597 	799 	796
f 1583 	575 	1510
f 1430 	1125 	1124
f 1597 	796 	1594
f 1130 	1485 	1131
f 1657 	1586 	1598
f 1510 	1623 	1583
f 1595 	1842 	1846
f 1137 	1600 	1139
f 1599 	1597 	1594
f 1663 	1657 	1598
f 1176 	1175 	1601
f 613 	1587 	1272
f 1878 	1592 	1602
f 1173 	1601 	1174
f 1342 	1378 	1333
f 1174 	1601 	1175
f 1603 	1333 	1378
f 1890 	1878 	1602
f 1598 	920 	1585
f 1606 	1640 	1607
f 848 	920 	1598
f 1591 	1890 	1602
f 1594 	1604 	1599
f 1609 	1610 	1607
f 1608 	1607 	1611
f 1611 	1607 	1610
f 1611 	1626 	1608
f 343 	1591 	1602
f 1333 	1603 	1379
f 1201 	1549 	1596
f 351 	343 	1602
f 1592 	351 	1602
f 1650 	1651 	1606
f 1606 	1607 	1650
f 1653 	1650 	1607
f 586 	1615 	104
f 1617 	104 	1615
f 1638 	1618 	1614
f 973 	969 	1825
f 1607 	1608 	1613
f 1621 	1655 	1607
f 1613 	1621 	1607
f 1628 	1613 	1608
f 1827 	973 	1825
f 1532 	1572 	1608
f 1628 	1608 	1572
f 1610 	1623 	1611
f 1564 	1611 	1623
f 1626 	1566 	1608
f 1627 	1624 	1541
f 1616 	1593 	1829
f 1605 	1633 	1622
f 1564 	1566 	1626
f 1564 	1626 	1611
f 1615 	586 	1596
f 1596 	586 	1201
f 1488 	1495 	1572
f 1628 	1572 	1495
f 2340 	1596 	1549
f 1609 	1630 	1610
f 1623 	1610 	1630
f 974 	1830 	1834
f 18 	1624 	1641
f 1455 	1263 	1632
f 1633 	1605 	1631
f 1634 	1636 	1603
f 1378 	1634 	1603
f 1631 	1605 	1629
f 1635 	1603 	1636
f 1636 	1637 	1635
f 1606 	1635 	1637
f 1625 	1622 	1633
f 1834 	1455 	1632
f 1637 	1639 	1606
f 1639 	1640 	1606
f 1640 	1643 	1607
f 1632 	974 	1834
f 1642 	912 	1581
f 1609 	1607 	1643
f 1614 	1622 	1625
f 1638 	1614 	1625
f 1647 	1645 	1638
f 1379 	1603 	1644
f 1603 	1635 	1644
f 1646 	1644 	1635
f 1642 	1648 	912
f 1646 	1635 	1651
f 1606 	1651 	1635
f 1641 	1591 	18
f 1652 	919 	1648
f 1403 	1395 	1649
f 1692 	1403 	1649
f 919 	912 	1648
f 1656 	1607 	1655
f 1653 	1607 	1656
f 1645 	1647 	1654
f 1647 	1658 	1654
f 1655 	1621 	1495
f 1613 	1495 	1621
f 1593 	1590 	1829
f 1613 	1628 	1495
f 1609 	1643 	1630
f 1829 	1590 	1586
f 1656 	1655 	1495
f 666 	533 	1658
f 1692 	1649 	2005
f 1630 	1643 	1640
f 1630 	1640 	1639
f 1618 	1638 	1645
f 1656 	1495 	1653
f 1653 	1495 	1650
f 1497 	1650 	1495
f 1651 	1650 	1497
f 1659 	1619 	1534
f 1630 	1639 	1637
f 1630 	1637 	1636
f 1630 	1636 	1634
f 1378 	1630 	1634
f 1725 	831 	1597
f 1714 	1270 	846
f 799 	1597 	831
f 1646 	1497 	1644
f 1651 	1497 	1646
f 1379 	1644 	1497
f 1623 	1630 	1583
f 1587 	1630 	1376
f 1665 	1660 	1664
f 1660 	1672 	1664
f 1294 	1305 	1523
f 1659 	1732 	1619
f 1736 	1756 	1619
f 1270 	1714 	1305
f 1523 	1326 	1294
f 552 	675 	1666
f 1624 	1915 	1641
f 1584 	1583 	1630
f 1587 	1584 	1630
f 1659 	1534 	1548
f 1587 	1376 	1384
f 1604 	1824 	1599
f 1583 	613 	617
f 1824 	1773 	1599
f 1584 	613 	1583
f 1668 	261 	1667
f 1512 	1510 	573
f 498 	1669 	1670
f 1662 	1664 	1672
f 1661 	1660 	1665
f 1677 	1680 	1672
f 1808 	1147 	1675
f 1670 	1669 	1830
f 1676 	1737 	1678
f 1678 	1741 	1679
f 1683 	1684 	1679
f 1668 	1667 	1624
f 1662 	1672 	1680
f 1696 	1706 	1677
f 1684 	1685 	1679
f 1681 	1679 	1685
f 1685 	1686 	1681
f 1675 	1147 	1317
f 1682 	1681 	1686
f 1686 	1687 	1682
f 1663 	1598 	1585
f 1688 	1682 	1687
f 580 	1512 	573
f 575 	573 	1510
f 1749 	1676 	1748
f 1690 	500 	1689
f 1701 	500 	1690
f 575 	1583 	617
f 1678 	1753 	1748
f 1678 	1748 	1676
f 1661 	1629 	1612
f 486 	500 	1702
f 1629 	1605 	1612
f 1679 	1693 	1694
f 1694 	1754 	1679
f 1679 	1755 	1678
f 1660 	1661 	1612
f 1693 	1679 	1695
f 1681 	1695 	1679
f 1682 	1697 	1695
f 1682 	1695 	1681
f 1689 	1829 	1690
f 1682 	1698 	1699
f 1682 	1699 	1700
f 1697 	1682 	1700
f 1703 	1673 	1523
f 1706 	1696 	1704
f 1714 	850 	1708
f 850 	1709 	1708
f 1680 	1677 	1706
f 1703 	1708 	1709
f 1710 	668 	1713
f 1523 	1305 	1714
f 1712 	1717 	1711
f 1704 	1711 	1718
f 1696 	1711 	1704
f 1713 	668 	664
f 683 	1707 	1705
f 1254 	1245 	1698
f 1699 	1698 	1245
f 1717 	1712 	1716
f 1773 	1824 	1687
f 1700 	1699 	1245
f 1920 	1624 	1691
f 1691 	1624 	1667
f 1686 	1773 	1687
f 1685 	1773 	1686
f 1684 	1773 	1685
f 1718 	1711 	1717
f 1703 	1523 	1714
f 1697 	1245 	1695
f 1245 	1246 	1695
f 1700 	1245 	1697
f 1693 	1695 	1246
f 1714 	1708 	1703
f 1732 	1723 	245
f 1721 	245 	1723
f 1722 	1719 	1720
f 1719 	1716 	1720
f 1712 	1720 	1716
f 245 	1721 	250
f 1726 	250 	1721
f 1730 	1727 	1570
f 187 	250 	1728
f 11 	209 	1722
f 1729 	500 	1731
f 498 	1670 	500
f 1723 	2788 	1721
f 1721 	2788 	1726
f 1733 	500 	1670
f 1703 	1709 	1790
f 1703 	1790 	1795
f 1731 	500 	1733
f 1773 	1684 	1683
f 1746 	1725 	1683
f 2788 	1723 	1659
f 1719 	1722 	209
f 204 	209 	11
f 1733 	1670 	1830
f 1795 	1671 	1673
f 1732 	1659 	1723
f 1732 	245 	1736
f 1736 	245 	1756
f 1737 	1676 	1735
f 1652 	1663 	1585
f 1740 	1678 	1737
f 1743 	1744 	1738
f 2632 	1710 	1500
f 1736 	1619 	1732
f 1741 	1678 	1740
f 1741 	1746 	1679
f 1710 	1713 	1500
f 1739 	1738 	1744
f 1742 	1739 	1744
f 1683 	1679 	1746
f 1744 	1747 	1742
f 1745 	1742 	1747
f 1752 	486 	1702
f 1747 	1750 	1745
f 1745 	1750 	1751
f 887 	883 	1751
f 1745 	1751 	883
f 1754 	1755 	1679
f 1753 	1678 	1755
f 1500 	1713 	1004
f 1765 	1766 	262
f 1694 	1693 	1246
f 1754 	1694 	1246
f 1739 	1757 	1759
f 1759 	1881 	1738
f 1739 	1759 	1738
f 1773 	1683 	1725
f 1620 	1619 	1756
f 1755 	1754 	1246
f 1702 	1701 	1657
f 1757 	1739 	1760
f 1742 	1760 	1739
f 1690 	1657 	1701
f 1752 	1702 	1657
f 2191 	1705 	1707
f 1652 	1585 	919
f 352 	204 	11
f 708 	1763 	261
f 803 	204 	352
f 683 	1705 	682
f 262 	1763 	1765
f 1763 	262 	261
f 338 	503 	337
f 1756 	245 	1766
f 682 	2192 	2203
f 1766 	1765 	1627
f 1761 	1713 	1764
f 338 	337 	1648
f 1004 	1713 	1761
f 1299 	1627 	708
f 1763 	708 	1627
f 337 	1762 	1648
f 1762 	1139 	1648
f 1763 	1627 	1765
f 899 	852 	1772
f 899 	803 	852
f 352 	852 	803
f 994 	1771 	1857
f 1600 	1648 	1139
f 1771 	1875 	1857
f 1725 	1746 	1741
f 1725 	1741 	1740
f 1725 	1740 	1737
f 1737 	1735 	1725
f 899 	1772 	994
f 1753 	1246 	1748
f 1755 	1246 	1753
f 1749 	1748 	1246
f 1770 	413 	1764
f 1976 	1767 	1768
f 1771 	994 	1772
f 1674 	1976 	1768
f 1654 	1658 	533
f 1773 	1725 	1599
f 1767 	1769 	2622
f 415 	413 	1776
f 1774 	1776 	413
f 1599 	1725 	1597
f 1777 	415 	1776
f 413 	1770 	1774
f 502 	501 	1787
f 1787 	1137 	502
f 1770 	1713 	1774
f 1777 	1776 	1713
f 1774 	1713 	1776
f 1745 	1780 	1760
f 1745 	1760 	1742
f 1764 	1713 	1770
f 1657 	1663 	1600
f 1745 	910 	1782
f 1745 	1782 	1783
f 1780 	1745 	1783
f 2686 	1779 	1778
f 1775 	1542 	1781
f 533 	666 	545
f 1778 	1824 	1604
f 678 	545 	732
f 1784 	1781 	1808
f 1779 	1824 	1778
f 742 	678 	732
f 738 	860 	742
f 887 	1751 	968
f 1785 	699 	1788
f 1782 	910 	1202
f 967 	1202 	910
f 1784 	1775 	1781
f 1750 	1790 	1751
f 968 	1751 	1790
f 1600 	1137 	1657
f 1889 	1888 	1786
f 1783 	1782 	1202
f 1781 	1031 	1222
f 1790 	1750 	1747
f 1790 	1747 	1744
f 1743 	1790 	1744
f 696 	1788 	699
f 1787 	1657 	1137
f 1760 	1202 	1757
f 1780 	1202 	1760
f 1783 	1202 	1780
f 1759 	1757 	1202
f 1781 	1542 	1031
f 1791 	1682 	1688
f 1688 	1794 	1791
f 1794 	1797 	1791
f 1792 	1791 	1797
f 1797 	1799 	1792
f 666 	732 	545
f 1222 	1247 	1781
f 1796 	1792 	1799
f 1799 	1800 	1796
f 1800 	1802 	1796
f 1988 	1793 	1858
f 1600 	1652 	1648
f 1808 	1781 	1247
f 1802 	1803 	1796
f 1798 	1796 	1803
f 1803 	1804 	1798
f 1652 	1600 	1663
f 1801 	1798 	1804
f 1801 	1804 	1805
f 1801 	1805 	1806
f 1675 	1674 	1784
f 1682 	1791 	1698
f 1807 	1698 	1791
f 952 	860 	738
f 678 	742 	860
f 1624 	1627 	1299
f 1792 	1809 	1807
f 1792 	1807 	1791
f 1814 	1818 	486
f 501 	486 	1818
f 860 	952 	956
f 1796 	1810 	1811
f 1796 	1811 	1812
f 1809 	1792 	1812
f 1796 	1812 	1792
f 1299 	707 	1624
f 1247 	1147 	1808
f 1810 	1796 	1813
f 1798 	1813 	1796
f 1308 	956 	952
f 1668 	1624 	707
f 1814 	486 	1752
f 1801 	1815 	1816
f 1801 	1816 	1817
f 1813 	1798 	1817
f 1801 	1817 	1798
f 1784 	1808 	1675
f 978 	956 	1308
f 1756 	1766 	1620
f 1815 	1801 	1819
f 1627 	1620 	1766
f 1818 	1787 	501
f 2196 	1806 	1805
f 1819 	1250 	1815
f 1816 	1815 	1250
f 1804 	2196 	1805
f 2196 	1804 	1821
f 1817 	1816 	1250
f 1309 	978 	1308
f 1752 	1657 	1814
f 1399 	1577 	1822
f 1821 	1804 	1803
f 1821 	1803 	1802
f 1814 	1657 	1818
f 1787 	1818 	1657
f 1817 	1250 	1813
f 1813 	1250 	1810
f 1254 	1810 	1250
f 1811 	1810 	1254
f 462 	353 	384
f 1821 	1802 	1800
f 1821 	1800 	1799
f 1821 	1799 	1824
f 1582 	1822 	1577
f 1616 	1825 	969
f 1812 	1811 	1254
f 1727 	1730 	1715
f 1824 	1799 	1797
f 1688 	1824 	1794
f 1797 	1794 	1824
f 840 	1826 	2517
f 452 	462 	384
f 978 	1309 	353
f 1309 	384 	353
f 825 	1579 	1826
f 1809 	1254 	1807
f 1812 	1254 	1809
f 1698 	1807 	1254
f 2517 	1826 	1579
f 1688 	1687 	1824
f 538 	462 	454
f 1779 	2196 	1821
f 452 	454 	462
f 1616 	1829 	1825
f 1789 	2196 	1779
f 1779 	1821 	1824
f 529 	538 	454
f 974 	973 	1827
f 1828 	711 	1715
f 1827 	1733 	1830
f 905 	959 	900
f 1391 	529 	1398
f 1827 	1830 	974
f 1676 	900 	1735
f 964 	900 	1749
f 1676 	1749 	900
f 454 	1398 	529
f 1735 	900 	959
f 1398 	1452 	1391
f 959 	1725 	1735
f 1828 	520 	711
f 958 	964 	1246
f 1749 	1246 	964
f 1820 	1579 	1503
f 1657 	1829 	1586
f 1833 	756 	548
f 1828 	1715 	1833
f 548 	1828 	1833
f 1775 	1820 	1503
f 1574 	1577 	1399
f 1391 	1452 	1516
f 1399 	1401 	1574
f 1453 	1516 	1452
f 1837 	1847 	1453
f 1836 	1832 	1831
f 1835 	1820 	1775
f 1835 	1775 	1784
f 1448 	1399 	1822
f 1715 	1730 	1833
f 1839 	1392 	1227
f 1854 	1847 	1841
f 1837 	1840 	1570
f 1657 	1690 	1829
f 1838 	1854 	1841
f 1837 	1841 	1847
f 1825 	1829 	1729
f 1689 	1729 	1829
f 497 	1863 	498
f 1227 	1832 	1839
f 1839 	1832 	1836
f 1848 	1849 	1843
f 1844 	1848 	1843
f 1837 	1453 	1840
f 1516 	1453 	1847
f 1849 	1850 	1738
f 1738 	1843 	1849
f 1820 	1835 	1855
f 1453 	1354 	1840
f 1839 	2627 	1392
f 1851 	1738 	1850
f 1743 	1738 	1851
f 1854 	1838 	829
f 1570 	1901 	1882
f 1904 	1836 	1831
f 1904 	1831 	1868
f 1875 	1899 	1856
f 1857 	1875 	1856
f 1839 	1836 	2756
f 1674 	1768 	1835
f 1827 	1825 	1731
f 1729 	1731 	1825
f 1856 	1923 	1862
f 1863 	497 	1484
f 1861 	2392 	1038
f 1903 	1889 	1785
f 1865 	498 	1863
f 1923 	1926 	1862
f 1885 	991 	1793
f 1865 	1669 	498
f 1861 	1059 	1870
f 1287 	1285 	1788
f 1674 	1835 	1784
f 2766 	1861 	1868
f 1918 	1730 	1570
f 1669 	1865 	1830
f 1860 	1871 	1867
f 1830 	1863 	1484
f 2768 	2766 	1868
f 1863 	1830 	1865
f 1835 	1768 	1869
f 1918 	1570 	1930
f 1485 	1834 	1830
f 1872 	416 	1777
f 415 	1777 	416
f 1731 	1733 	1827
f 1872 	990 	416
f 1485 	1455 	1834
f 1713 	1724 	1502
f 1570 	1864 	1866
f 1878 	1842 	1592
f 1502 	1724 	1734
f 1843 	1852 	1853
f 1879 	1843 	1853
f 1864 	1570 	1840
f 1734 	1758 	1502
f 1852 	1843 	1880
f 1738 	1880 	1843
f 1864 	1840 	1354
f 1777 	1713 	1872
f 1354 	1404 	1864
f 1310 	1846 	1842
f 1872 	1713 	990
f 990 	1713 	1502
f 1868 	1861 	1870
f 1846 	1310 	2643
f 1883 	1882 	1884
f 1758 	1858 	1502
f 2624 	1877 	1875
f 1858 	1793 	1502
f 991 	1885 	417
f 418 	417 	1887
f 1885 	1887 	417
f 1886 	916 	1874
f 1874 	1876 	1886
f 1867 	1871 	1876
f 1871 	1886 	1876
f 1889 	418 	1888
f 1889 	1903 	418
f 1887 	1888 	418
f 1883 	1838 	1882
f 1869 	1823 	1855
f 1882 	1841 	1570
f 1869 	1855 	1835
f 1841 	1882 	1838
f 1881 	1894 	1738
f 1880 	1738 	1894
f 473 	1883 	710
f 1743 	1851 	1790
f 1884 	711 	1883
f 1675 	1317 	1896
f 1883 	711 	710
f 1881 	1759 	1221
f 1202 	1221 	1759
f 1850 	1795 	1851
f 1790 	1851 	1795
f 1883 	729 	1838
f 1894 	1881 	1221
f 473 	725 	1883
f 1795 	1850 	1849
f 1795 	1849 	1848
f 1895 	1875 	1877
f 725 	729 	1883
f 1894 	1221 	1880
f 1221 	1224 	1880
f 1852 	1880 	1224
f 1853 	1852 	1224
f 1895 	1898 	1875
f 1837 	1570 	1841
f 1844 	1795 	1848
f 1845 	1795 	1844
f 1898 	1899 	1875
f 1879 	1853 	1224
f 1897 	1896 	1317
f 1898 	1900 	1899
f 1897 	1317 	1403
f 1884 	1882 	1901
f 1868 	2769 	2768
f 1793 	1786 	1888
f 1907 	1842 	1909
f 706 	729 	725
f 725 	640 	792
f 1891 	1842 	1892
f 1903 	1905 	418
f 1905 	1927 	418
f 792 	706 	725
f 1727 	1901 	1570
f 1884 	1727 	1715
f 850 	1790 	1709
f 1786 	1785 	1889
f 1727 	1884 	1901
f 779 	792 	640
f 643 	779 	640
f 1675 	1896 	1674
f 706 	829 	729
f 1715 	711 	1884
f 1673 	1703 	1795
f 1838 	729 	829
f 1902 	1899 	1900
f 1523 	1649 	1326
f 257 	1892 	1907
f 1785 	1788 	1903
f 1907 	1909 	257
f 1908 	1523 	1671
f 1788 	1905 	1903
f 1910 	1906 	2734
f 1649 	1523 	1908
f 1671 	1979 	1908
f 847 	779 	648
f 648 	1873 	847
f 1892 	1842 	1907
f 847 	1873 	916
f 1874 	916 	1873
f 1591 	1641 	1890
f 643 	648 	779
f 1793 	1887 	1885
f 1910 	756 	1833
f 1910 	1833 	1730
f 991 	1502 	1793
f 1910 	1730 	1918
f 1917 	259 	1915
f 1913 	1915 	259
f 1914 	1921 	1911
f 1912 	1914 	1911
f 1906 	1910 	1918
f 1923 	1856 	1899
f 1917 	1920 	260
f 1917 	260 	259
f 1921 	1922 	1911
f 1916 	1911 	1924
f 1924 	1911 	1922
f 1924 	1929 	1916
f 1930 	1906 	1918
f 1888 	1887 	1793
f 1920 	1691 	260
f 1667 	260 	1691
f 1860 	1862 	1926
f 1871 	1860 	1926
f 1952 	1923 	1899
f 1919 	1916 	1929
f 1929 	1962 	1919
f 1936 	1605 	1928
f 1570 	1866 	1906
f 1939 	1605 	1936
f 1570 	1906 	1930
f 1931 	1932 	1847
f 1896 	1893 	1674
f 1932 	1933 	1847
f 1927 	1946 	418
f 1940 	2324 	1893
f 1692 	2001 	1897
f 1934 	1904 	1868
f 1692 	1897 	1403
f 1934 	1868 	1870
f 1913 	1641 	1915
f 1913 	259 	1944
f 1641 	1913 	1890
f 1944 	1890 	1913
f 1927 	1905 	1788
f 1939 	1945 	1605
f 1996 	419 	1946
f 1944 	259 	1947
f 1847 	1933 	1943
f 1944 	1947 	1890
f 1900 	2040 	1902
f 2040 	2044 	1902
f 1949 	1605 	1945
f 1943 	1948 	1847
f 1981 	1942 	1950
f 1515 	1516 	1847
f 1915 	1624 	1917
f 1917 	1624 	1920
f 1950 	1942 	1941
f 1515 	1847 	1948
f 2064 	1898 	1895
f 1605 	1949 	1612
f 1953 	259 	1982
f 1899 	1955 	1952
f 1878 	1890 	1953
f 1899 	1902 	1955
f 1937 	1897 	2001
f 1612 	1949 	1954
f 664 	668 	1948
f 1938 	1897 	1937
f 1938 	1940 	1897
f 1956 	1923 	1952
f 1710 	1948 	668
f 1893 	1896 	1940
f 1710 	1515 	1948
f 1940 	1896 	1897
f 664 	1933 	1713
f 1612 	1954 	1958
f 1981 	1951 	1942
f 1943 	1933 	664
f 1938 	2324 	1940
f 1948 	1943 	664
f 1724 	1713 	1933
f 1958 	1959 	1612
f 1956 	1926 	1923
f 1724 	1933 	1932
f 1959 	1961 	1612
f 1932 	1734 	1724
f 1758 	1734 	1931
f 1767 	1960 	1869
f 2208 	2210 	1952
f 1932 	1931 	1734
f 1767 	1869 	1768
f 1956 	1952 	2078
f 1962 	1963 	1919
f 1925 	1919 	1964
f 1963 	1964 	1919
f 1956 	2078 	2079
f 1858 	1758 	1931
f 1956 	2079 	1957
f 1911 	1965 	1966
f 1953 	1890 	1947
f 1916 	1967 	1968
f 1970 	1911 	1968
f 1965 	1911 	1970
f 1916 	1968 	1911
f 1919 	1972 	1967
f 1919 	1967 	1916
f 1975 	1919 	1974
f 1973 	1974 	1919
f 1972 	1919 	1975
f 1925 	1973 	1919
f 837 	1969 	1854
f 1957 	1926 	1956
f 1976 	1971 	1769
f 2004 	1958 	1954
f 1926 	1957 	1978
f 1969 	1977 	1854
f 1976 	1769 	1767
f 1983 	1854 	1977
f 2262 	1980 	1978
f 1977 	1985 	1983
f 1674 	1893 	1976
f 257 	1909 	258
f 1997 	1982 	258
f 1939 	2025 	2031
f 1939 	2031 	2032
f 1578 	1561 	1951
f 2025 	1939 	1936
f 1854 	829 	837
f 1578 	1951 	1981
f 1926 	1978 	1980
f 1988 	1854 	1983
f 1963 	1979 	1964
f 1795 	1964 	1979
f 1931 	1854 	1988
f 1973 	1235 	1974
f 1964 	1987 	1925
f 1986 	1925 	1987
f 2390 	1971 	1976
f 1980 	1984 	1926
f 1954 	1949 	2003
f 1987 	1845 	1986
f 1986 	1845 	1843
f 2003 	2004 	1954
f 1844 	1843 	1845
f 1989 	1973 	1925
f 1854 	1931 	1847
f 1958 	2004 	2007
f 1287 	696 	1969
f 1959 	1958 	2007
f 1946 	1788 	1513
f 1969 	696 	1977
f 696 	699 	1977
f 1984 	1990 	1926
f 1871 	1926 	1991
f 1785 	1977 	699
f 1977 	1785 	1985
f 1953 	1982 	1878
f 1842 	1878 	1982
f 1989 	1925 	1994
f 1986 	1994 	1925
f 1994 	1986 	1879
f 1843 	1879 	1986
f 1788 	1946 	1927
f 1936 	1928 	1995
f 1997 	258 	1909
f 418 	1946 	419
f 1795 	1845 	1987
f 1795 	1987 	1964
f 419 	1996 	1525
f 1786 	1985 	1785
f 1983 	1985 	1793
f 1786 	1793 	1985
f 1879 	1235 	1994
f 1224 	1235 	1879
f 1989 	1994 	1235
f 1973 	1989 	1235
f 1793 	1988 	1983
f 1979 	1963 	1962
f 1979 	1962 	1998
f 1995 	42 	2026
f 1858 	1931 	1988
f 1975 	1974 	1235
f 1928 	42 	1995
f 1993 	1992 	2276
f 1998 	1962 	1929
f 1998 	1929 	1924
f 1998 	1924 	1922
f 1331 	1394 	1999
f 1975 	1235 	1972
f 1967 	1972 	1235
f 1235 	1236 	1967
f 1968 	1967 	1236
f 2357 	1998 	1921
f 1922 	1921 	1998
f 1526 	1525 	1513
f 1996 	1513 	1525
f 1970 	1968 	1236
f 2000 	390 	619
f 2357 	1921 	1914
f 2357 	1914 	1912
f 1946 	1513 	1996
f 2000 	392 	390
f 1692 	2005 	2001
f 1970 	1236 	1965
f 1966 	1965 	1236
f 1935 	1937 	2001
f 1671 	1795 	1979
f 619 	623 	2041
f 1908 	1979 	1998
f 1908 	1998 	2357
f 1612 	1961 	2006
f 2006 	2008 	1660
f 2009 	2049 	1961
f 2011 	339 	1617
f 323 	339 	2013
f 2013 	2017 	323
f 1990 	1991 	1926
f 1909 	1842 	1997
f 1982 	1997 	1842
f 1959 	2007 	2009
f 1999 	1289 	2010
f 1984 	1980 	2263
f 1961 	1959 	2009
f 2015 	2012 	1596
f 1984 	2263 	2265
f 1999 	1394 	1289
f 2015 	2013 	2012
f 1990 	1984 	2265
f 2017 	2019 	323
f 2019 	2028 	323
f 1991 	1990 	2265
f 2279 	1991 	2265
f 2055 	2007 	2004
f 2017 	2013 	2018
f 2015 	2018 	2013
f 2028 	2033 	323
f 1428 	2020 	1423
f 2982 	1993 	2276
f 2061 	324 	2059
f 1444 	1423 	2021
f 2419 	2021 	1423
f 2006 	1660 	1612
f 2020 	1428 	2458
f 1444 	2021 	1290
f 1304 	1290 	2021
f 2029 	2019 	2018
f 2022 	1660 	2008
f 2025 	1936 	1995
f 2026 	2025 	1995
f 2012 	2011 	1596
f 2011 	1617 	1596
f 1617 	1615 	1596
f 1213 	2014 	1215
f 1478 	277 	814
f 2026 	42 	695
f 2028 	2019 	2029
f 2017 	2018 	2019
f 2035 	1482 	2024
f 2022 	2023 	1660
f 814 	2024 	1478
f 2014 	1213 	2030
f 2035 	2045 	1507
f 2016 	1999 	2010
f 695 	722 	2026
f 2035 	1507 	1482
f 737 	2026 	722
f 2000 	2010 	1289
f 2079 	1978 	1957
f 2035 	2024 	2039
f 814 	2027 	2024
f 2010 	2000 	2036
f 2027 	859 	856
f 737 	744 	2026
f 2025 	2026 	744
f 5 	2043 	2042
f 2043 	5 	4
f 814 	859 	2027
f 785 	5 	788
f 2042 	788 	5
f 2036 	2016 	2010
f 2030 	2037 	2014
f 744 	750 	2025
f 392 	2000 	1289
f 750 	785 	2025
f 2035 	2039 	2045
f 2039 	2024 	2027
f 2089 	1902 	2044
f 1941 	2861 	2014
f 2041 	624 	2036
f 2085 	2031 	2043
f 2084 	2031 	2085
f 2041 	2036 	2000
f 619 	2041 	2000
f 2042 	2031 	788
f 2043 	2031 	2042
f 1507 	2045 	1509
f 1949 	1945 	2046
f 2039 	2144 	2060
f 2030 	1225 	2549
f 1945 	2047 	2046
f 2045 	2039 	2060
f 2057 	2070 	323
f 2033 	2057 	323
f 2014 	2051 	1941
f 2050 	2049 	2009
f 323 	2059 	324
f 2049 	2006 	1961
f 2061 	2062 	324
f 2023 	2022 	2595
f 2050 	2009 	2007
f 2055 	2050 	2007
f 112 	1950 	2051
f 2036 	624 	2056
f 2056 	2016 	2036
f 2053 	2033 	2029
f 2028 	2029 	2033
f 1950 	1941 	2051
f 2056 	2225 	2016
f 2059 	323 	2058
f 325 	324 	2062
f 2058 	2203 	2059
f 2059 	2203 	2061
f 1898 	2096 	2093
f 2063 	2055 	2004
f 2096 	1898 	2064
f 2150 	2064 	2038
f 2051 	2014 	2037
f 2063 	2004 	2003
f 1877 	2038 	2064
f 2057 	2053 	2067
f 1895 	1877 	2064
f 2144 	2039 	2068
f 2063 	2003 	2046
f 299 	2066 	2069
f 2053 	2057 	2033
f 2003 	1949 	2046
f 2183 	2069 	2066
f 2058 	323 	2071
f 2070 	2080 	323
f 2094 	2102 	2046
f 2062 	2203 	2202
f 2207 	2208 	1952
f 2071 	2203 	2058
f 2207 	1952 	1955
f 2065 	999 	2072
f 2073 	2063 	2074
f 2076 	2074 	2063
f 2075 	2070 	2067
f 2079 	2078 	2217
f 1939 	2032 	2047
f 2068 	2027 	856
f 2067 	2070 	2057
f 1945 	1939 	2047
f 2183 	2186 	2069
f 2039 	2027 	2068
f 2071 	323 	2080
f 2084 	3 	2083
f 2082 	2083 	3
f 2217 	2078 	2210
f 3 	2084 	4
f 2085 	4 	2084
f 2078 	1952 	2210
f 2043 	4 	2085
f 1900 	1898 	2086
f 2040 	1900 	2086
f 2083 	2031 	2084
f 2088 	2065 	2072
f 2031 	2083 	2032
f 2082 	2032 	2083
f 2144 	2068 	2092
f 2089 	2040 	2086
f 2068 	2065 	2092
f 2082 	3 	2090
f 2089 	2044 	2040
f 987 	2048 	985
f 2088 	2119 	2065
f 2069 	2186 	2077
f 2091 	2087 	2052
f 2086 	2184 	2089
f 2032 	2082 	2047
f 2090 	2047 	2082
f 2091 	2052 	2048
f 2158 	2089 	2154
f 2077 	2188 	2081
f 2093 	2086 	1898
f 1 	2076 	2
f 1789 	52 	2081
f 2090 	3 	2094
f 2105 	2102 	2
f 2203 	2071 	2080
f 2095 	1801 	1806
f 2094 	2046 	2090
f 2047 	2090 	2046
f 2056 	624 	2114
f 1806 	2098 	2095
f 2098 	2100 	2095
f 624 	2242 	2114
f 2097 	2095 	2100
f 2100 	2132 	2097
f 2075 	2203 	2080
f 2184 	2086 	2179
f 630 	2242 	624
f 2094 	3 	2102
f 2063 	2046 	2102
f 2242 	630 	652
f 2070 	2075 	2080
f 2105 	2 	2076
f 2093 	2179 	2086
f 2102 	2105 	2063
f 2101 	2106 	2103
f 2106 	2107 	2103
f 2107 	2109 	2103
f 2076 	2063 	2105
f 2109 	2110 	2103
f 2110 	2112 	2103
f 2104 	2103 	2112
f 2112 	2115 	2104
f 2117 	1614 	2111
f 987 	2091 	2048
f 2108 	2104 	2115
f 2115 	2124 	2108
f 2075 	2067 	1666
f 2075 	1666 	675
f 2092 	2065 	2119
f 2075 	675 	2203
f 2598 	2088 	2072
f 2087 	1857 	1856
f 2087 	2091 	1857
f 994 	1857 	2091
f 863 	820 	2147
f 841 	863 	2147
f 1402 	1331 	2121
f 2111 	433 	2117
f 437 	2117 	433
f 2124 	2125 	2108
f 2125 	2126 	2108
f 2113 	2108 	2126
f 2126 	2128 	2113
f 2128 	2129 	2113
f 2116 	2113 	2129
f 2127 	2116 	2129
f 2130 	2131 	2122
f 2129 	1337 	2127
f 1332 	2127 	1337
f 550 	552 	2067
f 2099 	2097 	2133
f 2132 	2133 	2097
f 2099 	2133 	2101
f 2106 	2101 	2133
f 2068 	856 	2065
f 437 	2118 	2117
f 2065 	1018 	999
f 1801 	2095 	1819
f 2134 	1819 	2095
f 921 	2130 	2122
f 2067 	547 	550
f 2053 	2029 	547
f 2095 	2097 	2134
f 2137 	2134 	2097
f 2067 	2053 	547
f 2122 	999 	921
f 542 	547 	2029
f 2137 	2097 	2141
f 2140 	2141 	2097
f 2097 	2099 	2140
f 2138 	2140 	2099
f 2029 	539 	542
f 2138 	2099 	2142
f 2101 	2142 	2099
f 2065 	856 	1018
f 2131 	2120 	2122
f 2092 	2119 	2146
f 2120 	2131 	2002
f 2184 	2155 	2089
f 841 	2147 	2148
f 2139 	2145 	1618
f 2130 	2002 	2131
f 2144 	2092 	2146
f 2150 	2096 	2064
f 2054 	2060 	2144
f 2149 	948 	2048
f 2148 	955 	841
f 921 	948 	2149
f 2149 	2048 	2052
f 2144 	2146 	2054
f 2152 	2149 	2052
f 1618 	2145 	2151
f 2152 	2034 	2149
f 921 	2149 	2130
f 2148 	2147 	922
f 2130 	2149 	2034
f 2130 	2034 	2002
f 2155 	512 	2154
f 2158 	512 	2160
f 2154 	2089 	2155
f 2151 	2153 	1618
f 2154 	512 	2158
f 1614 	1618 	2111
f 2111 	1618 	2153
f 1661 	1665 	521
f 1661 	521 	518
f 2018 	539 	2029
f 2015 	534 	539
f 2018 	2015 	539
f 2002 	2034 	2163
f 2135 	2520 	2136
f 2103 	2143 	2142
f 2103 	2142 	2101
f 2521 	2523 	2153
f 2169 	2159 	511
f 2104 	2166 	2167
f 2104 	2167 	2168
f 2143 	2103 	2168
f 2104 	2168 	2103
f 2153 	541 	2111
f 544 	2521 	2145
f 2108 	2171 	2172
f 2108 	2172 	2173
f 2166 	2104 	2173
f 2108 	2173 	2104
f 2151 	2145 	2521
f 2171 	2108 	2174
f 2113 	2174 	2108
f 2208 	2160 	2159
f 2153 	2151 	2521
f 2116 	2175 	2176
f 2174 	2113 	2176
f 2116 	2176 	2113
f 1999 	2121 	1331
f 2208 	2207 	2160
f 2121 	1999 	2178
f 2175 	2116 	2177
f 2127 	2177 	2116
f 2177 	2127 	1358
f 1332 	1358 	2127
f 2180 	512 	2179
f 1382 	1337 	2183
f 2163 	2170 	2181
f 2178 	1999 	2016
f 2183 	1337 	2129
f 2183 	2129 	2128
f 2179 	2093 	2180
f 540 	2520 	2135
f 2180 	2093 	2182
f 1402 	2121 	2123
f 1358 	1286 	2177
f 2175 	2177 	1286
f 2176 	2175 	1265
f 2117 	2118 	1622
f 2179 	512 	2184
f 2155 	2184 	512
f 2161 	2616 	2164
f 2183 	2128 	2126
f 2183 	2126 	2125
f 2118 	2185 	1622
f 1404 	1402 	2123
f 1265 	1266 	2174
f 2176 	1265 	2174
f 2171 	2174 	1266
f 2172 	2171 	1266
f 2124 	2186 	2125
f 2183 	2125 	2186
f 2173 	2172 	1266
f 2189 	2185 	34
f 2186 	2124 	2115
f 2186 	2115 	2112
f 2186 	2112 	2110
f 2178 	2228 	2187
f 2117 	1622 	1614
f 2173 	1266 	2166
f 1266 	1268 	2166
f 2167 	2166 	1268
f 2110 	2109 	2186
f 2188 	2186 	2109
f 2187 	2123 	2121
f 1622 	2185 	2189
f 2038 	248 	2150
f 2187 	2121 	2178
f 1705 	2191 	2192
f 2168 	2167 	1268
f 2189 	2193 	1622
f 2188 	2109 	2107
f 2188 	2107 	2106
f 2188 	2106 	2133
f 1928 	1605 	1622
f 1672 	1660 	2023
f 2190 	2156 	2157
f 2193 	1928 	1622
f 2143 	1268 	2142
f 2138 	2142 	1268
f 2168 	1268 	2143
f 1268 	1271 	2138
f 2140 	2138 	1271
f 2196 	2188 	2133
f 2196 	2133 	2132
f 2045 	2157 	2156
f 248 	420 	2150
f 2096 	2150 	420
f 2204 	504 	2197
f 2182 	2197 	504
f 2193 	42 	1928
f 2194 	2187 	2228
f 2060 	2275 	2157
f 2182 	2093 	2197
f 2205 	523 	505
f 2194 	2123 	2187
f 2141 	2140 	1271
f 2196 	2132 	2100
f 2196 	2100 	2098
f 1806 	2196 	2098
f 2199 	2191 	1707
f 2141 	1271 	2137
f 2137 	1271 	2134
f 1250 	1819 	1271
f 2134 	1271 	1819
f 1631 	519 	2200
f 2183 	1318 	1382
f 1318 	2183 	2066
f 2045 	2060 	2157
f 682 	1705 	2192
f 2205 	505 	2204
f 2228 	2198 	2342
f 2062 	2202 	325
f 527 	268 	523
f 2202 	804 	325
f 2170 	2163 	2220
f 977 	2216 	2206
f 2077 	2186 	2188
f 2197 	2093 	2204
f 2206 	2331 	989
f 2204 	2093 	2205
f 2205 	2093 	523
f 2081 	2188 	2196
f 2162 	2045 	2156
f 2089 	2207 	1902
f 2196 	1789 	2081
f 2207 	1955 	1902
f 2148 	977 	955
f 1320 	804 	2203
f 1631 	1629 	519
f 1631 	2200 	2201
f 2219 	2162 	2156
f 1633 	1631 	2201
f 2156 	2211 	2219
f 2201 	1625 	1633
f 2240 	2002 	2212
f 2002 	2163 	2212
f 2215 	922 	521
f 2211 	2156 	2190
f 2212 	2163 	2181
f 2217 	2213 	2079
f 2216 	977 	2148
f 2215 	2148 	922
f 2215 	2206 	2216
f 2218 	719 	2214
f 2152 	2052 	2221
f 2229 	2219 	2211
f 2123 	1864 	1404
f 820 	719 	2218
f 2052 	2223 	2221
f 2211 	2190 	2229
f 2224 	2220 	2221
f 2224 	2221 	2223
f 2232 	20 	2194
f 2158 	2207 	2089
f 2223 	2052 	2224
f 1176 	2226 	510
f 1275 	1562 	2219
f 2219 	1562 	2162
f 2178 	2016 	2225
f 510 	2226 	511
f 2227 	511 	2226
f 1562 	1509 	2162
f 2225 	2228 	2178
f 2052 	2087 	2224
f 2227 	2169 	511
f 2224 	2087 	1856
f 2229 	1582 	2219
f 1176 	2208 	2226
f 2230 	2383 	2220
f 2194 	2228 	2232
f 2061 	2203 	2062
f 2220 	2224 	2230
f 2202 	2203 	804
f 1601 	2208 	1176
f 2159 	2169 	2208
f 2226 	2208 	2227
f 805 	2235 	326
f 2227 	2208 	2169
f 2233 	2236 	2218
f 326 	2235 	327
f 2237 	327 	2235
f 1862 	1860 	2230
f 1862 	2230 	2224
f 2234 	2198 	2228
f 2237 	2238 	327
f 328 	327 	2238
f 2224 	1856 	1862
f 820 	2218 	2236
f 2238 	809 	328
f 2147 	820 	2236
f 2344 	305 	2232
f 2232 	305 	20
f 2163 	2221 	2220
f 2200 	519 	2236
f 2191 	1390 	2192
f 2158 	2160 	2207
f 2034 	2152 	2221
f 2210 	2208 	1601
f 2201 	2200 	2236
f 2163 	2034 	2221
f 2215 	2222 	2206
f 1390 	2191 	2199
f 2236 	2233 	2201
f 2201 	2233 	2231
f 2210 	1601 	2217
f 2235 	805 	2203
f 2216 	2148 	2215
f 1320 	2203 	805
f 2235 	2203 	2237
f 2228 	2344 	2232
f 507 	2248 	508
f 2249 	508 	2248
f 2344 	2228 	2342
f 1696 	2209 	2243
f 2228 	2225 	2234
f 2255 	1696 	2243
f 2239 	2240 	2212
f 659 	2288 	2242
f 1601 	2213 	2217
f 2002 	2240 	2120
f 2288 	659 	765
f 2237 	2203 	2238
f 509 	508 	2250
f 2238 	2203 	809
f 2250 	1173 	509
f 659 	2242 	652
f 1601 	2310 	2213
f 2222 	1664 	1662
f 1665 	2222 	2215
f 2192 	1390 	2203
f 2244 	621 	665
f 1664 	2222 	1665
f 2244 	665 	2247
f 2215 	521 	1665
f 697 	2259 	2247
f 2161 	1672 	2023
f 2164 	1672 	2161
f 2249 	2250 	508
f 2165 	1672 	2164
f 2247 	2260 	2244
f 2225 	2056 	2251
f 2252 	1937 	1935
f 2056 	2114 	2251
f 2250 	2249 	2282
f 2195 	1672 	2165
f 2245 	2254 	2253
f 2377 	2282 	2248
f 2248 	2282 	2249
f 2257 	2229 	2190
f 2250 	2282 	1173
f 1601 	1173 	2282
f 1672 	2195 	2256
f 2256 	2258 	1672
f 2219 	1582 	1580
f 2259 	2260 	2247
f 2219 	1580 	1275
f 2412 	2409 	2229
f 1625 	2254 	1638
f 2285 	2253 	1625
f 2260 	2457 	2244
f 2252 	1938 	1937
f 1625 	2253 	2254
f 2259 	697 	691
f 1935 	2001 	2252
f 2251 	2234 	2225
f 1638 	2254 	2389
f 2198 	2234 	2251
f 2252 	2324 	1938
f 2269 	2270 	2001
f 2005 	2269 	2001
f 2229 	2257 	2412
f 2214 	2579 	2267
f 1582 	2229 	2409
f 1980 	2262 	2263
f 2267 	2218 	2214
f 2267 	2274 	2218
f 2334 	2276 	1992
f 2274 	2267 	2278
f 2269 	1649 	1908
f 2262 	1978 	2213
f 2005 	1649 	2269
f 2277 	9 	2241
f 2252 	2001 	2270
f 2241 	2246 	2278
f 2264 	2795 	2273
f 1978 	2079 	2213
f 2795 	2800 	2273
f 2279 	2265 	2281
f 2277 	2241 	2278
f 2267 	2277 	2278
f 2277 	2267 	9
f 2263 	2282 	2281
f 2243 	2509 	2255
f 2509 	2510 	2255
f 2246 	2245 	2231
f 2454 	2268 	2255
f 2231 	2278 	2246
f 2233 	2274 	2231
f 2251 	2114 	2242
f 1696 	2255 	1711
f 2231 	2274 	2278
f 2274 	2233 	2218
f 2253 	2231 	2245
f 2285 	2201 	2231
f 2285 	1625 	2201
f 2220 	2280 	2170
f 2285 	2231 	2253
f 2290 	2291 	2286
f 2291 	2303 	2286
f 2181 	2170 	2280
f 2293 	2271 	2288
f 2295 	1091 	1095
f 2288 	2271 	2251
f 1005 	2298 	996
f 2288 	2251 	2242
f 2299 	2295 	1095
f 765 	2293 	2288
f 1097 	2300 	2302
f 2325 	2293 	765
f 2297 	2146 	2284
f 2321 	2283 	2296
f 1431 	1417 	2299
f 2302 	2299 	1417
f 2293 	2325 	2327
f 1097 	2302 	1417
f 2303 	2304 	2286
f 2289 	2286 	2304
f 2304 	2308 	2289
f 2281 	2265 	2263
f 1706 	2472 	1680
f 2305 	2307 	2306
f 2307 	1912 	2306
f 1911 	2306 	1912
f 1706 	2470 	2471
f 1706 	2471 	2472
f 2308 	2309 	2292
f 2292 	2289 	2308
f 2305 	2292 	2309
f 2307 	2305 	2309
f 2310 	2282 	2263
f 2255 	2268 	1711
f 1431 	2299 	1095
f 2286 	2311 	2312
f 2313 	2286 	2312
f 2333 	2286 	2313
f 1711 	2268 	2314
f 2311 	2286 	2316
f 2289 	2316 	2286
f 2289 	2292 	2316
f 2318 	2316 	2292
f 2317 	2318 	2292
f 2299 	1645 	2295
f 1645 	2299 	2302
f 2320 	2292 	2319
f 2317 	2292 	2320
f 2305 	2319 	2292
f 2300 	1645 	2302
f 2319 	2305 	2322
f 2306 	2322 	2305
f 1711 	2314 	2315
f 2135 	1645 	2300
f 1911 	1966 	2306
f 2322 	2306 	1966
f 2324 	2308 	2304
f 2324 	2304 	2303
f 2135 	2136 	1645
f 2136 	2139 	1645
f 782 	2325 	765
f 2139 	1618 	1645
f 2323 	1711 	2315
f 2323 	2326 	1711
f 2327 	2325 	2328
f 1365 	1364 	2316
f 2318 	1365 	2316
f 2311 	2316 	1364
f 2312 	2311 	1364
f 2290 	2396 	2291
f 2291 	2396 	2303
f 2326 	2330 	1711
f 2297 	2284 	2335
f 1712 	2332 	2354
f 2335 	2284 	2301
f 1385 	2384 	1364
f 1712 	1711 	2332
f 2146 	2297 	2275
f 1364 	2333 	2313
f 2313 	2312 	1364
f 2310 	2263 	2262
f 2330 	2332 	1711
f 1912 	2307 	2357
f 2309 	2357 	2307
f 2334 	1992 	2279
f 1992 	1991 	2279
f 2604 	2675 	2268
f 1645 	2337 	2295
f 2315 	2314 	2586
f 1966 	1365 	2322
f 1236 	1365 	1966
f 2319 	2322 	1365
f 2320 	2319 	1365
f 2315 	2586 	2589
f 1543 	2337 	2336
f 2308 	2324 	2309
f 2323 	2315 	2589
f 1013 	2331 	2350
f 2337 	1543 	1091
f 1013 	2350 	2338
f 2295 	2337 	1091
f 2335 	2275 	2297
f 2326 	2323 	2590
f 2473 	2321 	2296
f 2320 	1365 	2317
f 2318 	2317 	1365
f 1549 	2336 	2340
f 2340 	1654 	533
f 2054 	2146 	2275
f 2341 	2340 	533
f 2341 	533 	534
f 2336 	1654 	2340
f 2337 	1654 	2336
f 1654 	2337 	1645
f 2190 	2335 	2257
f 1596 	2340 	2341
f 2344 	2346 	305
f 2352 	2257 	2335
f 534 	2015 	2341
f 2015 	1596 	2341
f 2479 	748 	2345
f 748 	620 	2345
f 2339 	1148 	1013
f 2275 	2060 	2054
f 2344 	2342 	2346
f 2497 	1037 	1031
f 2348 	2339 	2338
f 2349 	2348 	2338
f 342 	305 	2346
f 2678 	2591 	2326
f 620 	633 	2345
f 633 	2351 	2345
f 2269 	1908 	2357
f 2269 	2357 	2270
f 2350 	2331 	2206
f 2270 	2324 	2252
f 2338 	2350 	2349
f 2262 	2213 	2310
f 2357 	2309 	2324
f 2350 	2206 	2222
f 2270 	2357 	2324
f 2349 	2350 	2222
f 2353 	2181 	2280
f 1893 	2324 	1976
f 2359 	2345 	2351
f 114 	132 	2360
f 2362 	2365 	2361
f 2361 	2360 	2362
f 133 	2362 	2360
f 2343 	2353 	2321
f 2365 	2366 	2361
f 2366 	2367 	2361
f 2363 	2361 	2367
f 2367 	2370 	2363
f 2370 	2371 	2363
f 2364 	2363 	2371
f 2371 	2372 	2364
f 375 	303 	2368
f 2280 	2283 	2353
f 2369 	2364 	2372
f 2372 	2373 	2369
f 2286 	2369 	2373
f 2222 	1662 	2349
f 2283 	2321 	2353
f 2351 	2355 	2359
f 2276 	2334 	2368
f 2784 	2356 	2354
f 2355 	2351 	1658
f 2376 	507 	506
f 2358 	2787 	1548
f 1991 	1992 	1871
f 2190 	2157 	2275
f 2356 	2784 	2787
f 2275 	2335 	2190
f 2261 	1677 	2258
f 2352 	2335 	2301
f 2264 	1677 	2261
f 2376 	506 	2375
f 2301 	2347 	2352
f 2376 	2377 	507
f 2373 	2391 	2286
f 2286 	2374 	2290
f 2377 	2248 	507
f 114 	2360 	160
f 2378 	160 	2360
f 2361 	2379 	2380
f 2361 	2380 	2381
f 2378 	2360 	2381
f 2361 	2381 	2360
f 2243 	2209 	2453
f 2379 	2361 	2382
f 2363 	2382 	2361
f 2243 	2453 	2509
f 2272 	2266 	2383
f 1658 	2513 	2355
f 2364 	2384 	2385
f 2382 	2363 	2385
f 2364 	2385 	2363
f 2386 	2272 	2383
f 2384 	2364 	2387
f 2369 	2387 	2364
f 2462 	2352 	2347
f 2386 	1867 	2272
f 1658 	2351 	633
f 2333 	2394 	2286
f 2387 	2369 	2388
f 2286 	2388 	2369
f 666 	1658 	633
f 2230 	2386 	2383
f 2462 	2465 	2352
f 2374 	2396 	2290
f 2391 	2396 	2374
f 2468 	2257 	2352
f 2390 	2373 	2372
f 2390 	2372 	2371
f 2390 	2371 	2370
f 2387 	1364 	2384
f 2388 	1364 	2387
f 2385 	2384 	1385
f 2374 	2286 	2391
f 703 	2393 	256
f 1867 	2230 	1860
f 2392 	1036 	1038
f 2388 	2286 	2394
f 1892 	256 	1891
f 2393 	1891 	256
f 2258 	1677 	1672
f 1867 	2386 	2230
f 1638 	2389 	2395
f 2324 	2303 	2396
f 1049 	1036 	2392
f 1677 	2264 	2273
f 2280 	2220 	2383
f 2273 	2398 	1677
f 2383 	2296 	2283
f 1310 	1842 	703
f 2393 	703 	1842
f 1891 	2393 	1842
f 2398 	2399 	1677
f 1059 	1093 	2519
f 2266 	2415 	2383
f 2383 	2415 	2296
f 1059 	2519 	1870
f 2283 	2280 	2383
f 2399 	2400 	1677
f 2397 	1638 	2395
f 2402 	1677 	2400
f 1647 	1638 	2397
f 2376 	2375 	2282
f 2377 	2376 	2282
f 273 	2404 	255
f 2405 	255 	2404
f 2405 	702 	255
f 2239 	2212 	2401
f 2281 	2282 	1546
f 2212 	2181 	2401
f 2209 	1696 	1677
f 2405 	2716 	702
f 1546 	2279 	2281
f 2353 	2403 	2181
f 2404 	2716 	2405
f 2407 	2408 	2409
f 2402 	2209 	1677
f 2403 	2401 	2181
f 2408 	1822 	1582
f 2343 	2403 	2353
f 2410 	621 	2411
f 1601 	2282 	2310
f 2412 	2407 	2409
f 2410 	627 	621
f 2254 	2245 	2389
f 2251 	2342 	2198
f 2409 	2408 	1582
f 2245 	2413 	2389
f 2408 	1448 	1822
f 2394 	2333 	1364
f 2266 	2414 	2415
f 2396 	2391 	2373
f 2396 	2373 	2390
f 2389 	2413 	2406
f 2416 	2410 	2411
f 2346 	2271 	2436
f 2412 	2257 	2468
f 2388 	2394 	1364
f 2389 	2406 	2395
f 2346 	2342 	2271
f 2390 	2370 	2367
f 2390 	2367 	2366
f 2416 	2411 	2414
f 2251 	2271 	2342
f 573 	342 	2346
f 2395 	2406 	2397
f 2385 	1385 	2382
f 1385 	1386 	2382
f 2379 	2382 	1386
f 2380 	2379 	1386
f 1873 	627 	2410
f 2412 	2507 	2449
f 2365 	297 	2366
f 2390 	2366 	297
f 2397 	2406 	2329
f 2448 	580 	2346
f 2381 	2380 	1386
f 297 	2365 	2362
f 132 	297 	133
f 2362 	133 	297
f 2416 	2414 	2266
f 2381 	1386 	2378
f 160 	2378 	1386
f 160 	1386 	165
f 2293 	2327 	2502
f 2420 	2423 	2419
f 2419 	1423 	2020
f 2420 	2419 	2020
f 2324 	2396 	1976
f 2421 	2419 	2423
f 2423 	2425 	2421
f 2390 	1976 	2396
f 2425 	2426 	2421
f 2426 	2427 	2421
f 2422 	2421 	2427
f 2427 	2429 	2422
f 2424 	2422 	2429
f 2429 	2430 	2424
f 297 	1971 	2390
f 1873 	648 	627
f 2430 	2431 	2424
f 2428 	2424 	2431
f 2428 	2431 	2432
f 2428 	2432 	2433
f 2410 	1874 	1873
f 2410 	2416 	1874
f 2435 	2021 	2419
f 2419 	2421 	2435
f 2437 	2435 	2421
f 2436 	2271 	2438
f 1876 	1874 	2416
f 2437 	2421 	2441
f 2440 	2441 	2421
f 2439 	2440 	2421
f 2439 	2421 	2422
f 2422 	2424 	2439
f 2442 	2439 	2424
f 1876 	2416 	2266
f 2438 	2271 	2293
f 2511 	2490 	2434
f 1876 	2272 	1867
f 2434 	2418 	2417
f 2442 	2424 	2445
f 2444 	2445 	2424
f 2424 	2428 	2444
f 2443 	2444 	2428
f 1876 	2266 	2272
f 2460 	2246 	2241
f 2428 	2446 	2443
f 573 	2346 	580
f 2241 	2447 	2460
f 2507 	2433 	2432
f 2507 	2432 	2431
f 2296 	2415 	2414
f 1157 	1037 	2434
f 2446 	1302 	2443
f 2444 	2443 	1302
f 2244 	2411 	621
f 2434 	2417 	1157
f 2430 	2449 	2431
f 2507 	2431 	2449
f 1512 	580 	2448
f 2438 	2293 	2502
f 2445 	2444 	1302
f 2449 	2430 	2429
f 2449 	2429 	2427
f 2449 	2427 	2426
f 2450 	2448 	2346
f 2450 	2346 	2436
f 2330 	2326 	2591
f 2445 	1302 	2442
f 2439 	2442 	1302
f 1302 	1304 	2439
f 2440 	2439 	1304
f 2450 	2436 	2438
f 2332 	2330 	2591
f 2425 	2458 	2426
f 2449 	2426 	2458
f 2417 	2447 	2602
f 2450 	2508 	2448
f 2441 	2440 	1304
f 2296 	2414 	2457
f 2451 	2457 	2414
f 2020 	2458 	2420
f 2423 	2420 	2458
f 2437 	1304 	2435
f 2441 	1304 	2437
f 2021 	2435 	1304
f 2296 	2457 	2473
f 2411 	2451 	2414
f 2268 	2454 	2604
f 2411 	2244 	2451
f 2457 	2451 	2244
f 2408 	2449 	2458
f 2412 	2449 	2407
f 2407 	2449 	2408
f 2260 	2473 	2457
f 1157 	2417 	2602
f 2425 	2423 	2458
f 2406 	2460 	2459
f 1448 	2408 	2458
f 2406 	2413 	2460
f 2287 	1156 	1168
f 2417 	2459 	2460
f 2287 	1168 	2464
f 1470 	1466 	2463
f 2413 	2245 	2460
f 2639 	1470 	2469
f 2464 	1148 	2339
f 2352 	2465 	2468
f 2459 	2418 	2466
f 2246 	2460 	2245
f 2463 	2639 	2469
f 2471 	2470 	2464
f 2460 	2447 	2417
f 2260 	2259 	2461
f 2465 	2505 	2468
f 2472 	2471 	2464
f 1466 	2645 	2463
f 2473 	2260 	2467
f 2459 	2466 	2406
f 2417 	2418 	2459
f 2474 	2428 	2433
f 2456 	2475 	2637
f 2348 	2472 	2339
f 2433 	2477 	2474
f 2477 	2480 	2474
f 1539 	2475 	2456
f 2476 	2474 	2480
f 2480 	2482 	2476
f 2287 	2464 	2470
f 2482 	2483 	2476
f 2483 	2484 	2476
f 2478 	2476 	2484
f 2484 	2486 	2478
f 2467 	2260 	2461
f 794 	748 	2479
f 2481 	2478 	2486
f 2486 	2487 	2481
f 2455 	2658 	2475
f 2497 	794 	2479
f 2473 	2343 	2321
f 1520 	1519 	2455
f 2487 	2488 	2481
f 2485 	2481 	2488
f 2485 	2488 	2489
f 2455 	2475 	1520
f 2428 	2474 	2446
f 2491 	2446 	2474
f 2961 	2343 	2492
f 2479 	2345 	2490
f 2491 	2474 	2495
f 2494 	2495 	2476
f 2476 	2495 	2474
f 2493 	2494 	2476
f 2359 	2490 	2345
f 2339 	2472 	2464
f 2492 	2343 	2473
f 2496 	2493 	2476
f 2496 	2476 	2478
f 2478 	2481 	2496
f 2498 	2496 	2481
f 1706 	2868 	2470
f 2467 	2492 	2473
f 2498 	2481 	2501
f 2500 	2501 	2481
f 2481 	2485 	2500
f 2499 	2500 	2485
f 2503 	2499 	2485
f 2814 	2489 	2488
f 794 	2497 	1501
f 1871 	1992 	1993
f 2349 	1662 	1680
f 2503 	1311 	2499
f 2500 	2499 	1311
f 2497 	2479 	2490
f 1680 	2472 	2348
f 2328 	2502 	2327
f 1680 	2348 	2349
f 2504 	1871 	1993
f 2487 	2505 	2488
f 2814 	2488 	2505
f 2418 	2490 	2466
f 2501 	2500 	1311
f 2505 	2487 	2486
f 2505 	2486 	2484
f 2505 	2484 	2483
f 2466 	2490 	2406
f 2504 	2506 	1871
f 2588 	2325 	2584
f 2325 	2588 	2328
f 2498 	1311 	2496
f 1311 	1314 	2496
f 2501 	1311 	2498
f 2493 	2496 	1314
f 2494 	2493 	1314
f 2329 	2406 	2490
f 2482 	2507 	2483
f 2505 	2483 	2507
f 2495 	2494 	1314
f 2438 	2502 	2508
f 2329 	2490 	2359
f 2508 	2450 	2438
f 2507 	2482 	2480
f 2507 	2480 	2477
f 2433 	2507 	2477
f 1031 	1542 	2497
f 1542 	1501 	2497
f 2495 	1314 	2491
f 1302 	2446 	1314
f 2491 	1314 	2446
f 2605 	2454 	2510
f 862 	867 	2613
f 2434 	1037 	2511
f 2814 	2505 	2462
f 2603 	862 	2613
f 2462 	2505 	2465
f 2510 	2454 	2255
f 2605 	2510 	2509
f 1037 	2497 	2511
f 2468 	2505 	2507
f 2511 	2497 	2490
f 2506 	1886 	1871
f 2418 	2434 	2490
f 2468 	2507 	2412
f 2359 	2355 	2513
f 852 	352 	2514
f 2515 	2397 	2329
f 852 	2514 	2550
f 2329 	2513 	2515
f 782 	237 	2325
f 372 	2514 	352
f 2512 	1886 	2506
f 2452 	2453 	2209
f 2329 	2359 	2513
f 2397 	2515 	1647
f 2515 	2513 	1658
f 1886 	2512 	2518
f 1658 	1647 	2515
f 2516 	2517 	1823
f 2135 	2300 	540
f 2518 	907 	1886
f 1870 	2519 	2534
f 1820 	2517 	1579
f 1531 	2524 	1524
f 1820 	1855 	2517
f 2006 	2638 	2008
f 2517 	1855 	1823
f 2153 	2523 	541
f 2524 	2527 	2522
f 2522 	1524 	2524
f 2525 	2522 	2527
f 2527 	2530 	2525
f 2519 	1205 	1213
f 2111 	541 	433
f 1215 	2519 	1213
f 2530 	2532 	2525
f 2526 	2525 	2532
f 2532 	2536 	2526
f 2531 	1228 	2528
f 2529 	2526 	2536
f 544 	541 	2523
f 2533 	2529 	2536
f 2536 	2538 	2533
f 544 	2523 	2521
f 1062 	1002 	2663
f 2538 	2539 	2533
f 2535 	2533 	2540
f 2540 	2533 	2539
f 2540 	2541 	2535
f 2537 	2535 	2541
f 971 	1062 	2666
f 2534 	2519 	1215
f 2541 	2543 	2537
f 2542 	2537 	2543
f 2666 	2667 	971
f 818 	936 	2531
f 2543 	2546 	2542
f 2546 	2547 	2542
f 2014 	2534 	1215
f 2547 	2548 	2542
f 2544 	2542 	2548
f 2548 	2551 	2544
f 2030 	2549 	299
f 551 	544 	2145
f 719 	2528 	1181
f 2549 	1225 	1312
f 2545 	2544 	2551
f 2551 	2552 	2545
f 2553 	2545 	2552
f 2553 	1280 	2545
f 719 	815 	2528
f 2514 	1595 	2640
f 442 	694 	2118
f 2514 	2640 	2550
f 2642 	2550 	2640
f 1524 	2522 	1555
f 2554 	1555 	2522
f 442 	2118 	437
f 2525 	2555 	2556
f 2525 	2556 	2557
f 2554 	2522 	2557
f 2525 	2557 	2522
f 2550 	2558 	852
f 2555 	2525 	2559
f 2526 	2559 	2525
f 2145 	2139 	551
f 2529 	2561 	2559
f 2529 	2559 	2526
f 581 	562 	2136
f 2617 	2164 	2616
f 2558 	2560 	852
f 2139 	2136 	562
f 2533 	2562 	2563
f 2533 	2563 	2561
f 2533 	2561 	2529
f 551 	2139 	562
f 1772 	852 	2564
f 581 	2136 	2520
f 540 	581 	2520
f 2566 	2533 	2565
f 2562 	2533 	2567
f 2566 	2567 	2533
f 2535 	2565 	2533
f 2565 	2535 	2568
f 2537 	2568 	2535
f 2185 	2118 	694
f 694 	34 	2185
f 2542 	2569 	2568
f 2542 	2568 	2537
f 36 	2189 	34
f 36 	2193 	2189
f 2544 	2570 	2571
f 2572 	2542 	2571
f 2569 	2542 	2572
f 2544 	2571 	2542
f 36 	42 	2193
f 2564 	852 	2560
f 2545 	2575 	2576
f 2545 	2576 	2577
f 2570 	2544 	2577
f 2545 	2577 	2544
f 264 	1282 	2545
f 2578 	2574 	1228
f 2587 	1199 	122
f 2550 	2642 	2716
f 2552 	237 	2553
f 2560 	2558 	2648
f 2578 	1228 	2531
f 2576 	2575 	1461
f 2564 	2560 	2677
f 239 	2545 	1280
f 2564 	2677 	2650
f 2582 	2575 	2545
f 2583 	1227 	2574
f 2564 	2650 	2573
f 2578 	2583 	2574
f 1282 	2582 	2545
f 2573 	2650 	2717
f 231 	1280 	2553
f 2753 	1227 	2583
f 2716 	2648 	2558
f 1282 	283 	2582
f 2582 	283 	2575
f 2564 	2573 	1772
f 237 	2552 	2584
f 2551 	2584 	2552
f 2580 	1178 	2581
f 907 	912 	1886
f 2577 	2576 	1461
f 2585 	1181 	1178
f 2584 	2551 	2548
f 2584 	2548 	2547
f 2585 	1178 	2580
f 2577 	1461 	2570
f 1461 	1465 	2570
f 2571 	2570 	1465
f 1392 	2625 	1234
f 122 	119 	2587
f 2584 	2547 	2546
f 2584 	2546 	2588
f 2323 	2589 	2590
f 2572 	2571 	1465
f 912 	916 	1886
f 2578 	2531 	936
f 2588 	2546 	2543
f 2588 	2543 	2541
f 2588 	2541 	2540
f 2578 	936 	951
f 2594 	2332 	2591
f 2583 	2578 	951
f 1199 	2587 	1178
f 2569 	1465 	2568
f 2565 	2568 	1465
f 2572 	1465 	2569
f 1465 	1468 	2565
f 2566 	2565 	1468
f 119 	2649 	2587
f 2539 	2592 	2540
f 2588 	2540 	2592
f 951 	975 	2583
f 2518 	2512 	2981
f 2567 	2566 	1468
f 2518 	2981 	1581
f 2592 	2539 	2538
f 2592 	2538 	2593
f 2518 	1581 	907
f 995 	2583 	975
f 2567 	1468 	2562
f 2563 	2562 	1468
f 2587 	2581 	1178
f 2593 	2538 	2536
f 2593 	2536 	2532
f 9 	2267 	2579
f 2753 	2583 	995
f 2585 	2580 	2214
f 2006 	2049 	2638
f 1468 	1472 	2561
f 2559 	2561 	1472
f 2563 	1468 	2561
f 2555 	2559 	1472
f 2556 	2555 	1472
f 2214 	719 	2585
f 2530 	2597 	2532
f 2593 	2532 	2597
f 2557 	2556 	1472
f 2580 	2579 	2214
f 2326 	2684 	2678
f 2597 	2530 	2527
f 2597 	2527 	2524
f 1531 	2597 	2524
f 2684 	2326 	2590
f 2690 	2023 	2595
f 2557 	1472 	2554
f 1472 	1480 	2554
f 2688 	2590 	2589
f 1181 	2585 	719
f 237 	2584 	2325
f 979 	341 	932
f 2022 	2008 	2641
f 2022 	2641 	2595
f 2328 	2588 	2502
f 2588 	2592 	2502
f 1154 	2600 	2599
f 1445 	2601 	1457
f 2593 	2502 	2592
f 2199 	1707 	2603
f 2502 	2593 	2508
f 1234 	2625 	2601
f 2601 	1445 	1234
f 2508 	2593 	2597
f 2454 	2605 	2604
f 2508 	2597 	1512
f 1499 	1457 	2601
f 2625 	1486 	2601
f 2601 	1486 	1499
f 1233 	2608 	421
f 422 	421 	2609
f 2608 	2609 	421
f 1772 	2573 	2606
f 1493 	1588 	2673
f 1772 	2611 	1771
f 2612 	422 	2610
f 2609 	2610 	422
f 1196 	1192 	2610
f 2614 	2605 	2453
f 2314 	2268 	2675
f 422 	2612 	2615
f 2615 	2618 	422
f 1192 	1251 	2612
f 2605 	2509 	2453
f 2614 	1276 	2605
f 2606 	2611 	1772
f 2614 	2453 	2452
f 2608 	1233 	1196
f 210 	1191 	2619
f 2610 	2609 	1196
f 1233 	1232 	1196
f 2608 	1196 	2609
f 2598 	2072 	999
f 2700 	2617 	2616
f 2618 	2621 	422
f 212 	210 	2619
f 687 	2603 	1707
f 2619 	1191 	2599
f 2615 	1244 	2618
f 2626 	2628 	422
f 2623 	2626 	422
f 2611 	2620 	1771
f 212 	2619 	2646
f 1875 	2620 	2624
f 2614 	2452 	320
f 2629 	423 	2628
f 423 	422 	2628
f 2625 	1392 	2627
f 2631 	513 	196
f 2624 	2038 	1877
f 2038 	2624 	248
f 2607 	2600 	9
f 2447 	2241 	2600
f 1875 	1771 	2620
f 2630 	195 	701
f 1951 	1561 	2627
f 2602 	2447 	2600
f 2629 	2628 	2645
f 195 	2630 	196
f 2631 	196 	2630
f 2241 	9 	2600
f 2448 	2508 	1512
f 2627 	1561 	2625
f 9 	2579 	2607
f 1515 	1710 	2632
f 1515 	2632 	2633
f 1515 	2633 	1519
f 514 	513 	2614
f 2635 	2636 	2579
f 2634 	1474 	2639
f 1244 	567 	2634
f 701 	2614 	2630
f 2614 	496 	514
f 2607 	2579 	2636
f 2631 	2614 	513
f 1276 	2614 	701
f 2630 	2614 	2631
f 2581 	2635 	2580
f 2643 	2642 	2640
f 2604 	2605 	1276
f 2639 	2626 	2634
f 2636 	2599 	2600
f 193 	2651 	194
f 2645 	2639 	2463
f 2643 	2640 	1595
f 1276 	2675 	2604
f 2607 	2636 	2600
f 2641 	2644 	2595
f 2619 	2599 	2646
f 1846 	2643 	1595
f 2647 	2641 	2008
f 2514 	372 	1595
f 2558 	2550 	2716
f 2645 	2628 	2639
f 2646 	2599 	2636
f 2641 	2714 	2644
f 2615 	1251 	1244
f 2669 	2668 	2641
f 2635 	2579 	2580
f 2649 	119 	228
f 2008 	2638 	2647
f 2638 	1241 	2647
f 2621 	2618 	1244
f 1241 	625 	2641
f 1244 	2634 	2621
f 2641 	2647 	1241
f 2649 	2635 	2587
f 2606 	2573 	2717
f 2623 	2634 	2626
f 2598 	2120 	2596
f 2652 	181 	626
f 2653 	2606 	2717
f 2649 	212 	2646
f 181 	2652 	182
f 2654 	182 	2652
f 2122 	2120 	2598
f 2656 	183 	2654
f 151 	2620 	2655
f 2649 	228 	212
f 2634 	2623 	2621
f 156 	151 	2655
f 2649 	2646 	2636
f 151 	168 	2620
f 2649 	2636 	2635
f 2626 	2639 	2628
f 2655 	2653 	156
f 1241 	2055 	2063
f 1241 	2050 	2055
f 2475 	2658 	2637
f 1241 	2049 	2050
f 2587 	2635 	2581
f 2657 	2598 	2596
f 2629 	2659 	423
f 2659 	2660 	423
f 999 	2122 	2598
f 51 	2896 	979
f 2661 	194 	2651
f 1241 	2063 	2652
f 1241 	2652 	626
f 2146 	2119 	2664
f 194 	2661 	700
f 2652 	2063 	2654
f 2659 	2645 	2660
f 2119 	2088 	2664
f 2654 	2063 	2656
f 2659 	2629 	2645
f 1062 	2663 	2666
f 2665 	2146 	2664
f 2073 	2656 	2063
f 2049 	1241 	2638
f 2665 	2664 	2657
f 972 	2667 	2897
f 2088 	2598 	2664
f 2651 	2688 	2661
f 2611 	2606 	2653
f 2660 	2670 	424
f 2664 	2598 	2657
f 2661 	2688 	700
f 2653 	2655 	2611
f 2670 	2671 	424
f 2620 	2611 	2655
f 2670 	2645 	2671
f 167 	156 	2653
f 2657 	2672 	2665
f 2660 	2645 	2670
f 2549 	1312 	1318
f 2685 	2683 	2637
f 2669 	2641 	625
f 1318 	2066 	2549
f 2633 	2658 	2455
f 2620 	168 	2624
f 2549 	2066 	299
f 2674 	424 	2671
f 2653 	2717 	167
f 2624 	168 	248
f 1506 	2673 	1594
f 2332 	2594 	2676
f 2671 	2645 	2674
f 2354 	2332 	2676
f 2284 	2146 	2665
f 1604 	1594 	2673
f 1604 	2673 	1778
f 2665 	2732 	2284
f 2591 	2678 	2676
f 2673 	2686 	1778
f 2658 	2687 	2637
f 2899 	2897 	2667
f 2161 	2023 	2690
f 2676 	2594 	2591
f 2239 	2401 	2679
f 2616 	2161 	2690
f 2633 	2455 	1519
f 2240 	2239 	2680
f 2667 	2666 	2899
f 2681 	425 	2674
f 424 	2674 	425
f 2682 	2596 	2240
f 2681 	2683 	425
f 2596 	2120 	2240
f 2617 	2695 	2164
f 2696 	2704 	2165
f 2683 	2681 	2645
f 2674 	2645 	2681
f 2906 	2899 	2666
f 2679 	2682 	2680
f 2683 	2685 	425
f 2700 	2616 	2690
f 2682 	2240 	2680
f 2645 	2637 	2683
f 2906 	2666 	2663
f 52 	2686 	1588
f 426 	425 	2691
f 2687 	2691 	425
f 2693 	2657 	2596
f 2692 	2694 	426
f 2688 	2684 	2590
f 2685 	2637 	2687
f 2679 	2680 	2239
f 2686 	52 	1779
f 2682 	2679 	2689
f 52 	1789 	1779
f 2692 	426 	2691
f 427 	426 	2694
f 2696 	2164 	2695
f 2696 	2165 	2164
f 2694 	997 	427
f 2699 	2743 	2697
f 2633 	2692 	2691
f 2693 	2705 	2657
f 2165 	2704 	2195
f 2699 	1198 	2516
f 2693 	2596 	2682
f 840 	2517 	2516
f 251 	2704 	2696
f 1477 	997 	2633
f 2633 	2694 	2692
f 2693 	2682 	2689
f 2617 	2700 	2695
f 840 	2516 	1198
f 2677 	2648 	2723
f 2694 	2633 	997
f 998 	2701 	428
f 2560 	2648 	2677
f 2701 	1000 	428
f 2633 	2632 	1500
f 2695 	251 	2696
f 2401 	2954 	2679
f 2701 	2633 	1000
f 1500 	1000 	2633
f 2701 	998 	2633
f 2689 	2702 	2719
f 1823 	2710 	2703
f 2689 	2679 	2702
f 2698 	693 	2676
f 1477 	2633 	998
f 2516 	1823 	2703
f 1277 	2676 	693
f 2679 	2959 	2702
f 2633 	2691 	2658
f 2727 	2710 	1823
f 2658 	2691 	2687
f 2727 	1823 	1869
f 2256 	2195 	2704
f 2672 	2657 	2705
f 2706 	2743 	2699
f 2708 	2788 	692
f 2644 	2690 	2595
f 2703 	2706 	2699
f 2709 	2688 	2589
f 2720 	2690 	2713
f 2710 	2706 	2703
f 2715 	179 	2714
f 2713 	2714 	179
f 2715 	2668 	179
f 2693 	2689 	2719
f 2705 	2693 	2719
f 2718 	2717 	2650
f 2713 	2644 	2714
f 2719 	2702 	2958
f 2718 	2650 	2677
f 2713 	179 	2720
f 190 	2698 	2721
f 2721 	2722 	190
f 2677 	2723 	2718
f 2758 	2719 	2958
f 2714 	2641 	2715
f 2668 	2715 	2641
f 2717 	2718 	16
f 16 	94 	2717
f 2720 	179 	2726
f 178 	2733 	179
f 2716 	2723 	2648
f 2644 	2713 	2690
f 2735 	17 	2723
f 2726 	2690 	2720
f 17 	16 	2718
f 409 	167 	91
f 2726 	179 	2729
f 2643 	1310 	2642
f 2700 	2690 	2729
f 2726 	2729 	2690
f 2727 	2711 	2706
f 2728 	2665 	2672
f 2727 	2706 	2710
f 2716 	2642 	1310
f 19 	2725 	2707
f 273 	272 	2731
f 2730 	273 	2731
f 20 	19 	2194
f 2712 	2194 	19
f 2712 	2123 	2194
f 2698 	2676 	2721
f 19 	20 	2725
f 2721 	2676 	2722
f 1310 	702 	2716
f 2712 	19 	2707
f 2665 	2728 	2732
f 2709 	2589 	2586
f 178 	177 	2739
f 2738 	2739 	177
f 2729 	179 	2733
f 2731 	2716 	2730
f 2729 	2733 	2700
f 2744 	988 	2734
f 2730 	2716 	2404
f 2688 	2761 	2684
f 2725 	2740 	2707
f 2725 	2750 	2740
f 2731 	272 	2735
f 2695 	2700 	2733
f 2722 	2759 	190
f 2716 	2731 	2723
f 244 	2737 	176
f 2735 	2723 	2731
f 2684 	2765 	2678
f 176 	2737 	177
f 2738 	177 	2737
f 2301 	2736 	2347
f 272 	91 	92
f 2699 	2516 	2703
f 2735 	272 	17
f 2736 	2301 	2732
f 2301 	2284 	2732
f 2718 	2723 	17
f 251 	2695 	241
f 2737 	244 	2695
f 2738 	2737 	2695
f 244 	241 	2695
f 2738 	2695 	2739
f 2733 	2739 	2695
f 2724 	2728 	2672
f 2741 	2742 	2736
f 2740 	2734 	1906
f 2836 	2711 	2727
f 2741 	2736 	2732
f 251 	215 	2704
f 2732 	2728 	2741
f 2740 	2750 	2734
f 2741 	2728 	2724
f 2261 	2258 	2790
f 2745 	2347 	2736
f 2745 	2736 	2742
f 2742 	2773 	2774
f 2742 	2774 	2745
f 2749 	628 	1383
f 2744 	2734 	2750
f 1906 	2707 	2740
f 2800 	134 	2273
f 1269 	2743 	2749
f 2724 	2672 	2705
f 238 	291 	2750
f 2725 	238 	2750
f 2258 	2256 	2817
f 2817 	215 	2258
f 2750 	291 	2744
f 2746 	2724 	2705
f 1831 	2752 	2769
f 1831 	1832 	2752
f 2754 	2762 	2741
f 2741 	2724 	2754
f 2753 	2752 	1832
f 1832 	1227 	2753
f 1910 	2734 	988
f 1831 	2769 	1868
f 2706 	2748 	2743
f 2627 	1839 	2818
f 2724 	2746 	2754
f 2706 	2711 	2748
f 2754 	2746 	2760
f 1839 	2756 	2818
f 2823 	2756 	1836
f 1910 	988 	756
f 227 	1145 	2757
f 2705 	2758 	2746
f 2676 	2678 	2770
f 227 	2744 	291
f 2758 	2705 	2719
f 2722 	2676 	2759
f 2757 	2744 	227
f 2772 	2759 	2676
f 2711 	2755 	2748
f 2752 	2753 	2298
f 1014 	2757 	1145
f 2753 	995 	996
f 1014 	988 	2757
f 2711 	2825 	2755
f 2675 	2709 	2586
f 2753 	996 	2298
f 2755 	2825 	2828
f 2757 	988 	2744
f 2298 	2769 	2752
f 2749 	2743 	2751
f 2769 	2298 	1005
f 2762 	2742 	2741
f 2760 	2973 	2763
f 1864 	2123 	1859
f 2707 	1906 	1866
f 2764 	2755 	2775
f 771 	659 	2775
f 2754 	2760 	2763
f 1859 	2712 	2707
f 2761 	191 	2765
f 2707 	1866 	1864
f 2452 	2402 	2856
f 2747 	2760 	2746
f 1859 	2707 	1864
f 2452 	2209 	2402
f 2684 	2761 	2765
f 628 	623 	1383
f 1861 	2766 	2392
f 2762 	2754 	2763
f 1389 	1269 	2749
f 190 	2759 	191
f 238 	2725 	106
f 2765 	191 	2767
f 2772 	2770 	191
f 1389 	2749 	1383
f 2678 	2765 	2767
f 20 	106 	2725
f 2772 	191 	2759
f 2123 	2712 	1859
f 2767 	191 	2770
f 2749 	2764 	2771
f 2767 	2770 	2678
f 2762 	2773 	2742
f 2534 	2863 	1870
f 628 	2749 	2771
f 2755 	2828 	2775
f 1904 	1934 	2861
f 2770 	2772 	2676
f 1904 	2861 	1836
f 2675 	2586 	2314
f 2777 	193 	192
f 2709 	2675 	1276
f 2775 	2771 	2764
f 2777 	192 	2761
f 2774 	2814 	2776
f 2777 	2778 	193
f 2776 	2462 	2347
f 2778 	2651 	193
f 2775 	652 	2771
f 2745 	2774 	2776
f 659 	652 	2775
f 2688 	2777 	2761
f 2768 	2769 	1146
f 2748 	2764 	2743
f 2774 	2812 	2814
f 2777 	2688 	2778
f 1276 	700 	2688
f 2751 	2743 	2764
f 1146 	2769 	1005
f 2778 	2688 	2651
f 2347 	2745 	2776
f 2688 	2709 	1276
f 2489 	2779 	2485
f 2766 	2768 	1144
f 2748 	2755 	2764
f 2780 	2785 	2779
f 2489 	2780 	2779
f 2676 	2782 	2354
f 2785 	2796 	2779
f 2781 	2779 	2796
f 2782 	2784 	2354
f 2751 	2764 	2749
f 2768 	1146 	1144
f 2788 	1659 	1548
f 2797 	2799 	2783
f 2789 	2786 	2791
f 2791 	2792 	2789
f 2792 	2793 	2789
f 2793 	2794 	2789
f 2775 	2828 	768
f 1548 	2787 	2788
f 2794 	2833 	2789
f 2358 	2356 	2787
f 2783 	2781 	2797
f 2796 	2797 	2781
f 2786 	2783 	2799
f 2791 	2786 	2799
f 2622 	2798 	2727
f 2779 	2801 	2503
f 2779 	2503 	2485
f 2622 	2727 	1960
f 2784 	2788 	2787
f 1767 	2622 	1960
f 2781 	2802 	2803
f 2801 	2779 	2803
f 2781 	2803 	2779
f 2727 	1869 	1960
f 2783 	2804 	2805
f 2802 	2781 	2805
f 2783 	2805 	2781
f 2807 	2783 	2806
f 2804 	2783 	2807
f 2786 	2806 	2783
f 1277 	2782 	2676
f 2789 	2808 	2806
f 2789 	2806 	2786
f 189 	187 	2816
f 2711 	2836 	2825
f 2816 	2708 	189
f 692 	189 	2708
f 2810 	2789 	2809
f 2808 	2789 	2810
f 2831 	2849 	2789
f 1277 	2784 	2782
f 1728 	2815 	187
f 2862 	2794 	2793
f 2862 	2793 	2812
f 2815 	2816 	187
f 2810 	2809 	1504
f 2812 	2793 	2792
f 2812 	2792 	2791
f 2812 	2791 	2799
f 2813 	2811 	2798
f 197 	163 	2790
f 1277 	2788 	2784
f 2810 	1504 	2808
f 2808 	1504 	2806
f 1508 	2806 	1504
f 2807 	2806 	1508
f 2258 	197 	2790
f 2812 	2799 	2797
f 2812 	2797 	2814
f 2622 	2813 	2798
f 2807 	1508 	2804
f 2805 	2804 	1508
f 197 	2258 	215
f 2814 	2797 	2796
f 2805 	1508 	2802
f 1508 	1511 	2802
f 2803 	2802 	1511
f 1971 	2813 	2622
f 2814 	2796 	2785
f 2814 	2785 	2780
f 2489 	2814 	2780
f 2817 	2704 	215
f 1728 	2788 	2815
f 1728 	1726 	2788
f 2816 	2815 	2788
f 2708 	2816 	2788
f 1277 	692 	2788
f 2803 	1511 	2801
f 2503 	2801 	1511
f 2503 	1511 	1311
f 2817 	2256 	2704
f 2811 	2836 	2798
f 2819 	1144 	2826
f 2813 	166 	2811
f 2773 	2812 	2774
f 1144 	1156 	2826
f 1769 	1971 	2622
f 2814 	2462 	2776
f 2766 	2819 	2392
f 2392 	2820 	1049
f 297 	2813 	1971
f 2823 	2861 	1941
f 297 	166 	2813
f 2818 	1942 	1951
f 2823 	2818 	2756
f 2824 	2763 	2821
f 2821 	2822 	2824
f 1941 	1942 	2823
f 2819 	2820 	2392
f 2818 	2823 	1942
f 2727 	2798 	2836
f 2763 	2824 	2762
f 2627 	2818 	1951
f 2762 	2824 	2773
f 2819 	2826 	2827
f 2820 	2819 	2827
f 2775 	768 	771
f 52 	1578 	1981
f 52 	1588 	1578
f 2812 	2773 	2824
f 2829 	2830 	768
f 2832 	2811 	2847
f 2834 	2831 	2833
f 2834 	2838 	2831
f 2831 	2789 	2833
f 2835 	2831 	2838
f 2838 	2840 	2835
f 52 	1981 	1950
f 2837 	2835 	2840
f 2840 	2842 	2837
f 112 	52 	1950
f 2842 	2843 	2837
f 2843 	2844 	2837
f 2839 	2837 	2844
f 2844 	2845 	2839
f 2811 	2832 	2836
f 166 	2847 	2811
f 2819 	2766 	1144
f 2841 	2839 	2845
f 2845 	2846 	2841
f 2846 	29 	2841
f 26 	2841 	29
f 2832 	2829 	2825
f 2847 	2829 	2832
f 2849 	2831 	2848
f 2809 	2789 	2849
f 2398 	2273 	312
f 2835 	2850 	2848
f 2835 	2848 	2831
f 318 	2399 	312
f 2398 	312 	2399
f 2400 	2399 	2852
f 2837 	2851 	2853
f 2837 	2853 	2854
f 2850 	2835 	2854
f 2837 	2854 	2835
f 2851 	2837 	2855
f 2839 	2855 	2837
f 2828 	2825 	2829
f 2827 	2826 	2287
f 2841 	2857 	2858
f 2841 	2858 	2855
f 2841 	2855 	2839
f 2294 	2827 	2287
f 320 	2452 	2856
f 2859 	2841 	63
f 2857 	2841 	2859
f 26 	63 	2841
f 336 	320 	2856
f 164 	29 	2846
f 2852 	336 	2856
f 2832 	2825 	2836
f 63 	61 	1514
f 2859 	63 	1514
f 2852 	2856 	2400
f 2845 	164 	2846
f 2402 	2400 	2856
f 1049 	2820 	1119
f 2859 	1514 	2857
f 2858 	2857 	1514
f 2860 	2845 	2844
f 2860 	2844 	2843
f 318 	336 	2852
f 2852 	2399 	318
f 1514 	1517 	2855
f 2858 	1514 	2855
f 2851 	2855 	1517
f 2853 	2851 	1517
f 2823 	1836 	2861
f 2830 	782 	780
f 2860 	2843 	2842
f 2860 	2842 	2862
f 223 	231 	2830
f 2854 	2853 	1517
f 2829 	223 	2830
f 2862 	2842 	2840
f 2862 	2840 	2838
f 2862 	2838 	2834
f 2862 	2834 	2833
f 2830 	237 	782
f 2854 	1517 	2850
f 2848 	2850 	1504
f 1504 	2850 	1517
f 2849 	2848 	1504
f 2863 	2867 	1870
f 2794 	2862 	2833
f 2826 	1156 	2287
f 2809 	2849 	1504
f 2829 	768 	2828
f 2860 	2822 	21
f 164 	2845 	2860
f 2867 	2861 	1934
f 2829 	2847 	166
f 21 	164 	2860
f 2829 	166 	223
f 2822 	2860 	2824
f 2863 	2534 	2014
f 2862 	2824 	2860
f 2824 	2862 	2812
f 237 	2830 	231
f 691 	690 	2865
f 690 	1110 	2865
f 2820 	2827 	2864
f 1934 	1870 	2867
f 2863 	2014 	2867
f 2874 	2199 	2603
f 2014 	2861 	2867
f 66 	112 	2051
f 1123 	2865 	1110
f 2287 	2470 	2868
f 2865 	2461 	691
f 298 	66 	2051
f 2866 	2871 	869
f 2037 	2030 	299
f 2865 	1123 	2873
f 2866 	869 	874
f 299 	298 	2037
f 867 	869 	2870
f 2051 	2037 	298
f 2264 	2261 	130
f 2868 	2869 	2294
f 2264 	130 	2795
f 1706 	2869 	2868
f 869 	2871 	2870
f 2273 	134 	312
f 1704 	2869 	1706
f 2461 	2865 	2872
f 2287 	2868 	2294
f 145 	134 	2800
f 867 	2870 	2613
f 2800 	2795 	145
f 1704 	1718 	2869
f 2795 	130 	145
f 2874 	2603 	2613
f 163 	130 	2790
f 2261 	2790 	130
f 2870 	2874 	2613
f 1390 	809 	2203
f 2199 	2874 	1390
f 812 	2878 	329
f 2878 	2879 	329
f 330 	329 	2879
f 2865 	2875 	2872
f 2869 	2876 	2900
f 2881 	330 	2880
f 2879 	2880 	330
f 2874 	2870 	2880
f 2882 	2875 	2873
f 2875 	2865 	2873
f 2881 	2880 	2870
f 1129 	2965 	1123
f 1716 	2877 	2876
f 2873 	1123 	2965
f 1717 	1716 	2876
f 330 	2881 	2883
f 2883 	2888 	330
f 2876 	1718 	1717
f 2870 	2871 	2881
f 2965 	2882 	2873
f 1718 	2876 	2869
f 2888 	2883 	2871
f 1116 	1119 	2884
f 2883 	2881 	2871
f 1212 	2889 	2886
f 2878 	812 	2874
f 2880 	2879 	2874
f 1390 	2874 	812
f 2878 	2874 	2879
f 2890 	330 	2888
f 2976 	2975 	2889
f 2890 	2888 	2866
f 2871 	2866 	2888
f 2891 	2884 	1119
f 2864 	2900 	2885
f 2894 	331 	2892
f 331 	2894 	2895
f 2898 	2889 	1212
f 330 	2892 	331
f 2820 	2891 	1119
f 2943 	2895 	2897
f 2892 	2897 	2894
f 1209 	1200 	2887
f 980 	979 	2896
f 2900 	2901 	2885
f 2885 	2891 	2864
f 2893 	1212 	2886
f 2885 	2901 	2904
f 872 	972 	2897
f 2891 	2820 	2864
f 1212 	2893 	2887
f 1200 	1212 	2887
f 2897 	2892 	2866
f 1303 	2903 	1243
f 2902 	2885 	2904
f 1238 	2903 	2905
f 2900 	2827 	2294
f 2864 	2827 	2900
f 2905 	186 	2978
f 872 	2897 	874
f 2944 	186 	2905
f 2897 	2866 	874
f 2903 	2951 	2944
f 2904 	2901 	2876
f 2905 	2978 	1238
f 2877 	2902 	2904
f 2907 	43 	57
f 2876 	2877 	2904
f 2876 	2901 	2900
f 57 	2909 	2907
f 2909 	2911 	2907
f 2911 	2912 	2907
f 2908 	2907 	2912
f 2913 	2908 	2912
f 2913 	2916 	2908
f 2869 	2900 	2294
f 2663 	2914 	2906
f 2910 	2908 	2916
f 2916 	2918 	2910
f 2892 	2890 	2866
f 2918 	2919 	2910
f 2915 	2910 	2919
f 2919 	2921 	2915
f 2917 	2915 	2921
f 2921 	2924 	2917
f 2884 	2891 	2922
f 2924 	2946 	2917
f 2920 	2917 	2926
f 2926 	2917 	2925
f 2923 	2920 	2926
f 2926 	2927 	2923
f 2927 	1322 	2923
f 1321 	2923 	1322
f 43 	2907 	93
f 2928 	93 	2907
f 2914 	2663 	2662
f 2902 	2940 	2885
f 2931 	2907 	2930
f 2928 	2907 	2931
f 2907 	2908 	2930
f 2929 	2930 	2908
f 2891 	2885 	2922
f 2910 	2932 	2929
f 2910 	2929 	2908
f 2940 	2922 	2885
f 2915 	2933 	2934
f 2932 	2910 	2934
f 2915 	2934 	2910
f 2917 	2935 	2933
f 2917 	2933 	2915
f 2920 	2936 	2937
f 2937 	2947 	2917
f 2935 	2917 	2938
f 2920 	2937 	2917
f 2923 	2939 	2936
f 2923 	2936 	2920
f 277 	2922 	296
f 2896 	2914 	2662
f 306 	322 	2940
f 1321 	1349 	2941
f 1321 	2941 	2942
f 2939 	2923 	2942
f 1321 	2942 	2923
f 2662 	980 	2896
f 2895 	2943 	332
f 2941 	1349 	1529
f 1349 	1347 	1529
f 2943 	816 	332
f 2951 	1388 	2927
f 1322 	2927 	1388
f 2942 	2941 	1529
f 2940 	322 	319
f 2951 	2927 	2926
f 2951 	2926 	2925
f 1396 	816 	2897
f 2939 	1529 	2936
f 2942 	1529 	2939
f 1529 	1533 	2936
f 2937 	2936 	1533
f 306 	2940 	2902
f 2944 	2924 	2921
f 2944 	2921 	2919
f 2944 	2919 	2918
f 2894 	2897 	2895
f 2940 	296 	2922
f 2943 	2897 	816
f 2945 	78 	306
f 2935 	1533 	2933
f 2938 	1533 	2935
f 1533 	1536 	2933
f 2934 	2933 	1536
f 1719 	78 	2945
f 2925 	2917 	2946
f 1396 	2897 	2899
f 2938 	2917 	2947
f 333 	817 	2948
f 2945 	306 	2902
f 2877 	2945 	2902
f 2951 	2925 	2946
f 1396 	2899 	2906
f 2947 	2937 	1533
f 2877 	1716 	2945
f 2944 	2951 	2924
f 2938 	2947 	1533
f 2944 	2918 	2916
f 2944 	2916 	2913
f 2944 	2913 	2912
f 2354 	2356 	1720
f 2356 	2358 	1720
f 1536 	1538 	2932
f 2934 	1536 	2932
f 2929 	2932 	1538
f 2930 	2929 	1538
f 2949 	1720 	2358
f 2912 	2911 	2944
f 95 	2944 	2911
f 2949 	2950 	1720
f 2931 	2930 	1538
f 57 	95 	2909
f 27 	22 	2906
f 2949 	1534 	2950
f 817 	2906 	2948
f 2931 	1538 	2928
f 93 	2928 	1538
f 93 	1538 	116
f 2354 	1720 	1712
f 1396 	2906 	817
f 2948 	2906 	23
f 1303 	2951 	2903
f 957 	2914 	2896
f 2905 	2903 	2944
f 932 	51 	979
f 2950 	1722 	1720
f 2946 	2924 	2951
f 2950 	2952 	1722
f 334 	333 	23
f 22 	334 	23
f 335 	334 	27
f 22 	27 	334
f 937 	365 	28
f 27 	28 	335
f 2358 	1548 	2949
f 1548 	1534 	2949
f 2950 	1534 	1619
f 1619 	2952 	2950
f 2403 	2343 	2953
f 2884 	2922 	277
f 2954 	2403 	2955
f 2945 	1716 	1719
f 2953 	2955 	2403
f 2952 	12 	1722
f 2955 	2957 	2956
f 2955 	2953 	2957
f 2954 	2959 	2679
f 2954 	2401 	2403
f 2956 	2957 	2964
f 2958 	2702 	2959
f 2959 	2956 	2958
f 2960 	2958 	2956
f 2959 	2954 	2955
f 2959 	2955 	2956
f 2956 	2964 	2960
f 2958 	2960 	2747
f 2746 	2958 	2747
f 2758 	2958 	2746
f 2961 	2953 	2343
f 2957 	2953 	2961
f 2961 	2963 	2957
f 2961 	2962 	2875
f 2963 	2961 	2875
f 2963 	2875 	2882
f 2492 	2962 	2961
f 2492 	2467 	2962
f 2461 	2872 	2962
f 2872 	2875 	2962
f 2962 	2467 	2461
f 2966 	2964 	2963
f 2966 	2882 	2965
f 2963 	2882 	2966
f 2963 	2964 	2957
f 2893 	2886 	2965
f 2887 	2965 	1209
f 2887 	2893 	2965
f 1993 	2982 	2504
f 2960 	2964 	2967
f 2968 	2971 	2969
f 2968 	2969 	2967
f 2967 	2969 	2960
f 2969 	2747 	2960
f 2971 	2970 	2747
f 2970 	2760 	2747
f 2747 	2969 	2971
f 2970 	2972 	2973
f 2974 	2970 	2971
f 2973 	2760 	2970
f 2974 	2971 	2968
f 2821 	2763 	2973
f 21 	2821 	2973
f 2972 	2970 	2974
f 2972 	15 	21
f 2972 	21 	2973
f 2965 	2886 	2975
f 2975 	2966 	2965
f 2886 	2889 	2975
f 2975 	2967 	2964
f 2966 	2975 	2964
f 2968 	2967 	2975
f 2968 	2975 	2976
f 2974 	2968 	2977
f 2979 	2976 	2889
f 2979 	2977 	2976
f 2968 	2976 	2977
f 2977 	2978 	186
f 2979 	2889 	2898
f 2977 	2979 	2978
f 2977 	186 	200
f 200 	2974 	2977
f 200 	2972 	2974
f 2898 	1238 	2979
f 1238 	2978 	2979
f 2512 	2506 	2980
f 236 	232 	2981
f 232 	1642 	1581
f 232 	1581 	2981
f 265 	236 	2981
f 2981 	2980 	265
f 2980 	2981 	2512
f 303 	2980 	2506
f 303 	2506 	2982
f 2368 	303 	2982
f 2276 	2368 	2982
f 2506 	2504 	2982
f 2983 	472 	1061
f 472 	2983 	2375
f 2983 	1061 	2282
f 1546 	2282 	1061
f 2375 	2983 	2282
f 1546 	2334 	2279
f 2368 	2334 	1546
f 1060 	1061 	471
f 383 	1060 	471
f 383 	378 	2368
f 1546 	1060 	2368
f 383 	2368 	1060
f 21 	2822 	2821
f 200 	15 	2972
# 5966 faces

 #end of obj_0

