# Object Export From Tinkercad Server 2015

mtllib obj.mtl

o obj_0
v -130.491 		-61.43 		26.967
v -118.799 		-54.964 		22.725
v -118.795 		-54.954 		23.162
v -127.698 		-58.816 		17.185
v -127.897 		-59.071 		17.185
v -119.198 		-54.787 		22.725
v -119.605 		-54.63 		22.725
v -119.602 		-54.62 		23.162
v -124.714 		-67.469 		15.762
v -117.457 		-69.934 		25.325
v -124.492 		-67.568 		15.762
v -130.491 		-59.267 		24.898
v -118.053 		-65.725 		30.311
v -127.486 		-58.571 		17.185
v -125.014 		-57.895 		16.282
v -125.262 		-58.02 		16.282
v -122.893 		-62.676 		32.051
v -117.123 		-69.673 		25.325
v -125.503 		-58.157 		16.282
v -118.778 		-66.136 		30.562
v -130.49 		-60.176 		26.16
v -122.909 		-62.691 		32.051
v -120.016 		-54.483 		23.162
v -117.75 		-70.257 		24.898
v -125.737 		-58.305 		16.282
v -118.502 		-66.363 		30.311
v -120.437 		-54.366 		23.162
v -122.924 		-62.706 		32.051
v -117.4 		-70.011 		24.898
v -130.468 		-59.74 		25.746
v -124.757 		-67.035 		15.528
v -117.062 		-69.747 		24.898
v -124.556 		-67.136 		15.528
v -130.619 		-60.13 		25.746
v -125.099 		-58.324 		16.013
v -124.351 		-67.227 		15.528
v -120.02 		-54.493 		22.725
v -120.44 		-54.377 		22.725
v -124.141 		-67.307 		15.528
v -130.468 		-60.613 		26.568
v -123.928 		-67.378 		15.528
v -130.576 		-61.002 		26.568
v -118.342 		-66.158 		30.311
v -130.665 		-61.395 		26.568
v -123.301 		-62.48 		32.019
v -120.882 		-54.365 		24.468
v -125.326 		-58.452 		16.013
v -130.619 		-60.567 		26.16
v -121.308 		-54.291 		24.468
v -130.729 		-60.963 		26.16
v -123.325 		-62.515 		32.019
v -125.545 		-58.591 		16.013
v -123.348 		-62.551 		32.019
v -121.737 		-54.238 		24.468
v -118.065 		-66.363 		30.042
v -130.819 		-61.365 		26.16
v -117.905 		-66.136 		30.042
v -125.758 		-58.741 		16.013
v -120.872 		-54.312 		24.034
v -123.369 		-62.588 		32.019
v -121.3 		-54.238 		24.034
v -130.75 		-60.527 		25.746
v -130.862 		-60.93 		25.746
v -121.732 		-54.185 		24.034
v -130.953 		-61.338 		25.746
v -117.367 		-66.496 		29.455
v -117.202 		-66.235 		29.455
v -124.931 		-58.639 		15.762
v -120.866 		-54.281 		23.599
v -117.05 		-65.966 		29.455
v -121.296 		-54.206 		23.599
v -125.142 		-58.758 		15.762
v -116.911 		-65.69 		29.455
v -123.389 		-62.626 		32.019
v -121.729 		-54.153 		23.599
v -130.576 		-59.696 		25.325
v -116.944 		-66.39 		29.139
v -124.056 		-66.515 		15.116
v -130.729 		-60.091 		25.325
v -116.784 		-66.108 		29.139
v -130.665 		-59.659 		24.898
v -130.819 		-60.059 		24.898
v -125.347 		-58.888 		15.762
v -123.342 		-66.732 		15.116
v -125.545 		-59.028 		15.762
v -122.938 		-62.722 		32.051
v -123.158 		-66.763 		15.116
v -122.168 		-54.206 		24.468
v -122.951 		-62.739 		32.051
v -122.963 		-62.757 		32.051
v -122.975 		-62.775 		32.051
v -125.737 		-59.177 		15.762
v -122.6 		-54.196 		24.468
v -122.973 		-66.786 		15.116
v -122.995 		-62.813 		32.051
v -123.003 		-62.832 		32.051
v -122.165 		-54.153 		24.034
v -122.6 		-54.142 		24.034
v -115.699 		-66.263 		27.738
v -125.921 		-59.336 		15.762
v -118.53 		-70.613 		25.325
v -115.547 		-65.921 		27.738
v -130.862 		-60.493 		25.325
v -115.412 		-65.571 		27.738
v -130.975 		-60.902 		25.325
v -122.164 		-54.121 		23.599
v -118.162 		-70.404 		25.325
v -124.952 		-59.075 		15.528
v -122.6 		-54.11 		23.599
v -117.804 		-70.178 		25.325
v -125.142 		-59.195 		15.528
v -131.067 		-61.315 		25.325
v -125.326 		-59.324 		15.528
v -118.112 		-70.487 		24.898
v -130.953 		-60.466 		24.898
v -116.296 		-66.369 		28.464
v -131.067 		-60.878 		24.898
v -116.138 		-66.056 		28.464
v -120.864 		-54.27 		23.162
v -115.996 		-65.735 		28.464
v -123.011 		-62.852 		32.051
v -121.294 		-54.196 		23.162
v -123.018 		-62.873 		32.051
v -123.024 		-62.893 		32.051
v -116.074 		-66.488 		28.107
v -123.028 		-62.914 		32.051
v -121.728 		-54.142 		23.162
v -130.558 		-61.819 		26.967
v -123.032 		-62.935 		32.051
v -123.035 		-62.957 		32.051
v -118.485 		-70.698 		24.898
v -130.607 		-62.211 		26.967
v -115.91 		-66.163 		28.107
v -120.866 		-54.281 		22.725
v -121.296 		-54.206 		22.725
v -121.729 		-54.153 		22.725
v -125.963 		-58.464 		16.282
v -119.697 		-66.536 		30.796
v -127.05 		-58.549 		16.869
v -127.263 		-58.773 		16.869
v -125.963 		-58.901 		16.013
v -127.465 		-59.007 		16.869
v -130.636 		-62.605 		26.967
v -122.163 		-54.11 		23.162
v -130.646 		-62.999 		26.967
v -130.449 		-62.999 		27.357
v -122.6 		-54.099 		23.162
v -127.655 		-59.251 		16.869
v -130.636 		-63.394 		26.967
v -122.164 		-54.121 		22.725
v -122.6 		-54.11 		22.725
v -115.763 		-65.831 		28.107
v -130.607 		-63.788 		26.967
v -118.813 		-54.993 		22.29
v -120.806 		-66.792 		31.011
v -130.558 		-64.18 		26.967
v -119.211 		-54.817 		22.29
v -120.622 		-66.699 		31.011
v -119.616 		-54.66 		22.29
v -127.029 		-58.986 		16.568
v -123.882 		-59.417 		15.116
v -120.443 		-66.598 		31.011
v -123.406 		-62.666 		32.019
v -123.421 		-62.706 		32.019
v -127.22 		-59.208 		16.568
v -120.443 		-67.035 		30.796
v -130.491 		-64.569 		26.967
v -118.836 		-55.041 		21.856
v -119.231 		-54.866 		21.856
v -120.248 		-66.924 		30.796
v -119.634 		-54.71 		21.856
v -124.757 		-59.401 		15.313
v -124.056 		-59.484 		15.116
v -120.058 		-66.804 		30.796
v -123.818 		-67.014 		15.313
v -128.083 		-59.336 		17.185
v -119.874 		-66.675 		30.796
v -130.734 		-61.793 		26.568
v -123.806 		-62.5 		31.966
v -123.619 		-67.069 		15.313
v -123.83 		-62.559 		31.966
v -130.783 		-62.193 		26.568
v -123.882 		-66.582 		15.116
v -120.029 		-54.524 		22.29
v -123.85 		-62.62 		31.966
v -123.705 		-66.641 		15.116
v -130.889 		-61.77 		26.16
v -120.448 		-54.408 		22.29
v -123.525 		-66.691 		15.116
v -128.904 		-59.63 		17.86
v -130.939 		-62.178 		26.16
v -123.867 		-62.682 		31.966
v -120.044 		-54.575 		21.856
v -128.501 		-59.463 		17.516
v -131.025 		-61.75 		25.746
v -120.644 		-67.136 		30.796
v -128.667 		-59.756 		17.516
v -120.461 		-54.46 		21.856
v -128.819 		-60.058 		17.516
v -128.956 		-60.367 		17.516
v -130.813 		-62.596 		26.568
v -123.418 		-67.114 		15.313
v -130.823 		-62.999 		26.568
v -123.216 		-67.149 		15.313
v -123.435 		-62.746 		32.019
v -123.011 		-67.175 		15.313
v -130.813 		-63.403 		26.568
v -118.868 		-55.109 		21.426
v -123.446 		-62.787 		32.019
v -130.97 		-62.588 		26.16
v -119.26 		-54.935 		21.426
v -123.456 		-62.829 		32.019
v -130.98 		-62.999 		26.16
v -119.659 		-54.781 		21.426
v -123.463 		-62.871 		32.019
v -125.503 		-59.463 		15.528
v -127.833 		-59.503 		16.869
v -124.757 		-66.598 		15.313
v -130.97 		-63.411 		26.16
v -123.468 		-62.914 		32.019
v -127.998 		-59.764 		16.869
v -124.578 		-66.699 		15.313
v -123.471 		-62.957 		32.019
v -124.394 		-66.792 		15.313
v -127.401 		-59.439 		16.568
v -119.655 		-66.971 		30.562
v -124.206 		-66.876 		15.313
v -119.463 		-66.822 		30.562
v -124.013 		-66.95 		15.313
v -127.57 		-59.679 		16.568
v -119.279 		-66.663 		30.562
v -127.727 		-59.927 		16.568
v -130.783 		-63.805 		26.568
v -127.871 		-60.182 		16.568
v -119.655 		-67.408 		30.311
v -130.734 		-64.206 		26.568
v -119.442 		-67.258 		30.311
v -119.783 		-59.891 		31.011
v -130.939 		-63.821 		26.16
v -130.889 		-64.229 		26.16
v -119.365 		-59.764 		30.796
v -119.237 		-67.098 		30.311
v -119.527 		-59.609 		30.796
v -123.881 		-62.745 		31.966
v -125.503 		-66.536 		15.528
v -123.892 		-62.808 		31.966
v -119.04 		-66.928 		30.311
v -123.9 		-62.871 		31.966
v -118.851 		-66.748 		30.311
v -131.025 		-64.249 		25.746
v -123.904 		-62.935 		31.966
v -128.256 		-59.609 		17.185
v -128.416 		-59.891 		17.185
v -125.758 		-67.258 		16.013
v -128.561 		-60.18 		17.185
v -130.665 		-64.604 		26.568
v -125.545 		-67.408 		16.013
v -119.357 		-60.338 		31.011
v -130.576 		-64.997 		26.568
v -125.326 		-67.547 		16.013
v -119.491 		-60.182 		31.011
v -119.296 		-55.023 		20.999
v -130.468 		-65.386 		26.568
v -119.633 		-60.033 		31.011
v -115.504 		-66.355 		27.357
v -119.692 		-54.871 		20.999
v -119.237 		-67.534 		30.042
v -128.15 		-60.033 		16.869
v -130.819 		-64.634 		26.16
v -119.018 		-67.364 		30.042
v -115.348 		-66.003 		27.357
v -130.729 		-65.036 		26.16
v -128.289 		-60.309 		16.869
v -118.808 		-67.183 		30.042
v -130.619 		-65.432 		26.16
v -115.21 		-65.644 		27.357
v -119.341 		-55.131 		20.578
v -119.731 		-54.981 		20.578
v -115.327 		-66.439 		26.967
v -119.21 		-59.927 		30.796
v -115.167 		-66.078 		26.967
v -130.953 		-64.661 		25.746
v -115.025 		-65.71 		26.967
v -130.862 		-65.069 		25.746
v -120.708 		-67.568 		30.562
v -120.066 		-54.646 		21.426
v -128.692 		-60.476 		17.185
v -130.75 		-65.472 		25.746
v -120.479 		-54.532 		21.426
v -128.809 		-60.778 		17.185
v -120.486 		-67.469 		30.562
v -128.911 		-61.085 		17.185
v -120.439 		-60.367 		31.385
v -115.003 		-66.146 		26.568
v -120.269 		-67.36 		30.562
v -120.571 		-60.264 		31.385
v -128.997 		-61.397 		17.185
v -120.058 		-67.241 		30.562
v -120.094 		-54.738 		20.999
v -114.858 		-65.77 		26.568
v -120.502 		-54.625 		20.999
v -120.708 		-60.168 		31.385
v -119.853 		-67.111 		30.562
v -114.858 		-66.206 		26.16
v -131.067 		-64.684 		25.325
v -120.128 		-54.849 		20.578
v -130.975 		-65.097 		25.325
v -130.862 		-65.506 		25.325
v -120.531 		-54.738 		20.578
v -131.067 		-65.12 		24.898
v -128.414 		-60.591 		16.869
v -130.953 		-65.533 		24.898
v -128.525 		-60.879 		16.869
v -119.874 		-67.547 		30.311
v -120.872 		-54.312 		22.29
v -119.063 		-65.902 		30.796
v -128.622 		-61.173 		16.869
v -130.558 		-59.235 		24.468
v -121.3 		-54.238 		22.29
v -118.925 		-65.725 		30.796
v -120.486 		-59.835 		31.208
v -130.607 		-59.213 		24.034
v -121.732 		-54.185 		22.29
v -128.003 		-60.444 		16.568
v -118.796 		-65.541 		30.796
v -120.644 		-59.736 		31.208
v -120.882 		-54.365 		21.856
v -128.122 		-60.712 		16.568
v -121.308 		-54.291 		21.856
v -120.806 		-59.644 		31.208
v -121.737 		-54.238 		21.856
v -130.636 		-59.199 		23.599
v -128.227 		-60.986 		16.568
v -119.938 		-59.756 		31.011
v -128.32 		-61.264 		16.568
v -120.101 		-59.63 		31.011
v -118.936 		-66.32 		30.562
v -122.165 		-54.153 		22.29
v -130.646 		-59.194 		23.162
v -120.269 		-59.511 		31.011
v -121.144 		-66.515 		31.208
v -122.6 		-54.142 		22.29
v -130.449 		-58.804 		23.162
v -130.636 		-59.199 		22.725
v -122.168 		-54.206 		21.856
v -122.6 		-54.196 		21.856
v -130.734 		-59.63 		24.468
v -114.858 		-66.206 		20.164
v -130.889 		-60.034 		24.468
v -119.909 		-60.309 		31.208
v -120.897 		-54.438 		21.426
v -125.921 		-66.663 		15.762
v -131.025 		-60.444 		24.468
v -125.737 		-66.822 		15.762
v -120.045 		-60.18 		31.208
v -115.003 		-66.146 		19.756
v -121.319 		-54.365 		21.426
v -130.783 		-59.61 		24.034
v -114.858 		-65.77 		19.756
v -120.186 		-60.058 		31.208
v -130.939 		-60.016 		24.034
v -121.744 		-54.312 		21.426
v -120.333 		-59.943 		31.208
v -120.916 		-54.532 		20.999
v -129.126 		-59.511 		18.217
v -130.813 		-59.598 		23.599
v -129.29 		-59.835 		18.217
v -121.333 		-54.46 		20.999
v -130.97 		-60.005 		23.599
v -121.675 		-66.691 		31.208
v -129.437 		-60.168 		18.217
v -121.754 		-54.408 		20.999
v -115.327 		-66.439 		19.357
v -121.495 		-66.641 		31.208
v -119.596 		-61.394 		31.385
v -115.167 		-66.078 		19.357
v -121.318 		-66.582 		31.208
v -120.938 		-54.646 		20.578
v -129.062 		-59.943 		17.86
v -119.679 		-61.248 		31.385
v -129.204 		-60.264 		17.86
v -130.823 		-59.594 		23.162
v -115.025 		-65.71 		19.357
v -121.35 		-54.575 		20.578
v -130.98 		-60.001 		23.162
v -119.768 		-61.107 		31.385
v -121.581 		-67.069 		31.011
v -115.504 		-66.355 		18.967
v -121.765 		-54.524 		20.578
v -121.382 		-67.014 		31.011
v -130.813 		-59.598 		22.725
v -115.348 		-66.003 		18.967
v -121.187 		-66.95 		31.011
v -129.568 		-60.506 		18.217
v -130.97 		-60.005 		22.725
v -120.994 		-66.876 		31.011
v -115.21 		-65.644 		18.967
v -129.681 		-60.851 		18.217
v -129.778 		-61.201 		18.217
v -130.607 		-59.213 		22.29
v -122.172 		-54.281 		21.426
v -115.699 		-66.263 		18.586
v -130.558 		-59.235 		21.856
v -115.547 		-65.921 		18.586
v -119.112 		-60.669 		31.011
v -115.412 		-65.571 		18.586
v -125.545 		-66.971 		15.762
v -119.23 		-60.5 		31.011
v -129.331 		-60.591 		17.86
v -129.441 		-60.924 		17.86
v -130.491 		-59.267 		21.426
v -121.782 		-67.114 		31.011
v -129.534 		-61.262 		17.86
v -125.326 		-66.675 		15.528
v -121.707 		-67.487 		30.796
v -119.436 		-60.885 		31.208
v -125.142 		-66.804 		15.528
v -130.783 		-59.61 		22.29
v -121.488 		-67.438 		30.796
v -129.078 		-60.682 		17.516
v -130.939 		-60.016 		22.29
v -119.544 		-60.733 		31.208
v -129.184 		-61.002 		17.516
v -124.952 		-66.924 		15.528
v -121.272 		-67.378 		30.796
v -129.274 		-61.328 		17.516
v -123.036 		-62.978 		32.051
v -123.037 		-62.999 		32.051
v -123.036 		-63.021 		32.051
v -130.734 		-59.63 		21.856
v -123.035 		-63.042 		32.051
v -121.059 		-67.307 		30.796
v -123.032 		-63.064 		32.051
v -130.889 		-60.034 		21.856
v -123.028 		-63.085 		32.051
v -120.849 		-67.227 		30.796
v -131.025 		-60.444 		21.856
v -116.074 		-66.488 		18.217
v -122.6 		-54.27 		21.426
v -115.91 		-66.163 		18.217
v -122.176 		-54.377 		20.999
v -122.6 		-54.366 		20.999
v -115.763 		-65.831 		18.217
v -130.298 		-61.468 		18.967
v -130.364 		-61.848 		18.967
v -122.182 		-54.493 		20.578
v -130.665 		-59.659 		21.426
v -130.411 		-62.23 		18.967
v -130.819 		-60.059 		21.426
v -122.6 		-54.483 		20.578
v -123.024 		-63.106 		32.051
v -130.087 		-61.51 		18.586
v -123.018 		-63.126 		32.051
v -116.296 		-66.369 		17.86
v -123.011 		-63.147 		32.051
v -130.576 		-59.696 		20.999
v -130.151 		-61.879 		18.586
v -116.138 		-66.056 		17.86
v -123.003 		-63.167 		32.051
v -122.995 		-63.186 		32.051
v -130.729 		-60.091 		20.999
v -122.985 		-63.205 		32.051
v -122.975 		-63.224 		32.051
v -115.996 		-65.735 		17.86
v -130.197 		-62.251 		18.586
v -130.468 		-59.74 		20.578
v -119.777 		-55.11 		20.164
v -116.533 		-66.243 		17.516
v -130.619 		-60.13 		20.578
v -122.787 		-66.8 		31.208
v -120.167 		-54.981 		20.164
v -122.6 		-66.805 		31.208
v -116.381 		-65.941 		17.516
v -120.564 		-54.871 		20.164
v -122.413 		-66.8 		31.208
v -116.244 		-65.632 		17.516
v -119.659 		-60.585 		31.208
v -122.227 		-66.786 		31.208
v -120.213 		-55.131 		19.756
v -119.781 		-60.444 		31.208
v -122.042 		-66.763 		31.208
v -130.44 		-62.614 		18.967
v -125.347 		-67.111 		15.762
v -121.858 		-66.732 		31.208
v -130.449 		-62.999 		18.967
v -125.142 		-67.241 		15.762
v -130.44 		-63.385 		18.967
v -124.931 		-67.36 		15.762
v -116.639 		-65.819 		17.185
v -119.16 		-61.372 		31.208
v -130.225 		-62.625 		18.586
v -119.244 		-61.206 		31.208
v -130.234 		-62.999 		18.586
v -119.336 		-61.043 		31.208
v -130.225 		-63.374 		18.586
v -125.963 		-67.534 		16.282
v -122.189 		-67.175 		31.011
v -116.944 		-66.39 		17.185
v -116.784 		-66.108 		17.185
v -125.963 		-67.098 		16.013
v -121.984 		-67.149 		31.011
v -122.152 		-67.553 		30.796
v -121.929 		-67.525 		30.796
v -119.967 		-60.839 		31.385
v -122.963 		-63.242 		32.051
v -122.951 		-63.26 		32.051
v -117.367 		-66.496 		16.869
v -122.938 		-63.276 		32.051
v -120.076 		-60.712 		31.385
v -122.924 		-63.293 		32.051
v -117.202 		-66.235 		16.869
v -122.909 		-63.308 		32.051
v -122.893 		-63.323 		32.051
v -120.192 		-60.591 		31.385
v -123.702 		-68.537 		16.282
v -117.05 		-65.966 		16.869
v -122.806 		-67.19 		31.011
v -130.411 		-63.769 		18.967
v -123.428 		-68.584 		16.282
v -120.313 		-60.476 		31.385
v -116.911 		-65.69 		16.869
v -122.6 		-67.195 		31.011
v -130.364 		-64.151 		18.967
v -117.63 		-66.32 		16.568
v -123.888 		-68.142 		16.013
v -122.394 		-67.19 		31.011
v -117.473 		-66.072 		16.568
v -123.634 		-68.199 		16.013
v -122.825 		-67.569 		30.796
v -130.197 		-63.748 		18.586
v -117.329 		-65.817 		16.568
v -122.6 		-67.575 		30.796
v -123.378 		-68.244 		16.013
v -123.12 		-68.276 		16.013
v -130.151 		-64.12 		18.586
v -117.197 		-65.555 		16.568
v -122.375 		-67.569 		30.796
v -120.48 		-60.879 		31.542
v -130.087 		-64.489 		18.586
v -120.586 		-60.778 		31.542
v -120.698 		-60.682 		31.542
v -120.814 		-60.591 		31.542
v -123.801 		-67.796 		15.762
v -130.404 		-64.954 		19.357
v -123.565 		-67.849 		15.762
v -130.299 		-65.335 		19.357
v -119.697 		-67.842 		30.042
v -118.417 		-59.208 		16.282
v -123.326 		-67.89 		15.762
v -130.298 		-64.531 		18.967
v -118.608 		-59.007 		16.282
v -119.463 		-67.694 		30.042
v -130.214 		-64.907 		18.967
v -123.085 		-67.92 		15.762
v -119.783 		-68.271 		29.756
v -119.527 		-68.126 		29.756
v -120.602 		-55.023 		19.756
v -119.279 		-67.969 		29.756
v -120.107 		-61.334 		31.542
v -119.04 		-67.8 		29.756
v -117.621 		-60.338 		16.282
v -120.192 		-61.213 		31.542
v -118.808 		-67.62 		29.756
v -117.757 		-60.097 		16.282
v -124.761 		-68.216 		16.282
v -120.282 		-61.097 		31.542
v -120.965 		-54.781 		20.164
v -124.502 		-68.315 		16.282
v -121.37 		-54.71 		20.164
v -117.905 		-59.863 		16.282
v -124.239 		-68.402 		16.282
v -121.779 		-54.66 		20.164
v -123.972 		-68.476 		16.282
v -119.864 		-60.971 		31.385
v -118.065 		-59.636 		16.282
v -120.996 		-54.935 		19.756
v -124.867 		-67.792 		16.013
v -120.814 		-67.991 		30.311
v -121.394 		-54.866 		19.756
v -118.236 		-59.418 		16.282
v -120.571 		-67.898 		30.311
v -124.629 		-67.898 		16.013
v -121.794 		-54.817 		19.756
v -120.333 		-67.792 		30.311
v -124.386 		-67.991 		16.013
v -118.053 		-60.274 		16.013
v -123.389 		-63.372 		32.019
v -124.139 		-68.073 		16.013
v -120.101 		-67.675 		30.311
v -120.603 		-61.36 		31.679
v -123.369 		-63.411 		32.019
v -118.192 		-60.054 		16.013
v -123.348 		-63.448 		32.019
v -118.342 		-59.841 		16.013
v -120.686 		-61.264 		31.679
v -118.502 		-59.636 		16.013
v -122.189 		-54.63 		20.164
v -122.6 		-54.62 		20.164
v -118.672 		-59.439 		16.013
v -130.953 		-60.466 		21.426
v -123.325 		-63.484 		32.019
v -120.773 		-61.173 		31.679
v -131.067 		-60.878 		21.426
v -130.862 		-60.493 		20.999
v -122.197 		-54.787 		19.756
v -122.6 		-54.777 		19.756
v -130.975 		-60.902 		20.999
v -120.378 		-60.986 		31.542
v -131.067 		-61.315 		20.999
v -124.266 		-67.655 		15.762
v -130.75 		-60.527 		20.578
v -124.035 		-67.731 		15.762
v -130.111 		-65.278 		18.967
v -121.03 		-55.109 		19.357
v -121.419 		-55.041 		19.357
v -120.698 		-68.315 		30.042
v -119.104 		-59.503 		30.562
v -130.005 		-64.854 		18.586
v -120.439 		-68.216 		30.042
v -121.811 		-54.993 		19.357
v -123.472 		-62.999 		32.019
v -129.905 		-65.215 		18.586
v -123.471 		-63.042 		32.019
v -120.186 		-68.103 		30.042
v -123.153 		-68.618 		16.282
v -123.468 		-63.085 		32.019
v -119.938 		-67.979 		30.042
v -123.463 		-63.127 		32.019
v -121.297 		-59.853 		31.385
v -122.205 		-54.964 		19.357
v -121.453 		-59.793 		31.385
v -123.456 		-63.17 		32.019
v -122.6 		-54.954 		19.357
v -125.737 		-67.694 		16.282
v -128.705 		-61.47 		16.869
v -123.446 		-63.211 		32.019
v -121.611 		-59.74 		31.385
v -122.6 		-55.15 		18.967
v -125.503 		-67.842 		16.282
v -128.772 		-61.772 		16.869
v -120.313 		-68.521 		29.756
v -121.772 		-59.696 		31.385
v -125.262 		-67.979 		16.282
v -120.045 		-68.402 		29.756
v -125.014 		-68.103 		16.282
v -128.825 		-62.076 		16.869
v -122.995 		-54.964 		26.967
v -128.863 		-62.383 		16.869
v -125.099 		-67.675 		16.013
v -123.389 		-54.993 		26.967
v -120.586 		-68.627 		29.756
v -123.781 		-55.041 		26.967
v -128.398 		-61.547 		16.568
v -128.462 		-61.833 		16.568
v -124.17 		-55.109 		26.967
v -118.778 		-57.279 		28.808
v -128.512 		-62.122 		16.568
v -121.187 		-60.355 		31.542
v -130.862 		-60.93 		20.578
v -119.633 		-68.55 		29.455
v -130.953 		-61.338 		20.578
v -121.318 		-60.289 		31.542
v -128.548 		-62.414 		16.568
v -119.365 		-68.397 		29.455
v -117.473 		-57.343 		27.738
v -123.904 		-63.064 		31.966
v -117.757 		-57.098 		27.738
v -119.104 		-68.232 		29.455
v -123.9 		-63.127 		31.966
v -118.851 		-68.054 		29.455
v -120.849 		-60.078 		31.385
v -123.892 		-63.191 		31.966
v -118.342 		-57.258 		28.464
v -120.994 		-59.996 		31.385
v -131.025 		-61.75 		20.578
v -118.628 		-57.056 		28.464
v -121.144 		-59.921 		31.385
v -118.936 		-68.483 		29.139
v -117.905 		-57.279 		28.107
v -128.886 		-62.691 		16.869
v -128.893 		-62.999 		16.869
v -118.489 		-60.252 		15.762
v -118.192 		-57.056 		28.107
v -128.886 		-63.308 		16.869
v -118.628 		-60.054 		15.762
v -131.025 		-64.249 		20.578
v -118.489 		-56.846 		28.107
v -118.778 		-59.863 		15.762
v -121.453 		-60.229 		31.542
v -119.781 		-68.961 		29.139
v -121.59 		-60.176 		31.542
v -119.491 		-68.815 		29.139
v -128.57 		-62.706 		16.568
v -118.053 		-56.868 		27.738
v -121.73 		-60.13 		31.542
v -128.577 		-62.999 		16.568
v -131.067 		-65.12 		21.426
v -119.21 		-68.656 		29.139
v -118.359 		-56.652 		27.738
v -128.57 		-63.293 		16.568
v -123.435 		-63.253 		32.019
v -130.953 		-65.533 		21.426
v -119.659 		-69.219 		28.808
v -123.421 		-63.293 		32.019
v -131.067 		-64.684 		20.999
v -119.357 		-69.067 		28.808
v -118.675 		-56.452 		27.738
v -130.975 		-65.097 		20.999
v -123.406 		-63.333 		32.019
v -119.063 		-68.9 		28.808
v -130.862 		-65.506 		20.999
v -120.973 		-59.56 		31.208
v -130.953 		-64.661 		20.578
v -118.565 		-56.267 		27.357
v -129.858 		-61.556 		18.217
v -130.862 		-65.069 		20.578
v -121.936 		-59.659 		31.385
v -122.1 		-59.63 		31.385
v -130.75 		-65.472 		20.578
v -118.13 		-56.31 		26.967
v -122.266 		-59.61 		31.385
v -118.464 		-56.099 		26.967
v -120.773 		-69.022 		29.455
v -123.881 		-63.254 		31.966
v -123.867 		-63.317 		31.966
v -120.48 		-68.925 		29.455
v -122.433 		-59.598 		31.385
v -123.85 		-63.379 		31.966
v -120.192 		-68.814 		29.455
v -123.83 		-63.439 		31.966
v -117.197 		-61.36 		16.282
v -117.284 		-61.097 		16.282
v -123.003 		-54.787 		26.568
v -119.909 		-68.688 		29.455
v -130.49 		-60.176 		20.164
v -117.329 		-57.184 		27.357
v -123.406 		-54.817 		26.568
v -117.384 		-60.839 		16.282
v -117.621 		-56.932 		27.357
v -116.911 		-57.31 		26.967
v -123.806 		-54.866 		26.568
v -117.496 		-60.585 		16.282
v -117.197 		-57.038 		26.967
v -130.619 		-60.567 		20.164
v -117.608 		-61.213 		16.013
v -117.496 		-56.78 		26.967
v -130.729 		-60.963 		20.164
v -123.011 		-54.63 		26.16
v -123.421 		-54.66 		26.16
v -117.702 		-60.971 		16.013
v -120.686 		-69.31 		29.139
v -123.83 		-54.71 		26.16
v -130.819 		-61.365 		20.164
v -124.262 		-62.495 		31.891
v -130.468 		-60.613 		19.756
v -120.378 		-69.208 		29.139
v -124.284 		-62.578 		31.891
v -120.076 		-69.092 		29.139
v -130.576 		-61.002 		19.756
v -129.92 		-61.914 		18.217
v -124.303 		-62.661 		31.891
v -130.665 		-61.395 		19.756
v -129.964 		-62.274 		18.217
v -124.318 		-62.745 		31.891
v -122.6 		-59.594 		31.385
v -124.328 		-62.829 		31.891
v -122.767 		-59.598 		31.385
v -117.924 		-56.695 		27.357
v -117.807 		-60.733 		16.013
v -124.334 		-62.914 		31.891
v -117.924 		-60.5 		16.013
v -118.239 		-56.473 		27.357
v -130.491 		-61.43 		19.357
v -129.611 		-61.605 		17.86
v -129.671 		-61.951 		17.86
v -130.889 		-61.77 		20.164
v -129.714 		-62.299 		17.86
v -130.939 		-62.178 		20.164
v -129.348 		-61.657 		17.516
v -117.807 		-56.537 		26.967
v -118.13 		-60.885 		15.762
v -130.734 		-61.793 		19.756
v -129.405 		-61.99 		17.516
v -123.018 		-54.493 		25.746
v -130.783 		-62.193 		19.756
v -118.239 		-60.669 		15.762
v -123.435 		-54.524 		25.746
v -118.359 		-60.457 		15.762
v -121.871 		-60.091 		31.542
v -123.85 		-54.575 		25.746
v -122.015 		-60.059 		31.542
v -124.698 		-62.474 		31.795
v -118.565 		-60.843 		15.528
v -116.675 		-57.074 		26.16
v -122.16 		-60.034 		31.542
v -124.721 		-62.578 		31.795
v -129.447 		-62.325 		17.516
v -130.97 		-62.588 		20.164
v -116.289 		-57.28 		25.746
v -130.98 		-62.999 		20.164
v -122.306 		-60.016 		31.542
v -124.739 		-62.682 		31.795
v -130.97 		-63.411 		20.164
v -116.578 		-56.977 		25.746
v -124.752 		-62.787 		31.795
v -124.204 		-54.935 		26.568
v -130.813 		-62.596 		19.756
v -124.76 		-62.893 		31.795
v -124.598 		-55.023 		26.568
v -130.823 		-62.999 		19.756
v -116.203 		-57.202 		25.325
v -116.495 		-56.895 		25.325
v -130.813 		-63.403 		19.756
v -124.235 		-54.781 		26.16
v -124.636 		-54.871 		26.16
v -122.453 		-60.005 		31.542
v -116.132 		-57.137 		24.898
v -122.6 		-60.001 		31.542
v -122.6 		-60.416 		31.679
v -129.991 		-62.636 		18.217
v -116.428 		-56.827 		24.898
v -122.747 		-60.005 		31.542
v -124.262 		-54.646 		25.746
v -130 		-62.999 		18.217
v -123.906 		-62.999 		31.966
v -130.558 		-61.819 		19.357
v -124.669 		-54.738 		25.746
v -130.607 		-62.211 		19.357
v -129.991 		-63.363 		18.217
v -124.336 		-62.999 		31.891
v -124.334 		-63.085 		31.891
v -124.328 		-63.17 		31.891
v -129.74 		-62.649 		17.86
v -130.636 		-62.605 		19.357
v -129.749 		-62.999 		17.86
v -130.646 		-62.999 		19.357
v -123.024 		-54.377 		25.325
v -129.74 		-63.35 		17.86
v -130.636 		-63.394 		19.357
v -123.446 		-54.408 		25.325
v -117.608 		-56.269 		26.16
v -123.867 		-54.46 		25.325
v -129.472 		-62.662 		17.516
v -117.527 		-56.159 		25.746
v -129.48 		-62.999 		17.516
v -123.028 		-54.281 		24.898
v -123.456 		-54.312 		24.898
v -124.318 		-63.254 		31.891
v -130.939 		-63.821 		20.164
v -121.148 		-61.397 		31.795
v -129.472 		-63.337 		17.516
v -130.889 		-64.229 		20.164
v -123.881 		-54.365 		24.898
v -121.228 		-61.328 		31.795
v -124.303 		-63.338 		31.891
v -118.032 		-56.163 		26.568
v -121.312 		-61.262 		31.795
v -130.783 		-63.805 		19.756
v -130.734 		-64.206 		19.756
v -118.373 		-55.947 		26.568
v -124.284 		-63.421 		31.891
v -118.724 		-55.748 		26.568
v -129.068 		-61.713 		17.185
v -117.944 		-56.032 		26.16
v -129.123 		-62.032 		17.185
v -130.819 		-64.634 		20.164
v -118.292 		-55.812 		26.16
v -129.163 		-62.353 		17.185
v -124.284 		-54.532 		25.325
v -124.698 		-54.625 		25.325
v -118.675 		-60.647 		15.528
v -120.603 		-69.583 		28.808
v -118.65 		-55.609 		26.16
v -120.282 		-69.477 		28.808
v -124.763 		-62.999 		31.795
v -124.303 		-54.438 		24.898
v -121.399 		-61.201 		31.795
v -119.967 		-69.356 		28.808
v -124.721 		-54.532 		24.898
v -124.76 		-63.106 		31.795
v -121.488 		-61.145 		31.795
v -117.868 		-55.918 		25.746
v -118.222 		-55.694 		25.746
v -121.581 		-61.092 		31.795
v -124.752 		-63.211 		31.795
v -118.585 		-55.488 		25.746
v -121.675 		-61.045 		31.795
v -117.944 		-61.334 		15.762
v -121.772 		-61.002 		31.795
v -118.032 		-61.107 		15.762
v -124.739 		-63.317 		31.795
v -124.987 		-55.131 		26.568
v -118.373 		-61.248 		15.528
v -124.721 		-63.421 		31.795
v -118.464 		-61.043 		15.528
v -125.033 		-54.981 		26.16
v -125.423 		-55.11 		26.16
v -116.786 		-57.185 		26.568
v -125.072 		-54.849 		25.746
v -117.078 		-56.907 		26.568
v -129.187 		-62.676 		17.185
v -125.469 		-54.981 		25.746
v -117.384 		-56.643 		26.568
v -121.061 		-60.924 		31.679
v -129.194 		-62.999 		17.185
v -125.859 		-55.131 		25.746
v -121.165 		-60.851 		31.679
v -121.635 		-67.849 		30.562
v -121.272 		-60.783 		31.679
v -117.702 		-56.395 		26.568
v -129.187 		-63.323 		17.185
v -121.399 		-67.796 		30.562
v -120.934 		-60.506 		31.542
v -116.973 		-56.79 		26.16
v -121.165 		-67.731 		30.562
v -120.934 		-67.655 		30.562
v -121.059 		-60.428 		31.542
v -124.935 		-61.895 		31.679
v -117.284 		-56.522 		26.16
v -121.822 		-68.244 		30.311
v -125.106 		-54.738 		25.325
v -125.508 		-54.871 		25.325
v -125.172 		-61.458 		31.542
v -121.566 		-68.199 		30.311
v -125.904 		-55.023 		25.325
v -125.244 		-61.586 		31.542
v -121.312 		-68.142 		30.311
v -116.88 		-56.689 		25.746
v -121.061 		-68.073 		30.311
v -125.31 		-61.717 		31.542
v -125.134 		-54.646 		24.898
v -117.197 		-56.416 		25.746
v -125.541 		-54.781 		24.898
v -125.37 		-61.852 		31.542
v -121.382 		-60.721 		31.679
v -125.94 		-54.935 		24.898
v -128.863 		-63.616 		16.869
v -121.495 		-60.664 		31.679
v -128.825 		-63.923 		16.869
v -126.332 		-55.109 		24.898
v -121.611 		-60.613 		31.679
v -128.772 		-64.227 		16.869
v -125.679 		-61.543 		31.385
v -121.73 		-60.567 		31.679
v -117.457 		-56.065 		25.325
v -125.747 		-61.696 		31.385
v -125.807 		-61.852 		31.385
v -121.85 		-60.527 		31.679
v -121.772 		-68.584 		30.042
v -118.724 		-61.394 		15.313
v -121.499 		-68.537 		30.042
v -117.062 		-56.252 		24.898
v -121.228 		-68.476 		30.042
v -123.032 		-54.206 		24.468
v -117.4 		-55.988 		24.898
v -118.808 		-58.816 		16.282
v -123.463 		-54.238 		24.468
v -119.018 		-58.635 		16.282
v -130.729 		-65.036 		20.164
v -124.987 		-62.011 		31.679
v -117.75 		-55.742 		24.898
v -123.892 		-54.291 		24.468
v -125.033 		-62.129 		31.679
v -130.619 		-65.432 		20.164
v -123.035 		-54.153 		24.034
v -118.851 		-59.251 		16.013
v -125.072 		-62.249 		31.679
v -130.665 		-64.604 		19.756
v -123.468 		-54.185 		24.034
v -119.04 		-59.071 		16.013
v -123.9 		-54.238 		24.034
v -120.865 		-61.085 		31.679
v -130.576 		-64.997 		19.756
v -125.106 		-62.372 		31.679
v -120.961 		-61.002 		31.679
v -123.036 		-54.121 		23.599
v -130.468 		-65.386 		19.756
v -123.471 		-54.153 		23.599
v -117.804 		-55.821 		25.325
v -123.904 		-54.206 		23.599
v -118.162 		-55.594 		25.325
v -125.423 		-61.989 		31.542
v -118.53 		-55.386 		25.325
v -130.607 		-63.788 		19.357
v -124.318 		-54.365 		24.468
v -130.558 		-64.18 		19.357
v -118.112 		-55.512 		24.898
v -118.936 		-59.679 		15.762
v -124.739 		-54.46 		24.468
v -118.485 		-55.301 		24.898
v -124.328 		-54.312 		24.034
v -125.469 		-62.129 		31.542
v -122.075 		-60.902 		31.795
v -124.752 		-54.408 		24.034
v -130.491 		-64.569 		19.357
v -125.508 		-62.271 		31.542
v -122.178 		-60.878 		31.795
v -122.283 		-60.86 		31.795
v -116.802 		-56.603 		25.325
v -118.925 		-60.274 		15.528
v -125.541 		-62.414 		31.542
v -131.161 		-61.296 		24.898
v -124.334 		-54.281 		23.599
v -117.123 		-56.326 		25.325
v -119.063 		-60.097 		15.528
v -116.738 		-56.532 		24.898
v -124.76 		-54.377 		23.599
v -128.548 		-63.585 		16.568
v -128.512 		-63.876 		16.568
v -131.076 		-62.165 		25.746
v -125.859 		-62.011 		31.385
v -128.462 		-64.165 		16.568
v -131.107 		-62.582 		25.746
v -125.904 		-62.172 		31.385
v -122.388 		-60.847 		31.795
v -119.063 		-57.098 		28.808
v -128.398 		-64.452 		16.568
v -118.796 		-60.457 		15.528
v -125.94 		-62.335 		31.385
v -131.117 		-62.999 		25.746
v -122.494 		-60.84 		31.795
v -131.107 		-63.417 		25.746
v -122.6 		-60.837 		31.795
v -119.001 		-56.267 		27.738
v -122.706 		-60.84 		31.795
v -119.001 		-60.843 		15.313
v -122.812 		-60.847 		31.795
v -118.925 		-56.868 		28.464
v -131.14 		-61.733 		25.325
v -131.192 		-62.153 		25.325
v -118.796 		-56.652 		28.107
v -118.807 		-61.206 		15.313
v -128.997 		-64.602 		17.185
v -128.911 		-64.914 		17.185
v -118.9 		-61.022 		15.313
v -131.235 		-61.719 		24.898
v -128.809 		-65.221 		17.185
v -131.287 		-62.144 		24.898
v -121.871 		-60.963 		31.795
v -128.692 		-65.523 		17.185
v -121.972 		-60.93 		31.795
v -118.9 		-56.077 		27.357
v -120.961 		-68.402 		30.042
v -116.981 		-62.446 		16.282
v -118.807 		-55.904 		26.967
v -117.015 		-62.171 		16.282
v -117.062 		-61.898 		16.282
v -128.705 		-64.529 		16.869
v -117.123 		-61.628 		16.282
v -125.134 		-62.495 		31.679
v -128.622 		-64.826 		16.869
v -122.843 		-67.938 		30.562
v -118.909 		-55.195 		25.325
v -125.156 		-62.62 		31.679
v -128.525 		-65.12 		16.869
v -122.6 		-67.944 		30.562
v -128.414 		-65.408 		16.869
v -125.171 		-62.746 		31.679
v -117.356 		-62.222 		16.013
v -122.357 		-67.938 		30.562
v -119.084 		-55.566 		26.568
v -117.4 		-61.965 		16.013
v -128.32 		-64.734 		16.568
v -117.457 		-61.711 		16.013
v -125.18 		-62.873 		31.679
v -121.858 		-61.43 		31.891
v -122.115 		-67.92 		30.562
v -121.936 		-61.395 		31.891
v -128.227 		-65.013 		16.568
v -117.527 		-61.46 		16.013
v -119.017 		-55.424 		26.16
v -121.874 		-67.89 		30.562
v -128.122 		-65.287 		16.568
v -122.015 		-61.365 		31.891
v -131.223 		-62.576 		25.325
v -125.566 		-62.559 		31.542
v -131.233 		-62.999 		25.325
v -118.959 		-55.3 		25.746
v -125.584 		-62.706 		31.542
v -125.595 		-62.852 		31.542
v -131.223 		-63.423 		25.325
v -131.318 		-62.571 		24.898
v -131.329 		-62.999 		24.898
v -117.709 		-62.274 		15.762
v -122.86 		-68.295 		30.311
v -131.318 		-63.428 		24.898
v -118.417 		-59.208 		30.042
v -117.75 		-62.035 		15.762
v -129.964 		-63.725 		18.217
v -118.608 		-59.007 		30.042
v -122.6 		-68.301 		30.311
v -129.92 		-64.085 		18.217
v -117.98 		-59.208 		29.756
v -122.34 		-68.295 		30.311
v -129.858 		-64.443 		18.217
v -118.171 		-58.986 		29.756
v -122.08 		-68.276 		30.311
v -129.714 		-63.7 		17.86
v -125.184 		-62.999 		31.679
v -118.374 		-58.773 		29.756
v -131.076 		-63.834 		25.746
v -129.671 		-64.048 		17.86
v -125.18 		-63.126 		31.679
v -131.192 		-63.846 		25.325
v -118.586 		-58.571 		29.756
v -131.14 		-64.266 		25.325
v -125.171 		-63.253 		31.679
v -129.611 		-64.394 		17.86
v -117.804 		-61.798 		15.762
v -125.156 		-63.379 		31.679
v -117.868 		-61.564 		15.762
v -131.287 		-63.855 		24.898
v -131.235 		-64.28 		24.898
v -118.074 		-62.328 		15.528
v -129.447 		-63.674 		17.516
v -122.096 		-61.338 		31.891
v -118.112 		-62.107 		15.528
v -122.178 		-61.315 		31.891
v -129.405 		-64.009 		17.516
v -122.261 		-61.296 		31.891
v -118.162 		-61.888 		15.528
v -129.348 		-64.342 		17.516
v -121.723 		-68.912 		29.756
v -122.345 		-61.282 		31.891
v -117.735 		-58.135 		28.808
v -118.222 		-61.671 		15.528
v -121.434 		-68.861 		29.756
v -125.598 		-62.999 		31.542
v -121.148 		-68.797 		29.756
v -118.292 		-61.458 		15.528
v -120.865 		-68.719 		29.756
v -125.595 		-63.147 		31.542
v -118.374 		-58.336 		29.455
v -129.778 		-64.798 		18.217
v -118.608 		-58.135 		29.455
v -129.681 		-65.148 		18.217
v -129.568 		-65.492 		18.217
v -123.037 		-54.11 		23.162
v -122.877 		-68.639 		30.042
v -123.472 		-54.142 		23.162
v -129.534 		-64.736 		17.86
v -122.6 		-68.646 		30.042
v -129.441 		-65.075 		17.86
v -116.954 		-62.999 		16.282
v -116.961 		-62.722 		16.282
v -123.036 		-54.121 		22.725
v -122.323 		-68.639 		30.042
v -122.43 		-61.271 		31.891
v -129.331 		-65.408 		17.86
v -123.471 		-54.153 		22.725
v -117.937 		-58.336 		29.139
v -123.904 		-54.206 		22.725
v -118.171 		-58.113 		29.139
v -122.047 		-68.618 		30.042
v -122.515 		-61.265 		31.891
v -118.417 		-57.902 		29.139
v -116.961 		-63.276 		16.282
v -122.6 		-61.263 		31.891
v -123.906 		-54.196 		23.162
v -129.274 		-64.671 		17.516
v -122.6 		-68.976 		29.756
v -124.336 		-54.27 		23.162
v -118.672 		-57.703 		29.139
v -117.298 		-62.999 		16.013
v -117.305 		-62.739 		16.013
v -122.307 		-68.969 		29.756
v -124.763 		-54.366 		23.162
v -122.685 		-61.265 		31.891
v -129.184 		-64.997 		17.516
v -125.584 		-63.293 		31.542
v -122.77 		-61.271 		31.891
v -117.324 		-62.48 		16.013
v -129.078 		-65.317 		17.516
v -117.98 		-57.902 		28.808
v -124.334 		-54.281 		22.725
v -125.566 		-63.439 		31.542
v -122.855 		-61.282 		31.891
v -118.236 		-57.681 		28.808
v -122.014 		-68.948 		29.756
v -124.76 		-54.377 		22.725
v -117.305 		-63.26 		16.013
v -118.502 		-57.474 		28.808
v -125.156 		-54.575 		24.468
v -129.163 		-63.646 		17.185
v -125.566 		-54.71 		24.468
v -129.123 		-63.967 		17.185
v -129.068 		-64.286 		17.185
v -117.661 		-62.757 		15.762
v -117.655 		-62.999 		15.762
v -125.171 		-54.524 		24.034
v -117.679 		-62.515 		15.762
v -125.969 		-62.5 		31.385
v -117.545 		-59.251 		29.455
v -125.584 		-54.66 		24.034
v -121.972 		-60.493 		31.679
v -125.989 		-62.666 		31.385
v -117.735 		-59.007 		29.455
v -117.679 		-63.484 		15.762
v -117.661 		-63.242 		15.762
v -122.096 		-60.466 		31.679
v -126.002 		-62.832 		31.385
v -126.006 		-62.999 		31.385
v -125.18 		-54.493 		23.599
v -122.221 		-60.444 		31.679
v -122.347 		-60.428 		31.679
v -126.002 		-63.167 		31.385
v -125.595 		-54.63 		23.599
v -126.404 		-65.541 		30.796
v -117.117 		-59.336 		29.139
v -126.275 		-65.725 		30.796
v -125.989 		-63.333 		31.385
v -117.303 		-59.071 		29.139
v -126.137 		-65.902 		30.796
v -117.502 		-58.816 		29.139
v -125.969 		-54.866 		24.468
v -126.364 		-55.041 		24.468
v -131.161 		-64.702 		24.898
v -118.024 		-62.999 		15.528
v -118.03 		-62.775 		15.528
v -117.714 		-58.571 		29.139
v -116.88 		-59.177 		28.808
v -126.841 		-65.541 		30.562
v -118.047 		-62.551 		15.528
v -125.989 		-54.817 		24.034
v -126.711 		-65.746 		30.562
v -126.387 		-54.993 		24.034
v -117.074 		-58.901 		28.808
v -126.572 		-65.945 		30.562
v -118.047 		-63.448 		15.528
v -126.002 		-54.787 		23.599
v -118.03 		-63.224 		15.528
v -117.282 		-58.635 		28.808
v -126.401 		-54.964 		23.599
v -131.14 		-60.86 		24.468
v -131.235 		-61.282 		24.468
v -117.502 		-58.379 		28.808
v -131.076 		-60.428 		24.034
v -131.192 		-60.847 		24.034
v -131.287 		-61.271 		24.034
v -123.12 		-63.7 		32.019
v -125.184 		-54.483 		23.162
v -126.422 		-66.136 		30.562
v -123.085 		-63.725 		32.019
v -126.264 		-66.32 		30.562
v -125.598 		-54.62 		23.162
v -131.107 		-60.419 		23.599
v -118.45 		-62.384 		15.313
v -131.223 		-60.84 		23.599
v -125.18 		-54.493 		22.725
v -118.485 		-62.181 		15.313
v -125.595 		-54.63 		22.725
v -126.858 		-66.158 		30.311
v -131.318 		-61.265 		23.599
v -126.698 		-66.363 		30.311
v -118.53 		-61.98 		15.313
v -117.937 		-58.773 		29.455
v -126.528 		-66.56 		30.311
v -118.585 		-61.782 		15.313
v -118.15 		-58.549 		29.455
v -118.65 		-61.586 		15.313
v -126.006 		-54.777 		23.162
v -131.117 		-60.416 		23.162
v -126.405 		-54.954 		23.162
v -126.795 		-55.15 		23.162
v -131.233 		-60.837 		23.162
v -131.329 		-61.263 		23.162
v -126.002 		-54.787 		22.725
v -123.301 		-63.519 		32.019
v -126.401 		-54.964 		22.725
v -131.107 		-60.419 		22.725
v -123.274 		-63.553 		32.019
v -116.639 		-60.18 		29.139
v -131.223 		-60.84 		22.725
v -126.349 		-66.748 		30.311
v -123.246 		-63.585 		32.019
v -131.318 		-61.265 		22.725
v -116.244 		-60.367 		28.808
v -118.41 		-62.794 		15.313
v -126.16 		-66.928 		30.311
v -118.405 		-62.999 		15.313
v -118.425 		-62.588 		15.313
v -116.381 		-60.058 		28.808
v -118.425 		-63.411 		15.313
v -123.035 		-54.153 		22.29
v -116.533 		-59.756 		28.808
v -118.41 		-63.205 		15.313
v -123.468 		-54.185 		22.29
v -131.076 		-60.428 		22.29
v -116.699 		-59.463 		28.808
v -131.192 		-60.847 		22.29
v -131.287 		-61.271 		22.29
v -121.677 		-69.225 		29.455
v -123.9 		-54.238 		22.29
v -126.964 		-66.581 		30.042
v -121.372 		-69.172 		29.455
v -131.14 		-60.86 		21.856
v -126.783 		-66.791 		30.042
v -123.032 		-54.206 		21.856
v -126.592 		-66.992 		30.042
v -131.235 		-61.282 		21.856
v -121.071 		-69.104 		29.455
v -123.463 		-54.238 		21.856
v -123.892 		-54.291 		21.856
v -116.578 		-61.173 		29.455
v -121.632 		-69.523 		29.139
v -131.161 		-61.296 		21.426
v -116.675 		-60.879 		29.455
v -121.313 		-69.467 		29.139
v -126.392 		-67.183 		30.042
v -117.123 		-64.371 		16.282
v -120.998 		-69.396 		29.139
v -117.062 		-64.101 		16.282
v -126.182 		-67.364 		30.042
v -131.308 		-61.708 		24.468
v -131.361 		-62.137 		24.468
v -117.015 		-63.828 		16.282
v -116.203 		-61.397 		29.139
v -124.328 		-54.312 		22.29
v -131.361 		-61.7 		24.034
v -126.826 		-67.226 		29.756
v -116.289 		-61.085 		29.139
v -116.981 		-63.553 		16.282
v -124.752 		-54.408 		22.29
v -131.414 		-62.131 		24.034
v -126.614 		-67.428 		29.756
v -116.391 		-60.778 		29.139
v -124.318 		-54.365 		21.856
v -117.457 		-64.288 		16.013
v -124.739 		-54.46 		21.856
v -116.508 		-60.476 		29.139
v -122.6 		-69.293 		29.455
v -131.393 		-61.695 		23.599
v -117.4 		-64.034 		16.013
v -122.291 		-69.285 		29.455
v -131.446 		-62.128 		23.599
v -115.926 		-61.328 		28.808
v -117.356 		-63.777 		16.013
v -123.028 		-54.281 		21.426
v -116.016 		-61.002 		28.808
v -121.983 		-69.262 		29.455
v -123.456 		-54.312 		21.426
v -117.324 		-63.519 		16.013
v -116.122 		-60.682 		28.808
v -131.393 		-62.567 		24.468
v -123.881 		-54.365 		21.426
v -122.6 		-69.594 		29.139
v -126.392 		-67.62 		29.756
v -131.404 		-62.999 		24.468
v -123.024 		-54.377 		20.999
v -122.276 		-69.586 		29.139
v -126.16 		-67.8 		29.756
v -121.954 		-69.562 		29.139
v -131.393 		-63.431 		24.468
v -123.446 		-54.408 		20.999
v -131.446 		-62.565 		24.034
v -122.473 		-60.419 		31.679
v -131.457 		-62.999 		24.034
v -118.724 		-61.394 		31.011
v -126.826 		-67.662 		29.455
v -131.446 		-63.434 		24.034
v -118.373 		-61.248 		30.796
v -122.727 		-60.419 		31.679
v -117.75 		-63.964 		15.762
v -126.592 		-67.864 		29.455
v -131.479 		-62.563 		23.599
v -117.709 		-63.725 		15.762
v -122.853 		-60.428 		31.679
v -126.349 		-68.054 		29.455
v -123.217 		-63.616 		32.019
v -122.6 		-69.879 		28.808
v -131.489 		-62.999 		23.599
v -122.262 		-69.871 		28.808
v -118.464 		-61.043 		30.796
v -121.926 		-69.846 		28.808
v -131.479 		-63.436 		23.599
v -118.565 		-60.843 		30.796
v -118.675 		-60.647 		30.796
v -117.868 		-64.435 		15.762
v -121.591 		-69.805 		28.808
v -123.867 		-54.46 		20.999
v -123.186 		-63.646 		32.019
v -117.804 		-64.201 		15.762
v -121.258 		-69.747 		28.808
v -123.018 		-54.493 		20.578
v -123.153 		-63.674 		32.019
v -120.928 		-69.673 		28.808
v -118.222 		-64.328 		15.528
v -123.435 		-54.524 		20.578
v -118.162 		-64.111 		15.528
v -126.783 		-68.097 		29.139
v -123.85 		-54.575 		20.578
v -118.112 		-63.892 		15.528
v -118.074 		-63.671 		15.528
v -126.528 		-68.296 		29.139
v -126.264 		-68.483 		29.139
v -117.621 		-60.338 		30.042
v -119.393 		-61.852 		31.385
v -117.757 		-60.097 		30.042
v -119.453 		-61.696 		31.385
v -126.964 		-68.318 		28.808
v -119.521 		-61.543 		31.385
v -117.329 		-60.182 		29.756
v -126.698 		-68.525 		28.808
v -117.473 		-59.927 		29.756
v -119.864 		-69.604 		28.464
v -119.544 		-69.462 		28.464
v -123.048 		-63.748 		32.019
v -117.496 		-65.413 		16.282
v -119.23 		-69.304 		28.464
v -123.011 		-63.769 		32.019
v -118.925 		-69.131 		28.464
v -124.303 		-54.438 		21.426
v -117.384 		-65.16 		16.282
v -124.721 		-54.532 		21.426
v -131.404 		-61.694 		23.162
v -122.973 		-63.788 		32.019
v -124.284 		-54.532 		20.999
v -131.457 		-62.127 		23.162
v -126.422 		-68.72 		28.808
v -117.284 		-64.902 		16.282
v -122.934 		-63.805 		32.019
v -126.137 		-68.9 		28.808
v -117.197 		-64.638 		16.282
v -131.393 		-61.695 		22.725
v -119.112 		-69.526 		28.107
v -131.446 		-62.128 		22.725
v -118.796 		-69.347 		28.107
v -117.63 		-59.679 		29.756
v -119.659 		-62.414 		31.542
v -117.702 		-65.028 		16.013
v -126.858 		-68.741 		28.464
v -131.489 		-62.563 		23.162
v -117.608 		-64.786 		16.013
v -119.692 		-62.271 		31.542
v -131.5 		-62.999 		23.162
v -126.572 		-68.943 		28.464
v -119.731 		-62.129 		31.542
v -117.527 		-64.538 		16.013
v -131.489 		-63.436 		23.162
v -126.275 		-69.131 		28.464
v -119.768 		-69.836 		28.107
v -119.777 		-61.989 		31.542
v -131.479 		-62.563 		22.725
v -118.489 		-60.252 		30.562
v -119.436 		-69.689 		28.107
v -118.628 		-60.054 		30.562
v -122.894 		-63.821 		32.019
v -131.489 		-62.999 		22.725
v -119.26 		-62.335 		31.385
v -131.479 		-63.436 		22.725
v -118.778 		-59.863 		30.562
v -119.296 		-62.172 		31.385
v -117.924 		-65.499 		16.013
v -119.341 		-62.011 		31.385
v -126.711 		-69.152 		28.107
v -117.807 		-65.266 		16.013
v -126.404 		-69.347 		28.107
v -118.053 		-60.274 		30.311
v -118.192 		-60.054 		30.311
v -126.841 		-69.347 		27.738
v -131.361 		-63.862 		24.468
v -118.342 		-59.841 		30.311
v -126.525 		-69.547 		27.738
v -131.308 		-64.291 		24.468
v -118.032 		-64.892 		15.762
v -118.502 		-59.636 		30.311
v -131.414 		-63.868 		24.034
v -131.361 		-64.299 		24.034
v -117.944 		-64.665 		15.762
v -118.672 		-59.439 		30.311
v -120.745 		-61.888 		31.795
v -118.464 		-64.956 		15.528
v -131.446 		-63.871 		23.599
v -126.961 		-69.526 		27.357
v -120.802 		-61.798 		31.795
v -118.373 		-64.75 		15.528
v -131.393 		-64.304 		23.599
v -118.292 		-64.541 		15.528
v -123.806 		-63.499 		31.966
v -123.781 		-63.558 		31.966
v -126.199 		-69.732 		27.738
v -123.752 		-63.615 		31.966
v -131.235 		-64.717 		24.468
v -131.14 		-65.139 		24.468
v -123.72 		-63.671 		31.966
v -126.635 		-69.732 		27.357
v -131.287 		-64.727 		24.034
v -120.531 		-62.372 		31.795
v -123.686 		-63.725 		31.966
v -126.3 		-69.922 		27.357
v -131.192 		-65.152 		24.034
v -120.564 		-62.271 		31.795
v -118.239 		-65.33 		15.762
v -120.602 		-62.172 		31.795
v -126.736 		-69.9 		26.967
v -118.13 		-65.114 		15.762
v -131.318 		-64.734 		23.599
v -126.393 		-70.095 		26.967
v -117.905 		-59.863 		30.042
v -120.645 		-62.075 		31.795
v -131.223 		-65.159 		23.599
v -118.675 		-65.352 		15.528
v -118.065 		-59.636 		30.042
v -120.693 		-61.98 		31.795
v -118.565 		-65.156 		15.528
v -131.457 		-63.872 		23.162
v -131.404 		-64.305 		23.162
v -131.329 		-64.736 		23.162
v -118.236 		-59.418 		30.042
v -131.233 		-65.162 		23.162
v -126.827 		-70.052 		26.568
v -131.446 		-63.871 		22.725
v -126.476 		-70.251 		26.568
v -131.393 		-64.304 		22.725
v -117.799 		-59.439 		29.756
v -118.724 		-64.605 		15.313
v -131.318 		-64.734 		22.725
v -126.116 		-70.433 		26.568
v -123.649 		-63.777 		31.966
v -124.698 		-54.625 		20.999
v -118.65 		-64.413 		15.313
v -131.223 		-65.159 		22.725
v -123.609 		-63.828 		31.966
v -118.585 		-64.217 		15.313
v -123.568 		-63.876 		31.966
v -126.908 		-70.187 		26.16
v -118.53 		-64.019 		15.313
v -124.262 		-54.646 		20.578
v -117.608 		-61.213 		30.311
v -126.55 		-70.39 		26.16
v -123.523 		-63.923 		31.966
v -124.669 		-54.738 		20.578
v -118.485 		-63.818 		15.313
v -117.702 		-60.971 		30.311
v -126.183 		-70.575 		26.16
v -131.361 		-61.7 		22.29
v -118.45 		-63.615 		15.313
v -123.477 		-63.967 		31.966
v -131.414 		-62.131 		22.29
v -131.308 		-61.708 		21.856
v -126.615 		-70.511 		25.746
v -125.171 		-54.524 		22.29
v -131.361 		-62.137 		21.856
v -125.584 		-54.66 		22.29
v -117.197 		-61.36 		30.042
v -125.156 		-54.575 		21.856
v -117.284 		-61.097 		30.042
v -118.959 		-61.895 		15.116
v -125.566 		-54.71 		21.856
v -131.446 		-62.565 		22.29
v -119.017 		-61.717 		15.116
v -119.084 		-61.543 		15.116
v -131.457 		-62.999 		22.29
v -117.384 		-60.839 		30.042
v -126.241 		-70.699 		25.746
v -131.446 		-63.434 		22.29
v -117.496 		-60.585 		30.042
v -125.989 		-54.817 		22.29
v -126.67 		-70.613 		25.325
v -131.393 		-62.567 		21.856
v -118.836 		-62.441 		15.116
v -126.387 		-54.993 		22.29
v -131.404 		-62.999 		21.856
v -123.1 		-64.206 		31.966
v -118.868 		-62.257 		15.116
v -131.393 		-63.431 		21.856
v -125.969 		-54.866 		21.856
v -116.88 		-61.264 		29.756
v -126.364 		-55.041 		21.856
v -123.04 		-64.229 		31.966
v -118.909 		-62.075 		15.116
v -126.291 		-70.804 		25.325
v -116.973 		-60.986 		29.756
v -122.979 		-64.249 		31.966
v -126.715 		-70.698 		24.898
v -117.078 		-60.712 		29.756
v -117.197 		-60.444 		29.756
v -125.134 		-54.646 		21.426
v -131.235 		-61.719 		21.426
v -125.541 		-54.781 		21.426
v -131.287 		-62.144 		21.426
v -127.147 		-65.725 		30.311
v -125.94 		-54.935 		21.426
v -131.14 		-61.733 		20.999
v -127.008 		-65.945 		30.311
v -125.106 		-54.738 		20.999
v -118.799 		-62.813 		15.116
v -131.192 		-62.153 		20.999
v -123.378 		-64.048 		31.966
v -125.508 		-54.871 		20.999
v -125.904 		-55.023 		20.999
v -118.813 		-62.626 		15.116
v -123.326 		-64.085 		31.966
v -131.076 		-62.165 		20.578
v -117.944 		-61.334 		30.562
v -127.579 		-65.661 		30.042
v -123.271 		-64.12 		31.966
v -118.032 		-61.107 		30.562
v -125.072 		-54.849 		20.578
v -131.318 		-62.571 		21.426
v -127.443 		-65.902 		30.042
v -123.216 		-64.151 		31.966
v -125.469 		-54.981 		20.578
v -131.329 		-62.999 		21.426
v -118.13 		-60.885 		30.562
v -127.295 		-66.136 		30.042
v -118.239 		-60.669 		30.562
v -131.318 		-63.428 		21.426
v -125.859 		-55.131 		20.578
v -123.158 		-64.18 		31.966
v -118.795 		-62.999 		15.116
v -118.813 		-63.372 		15.116
v -118.359 		-60.457 		30.562
v -127.135 		-66.363 		30.042
v -118.799 		-63.186 		15.116
v -131.223 		-62.576 		20.999
v -131.233 		-62.999 		20.999
v -127.871 		-65.817 		29.756
v -131.223 		-63.423 		20.999
v -119.1 		-63 		14.9807
v -127.727 		-66.072 		29.756
v -122.917 		-64.266 		31.966
v -126.332 		-55.109 		21.426
v -117.807 		-60.733 		30.311
v -117.924 		-60.5 		30.311
v -131.107 		-62.582 		20.578
v -131.117 		-62.999 		20.578
v -127.57 		-66.32 		29.756
v -131.107 		-63.417 		20.578
v -127.401 		-66.56 		29.756
v -123.011 		-54.63 		20.164
v -123.421 		-54.66 		20.164
v -118.909 		-63.924 		15.116
v -123.83 		-54.71 		20.164
v -118.868 		-63.742 		15.116
v -118.836 		-63.558 		15.116
v -123.003 		-54.787 		19.756
v -123.406 		-54.817 		19.756
v -116.911 		-60.309 		29.455
v -128.003 		-65.555 		29.756
v -123.806 		-54.866 		19.756
v -117.05 		-60.033 		29.455
v -123.428 		-64.009 		31.966
v -117.202 		-59.764 		29.455
v -127.22 		-66.791 		29.756
v -131.414 		-63.868 		22.29
v -119.084 		-64.456 		15.116
v -127.029 		-67.013 		29.756
v -123.887 		-64.165 		31.891
v -117.367 		-59.503 		29.455
v -131.361 		-64.299 		22.29
v -119.017 		-64.281 		15.116
v -123.828 		-64.227 		31.891
v -124.235 		-54.781 		20.164
v -131.287 		-64.727 		22.29
v -118.959 		-64.104 		15.116
v -131.192 		-65.152 		22.29
v -124.636 		-54.871 		20.164
v -127.998 		-66.235 		29.455
v -116.784 		-59.891 		29.139
v -127.833 		-66.496 		29.455
v -131.361 		-63.862 		21.856
v -124.204 		-54.935 		19.756
v -124.598 		-55.023 		19.756
v -116.944 		-59.609 		29.139
v -131.308 		-64.291 		21.856
v -118.9 		-64.977 		15.313
v -131.235 		-64.717 		21.856
v -118.807 		-64.793 		15.313
v -131.14 		-65.139 		21.856
v -128.289 		-65.69 		29.455
v -128.15 		-65.966 		29.455
v -122.995 		-54.964 		19.357
v -123.389 		-54.993 		19.357
v -123.766 		-64.286 		31.891
v -123.781 		-55.041 		19.357
v -123.702 		-64.342 		31.891
v -119.001 		-65.156 		15.313
v -123.634 		-64.394 		31.891
v -128.561 		-65.819 		29.139
v -131.287 		-63.855 		21.426
v -128.416 		-66.108 		29.139
v -116.786 		-60.591 		29.455
v -131.235 		-64.28 		21.426
v -124.17 		-55.109 		19.357
v -117.757 		-65.902 		16.282
v -123.565 		-64.443 		31.891
v -128.256 		-66.39 		29.139
v -131.161 		-64.702 		21.426
v -117.621 		-65.661 		16.282
v -119.679 		-70.052 		27.738
v -123.493 		-64.489 		31.891
v -128.956 		-65.632 		28.808
v -116.699 		-58.157 		27.738
v -119.336 		-69.9 		27.738
v -131.192 		-63.846 		20.999
v -128.819 		-65.941 		28.808
v -119.001 		-69.732 		27.738
v -131.14 		-64.266 		20.999
v -118.065 		-66.363 		16.282
v -116.468 		-59.324 		28.464
v -117.905 		-66.136 		16.282
v -128.667 		-66.243 		28.808
v -118.502 		-66.363 		16.013
v -116.656 		-59.028 		28.464
v -131.076 		-63.834 		20.578
v -128.501 		-66.536 		28.808
v -118.342 		-66.158 		16.013
v -120.525 		-69.84 		28.464
v -116.253 		-59.195 		28.107
v -116.447 		-58.888 		28.107
v -118.192 		-65.945 		16.013
v -120.192 		-69.73 		28.464
v -116.656 		-58.591 		28.107
v -116.052 		-59.075 		27.738
v -118.053 		-65.725 		16.013
v -120.802 		-70.178 		28.107
v -120.452 		-70.081 		28.107
v -124.262 		-63.503 		31.891
v -116.253 		-58.758 		27.738
v -127.655 		-66.748 		29.455
v -124.235 		-63.584 		31.891
v -130.49 		-65.822 		26.16
v -124.204 		-63.664 		31.891
v -120.107 		-69.967 		28.107
v -127.465 		-66.992 		29.455
v -116.468 		-58.452 		27.738
v -130.619 		-65.869 		25.746
v -124.17 		-63.742 		31.891
v -127.263 		-67.226 		29.455
v -130.468 		-66.259 		25.746
v -127.05 		-67.449 		29.455
v -120.745 		-70.404 		27.738
v -120.384 		-70.305 		27.738
v -127.897 		-66.928 		29.139
v -118.778 		-66.136 		15.762
v -118.628 		-65.945 		15.762
v -120.028 		-70.187 		27.738
v -130.729 		-65.908 		25.325
v -116.296 		-58.324 		27.357
v -127.698 		-67.183 		29.139
v -116.533 		-58.02 		27.357
v -118.489 		-65.746 		15.762
v -130.576 		-66.303 		25.325
v -118.359 		-65.541 		15.762
v -116.138 		-58.207 		26.967
v -127.486 		-67.428 		29.139
v -116.381 		-57.895 		26.967
v -130.819 		-65.94 		24.898
v -124.131 		-63.818 		31.891
v -130.665 		-66.34 		24.898
v -116.639 		-57.596 		26.967
v -124.089 		-63.892 		31.891
v -124.044 		-63.964 		31.891
v -127.918 		-67.364 		28.808
v -119.596 		-70.251 		27.357
v -119.063 		-65.902 		15.528
v -119.244 		-70.095 		27.357
v -118.925 		-65.725 		15.528
v -118.796 		-65.541 		15.528
v -130.491 		-66.732 		24.898
v -118.9 		-69.922 		27.357
v -115.678 		-59.299 		27.357
v -128.083 		-66.663 		29.139
v -115.868 		-58.964 		27.357
v -128.32 		-66.822 		28.808
v -119.521 		-70.433 		26.967
v -124.698 		-63.525 		31.795
v -116.074 		-58.639 		27.357
v -128.126 		-67.098 		28.808
v -131.025 		-65.555 		24.468
v -119.16 		-70.272 		26.967
v -118.936 		-66.32 		15.762
v -130.889 		-65.965 		24.468
v -124.669 		-63.627 		31.795
v -118.807 		-70.095 		26.967
v -130.734 		-66.368 		24.468
v -124.636 		-63.728 		31.795
v -124.598 		-63.827 		31.795
v -115.504 		-59.207 		26.967
v -130.939 		-65.983 		24.034
v -115.699 		-58.863 		26.967
v -124.555 		-63.924 		31.795
v -130.783 		-66.389 		24.034
v -115.91 		-58.53 		26.967
v -130.97 		-65.994 		23.599
v -127.263 		-67.662 		29.139
v -119.21 		-57.343 		29.139
v -127.029 		-67.886 		29.139
v -130.813 		-66.401 		23.599
v -119.491 		-57.184 		29.139
v -127.698 		-67.62 		28.808
v -120.693 		-70.613 		27.357
v -127.465 		-67.864 		28.808
v -119.781 		-57.038 		29.139
v -120.322 		-70.511 		27.357
v -127.22 		-68.097 		28.808
v -119.956 		-70.39 		27.357
v -130.558 		-66.763 		24.468
v -130.607 		-66.786 		24.034
v -119.357 		-56.932 		28.808
v -117.303 		-58.199 		28.464
v -117.545 		-57.945 		28.464
v -123.995 		-64.034 		31.891
v -119.659 		-56.78 		28.808
v -119.89 		-70.575 		26.967
v -116.88 		-58.305 		28.107
v -130.636 		-66.8 		23.599
v -123.942 		-64.101 		31.891
v -117.117 		-58.03 		28.107
v -120.645 		-70.804 		26.967
v -117.367 		-57.767 		28.107
v -117.63 		-57.516 		28.107
v -128.904 		-66.369 		28.464
v -120.265 		-70.699 		26.967
v -130.98 		-65.998 		23.162
v -130.823 		-66.405 		23.162
v -116.944 		-57.873 		27.738
v -124.398 		-64.201 		31.795
v -130.97 		-65.994 		22.725
v -119.909 		-57.31 		29.455
v -130.813 		-66.401 		22.725
v -117.202 		-57.602 		27.738
v -120.192 		-57.185 		29.455
v -124.337 		-64.288 		31.795
v -128.732 		-66.675 		28.464
v -121.551 		-70.071 		28.464
v -120.48 		-57.074 		29.455
v -128.544 		-66.971 		28.464
v -124.272 		-64.371 		31.795
v -121.205 		-70.011 		28.464
v -120.773 		-56.977 		29.455
v -130.646 		-66.805 		23.162
v -128.342 		-67.258 		28.464
v -124.202 		-64.452 		31.795
v -120.863 		-69.934 		28.464
v -130.449 		-67.195 		23.162
v -128.126 		-67.534 		28.464
v -130.636 		-66.8 		22.725
v -121.514 		-70.319 		28.107
v -117.799 		-57.703 		28.464
v -121.156 		-70.257 		28.107
v -120.076 		-56.907 		29.139
v -120.265 		-61.895 		31.679
v -130.939 		-65.983 		22.29
v -120.378 		-56.79 		29.139
v -121.852 		-70.596 		27.738
v -119.83 		-61.852 		31.542
v -130.783 		-66.389 		22.29
v -121.48 		-70.551 		27.738
v -120.686 		-56.689 		29.139
v -119.89 		-61.717 		31.542
v -131.025 		-65.555 		21.856
v -130.889 		-65.965 		21.856
v -118.065 		-57.474 		28.464
v -121.111 		-70.487 		27.738
v -128.947 		-66.804 		28.107
v -119.967 		-56.643 		28.808
v -130.734 		-66.368 		21.856
v -128.753 		-67.111 		28.107
v -128.544 		-67.408 		28.107
v -120.282 		-56.522 		28.808
v -119.956 		-61.586 		31.542
v -124.507 		-64.019 		31.795
v -124.455 		-64.111 		31.795
v -120.603 		-56.416 		28.808
v -128.947 		-67.241 		27.738
v -120.028 		-61.458 		31.542
v -128.732 		-67.547 		27.738
v -130.607 		-66.786 		22.29
v -122.6 		-70.148 		28.464
v -120.865 		-57.28 		29.756
v -121.148 		-57.202 		29.756
v -130.558 		-66.763 		21.856
v -122.249 		-70.139 		28.464
v -121.434 		-57.137 		29.756
v -129.204 		-65.735 		28.464
v -121.899 		-70.114 		28.464
v -129.062 		-66.056 		28.464
v -121.723 		-57.087 		29.756
v -129.437 		-65.831 		28.107
v -122.6 		-70.4 		28.107
v -130.819 		-65.94 		21.426
v -122.237 		-70.391 		28.107
v -129.29 		-66.163 		28.107
v -130.665 		-66.34 		21.426
v -121.875 		-70.364 		28.107
v -129.126 		-66.488 		28.107
v -120.322 		-61.782 		31.679
v -124.878 		-64.217 		31.679
v -130.729 		-65.908 		20.999
v -120.384 		-61.671 		31.679
v -129.788 		-65.571 		27.738
v -124.816 		-64.328 		31.679
v -130.576 		-66.303 		20.999
v -122.014 		-57.051 		29.756
v -129.653 		-65.921 		27.738
v -120.452 		-61.564 		31.679
v -124.748 		-64.435 		31.679
v -122.6 		-70.633 		27.738
v -122.307 		-57.03 		29.756
v -130.619 		-65.869 		20.578
v -129.501 		-66.263 		27.738
v -122.225 		-70.624 		27.738
v -130.468 		-66.259 		20.578
v -120.525 		-61.46 		31.679
v -122.6 		-57.023 		29.756
v -130.491 		-66.732 		21.426
v -129.332 		-66.598 		27.738
v -121.258 		-56.252 		28.808
v -129.148 		-66.924 		27.738
v -121.591 		-56.194 		28.808
v -130.49 		-65.822 		20.164
v -123.342 		-64.569 		31.891
v -123.264 		-64.604 		31.891
v -121.926 		-56.153 		28.808
v -125.033 		-54.981 		20.164
v -129.99 		-65.644 		27.357
v -125.423 		-55.11 		20.164
v -122.262 		-56.128 		28.808
v -123.185 		-64.634 		31.891
v -131.076 		-65.571 		24.034
v -129.852 		-66.003 		27.357
v -120.094 		-62.372 		31.679
v -131.107 		-65.58 		23.599
v -120.128 		-62.249 		31.679
v -129.695 		-66.355 		27.357
v -123.104 		-64.661 		31.891
v -124.987 		-55.131 		19.756
v -122.6 		-56.12 		28.808
v -123.022 		-64.684 		31.891
v -131.117 		-65.583 		23.162
v -116.858 		-58.741 		28.464
v -131.107 		-65.58 		22.725
v -117.074 		-58.464 		28.464
v -130.175 		-65.71 		26.967
v -122.939 		-64.702 		31.891
v -130.033 		-66.078 		26.967
v -131.076 		-65.571 		22.29
v -129.873 		-66.439 		26.967
v -126.137 		-57.098 		28.808
v -116.784 		-57.728 		27.357
v -126.422 		-57.279 		28.808
v -117.05 		-57.449 		27.357
v -121.811 		-71.006 		26.967
v -121.419 		-70.958 		26.967
v -129.522 		-66.699 		27.357
v -121.071 		-56.895 		29.455
v -121.03 		-70.89 		26.967
v -126.199 		-56.267 		27.738
v -129.332 		-67.035 		27.357
v -123.418 		-64.531 		31.891
v -121.372 		-56.827 		29.455
v -120.167 		-62.129 		31.679
v -126.275 		-56.868 		28.464
v -129.126 		-67.36 		27.357
v -121.677 		-56.774 		29.455
v -126.572 		-57.056 		28.464
v -120.213 		-62.011 		31.679
v -123.888 		-64.736 		31.795
v -129.695 		-66.792 		26.967
v -126.858 		-57.258 		28.464
v -129.501 		-67.136 		26.967
v -120.998 		-56.603 		29.139
v -122.6 		-70.849 		27.357
v -129.29 		-67.469 		26.967
v -121.313 		-56.532 		29.139
v -122.6 		-71.045 		26.967
v -126.404 		-56.652 		28.107
v -122.205 		-71.035 		26.967
v -121.632 		-56.476 		29.139
v -126.711 		-56.846 		28.107
v -123.801 		-64.798 		31.795
v -123.712 		-64.854 		31.795
v -120.928 		-56.326 		28.808
v -127.897 		-67.8 		28.464
v -126.525 		-56.452 		27.738
v -123.619 		-64.907 		31.795
v -127.655 		-68.054 		28.464
v -115.547 		-60.078 		27.738
v -119.777 		-70.889 		26.16
v -123.525 		-64.954 		31.795
v -127.401 		-68.296 		28.464
v -126.841 		-56.652 		27.738
v -123.428 		-64.997 		31.795
v -115.699 		-59.736 		27.738
v -127.135 		-68.525 		28.464
v -119.731 		-71.018 		25.746
v -119.341 		-70.868 		25.746
v -127.833 		-68.232 		28.107
v -126.3 		-56.077 		27.357
v -121.983 		-56.736 		29.455
v -127.57 		-68.483 		28.107
v -126.635 		-56.267 		27.357
v -115.996 		-60.264 		28.464
v -122.291 		-56.714 		29.455
v -126.393 		-55.904 		26.967
v -116.138 		-59.943 		28.464
v -127.998 		-68.397 		27.738
v -126.736 		-56.099 		26.967
v -122.6 		-56.706 		29.455
v -120.602 		-70.976 		26.568
v -116.296 		-59.63 		28.464
v -120.213 		-70.868 		26.568
v -123.329 		-65.036 		31.795
v -121.954 		-56.437 		29.139
v -123.228 		-65.069 		31.795
v -122.276 		-56.413 		29.139
v -120.564 		-71.128 		26.16
v -128.32 		-67.694 		28.107
v -115.763 		-60.168 		28.107
v -123.125 		-65.097 		31.795
v -120.167 		-71.018 		26.16
v -122.6 		-56.405 		29.139
v -126.961 		-56.473 		27.357
v -128.083 		-67.969 		28.107
v -119.605 		-62.852 		31.542
v -123.022 		-65.12 		31.795
v -120.531 		-71.261 		25.746
v -122.917 		-65.139 		31.795
v -128.501 		-67.842 		27.738
v -119.616 		-62.706 		31.542
v -120.128 		-71.149 		25.746
v -115.91 		-59.835 		28.107
v -128.256 		-68.126 		27.738
v -126.291 		-55.195 		25.325
v -119.634 		-62.559 		31.542
v -120.645 		-55.195 		26.967
v -119.692 		-71.128 		25.325
v -119.296 		-70.976 		25.325
v -119.198 		-62.832 		31.385
v -126.116 		-55.566 		26.568
v -126.476 		-55.748 		26.568
v -119.211 		-62.666 		31.385
v -119.659 		-71.218 		24.898
v -127.295 		-68.72 		28.107
v -126.827 		-55.947 		26.568
v -119.231 		-62.5 		31.385
v -119.26 		-71.064 		24.898
v -119.436 		-56.31 		28.107
v -127.008 		-68.943 		28.107
v -126.183 		-55.424 		26.16
v -118.868 		-70.89 		24.898
v -126.55 		-55.609 		26.16
v -119.768 		-56.163 		28.107
v -127.727 		-68.656 		27.738
v -119.336 		-56.099 		27.738
v -123.35 		-65.472 		31.679
v -127.443 		-68.9 		27.738
v -119.679 		-55.947 		27.738
v -123.228 		-65.506 		31.679
v -121.831 		-70.811 		27.357
v -127.147 		-69.131 		27.738
v -120.502 		-71.374 		25.325
v -121.448 		-70.764 		27.357
v -123.104 		-65.533 		31.679
v -120.094 		-71.261 		25.325
v -126.908 		-55.812 		26.16
v -119.602 		-62.999 		31.542
v -120.192 		-56.269 		28.464
v -119.634 		-63.439 		31.542
v -120.525 		-56.159 		28.464
v -119.616 		-63.293 		31.542
v -120.479 		-71.467 		24.898
v -126.241 		-55.3 		25.746
v -119.605 		-63.147 		31.542
v -128.904 		-67.675 		27.357
v -120.066 		-71.353 		24.898
v -120.107 		-56.032 		28.107
v -128.667 		-67.979 		27.357
v -121.069 		-70.698 		27.357
v -120.452 		-55.918 		28.107
v -128.416 		-68.271 		27.357
v -119.194 		-62.999 		31.385
v -120.802 		-55.821 		28.107
v -128.15 		-68.55 		27.357
v -123.818 		-65.278 		31.679
v -120.028 		-55.812 		27.738
v -121.794 		-71.182 		26.568
v -119.211 		-63.333 		31.385
v -123.705 		-65.335 		31.679
v -120.384 		-55.694 		27.738
v -121.394 		-71.133 		26.568
v -119.198 		-63.167 		31.385
v -128.819 		-68.103 		26.967
v -123.589 		-65.386 		31.679
v -120.745 		-55.594 		27.738
v -122.215 		-70.839 		27.357
v -120.996 		-71.064 		26.568
v -128.561 		-68.402 		26.967
v -121.779 		-71.339 		26.16
v -123.47 		-65.432 		31.679
v -121.37 		-71.288 		26.16
v -119.453 		-70.596 		26.568
v -119.084 		-70.433 		26.568
v -120.965 		-71.218 		26.16
v -116.074 		-59.511 		28.107
v -119.23 		-56.695 		28.464
v -119.017 		-70.575 		26.16
v -127.871 		-68.815 		27.357
v -121.765 		-71.475 		25.746
v -127.579 		-69.067 		27.357
v -119.544 		-56.537 		28.464
v -121.35 		-71.424 		25.746
v -124.129 		-64.529 		31.795
v -120.938 		-71.353 		25.746
v -127.276 		-69.304 		27.357
v -119.864 		-56.395 		28.464
v -124.052 		-64.602 		31.795
v -120.44 		-62.893 		31.795
v -119.393 		-70.741 		26.16
v -128.289 		-68.688 		26.967
v -123.972 		-64.671 		31.795
v -120.448 		-62.787 		31.795
v -128.003 		-68.961 		26.967
v -118.959 		-70.699 		25.746
v -119.112 		-56.473 		28.107
v -127.704 		-69.219 		26.967
v -120.461 		-62.682 		31.795
v -122.6 		-71.222 		26.568
v -122.197 		-71.212 		26.568
v -120.479 		-62.578 		31.795
v -127.393 		-69.462 		26.967
v -119.83 		-70.741 		26.568
v -120.502 		-62.474 		31.795
v -122.6 		-71.379 		26.16
v -122.189 		-71.369 		26.16
v -122.6 		-71.516 		25.746
v -126.615 		-55.488 		25.746
v -122.182 		-71.506 		25.746
v -124.335 		-64.914 		31.679
v -119.244 		-55.904 		27.357
v -119.596 		-55.748 		27.357
v -124.239 		-64.997 		31.679
v -119.16 		-55.726 		26.967
v -122.6 		-71.633 		25.325
v -119.521 		-55.566 		26.967
v -120.437 		-62.999 		31.795
v -129.062 		-67.792 		26.967
v -126.67 		-55.386 		25.325
v -122.176 		-71.622 		25.325
v -121.754 		-71.591 		25.325
v -126.715 		-55.301 		24.898
v -124.675 		-64.538 		31.679
v -130.342 		-65.77 		26.568
v -130.197 		-66.146 		26.568
v -124.597 		-64.638 		31.679
v -121.333 		-71.539 		25.325
v -120.479 		-63.421 		31.795
v -130.033 		-66.515 		26.568
v -124.514 		-64.734 		31.679
v -120.916 		-71.467 		25.325
v -120.461 		-63.317 		31.795
v -115.868 		-59.401 		27.738
v -127.008 		-57.056 		28.107
v -119.956 		-55.609 		27.357
v -130.342 		-66.206 		26.16
v -127.295 		-57.279 		28.107
v -124.427 		-64.826 		31.679
v -120.322 		-55.488 		27.357
v -127.147 		-56.868 		27.738
v -127.443 		-57.098 		27.738
v -115.666 		-61.262 		28.464
v -120.693 		-55.386 		27.357
v -121.319 		-71.634 		24.898
v -124.918 		-64.902 		31.542
v -115.422 		-61.201 		28.107
v -127.727 		-57.343 		27.738
v -120.897 		-71.561 		24.898
v -129.852 		-66.876 		26.568
v -124.822 		-65.013 		31.542
v -119.89 		-55.424 		26.967
v -115.519 		-60.851 		28.107
v -120.265 		-55.3 		26.967
v -129.653 		-67.227 		26.568
v -115.633 		-60.506 		28.107
v -129.437 		-67.568 		26.568
v -129.99 		-66.95 		26.16
v -115.195 		-61.145 		27.738
v -127.276 		-56.695 		27.357
v -129.788 		-67.307 		26.16
v -115.295 		-60.783 		27.738
v -121.448 		-55.235 		27.357
v -115.412 		-60.428 		27.738
v -127.579 		-56.932 		27.357
v -122.6 		-71.728 		24.898
v -121.831 		-55.188 		27.357
v -122.172 		-71.718 		24.898
v -127.871 		-57.184 		27.357
v -121.744 		-71.686 		24.898
v -129.905 		-67.378 		25.746
v -124.139 		-65.075 		31.679
v -127.07 		-56.31 		26.967
v -124.035 		-65.148 		31.679
v -127.393 		-56.537 		26.967
v -127.704 		-56.78 		26.967
v -122.215 		-55.16 		27.357
v -128.003 		-57.038 		26.967
v -130.175 		-66.582 		26.16
v -123.928 		-65.215 		31.679
v -130.299 		-66.641 		25.746
v -128.289 		-57.31 		26.967
v -115.759 		-60.924 		28.464
v -130.111 		-67.014 		25.746
v -124.386 		-65.408 		31.542
v -120.448 		-63.211 		31.795
v -118.405 		-70.849 		23.162
v -120.44 		-63.106 		31.795
v -124.266 		-65.492 		31.542
v -120.863 		-56.065 		28.464
v -121.205 		-55.988 		28.464
v -130.404 		-66.691 		25.325
v -121.551 		-55.928 		28.464
v -130.214 		-67.069 		25.325
v -130.005 		-67.438 		25.325
v -127.168 		-56.163 		26.568
v -121.156 		-55.742 		28.107
v -127.256 		-56.032 		26.16
v -119.634 		-71.288 		24.468
v -124.72 		-65.12 		31.542
v -130.298 		-67.114 		24.898
v -121.514 		-55.679 		28.107
v -120.02 		-62.873 		31.679
v -127.592 		-56.269 		26.16
v -119.231 		-71.133 		24.468
v -130.087 		-67.487 		24.898
v -120.029 		-62.746 		31.679
v -124.614 		-65.221 		31.542
v -118.836 		-70.958 		24.468
v -120.044 		-62.62 		31.679
v -119.616 		-71.339 		24.034
v -126.978 		-55.694 		25.746
v -121.111 		-55.512 		27.738
v -127.332 		-55.918 		25.746
v -120.066 		-62.495 		31.679
v -124.502 		-65.317 		31.542
v -119.211 		-71.182 		24.034
v -121.48 		-55.448 		27.738
v -118.813 		-71.006 		24.034
v -128.956 		-68.216 		26.568
v -127.673 		-56.159 		25.746
v -119.605 		-71.369 		23.599
v -121.852 		-55.402 		27.738
v -128.692 		-68.521 		26.568
v -119.198 		-71.212 		23.599
v -124.887 		-65.523 		31.385
v -118.799 		-71.035 		23.599
v -121.899 		-55.885 		28.464
v -127.498 		-56.395 		26.568
v -127.816 		-56.643 		26.568
v -127.816 		-69.356 		26.568
v -122.249 		-55.859 		28.464
v -120.016 		-62.999 		31.679
v -125.134 		-63.503 		31.679
v -127.498 		-69.604 		26.568
v -120.044 		-63.379 		31.679
v -127.916 		-56.522 		26.16
v -125.106 		-63.627 		31.679
v -122.6 		-55.851 		28.464
v -120.461 		-71.539 		24.468
v -120.029 		-63.253 		31.679
v -127.916 		-69.477 		26.16
v -120.044 		-71.424 		24.468
v -125.072 		-63.749 		31.679
v -120.448 		-71.591 		24.034
v -121.875 		-55.635 		28.107
v -125.033 		-63.87 		31.679
v -120.02 		-63.126 		31.679
v -128.122 		-56.907 		26.568
v -120.029 		-71.475 		24.034
v -122.237 		-55.608 		28.107
v -124.987 		-63.988 		31.679
v -128.414 		-57.185 		26.568
v -122.6 		-55.599 		28.107
v -120.44 		-71.622 		23.599
v -128.414 		-68.814 		26.568
v -120.02 		-71.506 		23.599
v -128.227 		-56.79 		26.16
v -128.122 		-69.092 		26.568
v -128.525 		-57.074 		26.16
v -122.225 		-55.375 		27.738
v -128.809 		-68.627 		26.16
v -121.258 		-61.898 		31.891
v -128.525 		-68.925 		26.16
v -122.6 		-55.366 		27.738
v -128.003 		-56.416 		25.746
v -121.313 		-61.833 		31.891
v -128.32 		-56.689 		25.746
v -119.602 		-71.379 		23.162
v -119.194 		-71.222 		23.162
v -128.227 		-69.208 		26.16
v -128.622 		-56.977 		25.746
v -118.795 		-71.045 		23.162
v -119.605 		-71.369 		22.725
v -125.541 		-63.584 		31.542
v -128.911 		-57.28 		25.746
v -119.198 		-71.212 		22.725
v -120.863 		-61.711 		31.795
v -125.508 		-63.728 		31.542
v -120.928 		-61.628 		31.795
v -121.069 		-55.301 		27.357
v -118.799 		-71.035 		22.725
v -125.469 		-63.87 		31.542
v -120.998 		-61.547 		31.795
v -128.911 		-68.719 		25.746
v -128.622 		-69.022 		25.746
v -125.94 		-63.664 		31.385
v -121.071 		-61.47 		31.795
v -127.038 		-55.594 		25.325
v -125.904 		-63.827 		31.385
v -128.32 		-69.31 		25.746
v -120.437 		-71.633 		23.162
v -127.396 		-55.821 		25.325
v -128.003 		-69.583 		25.746
v -125.859 		-63.988 		31.385
v -120.016 		-71.516 		23.162
v -127.743 		-56.065 		25.325
v -119.393 		-55.258 		26.16
v -120.44 		-71.622 		22.725
v -120.02 		-71.506 		22.725
v -127.088 		-55.512 		24.898
v -119.83 		-55.258 		26.568
v -127.45 		-55.742 		24.898
v -128.997 		-68.797 		25.325
v -124.935 		-64.104 		31.679
v -128.705 		-69.104 		25.325
v -127.8 		-55.988 		24.898
v -125.423 		-64.01 		31.542
v -128.138 		-56.252 		24.898
v -121.499 		-61.657 		31.891
v -128.398 		-69.396 		25.325
v -125.37 		-64.147 		31.542
v -121.566 		-61.605 		31.891
v -125.31 		-64.281 		31.542
v -119.453 		-55.403 		26.568
v -125.244 		-64.413 		31.542
v -120.882 		-71.634 		24.468
v -121.635 		-61.556 		31.891
v -128.772 		-69.172 		24.898
v -128.462 		-69.467 		24.898
v -121.707 		-61.51 		31.891
v -121.737 		-71.761 		24.468
v -128.077 		-56.326 		25.325
v -121.308 		-71.708 		24.468
v -121.782 		-61.468 		31.891
v -128.398 		-56.603 		25.325
v -121.732 		-71.814 		24.034
v -129.204 		-67.898 		26.568
v -128.705 		-56.895 		25.325
v -120.622 		-59.299 		31.011
v -121.3 		-71.761 		24.034
v -129.568 		-67.655 		26.16
v -128.997 		-57.202 		25.325
v -129.331 		-67.991 		26.16
v -120.872 		-71.686 		24.034
v -120.806 		-59.207 		31.011
v -129.078 		-68.315 		26.16
v -118.909 		-70.804 		25.325
v -121.729 		-71.846 		23.599
v -115.869 		-60.591 		28.464
v -119.874 		-59.324 		30.796
v -121.296 		-71.793 		23.599
v -125.807 		-64.147 		31.385
v -120.866 		-71.718 		23.599
v -125.747 		-64.303 		31.385
v -129.681 		-67.731 		25.746
v -120.058 		-59.195 		30.796
v -125.679 		-64.456 		31.385
v -129.441 		-68.073 		25.746
v -129.184 		-68.402 		25.746
v -120.248 		-59.075 		30.796
v -115.049 		-67.525 		24.468
v -114.836 		-67.149 		24.468
v -115.21 		-60.355 		27.357
v -120.443 		-58.964 		30.796
v -115.348 		-59.996 		27.357
v -122.6 		-71.803 		24.468
v -115.504 		-59.644 		27.357
v -115.003 		-67.553 		24.034
v -122.168 		-71.793 		24.468
v -120.644 		-58.863 		30.796
v -122.6 		-71.857 		24.034
v -115.025 		-60.289 		26.967
v -114.789 		-67.175 		24.034
v -129.778 		-67.796 		25.325
v -122.165 		-71.846 		24.034
v -115.167 		-59.921 		26.967
v -125.969 		-63.499 		31.385
v -129.534 		-68.142 		25.325
v -114.975 		-67.569 		23.599
v -115.327 		-59.56 		26.967
v -114.76 		-67.19 		23.599
v -122.6 		-71.889 		23.599
v -129.274 		-68.476 		25.325
v -122.164 		-71.878 		23.599
v -129.858 		-67.849 		24.898
v -121.728 		-71.857 		23.162
v -114.966 		-67.575 		23.162
v -121.294 		-71.803 		23.162
v -129.611 		-68.199 		24.898
v -114.751 		-67.195 		23.162
v -120.864 		-71.728 		23.162
v -119.463 		-58.305 		30.042
v -129.348 		-68.537 		24.898
v -121.729 		-71.846 		22.725
v -114.986 		-61.092 		27.357
v -121.296 		-71.793 		22.725
v -114.975 		-67.569 		22.725
v -114.76 		-67.19 		22.725
v -120.866 		-71.718 		22.725
v -129.068 		-68.861 		24.898
v -119.697 		-58.157 		30.042
v -125.172 		-64.541 		31.542
v -115.089 		-60.721 		27.357
v -125.093 		-64.665 		31.542
v -115.795 		-68.584 		24.468
v -119.279 		-58.03 		29.756
v -119.527 		-57.873 		29.756
v -125.008 		-64.786 		31.542
v -115.529 		-68.244 		24.468
v -122.6 		-71.899 		23.162
v -125.604 		-64.605 		31.385
v -114.796 		-61.045 		26.967
v -119.783 		-57.728 		29.756
v -115.28 		-67.89 		24.468
v -122.163 		-71.889 		23.162
v -114.901 		-60.664 		26.967
v -122.6 		-71.889 		22.725
v -125.521 		-64.75 		31.385
v -127.07 		-69.689 		26.967
v -122.164 		-71.878 		22.725
v -125.432 		-64.892 		31.385
v -115.486 		-68.276 		24.034
v -127.168 		-69.836 		26.568
v -115.236 		-67.92 		24.034
v -120.101 		-58.324 		30.311
v -127.592 		-69.73 		26.16
v -120.333 		-58.207 		30.311
v -127.256 		-69.967 		26.16
v -115.633 		-58.344 		26.16
v -115.46 		-68.295 		23.599
v -119.616 		-71.339 		22.29
v -120.571 		-58.101 		30.311
v -115.209 		-67.938 		23.599
v -115.519 		-58.268 		25.746
v -119.211 		-71.182 		22.29
v -127.673 		-69.84 		25.746
v -120.814 		-58.008 		30.311
v -118.813 		-71.006 		22.29
v -127.332 		-70.081 		25.746
v -126.978 		-70.305 		25.746
v -119.634 		-71.288 		21.856
v -115.996 		-58.101 		26.568
v -119.231 		-71.133 		21.856
v -116.244 		-57.783 		26.568
v -118.836 		-70.958 		21.856
v -116.688 		-69.523 		24.468
v -116.508 		-57.478 		26.568
v -125.336 		-65.028 		31.385
v -116.375 		-69.225 		24.468
v -128.077 		-69.673 		25.325
v -125.233 		-65.16 		31.385
v -127.743 		-69.934 		25.325
v -116.077 		-68.912 		24.468
v -115.869 		-58.008 		26.16
v -119.938 		-58.02 		30.042
v -125.124 		-65.287 		31.385
v -116.122 		-57.683 		26.16
v -127.396 		-70.178 		25.325
v -116.391 		-57.372 		26.16
v -125.008 		-65.408 		31.385
v -120.448 		-71.591 		22.29
v -127.038 		-70.404 		25.325
v -120.029 		-71.475 		22.29
v -128.138 		-69.747 		24.898
v -115.759 		-57.926 		25.746
v -121.822 		-61.951 		31.966
v -127.8 		-70.011 		24.898
v -120.461 		-71.539 		21.856
v -116.016 		-57.596 		25.746
v -120.044 		-71.424 		21.856
v -116.652 		-69.562 		24.034
v -121.372 		-61.772 		31.891
v -127.45 		-70.257 		24.898
v -116.337 		-69.262 		24.034
v -121.434 		-61.713 		31.891
v -127.088 		-70.487 		24.898
v -116.037 		-68.948 		24.034
v -115.753 		-68.618 		24.034
v -125.864 		-64.956 		31.208
v -119.659 		-71.218 		21.426
v -116.63 		-69.586 		23.599
v -115.348 		-59.123 		26.568
v -125.764 		-65.114 		31.208
v -119.26 		-71.064 		21.426
v -116.314 		-69.285 		23.599
v -115.547 		-58.772 		26.568
v -118.868 		-70.89 		21.426
v -125.656 		-65.266 		31.208
v -116.013 		-68.969 		23.599
v -115.763 		-58.431 		26.568
v -115.728 		-68.639 		23.599
v -119.692 		-71.128 		20.999
v -125.541 		-65.413 		31.208
v -115.21 		-59.049 		26.16
v -119.296 		-70.976 		20.999
v -115.412 		-58.691 		26.16
v -126.75 		-70.764 		24.468
v -121.069 		-62.181 		31.891
v -126.775 		-70.811 		24.034
v -121.111 		-62.107 		31.891
v -121.156 		-62.035 		31.891
v -119.731 		-71.018 		20.578
v -121.205 		-61.965 		31.891
v -114.901 		-59.358 		25.746
v -126.79 		-70.839 		23.599
v -119.341 		-70.868 		20.578
v -115.089 		-58.985 		25.746
v -115.451 		-68.301 		23.162
v -115.2 		-67.944 		23.162
v -115.46 		-68.295 		22.725
v -115.295 		-58.621 		25.746
v -115.209 		-67.938 		22.725
v -126.79 		-70.839 		22.725
v -120.479 		-71.467 		21.426
v -126.04 		-64.626 		31.208
v -120.066 		-71.353 		21.426
v -125.956 		-64.793 		31.208
v -116.623 		-69.594 		23.162
v -116.307 		-69.293 		23.162
v -116.006 		-68.976 		23.162
v -120.965 		-62.414 		31.891
v -126.775 		-70.811 		22.29
v -120.502 		-71.374 		20.999
v -120.996 		-62.335 		31.891
v -115.72 		-68.646 		23.162
v -120.094 		-71.261 		20.999
v -115.422 		-58.203 		25.325
v -126.75 		-70.764 		21.856
v -116.63 		-69.586 		22.725
v -121.03 		-62.257 		31.891
v -116.314 		-69.285 		22.725
v -116.013 		-68.969 		22.725
v -126.088 		-65.33 		31.011
v -115.666 		-57.857 		25.325
v -120.531 		-71.261 		20.578
v -125.97 		-65.499 		31.011
v -115.728 		-68.639 		22.725
v -120.128 		-71.149 		20.578
v -115.926 		-57.523 		25.325
v -126.67 		-70.613 		20.999
v -126.615 		-70.511 		20.578
v -115.342 		-58.15 		24.898
v -119.781 		-65.555 		31.208
v -115.589 		-57.8 		24.898
v -119.633 		-65.966 		31.011
v -119.491 		-65.817 		31.011
v -120.882 		-71.634 		21.856
v -115.852 		-57.462 		24.898
v -119.357 		-65.661 		31.011
v -120.186 		-57.895 		30.042
v -126.715 		-70.698 		21.426
v -121.591 		-62.171 		31.966
v -121.632 		-62.122 		31.966
v -115.003 		-67.553 		22.29
v -120.439 		-57.783 		30.042
v -126.291 		-70.804 		20.999
v -121.319 		-71.634 		21.426
v -121.677 		-62.076 		31.966
v -120.897 		-71.561 		21.426
v -114.789 		-67.175 		22.29
v -126.241 		-70.699 		20.578
v -114.796 		-59.308 		25.325
v -120.698 		-57.683 		30.042
v -121.754 		-71.591 		20.999
v -114.986 		-58.93 		25.325
v -115.049 		-67.525 		21.856
v -121.723 		-62.032 		31.966
v -114.836 		-67.149 		21.856
v -121.333 		-71.539 		20.999
v -120.045 		-57.596 		29.756
v -115.195 		-58.561 		25.325
v -121.772 		-61.99 		31.966
v -120.916 		-71.467 		20.999
v -120.313 		-57.478 		29.756
v -130.364 		-67.149 		24.468
v -121.765 		-71.475 		20.578
v -120.586 		-57.372 		29.756
v -121.35 		-71.424 		20.578
v -130.151 		-67.525 		24.468
v -114.902 		-58.885 		24.898
v -120.938 		-71.353 		20.578
v -115.113 		-58.512 		24.898
v -130.411 		-67.175 		24.034
v -130.197 		-67.553 		24.034
v -115.113 		-67.487 		21.426
v -114.902 		-67.114 		21.426
v -114.858 		-60.229 		26.568
v -130.44 		-67.19 		23.599
v -119.279 		-59.336 		30.562
v -115.195 		-67.438 		20.999
v -115.003 		-59.853 		26.568
v -122.6 		-71.633 		20.999
v -119.463 		-59.177 		30.562
v -114.986 		-67.069 		20.999
v -130.225 		-67.569 		23.599
v -122.176 		-71.622 		20.999
v -115.167 		-59.484 		26.568
v -114.796 		-66.691 		20.999
v -119.655 		-59.028 		30.562
v -122.6 		-71.516 		20.578
v -114.858 		-59.793 		26.16
v -121.419 		-62.441 		31.966
v -130.234 		-67.575 		23.162
v -122.182 		-71.506 		20.578
v -128.462 		-56.532 		24.898
v -119.237 		-58.901 		30.311
v -115.025 		-59.417 		26.16
v -121.448 		-62.384 		31.966
v -130.44 		-67.19 		22.725
v -119.442 		-58.741 		30.311
v -128.772 		-56.827 		24.898
v -130.225 		-67.569 		22.725
v -121.48 		-62.328 		31.966
v -119.655 		-58.591 		30.311
v -121.514 		-62.274 		31.966
v -115.295 		-67.378 		20.578
v -121.732 		-71.814 		22.29
v -115.089 		-67.014 		20.578
v -121.551 		-62.222 		31.966
v -121.3 		-71.761 		22.29
v -128.825 		-69.225 		24.468
v -128.512 		-69.523 		24.468
v -114.901 		-66.641 		20.578
v -120.872 		-71.686 		22.29
v -119.04 		-58.199 		29.756
v -128.863 		-69.262 		24.034
v -121.737 		-71.761 		21.856
v -119.237 		-58.464 		30.042
v -128.548 		-69.562 		24.034
v -121.308 		-71.708 		21.856
v -128.886 		-69.285 		23.599
v -128.57 		-69.586 		23.599
v -118.851 		-59.251 		30.311
v -119.04 		-59.071 		30.311
v -119.853 		-58.888 		30.562
v -120.058 		-58.758 		30.562
v -120.269 		-58.639 		30.562
v -128.893 		-69.293 		23.162
v -119.783 		-66.108 		31.011
v -128.577 		-69.594 		23.162
v -128.886 		-69.285 		22.725
v -118.808 		-58.816 		30.042
v -120.486 		-58.53 		30.562
v -128.57 		-69.586 		22.725
v -119.527 		-66.39 		30.796
v -119.018 		-58.635 		30.042
v -120.708 		-58.431 		30.562
v -119.365 		-66.235 		30.796
v -119.874 		-58.452 		30.311
v -118.808 		-58.379 		29.756
v -129.92 		-67.89 		24.468
v -129.671 		-68.244 		24.468
v -119.21 		-66.072 		30.796
v -129.405 		-68.584 		24.468
v -118.851 		-57.945 		29.455
v -129.964 		-67.92 		24.034
v -121.874 		-61.914 		31.966
v -129.714 		-68.276 		24.034
v -121.929 		-61.879 		31.966
v -120.708 		-65.831 		31.385
v -118.936 		-57.516 		29.139
v -121.984 		-61.848 		31.966
v -129.991 		-67.938 		23.599
v -119.104 		-57.767 		29.455
v -129.74 		-68.295 		23.599
v -115.486 		-68.276 		22.29
v -122.042 		-61.819 		31.966
v -119.365 		-57.602 		29.455
v -122.1 		-61.793 		31.966
v -115.236 		-67.92 		22.29
v -119.633 		-57.449 		29.455
v -118.925 		-60.274 		30.796
v -119.063 		-60.097 		30.796
v -115.795 		-68.584 		21.856
v -129.123 		-68.912 		24.468
v -115.529 		-68.244 		21.856
v -129.447 		-68.618 		24.034
v -115.28 		-67.89 		21.856
v -129.163 		-68.948 		24.034
v -119.001 		-60.843 		31.011
v -122.16 		-61.77 		31.966
v -129.472 		-68.639 		23.599
v -122.221 		-61.75 		31.966
v -129.187 		-68.969 		23.599
v -122.283 		-61.733 		31.966
v -118.796 		-60.457 		30.796
v -116.652 		-69.562 		22.29
v -122.345 		-61.719 		31.966
v -116.337 		-69.262 		22.29
v -116.037 		-68.948 		22.29
v -122.6 		-71.857 		22.29
v -130 		-67.944 		23.162
v -129.749 		-68.301 		23.162
v -115.753 		-68.618 		22.29
v -129.48 		-68.646 		23.162
v -122.165 		-71.846 		22.29
v -129.068 		-57.137 		24.898
v -118.807 		-61.206 		31.011
v -116.688 		-69.523 		21.856
v -129.194 		-68.976 		23.162
v -116.375 		-69.225 		21.856
v -118.9 		-61.022 		31.011
v -122.6 		-71.803 		21.856
v -116.077 		-68.912 		21.856
v -122.168 		-71.793 		21.856
v -129.991 		-67.938 		22.725
v -120.849 		-58.772 		30.796
v -129.74 		-68.295 		22.725
v -126.16 		-58.199 		29.756
v -129.472 		-68.639 		22.725
v -121.059 		-58.691 		30.796
v -129.187 		-68.969 		22.725
v -121.272 		-58.621 		30.796
v -121.488 		-58.561 		30.796
v -118.936 		-59.679 		30.562
v -126.16 		-59.071 		30.311
v -126.349 		-59.251 		30.311
v -121.707 		-58.512 		30.796
v -120.571 		-65.735 		31.385
v -115.852 		-68.537 		21.426
v -122.536 		-61.695 		31.966
v -120.439 		-65.632 		31.385
v -116.63 		-62.706 		29.756
v -122.6 		-61.694 		31.966
v -115.589 		-68.199 		21.426
v -130.411 		-67.175 		22.29
v -116.623 		-62.999 		29.756
v -116.652 		-62.414 		29.756
v -122.664 		-61.695 		31.966
v -115.342 		-67.849 		21.426
v -130.197 		-67.553 		22.29
v -116.688 		-62.122 		29.756
v -130.364 		-67.149 		21.856
v -115.926 		-68.476 		20.999
v -116.63 		-63.293 		29.756
v -115.666 		-68.142 		20.999
v -122.6 		-71.728 		21.426
v -121.495 		-59.358 		31.208
v -115.422 		-67.796 		20.999
v -122.172 		-71.718 		21.426
v -121.675 		-59.308 		31.208
v -130.151 		-67.525 		21.856
v -116.016 		-68.402 		20.578
v -120.186 		-65.941 		31.208
v -115.759 		-68.073 		20.578
v -120.994 		-59.123 		31.011
v -120.045 		-65.819 		31.208
v -115.519 		-67.731 		20.578
v -121.187 		-59.049 		31.011
v -119.909 		-65.69 		31.208
v -130.298 		-67.114 		21.426
v -121.382 		-58.985 		31.011
v -122.408 		-61.708 		31.966
v -130.087 		-67.487 		21.426
v -122.472 		-61.7 		31.966
v -116.337 		-62.383 		29.455
v -130.404 		-66.691 		20.999
v -121.581 		-58.93 		31.011
v -130.214 		-67.069 		20.999
v -116.428 		-69.172 		21.426
v -116.375 		-62.076 		29.455
v -126.182 		-58.635 		30.042
v -121.782 		-58.885 		31.011
v -120.806 		-66.355 		31.208
v -130.005 		-67.438 		20.999
v -126.392 		-58.816 		30.042
v -116.132 		-68.861 		21.426
v -116.428 		-61.772 		29.455
v -120.644 		-66.263 		31.208
v -126.592 		-59.007 		30.042
v -116.495 		-69.104 		20.999
v -116.495 		-61.47 		29.455
v -120.486 		-66.163 		31.208
v -126.783 		-59.208 		30.042
v -120.333 		-66.056 		31.208
v -130.299 		-66.641 		20.578
v -116.203 		-68.797 		20.999
v -130.111 		-67.014 		20.578
v -126.392 		-58.379 		29.756
v -120.269 		-66.488 		31.011
v -129.905 		-67.378 		20.578
v -121.744 		-71.686 		21.426
v -116.578 		-69.022 		20.578
v -126.614 		-58.571 		29.756
v -120.101 		-66.369 		31.011
v -116.289 		-68.719 		20.578
v -116.037 		-62.353 		29.139
v -126.826 		-58.773 		29.756
v -119.938 		-66.243 		31.011
v -116.077 		-62.032 		29.139
v -120.564 		-71.128 		20.164
v -116.132 		-61.713 		29.139
v -120.167 		-71.018 		20.164
v -119.777 		-70.889 		20.164
v -128.863 		-69.262 		22.29
v -126.349 		-57.945 		29.455
v -116.738 		-69.467 		21.426
v -128.548 		-69.562 		22.29
v -115.753 		-62.325 		28.808
v -126.592 		-58.135 		29.455
v -116.802 		-69.396 		20.999
v -128.825 		-69.225 		21.856
v -115.795 		-61.99 		28.808
v -126.826 		-58.336 		29.455
v -117.197 		-69.583 		20.578
v -119.104 		-66.496 		30.562
v -128.512 		-69.523 		21.856
v -116.88 		-69.31 		20.578
v -115.852 		-61.657 		28.808
v -121.318 		-65.71 		31.542
v -121.187 		-65.644 		31.542
v -121.059 		-65.571 		31.542
v -126.264 		-57.516 		29.139
v -120.602 		-70.976 		19.756
v -128.772 		-69.172 		21.426
v -126.528 		-57.703 		29.139
v -120.994 		-66.003 		31.385
v -120.213 		-70.868 		19.756
v -128.462 		-69.467 		21.426
v -120.849 		-65.921 		31.385
v -116.314 		-62.691 		29.455
v -117.709 		-70.319 		24.468
v -126.783 		-57.902 		29.139
v -116.307 		-62.999 		29.455
v -117.356 		-70.071 		24.468
v -116.314 		-63.308 		29.455
v -128.997 		-68.797 		20.999
v -117.015 		-69.805 		24.468
v -126.698 		-57.474 		28.808
v -128.705 		-69.104 		20.999
v -126.964 		-57.681 		28.808
v -117.679 		-70.364 		24.034
v -128.398 		-69.396 		20.999
v -117.324 		-70.114 		24.034
v -116.013 		-62.676 		29.139
v -116.006 		-62.999 		29.139
v -121.779 		-71.339 		20.164
v -116.981 		-69.846 		24.034
v -116.013 		-63.323 		29.139
v -121.73 		-65.869 		31.542
v -128.911 		-68.719 		20.578
v -121.37 		-71.288 		20.164
v -121.59 		-65.822 		31.542
v -120.965 		-71.218 		20.164
v -115.72 		-62.999 		28.808
v -115.728 		-62.662 		28.808
v -117.661 		-70.391 		23.599
v -121.453 		-65.77 		31.542
v -117.305 		-70.139 		23.599
v -121.794 		-71.182 		19.756
v -121.394 		-71.133 		19.756
v -115.728 		-63.337 		28.808
v -116.961 		-69.871 		23.599
v -122.728 		-61.7 		31.966
v -126.137 		-60.097 		30.796
v -120.996 		-71.064 		19.756
v -122.792 		-61.708 		31.966
v -126.275 		-60.274 		30.796
v -122.855 		-61.719 		31.966
v -128.622 		-69.022 		20.578
v -121.772 		-66.303 		31.385
v -118.074 		-70.551 		24.468
v -121.611 		-66.259 		31.385
v -128.32 		-69.31 		20.578
v -121.453 		-66.206 		31.385
v -118.585 		-61.782 		31.011
v -122.6 		-71.379 		20.164
v -128.003 		-69.583 		20.578
v -121.297 		-66.146 		31.385
v -118.047 		-70.596 		24.034
v -118.65 		-61.586 		31.011
v -122.189 		-71.369 		20.164
v -118.03 		-70.624 		23.599
v -121.144 		-66.078 		31.385
v -122.6 		-71.222 		19.756
v -122.266 		-62.193 		32.019
v -122.197 		-71.212 		19.756
v -122.306 		-62.178 		32.019
v -118.45 		-70.764 		24.468
v -118.425 		-70.811 		24.034
v -122.347 		-62.165 		32.019
v -129.964 		-67.92 		22.29
v -121.984 		-58.849 		31.011
v -129.714 		-68.276 		22.29
v -122.189 		-58.824 		31.011
v -118.41 		-70.839 		23.599
v -129.447 		-68.618 		22.29
v -121.811 		-71.006 		19.357
v -120.973 		-66.439 		31.208
v -121.419 		-70.958 		19.357
v -121.929 		-58.473 		30.796
v -129.163 		-68.948 		22.29
v -118.024 		-70.633 		23.162
v -121.03 		-70.89 		19.357
v -122.152 		-58.446 		30.796
v -117.655 		-70.4 		23.162
v -117.298 		-70.148 		23.162
v -129.92 		-67.89 		21.856
v -122.347 		-65.571 		31.679
v -116.954 		-69.879 		23.162
v -118.162 		-61.888 		30.796
v -129.671 		-68.244 		21.856
v -118.222 		-61.671 		30.796
v -122.221 		-65.555 		31.679
v -122.6 		-71.045 		19.357
v -118.03 		-70.624 		22.725
v -118.292 		-61.458 		30.796
v -117.661 		-70.391 		22.725
v -122.205 		-71.035 		19.357
v -117.305 		-70.139 		22.725
v -122.306 		-65.983 		31.542
v -129.405 		-68.584 		21.856
v -122.16 		-65.965 		31.542
v -116.961 		-69.871 		22.725
v -129.123 		-68.912 		21.856
v -122.015 		-65.94 		31.542
v -122.6 		-70.849 		18.967
v -121.871 		-65.908 		31.542
v -121.926 		-62.446 		32.019
v -121.954 		-62.414 		32.019
v -121.983 		-62.383 		32.019
v -123.781 		-70.958 		26.967
v -118.45 		-62.384 		31.011
v -122.014 		-62.353 		32.019
v -118.485 		-62.181 		31.011
v -123.389 		-71.006 		26.967
v -118.53 		-61.98 		31.011
v -122.047 		-62.325 		32.019
v -129.858 		-67.849 		21.426
v -118.41 		-70.839 		22.725
v -122.995 		-71.035 		26.967
v -122.08 		-62.299 		32.019
v -129.611 		-68.199 		21.426
v -122.853 		-65.571 		31.679
v -129.348 		-68.537 		21.426
v -122.727 		-65.58 		31.679
v -129.778 		-67.796 		20.999
v -122.394 		-58.809 		31.011
v -118.047 		-70.596 		22.29
v -122.6 		-65.583 		31.679
v -129.534 		-68.142 		20.999
v -117.679 		-70.364 		22.29
v -122.6 		-58.804 		31.011
v -122.473 		-65.58 		31.679
v -117.324 		-70.114 		22.29
v -129.274 		-68.476 		20.999
v -122.806 		-58.809 		31.011
v -122.747 		-65.994 		31.542
v -116.981 		-69.846 		22.29
v -124.17 		-70.89 		26.967
v -122.6 		-65.998 		31.542
v -129.681 		-67.731 		20.578
v -122.375 		-58.429 		30.796
v -122.453 		-65.994 		31.542
v -129.441 		-68.073 		20.578
v -118.074 		-62.328 		30.796
v -129.184 		-68.402 		20.578
v -118.074 		-70.551 		21.856
v -118.112 		-62.107 		30.796
v -117.709 		-70.319 		21.856
v -123.806 		-71.133 		26.568
v -123.406 		-71.182 		26.568
v -117.356 		-70.071 		21.856
v -123.003 		-71.212 		26.568
v -117.015 		-69.805 		21.856
v -122.115 		-62.274 		32.019
v -122.152 		-62.251 		32.019
v -123.83 		-71.288 		26.16
v -123.421 		-71.339 		26.16
v -129.068 		-68.861 		21.426
v -122.767 		-66.401 		31.385
v -122.189 		-62.23 		32.019
v -123.011 		-71.369 		26.16
v -118.41 		-62.794 		31.011
v -122.6 		-66.405 		31.385
v -118.425 		-62.588 		31.011
v -122.227 		-62.211 		32.019
v -122.433 		-66.401 		31.385
v -127.844 		-70.071 		24.468
v -118.03 		-62.775 		30.796
v -122.266 		-66.389 		31.385
v -123.85 		-71.424 		25.746
v -118.425 		-70.811 		22.29
v -127.491 		-70.319 		24.468
v -118.047 		-62.551 		30.796
v -123.435 		-71.475 		25.746
v -122.1 		-66.368 		31.385
v -127.126 		-70.551 		24.468
v -123.018 		-71.506 		25.746
v -118.45 		-70.764 		21.856
v -121.936 		-66.34 		31.385
v -122.6 		-58.424 		30.796
v -127.876 		-70.114 		24.034
v -127.521 		-70.364 		24.034
v -122.825 		-58.429 		30.796
v -127.153 		-70.596 		24.034
v -117.75 		-70.257 		21.426
v -117.4 		-70.011 		21.426
v -127.895 		-70.139 		23.599
v -122.388 		-62.153 		32.019
v -127.539 		-70.391 		23.599
v -122.43 		-62.144 		32.019
v -124.598 		-70.976 		26.568
v -117.062 		-69.747 		21.426
v -127.17 		-70.624 		23.599
v -122.472 		-62.137 		32.019
v -124.204 		-71.064 		26.568
v -121.858 		-59.267 		31.208
v -122.514 		-62.131 		32.019
v -117.457 		-69.934 		20.999
v -124.636 		-71.128 		26.16
v -122.042 		-59.235 		31.208
v -124.235 		-71.218 		26.16
v -122.979 		-65.555 		31.679
v -122.557 		-62.128 		32.019
v -122.227 		-59.213 		31.208
v -122.6 		-62.127 		32.019
v -126.199 		-60.843 		31.011
v -118.405 		-62.999 		31.011
v -122.413 		-59.199 		31.208
v -124.669 		-71.261 		25.746
v -126.404 		-60.457 		30.796
v -122.6 		-59.194 		31.208
v -123.329 		-65.908 		31.542
v -124.262 		-71.353 		25.746
v -123.185 		-65.94 		31.542
v -118.425 		-63.411 		31.011
v -126.525 		-60.647 		30.796
v -122.787 		-59.199 		31.208
v -123.04 		-65.965 		31.542
v -118.41 		-63.205 		31.011
v -126.635 		-60.843 		30.796
v -122.894 		-65.983 		31.542
v -117.123 		-69.673 		20.999
v -123.867 		-71.539 		25.325
v -123.446 		-71.591 		25.325
v -122.643 		-62.128 		32.019
v -122.686 		-62.131 		32.019
v -117.527 		-69.84 		20.578
v -123.024 		-71.622 		25.325
v -122.728 		-62.137 		32.019
v -123.881 		-71.634 		24.898
v -120.934 		-58.344 		30.562
v -128.185 		-69.805 		24.468
v -122.77 		-62.144 		32.019
v -121.165 		-58.268 		30.562
v -123.882 		-65.71 		31.542
v -122.812 		-62.153 		32.019
v -118.112 		-70.487 		21.426
v -128.219 		-69.846 		24.034
v -121.399 		-58.203 		30.562
v -123.747 		-65.77 		31.542
v -121.635 		-58.15 		30.562
v -122.853 		-62.165 		32.019
v -128.239 		-69.871 		23.599
v -123.61 		-65.822 		31.542
v -124.698 		-71.374 		25.325
v -121.061 		-57.926 		30.311
v -118.53 		-70.613 		20.999
v -123.47 		-65.869 		31.542
v -124.284 		-71.467 		25.325
v -121.312 		-57.857 		30.311
v -118.162 		-70.404 		20.999
v -124.721 		-71.467 		24.898
v -126.3 		-61.022 		31.011
v -117.804 		-70.178 		20.999
v -121.566 		-57.8 		30.311
v -124.303 		-71.561 		24.898
v -118.585 		-70.511 		20.578
v -126.393 		-61.206 		31.011
v -118.024 		-62.999 		30.796
v -121.822 		-57.755 		30.311
v -123.903 		-66.146 		31.385
v -123.747 		-66.206 		31.385
v -126.476 		-61.394 		31.011
v -118.047 		-63.448 		30.796
v -123.456 		-71.686 		24.898
v -123.589 		-66.259 		31.385
v -123.028 		-71.718 		24.898
v -118.222 		-70.305 		20.578
v -123.428 		-66.303 		31.385
v -126.736 		-61.043 		30.796
v -117.868 		-70.081 		20.578
v -126.827 		-61.248 		30.796
v -123.264 		-66.34 		31.385
v -124.987 		-70.868 		26.568
v -120.961 		-57.596 		30.042
v -123.1 		-66.368 		31.385
v -125.423 		-70.889 		26.16
v -121.228 		-57.523 		30.042
v -122.934 		-66.389 		31.385
v -125.033 		-71.018 		26.16
v -121.499 		-57.462 		30.042
v -126.264 		-59.679 		30.562
v -121.772 		-57.414 		30.042
v -126.422 		-59.863 		30.562
v -118.485 		-70.698 		21.426
v -125.859 		-70.868 		25.746
v -126.572 		-60.054 		30.562
v -118.03 		-63.224 		30.796
v -125.469 		-71.018 		25.746
v -125.072 		-71.149 		25.746
v -118.909 		-70.804 		20.999
v -126.711 		-60.252 		30.562
v -117.709 		-62.274 		30.562
v -117.75 		-62.035 		30.562
v -124.141 		-65.571 		31.542
v -117.356 		-62.222 		30.311
v -126.528 		-59.439 		30.311
v -124.013 		-65.644 		31.542
v -118.959 		-70.699 		20.578
v -117.4 		-61.965 		30.311
v -117.457 		-61.711 		30.311
v -126.698 		-59.636 		30.311
v -125.904 		-70.976 		25.325
v -117.527 		-61.46 		30.311
v -124.351 		-65.921 		31.385
v -126.858 		-59.841 		30.311
v -125.508 		-71.128 		25.325
v -124.206 		-66.003 		31.385
v -125.106 		-71.261 		25.325
v -121.333 		-62.682 		31.966
v -115.167 		-66.515 		19.756
v -120.897 		-62.661 		31.891
v -120.916 		-62.578 		31.891
v -125.94 		-71.064 		24.898
v -125.541 		-71.218 		24.898
v -115.412 		-67.307 		20.164
v -120.938 		-62.495 		31.891
v -125.134 		-71.353 		24.898
v -116.981 		-62.446 		30.042
v -124.761 		-65.632 		31.385
v -126.964 		-59.418 		30.042
v -115.21 		-66.95 		20.164
v -117.015 		-62.171 		30.042
v -124.629 		-65.735 		31.385
v -115.025 		-66.582 		20.164
v -117.062 		-61.898 		30.042
v -124.492 		-65.831 		31.385
v -122.08 		-57.723 		30.311
v -126.841 		-60.457 		30.562
v -126.961 		-60.669 		30.562
v -115.763 		-67.568 		19.756
v -117.123 		-61.628 		30.042
v -122.34 		-57.704 		30.311
v -115.547 		-67.227 		19.756
v -126.332 		-70.89 		24.898
v -122.6 		-57.698 		30.311
v -115.348 		-66.876 		19.756
v -122.86 		-57.704 		30.311
v -124.056 		-66.078 		31.385
v -116.738 		-61.833 		29.756
v -116.802 		-61.547 		29.756
v -124.739 		-71.539 		24.468
v -124.318 		-71.634 		24.468
v -127.029 		-58.986 		29.756
v -121.874 		-58.108 		30.562
v -124.752 		-71.591 		24.034
v -124.867 		-66.056 		31.208
v -127.22 		-59.208 		29.756
v -122.115 		-58.079 		30.562
v -124.714 		-66.163 		31.208
v -122.357 		-58.061 		30.562
v -124.76 		-71.622 		23.599
v -124.556 		-66.263 		31.208
v -128.246 		-69.879 		23.162
v -122.6 		-58.055 		30.562
v -115.699 		-67.136 		19.357
v -127.902 		-70.148 		23.162
v -124.763 		-71.633 		23.162
v -124.394 		-66.355 		31.208
v -124.227 		-66.439 		31.208
v -115.504 		-66.792 		19.357
v -122.843 		-58.061 		30.562
v -127.545 		-70.4 		23.162
v -121.296 		-62.935 		31.966
v -127.176 		-70.633 		23.162
v -127.029 		-58.113 		29.139
v -121.3 		-62.871 		31.966
v -115.678 		-66.699 		18.967
v -128.239 		-69.871 		22.725
v -127.263 		-58.336 		29.139
v -121.308 		-62.808 		31.966
v -127.895 		-70.139 		22.725
v -127.539 		-70.391 		22.725
v -121.319 		-62.745 		31.966
v -127.22 		-57.902 		28.808
v -115.91 		-67.469 		19.357
v -127.17 		-70.624 		22.725
v -124.76 		-71.622 		22.725
v -127.465 		-58.135 		28.808
v -116.074 		-67.36 		18.967
v -120.866 		-62.914 		31.891
v -115.868 		-67.035 		18.967
v -123.892 		-71.708 		24.468
v -120.872 		-62.829 		31.891
v -116.468 		-67.547 		18.586
v -123.463 		-71.761 		24.468
v -123.032 		-71.793 		24.468
v -116.253 		-67.241 		18.586
v -127.05 		-58.549 		29.455
v -117.804 		-61.798 		30.562
v -116.052 		-66.924 		18.586
v -128.219 		-69.846 		22.29
v -123.9 		-71.761 		24.034
v -117.868 		-61.564 		30.562
v -122.047 		-57.381 		30.042
v -127.876 		-70.114 		22.29
v -127.263 		-58.773 		29.455
v -123.468 		-71.814 		24.034
v -115.868 		-66.598 		18.586
v -122.323 		-57.36 		30.042
v -127.521 		-70.364 		22.29
v -122.6 		-57.353 		30.042
v -127.465 		-59.007 		29.455
v -123.035 		-71.846 		24.034
v -122.877 		-57.36 		30.042
v -127.655 		-59.251 		29.455
v -127.153 		-70.596 		22.29
v -123.904 		-71.793 		23.599
v -117.661 		-62.757 		30.562
v -123.471 		-71.846 		23.599
v -128.185 		-69.805 		21.856
v -117.679 		-62.515 		30.562
v -116.122 		-68.315 		20.164
v -123.036 		-71.878 		23.599
v -117.305 		-62.739 		30.311
v -127.844 		-70.071 		21.856
v -117.324 		-62.48 		30.311
v -115.869 		-67.991 		20.164
v -127.491 		-70.319 		21.856
v -127.486 		-58.571 		29.139
v -115.633 		-67.655 		20.164
v -127.126 		-70.551 		21.856
v -127.698 		-58.816 		29.139
v -127.897 		-59.071 		29.139
v -116.508 		-68.521 		19.756
v -117.655 		-62.999 		30.562
v -117.679 		-63.484 		30.562
v -116.244 		-68.216 		19.756
v -127.698 		-58.379 		28.808
v -117.661 		-63.242 		30.562
v -124.328 		-71.686 		24.034
v -119.697 		-59.463 		30.796
v -127.918 		-58.635 		28.808
v -115.996 		-67.898 		19.756
v -124.334 		-71.718 		23.599
v -120.443 		-59.401 		31.011
v -120.882 		-62.745 		31.891
v -124.336 		-71.728 		23.162
v -127.8 		-70.011 		21.426
v -123.906 		-71.803 		23.162
v -128.083 		-59.336 		29.139
v -123.472 		-71.857 		23.162
v -127.45 		-70.257 		21.426
v -123.037 		-71.889 		23.162
v -128.126 		-58.901 		28.808
v -128.32 		-59.177 		28.808
v -127.088 		-70.487 		21.426
v -125.419 		-65.555 		31.208
v -117.298 		-62.999 		30.311
v -124.334 		-71.718 		22.725
v -125.291 		-65.69 		31.208
v -123.904 		-71.793 		22.725
v -127.743 		-69.934 		20.999
v -123.471 		-71.846 		22.725
v -127.396 		-70.178 		20.999
v -125.155 		-65.819 		31.208
v -123.036 		-71.878 		22.725
v -127.038 		-70.404 		20.999
v -117.305 		-63.26 		30.311
v -125.014 		-65.941 		31.208
v -127.008 		-60.054 		30.311
v -125.843 		-65.661 		31.011
v -127.673 		-69.84 		20.578
v -125.709 		-65.817 		31.011
v -127.147 		-60.274 		30.311
v -127.332 		-70.081 		20.578
v -126.978 		-70.305 		20.578
v -125.566 		-71.288 		24.468
v -125.567 		-65.966 		31.011
v -116.961 		-62.722 		30.042
v -116.954 		-62.999 		30.042
v -125.156 		-71.424 		24.468
v -125.584 		-71.339 		24.034
v -116.961 		-63.276 		30.042
v -125.171 		-71.475 		24.034
v -127.135 		-59.636 		30.042
v -127.295 		-59.863 		30.042
v -121.144 		-59.484 		31.208
v -121.318 		-59.417 		31.208
v -127.443 		-60.097 		30.042
v -125.595 		-71.369 		23.599
v -125.18 		-71.506 		23.599
v -128.138 		-69.747 		21.426
v -127.579 		-60.338 		30.042
v -116.675 		-68.925 		20.164
v -128.077 		-69.673 		20.999
v -116.391 		-68.627 		20.164
v -127.401 		-59.439 		29.756
v -126.961 		-69.526 		18.967
v -126.364 		-70.958 		24.468
v -127.57 		-59.679 		29.756
v -126.841 		-69.347 		18.586
v -126.525 		-69.547 		18.586
v -125.969 		-71.133 		24.468
v -127.727 		-59.927 		29.756
v -127.871 		-60.182 		29.756
v -126.387 		-71.006 		24.034
v -126.826 		-67.226 		16.568
v -125.989 		-71.182 		24.034
v -125.417 		-66.108 		31.011
v -126.614 		-67.428 		16.568
v -116.688 		-63.876 		29.756
v -125.262 		-66.243 		31.011
v -116.652 		-63.585 		29.756
v -126.401 		-71.035 		23.599
v -125.099 		-66.369 		31.011
v -126.002 		-71.212 		23.599
v -124.931 		-66.488 		31.011
v -125.835 		-66.235 		30.796
v -126.964 		-68.318 		17.516
v -125.673 		-66.39 		30.796
v -126.698 		-68.525 		17.516
v -127.07 		-60.885 		30.562
v -119.393 		-55.258 		20.164
v -127.168 		-61.107 		30.562
v -125.598 		-71.379 		23.162
v -116.428 		-64.227 		29.455
v -125.184 		-71.516 		23.162
v -116.375 		-63.923 		29.455
v -119.83 		-55.258 		19.756
v -126.711 		-69.152 		18.217
v -116.639 		-68.402 		19.357
v -125.595 		-71.369 		22.725
v -116.337 		-63.616 		29.455
v -126.404 		-69.347 		18.217
v -125.18 		-71.506 		22.725
v -116.381 		-68.103 		19.357
v -116.138 		-67.792 		19.357
v -120.645 		-55.195 		19.357
v -116.533 		-67.979 		18.967
v -116.296 		-67.675 		18.967
v -119.453 		-55.403 		19.756
v -125.99 		-66.072 		30.796
v -126.795 		-70.849 		23.162
v -126.858 		-68.741 		17.86
v -116.132 		-64.286 		29.139
v -126.405 		-71.045 		23.162
v -126.572 		-68.943 		17.86
v -126.006 		-71.222 		23.162
v -126.275 		-69.131 		17.86
v -116.077 		-63.967 		29.139
v -116.699 		-67.842 		18.586
v -119.16 		-55.726 		19.357
v -116.037 		-63.646 		29.139
v -126.401 		-71.035 		22.725
v -119.521 		-55.566 		19.357
v -126.422 		-68.72 		17.516
v -126.096 		-66.496 		30.562
v -126.002 		-71.212 		22.725
v -115.852 		-64.342 		28.808
v -126.137 		-68.9 		17.516
v -119.244 		-55.904 		18.967
v -115.795 		-64.009 		28.808
v -117.284 		-69.477 		20.164
v -122.73 		-59.5085 		14.9782
v -122.7713 		-59.5112 		14.9775
v -119.596 		-55.748 		18.967
v -122.6 		-59.5 		14.9806
v -122.88 		-59.5184 		14.9778
v -115.753 		-63.674 		28.808
v -124.752 		-71.591 		22.29
v -116.973 		-69.208 		20.164
v -117.702 		-69.604 		19.756
v -126.783 		-68.097 		17.185
v -124.739 		-71.539 		21.856
v -117.384 		-69.356 		19.756
v -126.528 		-68.296 		17.185
v -124.318 		-71.634 		21.856
v -119.336 		-56.099 		18.586
v -126.264 		-68.483 		17.185
v -119.679 		-55.947 		18.586
v -119.104 		-59.503 		15.762
v -127.256 		-61.334 		30.562
v -127.276 		-60.5 		30.311
v -116.675 		-65.12 		29.455
v -119.365 		-59.764 		15.528
v -123.881 		-71.634 		21.426
v -116.578 		-64.826 		29.455
v -119.527 		-59.609 		15.528
v -127.393 		-60.733 		30.311
v -123.867 		-71.539 		20.999
v -126.826 		-67.662 		16.869
v -123.446 		-71.591 		20.999
v -116.495 		-64.529 		29.455
v -126.592 		-67.864 		16.869
v -127.498 		-60.971 		30.311
v -126.349 		-68.054 		16.869
v -123.024 		-71.622 		20.999
v -119.89 		-55.424 		19.357
v -127.592 		-61.213 		30.311
v -123.85 		-71.424 		20.578
v -120.265 		-55.3 		19.357
v -123.435 		-71.475 		20.578
v -126.392 		-67.62 		16.568
v -116.508 		-65.523 		29.139
v -119.956 		-55.609 		18.967
v -119.21 		-59.927 		15.528
v -123.018 		-71.506 		20.578
v -126.16 		-67.8 		16.568
v -116.391 		-65.221 		29.139
v -120.322 		-55.488 		18.967
v -116.289 		-64.914 		29.139
v -120.693 		-55.386 		18.967
v -116.203 		-64.602 		29.139
v -117.078 		-69.092 		19.756
v -116.786 		-68.814 		19.756
v -120.028 		-55.812 		18.586
v -116.122 		-65.317 		28.808
v -124.721 		-71.467 		21.426
v -126.908 		-70.187 		20.164
v -120.384 		-55.694 		18.586
v -120.745 		-55.594 		18.586
v -116.016 		-64.997 		28.808
v -124.303 		-71.561 		21.426
v -126.55 		-70.39 		20.164
v -119.357 		-60.338 		15.313
v -115.926 		-64.671 		28.808
v -126.183 		-70.575 		20.164
v -119.491 		-60.182 		15.313
v -126.827 		-70.052 		19.756
v -124.698 		-71.374 		20.999
v -119.633 		-60.033 		15.313
v -126.476 		-70.251 		19.756
v -124.284 		-71.467 		20.999
v -126.116 		-70.433 		19.756
v -119.783 		-59.891 		15.313
v -117.05 		-68.55 		18.967
v -116.784 		-68.271 		18.967
v -117.202 		-68.397 		18.586
v -124.669 		-71.261 		20.578
v -118.485 		-63.818 		31.011
v -124.262 		-71.353 		20.578
v -116.944 		-68.126 		18.586
v -118.45 		-63.615 		31.011
v -126.736 		-69.9 		19.357
v -119.938 		-59.756 		15.313
v -126.393 		-70.095 		19.357
v -120.101 		-59.63 		15.313
v -124.328 		-71.686 		22.29
v -118.112 		-63.892 		30.796
v -120.269 		-59.511 		15.313
v -123.9 		-71.761 		22.29
v -126.635 		-69.732 		18.967
v -118.074 		-63.671 		30.796
v -123.468 		-71.814 		22.29
v -121.35 		-62.62 		31.966
v -123.035 		-71.846 		22.29
v -126.3 		-69.922 		18.967
v -121.37 		-62.559 		31.966
v -127.704 		-60.585 		30.042
v -123.892 		-71.708 		21.856
v -121.394 		-62.5 		31.966
v -127.816 		-60.839 		30.042
v -123.463 		-71.761 		21.856
v -126.199 		-69.732 		18.586
v -123.032 		-71.793 		21.856
v -119.909 		-60.309 		15.116
v -120.045 		-60.18 		15.116
v -117.496 		-69.219 		19.357
v -118.65 		-64.413 		31.011
v -123.456 		-71.686 		21.426
v -118.585 		-64.217 		31.011
v -117.197 		-68.961 		19.357
v -123.028 		-71.718 		21.426
v -118.53 		-64.019 		31.011
v -128.947 		-67.241 		18.586
v -128.732 		-67.547 		18.586
v -116.911 		-68.688 		19.357
v -118.222 		-64.328 		30.796
v -121.779 		-62.706 		32.019
v -119.112 		-60.669 		15.313
v -118.162 		-64.111 		30.796
v -121.794 		-62.666 		32.019
v -117.621 		-69.067 		18.967
v -119.23 		-60.5 		15.313
v -125.584 		-71.339 		22.29
v -121.811 		-62.626 		32.019
v -121.448 		-55.235 		18.967
v -130.342 		-66.206 		20.164
v -125.171 		-71.475 		22.29
v -117.329 		-68.815 		18.967
v -119.436 		-60.885 		15.116
v -121.831 		-55.188 		18.967
v -121.831 		-62.588 		32.019
v -121.852 		-62.551 		32.019
v -125.566 		-71.288 		21.856
v -119.544 		-60.733 		15.116
v -127.916 		-61.097 		30.042
v -125.156 		-71.424 		21.856
v -130.342 		-65.77 		19.756
v -119.659 		-60.585 		15.116
v -130.197 		-66.146 		19.756
v -119.781 		-60.444 		15.116
v -122.215 		-55.16 		18.967
v -130.033 		-66.515 		19.756
v -118.724 		-64.605 		31.011
v -118.675 		-65.352 		30.796
v -128.003 		-61.36 		30.042
v -128.003 		-60.444 		29.756
v -118.565 		-65.156 		30.796
v -121.069 		-55.301 		18.967
v -128.122 		-60.712 		29.756
v -119.16 		-61.372 		15.116
v -130.175 		-66.582 		20.164
v -121.111 		-55.512 		18.586
v -128.227 		-60.986 		29.756
v -118.464 		-64.956 		30.796
v -129.99 		-66.95 		20.164
v -119.244 		-61.206 		15.116
v -121.729 		-62.957 		32.019
v -121.48 		-55.448 		18.586
v -129.788 		-67.307 		20.164
v -128.32 		-61.264 		29.756
v -121.732 		-62.914 		32.019
v -118.373 		-64.75 		30.796
v -121.852 		-55.402 		18.586
v -119.336 		-61.043 		15.116
v -118.292 		-64.541 		30.796
v -129.852 		-66.876 		19.756
v -121.737 		-62.871 		32.019
v -122.225 		-55.375 		18.586
v -129.653 		-67.227 		19.756
v -121.744 		-62.829 		32.019
v -119.5143 		-61.3605 		14.9781
v -119.5183 		-61.3525 		14.9781
v -121.754 		-62.787 		32.019
v -122.6 		-55.366 		18.586
v -119.5001 		-61.3892 		14.9779
v -129.437 		-67.568 		19.756
v -119.4749 		-61.44 		14.9778
v -117.757 		-68.9 		18.586
v -119.569 		-61.25 		14.981
v -117.473 		-68.656 		18.586
v -121.765 		-62.746 		32.019
v -117.75 		-63.964 		30.562
v -117.709 		-63.725 		30.562
v -130.175 		-65.71 		19.357
v -117.807 		-69.462 		19.357
v -130.033 		-66.078 		19.357
v -117.457 		-64.288 		30.311
v -119.436 		-56.31 		18.217
v -118.239 		-69.526 		18.967
v -129.873 		-66.439 		19.357
v -117.4 		-64.034 		30.311
v -119.768 		-56.163 		18.217
v -129.99 		-65.644 		18.967
v -129.852 		-66.003 		18.967
v -117.356 		-63.777 		30.311
v -120.107 		-56.032 		18.217
v -129.695 		-66.355 		18.967
v -117.324 		-63.519 		30.311
v -127.833 		-59.503 		29.455
v -121.294 		-62.999 		31.966
v -120.452 		-55.918 		18.217
v -121.308 		-63.191 		31.966
v -129.788 		-65.571 		18.586
v -120.486 		-59.835 		15.116
v -121.3 		-63.127 		31.966
v -127.998 		-59.764 		29.455
v -120.802 		-55.821 		18.217
v -129.653 		-65.921 		18.586
v -121.296 		-63.064 		31.966
v -129.501 		-66.263 		18.586
v -120.192 		-56.269 		17.86
v -120.864 		-62.999 		31.891
v -128.15 		-60.033 		29.455
v -120.872 		-63.17 		31.891
v -120.525 		-56.159 		17.86
v -128.289 		-60.309 		29.455
v -120.866 		-63.085 		31.891
v -117.123 		-64.371 		30.042
v -117.924 		-69.304 		18.967
v -120.186 		-60.058 		15.116
v -117.062 		-64.101 		30.042
v -117.015 		-63.828 		30.042
v -120.333 		-59.943 		15.116
v -116.981 		-63.553 		30.042
v -129.695 		-66.792 		19.357
v -116.802 		-64.452 		29.756
v -119.112 		-56.473 		18.217
v -129.501 		-67.136 		19.357
v -128.256 		-59.609 		29.139
v -116.738 		-64.165 		29.756
v -119.23 		-56.695 		17.86
v -128.416 		-59.891 		29.139
v -129.29 		-67.469 		19.357
v -119.544 		-56.537 		17.86
v -119.7877 		-60.9219 		14.9792
v -119.7911 		-60.9168 		14.9793
v -119.7837 		-60.928 		14.9791
v -128.561 		-60.18 		29.139
v -119.808 		-60.8915 		14.9803
v -129.522 		-66.699 		18.967
v -119.357 		-56.932 		17.516
v -119.5769 		-61.2381 		14.9805
v -119.6013 		-61.2016 		14.9791
v -126.387 		-71.006 		22.29
v -129.332 		-67.035 		18.967
v -128.501 		-59.463 		28.808
v -119.6737 		-61.093 		14.9777
v -119.6963 		-61.0591 		14.9772
v -119.659 		-56.78 		17.516
v -119.7679 		-60.9517 		14.9788
v -125.989 		-71.182 		22.29
v -128.667 		-59.756 		28.808
v -129.126 		-67.36 		18.967
v -119.823 		-60.869 		14.9812
v -126.364 		-70.958 		21.856
v -128.819 		-60.058 		28.808
v -117.868 		-64.435 		30.562
v -125.969 		-71.133 		21.856
v -129.332 		-66.598 		18.586
v -117.804 		-64.201 		30.562
v -119.864 		-56.395 		17.86
v -129.148 		-66.924 		18.586
v -119.967 		-56.643 		17.516
v -118.675 		-69.547 		18.586
v -120.282 		-56.522 		17.516
v -125.94 		-71.064 		21.426
v -125.541 		-71.218 		21.426
v -118.359 		-69.347 		18.586
v -120.603 		-56.416 		17.516
v -121.333 		-63.317 		31.966
v -121.319 		-63.254 		31.966
v -118.053 		-69.131 		18.586
v -117.702 		-65.028 		30.311
v -128.956 		-68.216 		19.756
v -117.608 		-64.786 		30.311
v -125.134 		-71.353 		21.426
v -128.692 		-68.521 		19.756
v -117.527 		-64.538 		30.311
v -119.21 		-57.343 		17.185
v -125.904 		-70.976 		20.999
v -119.491 		-57.184 		17.185
v -125.508 		-71.128 		20.999
v -119.781 		-57.038 		17.185
v -128.809 		-68.627 		20.164
v -125.106 		-71.261 		20.999
v -120.644 		-59.736 		15.116
v -128.525 		-68.925 		20.164
v -116.699 		-66.536 		17.516
v -120.806 		-59.644 		15.116
v -128.227 		-69.208 		20.164
v -125.859 		-70.868 		20.578
v -117.496 		-65.413 		30.042
v -117.384 		-65.16 		30.042
v -125.469 		-71.018 		20.578
v -127.916 		-69.477 		20.164
v -116.656 		-67.408 		18.217
v -120.076 		-56.907 		17.185
v -116.447 		-67.111 		18.217
v -125.072 		-71.149 		20.578
v -117.284 		-64.902 		30.042
v -120.378 		-56.79 		17.185
v -128.414 		-68.814 		19.756
v -116.253 		-66.804 		18.217
v -128.122 		-69.092 		19.756
v -117.197 		-64.638 		30.042
v -120.686 		-56.689 		17.185
v -128.956 		-60.367 		28.808
v -120.916 		-63.421 		31.891
v -127.816 		-69.356 		19.756
v -117.078 		-65.287 		29.756
v -120.897 		-63.338 		31.891
v -120.882 		-63.254 		31.891
v -127.498 		-69.604 		19.756
v -116.973 		-65.013 		29.756
v -119.909 		-57.31 		16.869
v -116.88 		-64.734 		29.756
v -120.192 		-57.185 		16.869
v -128.414 		-60.591 		29.455
v -121.728 		-62.999 		32.019
v -120.48 		-57.074 		16.869
v -128.525 		-60.879 		29.455
v -119.8706 		-60.8148 		14.9794
v -121.754 		-63.211 		32.019
v -119.8988 		-60.7827 		14.9782
v -120.773 		-56.977 		16.869
v -120.0014 		-60.6657 		14.9775
v -120.0119 		-60.6538 		14.9774
v -127.998 		-68.397 		18.586
v -119.9851 		-60.6843 		14.9776
v -121.744 		-63.17 		32.019
v -116.656 		-66.971 		17.86
v -120.0969 		-60.557 		14.9799
v -116.468 		-66.675 		17.86
v -120.125 		-60.525 		14.9807
v -121.737 		-63.127 		32.019
v -118.239 		-65.33 		30.562
v -121.732 		-63.085 		32.019
v -128.819 		-68.103 		19.357
v -128.622 		-61.173 		29.455
v -128.561 		-68.402 		19.357
v -121.729 		-63.042 		32.019
v -118.13 		-65.114 		30.562
v -128.904 		-67.675 		18.967
v -128.692 		-60.476 		29.139
v -128.667 		-67.979 		18.967
v -128.416 		-68.271 		18.967
v -118.032 		-64.892 		30.562
v -128.809 		-60.778 		29.139
v -128.911 		-61.085 		29.139
v -128.15 		-68.55 		18.967
v -117.944 		-64.665 		30.562
v -128.997 		-61.397 		29.139
v -121.156 		-55.742 		18.217
v -120.2545 		-60.4113 		14.9777
v -117.924 		-65.499 		30.311
v -120.2543 		-60.4115 		14.9777
v -121.514 		-55.679 		18.217
v -120.2492 		-60.416 		14.9778
v -128.501 		-67.842 		18.586
v -120.352 		-60.3257 		14.9781
v -120.3805 		-60.3007 		14.9782
v -120.3829 		-60.2985 		14.9782
v -117.807 		-65.266 		30.311
v -120.469 		-60.223 		14.9811
v -128.256 		-68.126 		18.586
v -126.332 		-70.89 		21.426
v -120.863 		-56.065 		17.86
v -121.205 		-55.988 		17.86
v -121.551 		-55.928 		17.86
v -129.078 		-60.682 		28.808
v -120.1254 		-60.5246 		14.9806
v -123.83 		-71.288 		20.164
v -120.2231 		-60.4389 		14.9784
v -123.421 		-71.339 		20.164
v -120.973 		-59.56 		15.116
v -129.184 		-61.002 		28.808
v -127.704 		-69.219 		19.357
v -123.011 		-71.369 		20.164
v -129.274 		-61.328 		28.808
v -127.393 		-69.462 		19.357
v -121.258 		-56.252 		17.516
v -121.591 		-56.194 		17.516
v -116.786 		-65.408 		29.455
v -123.806 		-71.133 		19.756
v -127.871 		-68.815 		18.967
v -127.579 		-69.067 		18.967
v -123.406 		-71.182 		19.756
v -127.276 		-69.304 		18.967
v -123.003 		-71.212 		19.756
v -127.727 		-68.656 		18.586
v -127.135 		-57.474 		28.464
v -115.486 		-62.299 		28.464
v -127.443 		-68.9 		18.586
v -127.401 		-57.703 		28.464
v -121.875 		-55.635 		18.217
v -115.529 		-61.951 		28.464
v -122.237 		-55.608 		18.217
v -127.147 		-69.131 		18.586
v -120.469 		-60.223 		14.336
v -124.636 		-71.128 		20.164
v -115.589 		-61.605 		28.464
v -122.6 		-55.599 		18.217
v -124.235 		-71.218 		20.164
v -120.4803 		-60.2155 		14.9807
v -120.5094 		-60.1961 		14.9795
v -120.5169 		-60.1911 		14.9792
v -115.236 		-62.274 		28.107
v -117.074 		-67.534 		17.86
v -121.899 		-55.885 		17.86
v -120.6256 		-60.1186 		14.9779
v -115.28 		-61.914 		28.107
v -120.6598 		-60.0958 		14.9774
v -120.7679 		-60.0237 		14.9785
v -120.8026 		-60.0006 		14.9791
v -115.342 		-61.556 		28.107
v -116.858 		-67.258 		17.86
v -122.249 		-55.859 		17.86
v -120.832 		-59.981 		14.9802
v -128.289 		-68.688 		19.357
v -117.282 		-67.364 		17.516
v -122.6 		-55.851 		17.86
v -128.003 		-68.961 		19.357
v -115.003 		-62.251 		27.738
v -117.074 		-67.098 		17.516
v -115.049 		-61.879 		27.738
v -121.926 		-56.153 		17.516
v -116.88 		-66.822 		17.516
v -129.568 		-67.655 		20.164
v -122.262 		-56.128 		17.516
v -115.113 		-61.51 		27.738
v -122.6 		-56.12 		17.516
v -120.85 		-59.969 		14.9809
v -121.37 		-63.439 		31.966
v -129.331 		-67.991 		20.164
v -121.35 		-63.379 		31.966
v -129.078 		-68.315 		20.164
v -129.204 		-67.898 		19.756
v -115.451 		-62.999 		28.464
v -115.46 		-62.649 		28.464
v -120.928 		-56.326 		17.516
v -121.852 		-63.448 		32.019
v -127.655 		-57.945 		28.464
v -129.062 		-67.792 		19.357
v -121.831 		-63.411 		32.019
v -120.9816 		-59.904 		14.978
v -121.07 		-59.8603 		14.9778
v -121.1067 		-59.8422 		14.9776
v -121.2601 		-59.7665 		14.9807
v -121.2609 		-59.766 		14.9807
v -121.811 		-63.372 		32.019
v -127.897 		-58.199 		28.464
v -121.261 		-59.766 		14.9807
v -115.46 		-63.35 		28.464
v -124.598 		-70.976 		19.756
v -124.204 		-71.064 		19.756
v -128.904 		-66.369 		17.86
v -115.209 		-62.636 		28.107
v -127.57 		-57.516 		28.107
v -120.9147 		-59.9371 		14.9791
v -120.998 		-56.603 		17.185
v -115.2 		-62.999 		28.107
v -120.947 		-59.9211 		14.9782
v -120.9525 		-59.9184 		14.978
v -127.833 		-57.767 		28.107
v -128.956 		-65.632 		17.516
v -121.313 		-56.532 		17.185
v -121.632 		-56.476 		17.185
v -128.819 		-65.941 		17.516
v -123.781 		-70.958 		19.357
v -115.209 		-63.363 		28.107
v -128.667 		-66.243 		17.516
v -123.389 		-71.006 		19.357
v -128.501 		-66.536 		17.516
v -122.995 		-71.035 		19.357
v -121.3842 		-59.7242 		14.9784
v -114.975 		-62.625 		27.738
v -121.4235 		-59.7108 		14.9777
v -121.5753 		-59.6593 		14.978
v -121.5854 		-59.6559 		14.978
v -121.5466 		-59.669 		14.9779
v -114.966 		-62.999 		27.738
v -121.694 		-59.619 		14.9811
v -121.071 		-56.895 		16.869
v -121.372 		-56.827 		16.869
v -124.17 		-70.89 		19.357
v -114.975 		-63.374 		27.738
v -117.799 		-66.56 		16.568
v -121.677 		-56.774 		16.869
v -127.918 		-67.364 		17.516
v -125.423 		-70.889 		20.164
v -117.714 		-67.428 		17.185
v -127.998 		-57.602 		27.738
v -125.033 		-71.018 		20.164
v -120.865 		-57.28 		16.568
v -121.148 		-57.202 		16.568
v -121.434 		-57.137 		16.568
v -128.947 		-66.804 		18.217
v -124.987 		-70.868 		19.756
v -128.753 		-67.111 		18.217
v -121.723 		-57.087 		16.568
v -117.502 		-67.183 		17.185
v -128.544 		-67.408 		18.217
v -121.7068 		-59.6165 		14.9807
v -121.75 		-59.6079 		14.9792
v -121.856 		-59.5869 		14.9779
v -117.303 		-66.928 		17.185
v -114.76 		-62.614 		27.357
v -121.879 		-59.5823 		14.9777
v -121.9192 		-59.5744 		14.9772
v -122.0461 		-59.5492 		14.9784
v -122.0869 		-59.5411 		14.9788
v -114.751 		-62.999 		27.357
v -114.789 		-62.23 		27.357
v -117.117 		-66.663 		17.185
v -122.143 		-59.53 		14.9808
v -114.836 		-61.848 		27.357
v -114.535 		-61.395 		26.568
v -121.794 		-63.333 		32.019
v -114.902 		-61.468 		27.357
v -128.083 		-58.03 		28.107
v -128.732 		-66.675 		17.86
v -121.779 		-63.293 		32.019
v -128.32 		-58.305 		28.107
v -128.544 		-66.971 		17.86
v -114.76 		-63.385 		27.357
v -121.954 		-56.437 		17.185
v -121.765 		-63.253 		32.019
v -122.276 		-56.413 		17.185
v -128.342 		-67.258 		17.86
v -128.256 		-57.873 		27.738
v -122.6 		-56.405 		17.185
v -128.501 		-58.157 		27.738
v -128.126 		-67.534 		17.86
v -122.2472 		-59.5232 		14.9783
v -122.2574 		-59.5225 		14.978
v -122.2154 		-59.5252 		14.979
v -128.32 		-66.822 		17.516
v -122.388 		-59.5139 		14.9777
v -122.4212 		-59.5117 		14.9775
v -122.4286 		-59.5112 		14.9775
v -128.126 		-67.098 		17.516
v -122.5568 		-59.5028 		14.9799
v -117.735 		-66.992 		16.869
v -114.624 		-61.002 		26.568
v -117.545 		-66.748 		16.869
v -121.983 		-56.736 		16.869
v -114.381 		-61.365 		26.16
v -114.471 		-60.963 		26.16
v -127.998 		-66.235 		16.869
v -115.589 		-64.394 		28.464
v -122.291 		-56.714 		16.869
v -114.581 		-60.567 		26.16
v -127.833 		-66.496 		16.869
v -115.529 		-64.048 		28.464
v -119.244 		-64.793 		15.116
v -122.6 		-56.706 		16.869
v -127.871 		-65.817 		16.568
v -115.486 		-63.7 		28.464
v -122.014 		-57.051 		16.568
v -127.727 		-66.072 		16.568
v -122.307 		-57.03 		16.568
v -118.15 		-67.449 		16.869
v -127.57 		-66.32 		16.568
v -117.937 		-67.226 		16.869
v -122.6 		-57.023 		16.568
v -115.342 		-64.443 		28.107
v -127.401 		-66.56 		16.568
v -119.336 		-64.956 		15.116
v -118.586 		-67.428 		16.568
v -115.28 		-64.085 		28.107
v -118.374 		-67.226 		16.568
v -114.247 		-61.338 		25.746
v -115.236 		-63.725 		28.107
v -128.126 		-58.464 		28.464
v -118.171 		-67.013 		16.568
v -128.342 		-58.741 		28.464
v -121.875 		-62.515 		32.019
v -115.113 		-64.489 		27.738
v -128.561 		-65.819 		17.185
v -117.98 		-66.791 		16.568
v -128.544 		-59.028 		28.464
v -121.899 		-62.48 		32.019
v -115.049 		-64.12 		27.738
v -128.416 		-66.108 		17.185
v -128.732 		-59.324 		28.464
v -115.003 		-63.748 		27.738
v -119.23 		-65.499 		15.313
v -128.256 		-66.39 		17.185
v -119.112 		-65.33 		15.313
v -119.104 		-57.767 		16.869
v -119.365 		-57.602 		16.869
v -128.544 		-58.591 		28.107
v -115.869 		-65.408 		28.464
v -119.633 		-57.449 		16.869
v -119.659 		-65.413 		15.116
v -128.753 		-58.888 		28.107
v -115.759 		-65.075 		28.464
v -119.279 		-58.03 		16.568
v -128.289 		-65.69 		16.869
v -119.544 		-65.266 		15.116
v -117.63 		-68.483 		18.217
v -119.527 		-57.873 		16.568
v -128.947 		-59.195 		28.107
v -117.367 		-68.232 		18.217
v -115.666 		-64.736 		28.464
v -119.783 		-57.728 		16.568
v -119.436 		-65.114 		15.116
v -128.732 		-58.452 		27.738
v -117.117 		-67.969 		18.217
v -128.947 		-58.758 		27.738
v -115.633 		-65.492 		28.107
v -116.88 		-67.694 		18.217
v -115.519 		-65.148 		28.107
v -115.422 		-64.798 		28.107
v -117.545 		-68.054 		17.86
v -117.303 		-67.8 		17.86
v -115.295 		-65.215 		27.738
v -128.15 		-65.966 		16.869
v -120.045 		-57.596 		16.568
v -128.15 		-57.449 		27.357
v -115.195 		-64.854 		27.738
v -128.416 		-57.728 		27.357
v -120.313 		-57.478 		16.568
v -128.667 		-58.02 		27.357
v -120.1956 		-65.536 		14.979
v -120.158 		-65.503 		14.9799
v -120.586 		-57.372 		16.568
v -120.1254 		-65.4744 		14.9806
v -128.003 		-65.555 		16.568
v -120.125 		-65.474 		14.9807
v -128.904 		-58.324 		27.357
v -114.836 		-64.151 		27.357
v -128.561 		-57.596 		26.967
v -128.819 		-57.895 		26.967
v -127.897 		-66.928 		17.185
v -114.789 		-63.769 		27.357
v -127.698 		-67.183 		17.185
v -119.16 		-64.626 		15.116
v -127.486 		-67.428 		17.185
v -122.893 		-57.03 		29.756
v -117.735 		-67.864 		17.516
v -123.186 		-57.051 		29.756
v -117.502 		-67.62 		17.516
v -123.477 		-57.087 		29.756
v -115.089 		-65.278 		27.357
v -114.986 		-64.907 		27.357
v -123.766 		-57.137 		29.756
v -129.148 		-59.075 		27.738
v -114.902 		-64.531 		27.357
v -124.052 		-57.202 		29.756
v -127.655 		-66.748 		16.869
v -114.338 		-60.93 		25.746
v -127.465 		-66.992 		16.869
v -114.901 		-65.335 		26.967
v -127.263 		-67.226 		16.869
v -118.065 		-68.525 		17.86
v -124.335 		-57.28 		29.756
v -114.796 		-64.954 		26.967
v -120.0128 		-65.3462 		14.9775
v -120.0119 		-65.3452 		14.9774
v -120.0391 		-65.3761 		14.9781
v -117.799 		-68.296 		17.86
v -129.126 		-58.639 		27.357
v -127.05 		-67.449 		16.869
v -119.9259 		-65.2472 		14.9781
v -119.901 		-65.2188 		14.9783
v -119.8986 		-65.2162 		14.9783
v -118.502 		-68.525 		17.516
v -129.332 		-58.964 		27.357
v -119.823 		-65.13 		14.9812
v -118.236 		-68.318 		17.516
v -127.22 		-66.791 		16.568
v -129.522 		-59.299 		27.357
v -117.98 		-68.097 		17.516
v -127.029 		-67.013 		16.568
v -129.062 		-58.207 		26.967
v -129.29 		-58.53 		26.967
v -129.501 		-58.863 		26.967
v -129.695 		-59.207 		26.967
v -128.083 		-66.663 		17.185
v -114.45 		-60.527 		25.746
v -122.938 		-56.128 		28.808
v -123.274 		-56.153 		28.808
v -119.7521 		-65.024 		14.9785
v -119.7188 		-64.9741 		14.9779
v -119.6961 		-64.9401 		14.9774
v -119.7021 		-64.9491 		14.9775
v -114.581 		-60.13 		25.746
v -119.624 		-64.8323 		14.979
v -123.609 		-56.194 		28.808
v -119.6005 		-64.7971 		14.9795
v -118.489 		-69.152 		18.217
v -119.569 		-64.75 		14.9812
v -123.942 		-56.252 		28.808
v -118.192 		-68.943 		18.217
v -117.905 		-68.72 		18.217
v -119.7911 		-65.0822 		14.9793
v -119.7959 		-65.0894 		14.9796
v -119.808 		-65.1076 		14.9803
v -118.836 		-62.441 		31.208
v -119.8156 		-65.1189 		14.9808
v -118.868 		-62.257 		31.208
v -119.569 		-64.75 		14.262
v -118.909 		-62.075 		31.208
v -128.904 		-59.63 		28.464
v -118.628 		-68.943 		17.86
v -114.471 		-60.091 		25.325
v -118.959 		-61.895 		31.208
v -118.342 		-68.741 		17.86
v -119.017 		-61.717 		31.208
v -114.624 		-59.696 		25.325
v -122.909 		-56.714 		29.455
v -119.084 		-61.543 		31.208
v -114.381 		-60.059 		24.898
v -129.062 		-59.943 		28.464
v -123.217 		-56.736 		29.455
v -114.535 		-59.659 		24.898
v -129.204 		-60.264 		28.464
v -123.523 		-56.774 		29.455
v -118.778 		-68.72 		17.516
v -129.126 		-59.511 		28.107
v -123.828 		-56.827 		29.455
v -129.29 		-59.835 		28.107
v -114.133 		-61.315 		25.325
v -129.437 		-60.168 		28.107
v -122.924 		-56.413 		29.139
v -114.225 		-60.902 		25.325
v -114.338 		-60.493 		25.325
v -123.246 		-56.437 		29.139
v -114.039 		-61.296 		24.898
v -118.672 		-68.296 		17.185
v -114.133 		-60.878 		24.898
v -123.568 		-56.476 		29.139
v -129.332 		-59.401 		27.738
v -118.417 		-68.097 		17.185
v -129.501 		-59.736 		27.738
v -123.887 		-56.532 		29.139
v -114.247 		-60.466 		24.898
v -118.171 		-67.886 		17.185
v -119.4421 		-64.4931 		14.9777
v -117.937 		-67.662 		17.185
v -119.4449 		-64.4987 		14.9777
v -129.653 		-60.078 		27.738
v -119.4514 		-64.512 		14.9777
v -119.3852 		-64.3778 		14.98
v -119.366 		-64.3391 		14.9807
v -119.366 		-64.339 		14.9807
v -118.799 		-62.813 		31.208
v -118.795 		-62.999 		31.208
v -119.5368 		-64.6849 		14.9793
v -119.518 		-64.6467 		14.9782
v -118.813 		-62.626 		31.208
v -114.564 		-62.605 		26.967
v -119.4603 		-64.5299 		14.9778
v -124.129 		-56.895 		29.455
v -114.555 		-62.999 		26.967
v -114.593 		-62.211 		26.967
v -124.427 		-56.977 		29.455
v -122.276 		-62.706 		32.051
v -114.642 		-61.819 		26.967
v -124.72 		-57.074 		29.455
v -122.291 		-62.691 		32.051
v -118.813 		-63.372 		31.208
v -122.307 		-62.676 		32.051
v -129.331 		-60.591 		28.464
v -122.323 		-62.662 		32.051
v -114.564 		-63.394 		26.967
v -122.34 		-62.649 		32.051
v -122.357 		-62.636 		32.051
v -129.441 		-60.924 		28.464
v -118.799 		-63.186 		31.208
v -129.534 		-61.262 		28.464
v -119.2512 		-64 		14.9788
v -119.219 		-63.905 		14.9812
v -124.202 		-56.603 		29.139
v -124.514 		-56.689 		29.139
v -119.3114 		-64.1777 		14.9777
v -119.3109 		-64.1763 		14.9777
v -119.3242 		-64.2157 		14.9784
v -124.822 		-56.79 		29.139
v -114.642 		-64.18 		26.967
v -119.2691 		-64.053 		14.9783
v -119.2559 		-64.0139 		14.9784
v -114.593 		-63.788 		26.967
v -124.272 		-56.326 		28.808
v -124.597 		-56.416 		28.808
v -124.918 		-56.522 		28.808
v -114.417 		-62.193 		26.568
v -119.1363 		-63.488 		14.9801
v -119.13 		-63.456 		14.9812
v -114.466 		-61.793 		26.568
v -119.084 		-64.456 		31.208
v -119.21 		-63.8598 		14.9797
v -119.2079 		-63.8491 		14.9793
v -119.2165 		-63.8924 		14.9808
v -119.1826 		-63.7213 		14.978
v -119.017 		-64.281 		31.208
v -119.1746 		-63.681 		14.9776
v -114.261 		-62.178 		26.16
v -119.1428 		-63.5205 		14.9792
v -119.1412 		-63.5124 		14.9792
v -125.008 		-57.185 		29.455
v -119.1494 		-63.5537 		14.9788
v -118.959 		-64.104 		31.208
v -114.311 		-61.77 		26.16
v -125.291 		-57.31 		29.455
v -118.909 		-63.924 		31.208
v -122.197 		-62.832 		32.051
v -114.124 		-62.165 		25.746
v -122.205 		-62.813 		32.051
v -118.868 		-63.742 		31.208
v -122.215 		-62.794 		32.051
v -125.124 		-56.907 		29.139
v -122.225 		-62.775 		32.051
v -114.175 		-61.75 		25.746
v -122.237 		-62.757 		32.051
v -122.249 		-62.739 		32.051
v -118.836 		-63.558 		31.208
v -122.262 		-62.722 		32.051
v -125.419 		-57.038 		29.139
v -125.709 		-57.184 		29.139
v -125.233 		-56.643 		28.808
v -125.541 		-56.78 		28.808
v -119.1004 		-63.0063 		14.9806
v -114.377 		-62.999 		26.568
v -114.387 		-62.596 		26.568
v -119.1253 		-63.3844 		14.9795
v -119.1225 		-63.3417 		14.9784
v -119.1113 		-63.1711 		14.9775
v -125.843 		-56.932 		28.808
v -119.1139 		-63.2118 		14.9776
v -114.387 		-63.403 		26.568
v -118.9 		-64.977 		31.011
v -114.23 		-62.588 		26.16
v -118.807 		-64.793 		31.011
v -114.22 		-62.999 		26.16
v -118.608 		-67.864 		16.869
v -122.165 		-62.957 		32.051
v -118.374 		-67.662 		16.869
v -122.168 		-62.935 		32.051
v -114.23 		-63.411 		26.16
v -125.99 		-57.343 		29.139
v -129.568 		-60.506 		28.107
v -122.172 		-62.914 		32.051
v -122.176 		-62.893 		32.051
v -119.1028 		-63.0422 		14.9799
v -122.182 		-62.873 		32.051
v -122.189 		-62.852 		32.051
v -129.681 		-60.851 		28.107
v -129.778 		-61.201 		28.107
v -119.001 		-65.156 		31.011
v -114.093 		-62.582 		25.746
v -114.083 		-62.999 		25.746
v -129.788 		-60.428 		27.738
v -129.905 		-60.783 		27.738
v -114.093 		-63.417 		25.746
v -130.005 		-61.145 		27.738
v -118.65 		-70.39 		20.164
v -118.292 		-70.187 		20.164
v -117.944 		-69.967 		20.164
v -116.077 		-57.087 		24.468
v -117.608 		-69.73 		20.164
v -116.375 		-56.774 		24.468
v -122.453 		-62.588 		32.051
v -122.473 		-62.582 		32.051
v -116.688 		-56.476 		24.468
v -122.494 		-62.576 		32.051
v -114.008 		-62.153 		25.325
v -116.037 		-57.051 		24.034
v -118.724 		-70.251 		19.756
v -114.06 		-61.733 		25.325
v -118.373 		-70.052 		19.756
v -116.337 		-56.736 		24.034
v -129.695 		-59.644 		27.357
v -118.032 		-69.836 		19.756
v -119.1016 		-62.976 		14.9802
v -119.1086 		-62.869 		14.9783
v -129.852 		-59.996 		27.357
v -119.1113 		-62.8279 		14.9775
v -113.913 		-62.144 		24.898
v -119.1107 		-62.8362 		14.9776
v -116.652 		-56.437 		24.034
v -113.965 		-61.719 		24.898
v -119.1198 		-62.6985 		14.9782
v -119.1225 		-62.6571 		14.9784
v -129.99 		-60.355 		27.357
v -119.13 		-62.543 		14.9811
v -116.013 		-57.03 		23.599
v -129.873 		-59.56 		26.967
v -130.033 		-59.921 		26.967
v -116.314 		-56.714 		23.599
v -130.175 		-60.289 		26.967
v -113.977 		-62.576 		25.325
v -116.63 		-56.413 		23.599
v -118.464 		-69.9 		19.357
v -122.985 		-55.16 		27.357
v -113.967 		-62.999 		25.325
v -129.437 		-65.831 		18.217
v -118.13 		-69.689 		19.357
v -113.977 		-63.423 		25.325
v -123.369 		-55.188 		27.357
v -129.29 		-66.163 		18.217
v -118.565 		-69.732 		18.967
v -123.752 		-55.235 		27.357
v -129.126 		-66.488 		18.217
v -113.871 		-62.999 		24.898
v -113.882 		-62.571 		24.898
v -130.111 		-60.721 		27.357
v -130.214 		-61.092 		27.357
v -113.882 		-63.428 		24.898
v -116.006 		-57.023 		23.162
v -129.204 		-65.735 		17.86
v -124.555 		-55.195 		26.967
v -116.307 		-56.706 		23.162
v -116.623 		-56.405 		23.162
v -129.062 		-66.056 		17.86
v -130.299 		-60.664 		26.967
v -116.013 		-57.03 		22.725
v -130.404 		-61.045 		26.967
v -119.112 		-69.526 		18.217
v -122.951 		-55.859 		28.464
v -116.314 		-56.714 		22.725
v -123.301 		-55.885 		28.464
v -114.466 		-64.206 		26.568
v -118.796 		-69.347 		18.217
v -116.63 		-56.413 		22.725
v -122.515 		-62.571 		32.051
v -123.649 		-55.928 		28.464
v -114.417 		-63.805 		26.568
v -119.544 		-69.462 		17.86
v -122.536 		-62.567 		32.051
v -122.557 		-62.565 		32.051
v -122.579 		-62.563 		32.051
v -119.23 		-69.304 		17.86
v -114.311 		-64.229 		26.16
v -122.6 		-62.563 		32.051
v -122.621 		-62.563 		32.051
v -114.261 		-63.821 		26.16
v -122.963 		-55.608 		28.107
v -128.692 		-57.478 		26.568
v -118.925 		-69.131 		17.86
v -114.175 		-64.249 		25.746
v -123.325 		-55.635 		28.107
v -128.956 		-57.783 		26.568
v -114.124 		-63.834 		25.746
v -127.833 		-68.232 		18.217
v -128.809 		-57.372 		26.16
v -123.686 		-55.679 		28.107
v -127.57 		-68.483 		18.217
v -119.659 		-69.219 		17.516
v -119.357 		-69.067 		17.516
v -118.45 		-55.235 		24.468
v -114.624 		-64.997 		26.568
v -114.535 		-64.604 		26.568
v -122.375 		-62.625 		32.051
v -122.394 		-62.614 		32.051
v -119.063 		-68.9 		17.516
v -129.204 		-58.101 		26.568
v -114.581 		-65.432 		26.16
v -122.413 		-62.605 		32.051
v -122.433 		-62.596 		32.051
v -114.471 		-65.036 		26.16
v -129.078 		-57.683 		26.16
v -127.897 		-67.8 		17.86
v -122.975 		-55.375 		27.738
v -123.348 		-55.402 		27.738
v -129.331 		-58.008 		26.16
v -114.381 		-64.634 		26.16
v -127.655 		-68.054 		17.86
v -129.568 		-58.344 		26.16
v -127.401 		-68.296 		17.86
v -118.425 		-55.188 		24.034
v -114.45 		-65.472 		25.746
v -129.184 		-57.596 		25.746
v -119.864 		-69.604 		17.86
v -127.135 		-68.525 		17.86
v -114.338 		-65.069 		25.746
v -119.1001 		-62.999 		14.9807
v -129.441 		-57.926 		25.746
v -120.603 		-69.583 		17.516
v -120.282 		-69.477 		17.516
v -114.247 		-64.661 		25.746
v -127.698 		-67.62 		17.516
v -129.681 		-58.268 		25.746
v -119.967 		-69.356 		17.516
v -127.465 		-67.864 		17.516
v -122.643 		-62.565 		32.051
v -122.664 		-62.567 		32.051
v -127.22 		-68.097 		17.516
v -122.685 		-62.571 		32.051
v -122.706 		-62.576 		32.051
v -122.727 		-62.582 		32.051
v -122.747 		-62.588 		32.051
v -129.437 		-58.431 		26.568
v -114.06 		-64.266 		25.325
v -118.936 		-68.483 		17.185
v -114.008 		-63.846 		25.325
v -129.653 		-58.772 		26.568
v -119.1457 		-62.464 		14.979
v -119.1666 		-62.3583 		14.978
v -119.1746 		-62.318 		14.9776
v -119.2071 		-62.154 		14.9792
v -119.2079 		-62.1499 		14.9793
v -119.1998 		-62.1911 		14.9788
v -129.852 		-59.123 		26.568
v -119.219 		-62.094 		14.9812
v -113.965 		-64.28 		24.898
v -128.32 		-67.694 		18.217
v -129.788 		-58.691 		26.16
v -113.913 		-63.855 		24.898
v -119.1326 		-62.5296 		14.9806
v -119.1412 		-62.4866 		14.9792
v -128.083 		-67.969 		18.217
v -118.851 		-68.054 		16.869
v -129.99 		-59.049 		26.16
v -119.279 		-67.969 		16.568
v -119.04 		-67.8 		16.568
v -129.905 		-58.621 		25.746
v -127.295 		-68.72 		18.217
v -130.111 		-58.985 		25.746
v -127.008 		-68.943 		18.217
v -114.338 		-65.506 		25.325
v -130.299 		-59.358 		25.746
v -118.808 		-67.62 		16.568
v -114.225 		-65.097 		25.325
v -119.2671 		-61.952 		14.9783
v -119.2978 		-61.8614 		14.9778
v -119.3109 		-61.8225 		14.9776
v -114.133 		-64.684 		25.325
v -127.263 		-67.662 		17.185
v -119.3522 		-61.7009 		14.9799
v -119.366 		-61.66 		14.9807
v -127.029 		-67.886 		17.185
v -129.274 		-57.523 		25.325
v -119.2421 		-62.0256 		14.9795
v -119.2559 		-61.9851 		14.9784
v -119.633 		-68.55 		16.869
v -129.534 		-57.857 		25.325
v -114.247 		-65.533 		24.898
v -119.365 		-68.397 		16.869
v -129.778 		-58.203 		25.325
v -114.133 		-65.12 		24.898
v -127.592 		-69.73 		20.164
v -129.348 		-57.462 		24.898
v -119.104 		-68.232 		16.869
v -114.039 		-64.702 		24.898
v -127.256 		-69.967 		20.164
v -129.611 		-57.8 		24.898
v -122.767 		-62.596 		32.051
v -119.783 		-68.271 		16.568
v -129.858 		-58.15 		24.898
v -119.527 		-68.126 		16.568
v -122.787 		-62.605 		32.051
v -118.41 		-55.16 		23.599
v -114.642 		-59.235 		24.468
v -119.366 		-61.6599 		14.9807
v -127.168 		-69.836 		19.756
v -119.4424 		-61.5058 		14.9776
v -114.593 		-59.213 		24.034
v -127.07 		-69.689 		19.357
v -114.564 		-59.199 		23.599
v -118.41 		-55.16 		22.725
v -120.313 		-68.521 		16.568
v -130.005 		-58.561 		25.325
v -120.045 		-68.402 		16.568
v -114.555 		-59.194 		23.162
v -130.214 		-58.93 		25.325
v -126.182 		-58.635 		16.282
v -114.564 		-59.199 		22.725
v -122.9426 		-59.5225 		14.978
v -122.938 		-59.5222 		14.978
v -126.392 		-58.816 		16.282
v -122.9017 		-59.5198 		14.9778
v -130.404 		-59.308 		25.325
v -117.015 		-56.194 		24.468
v -123.057 		-59.53 		14.9808
v -126.592 		-59.007 		16.282
v -114.311 		-60.034 		24.468
v -130.087 		-58.512 		24.898
v -117.356 		-55.928 		24.468
v -114.466 		-59.63 		24.468
v -119.781 		-68.961 		17.185
v -130.298 		-58.885 		24.898
v -126.783 		-59.208 		16.282
v -117.709 		-55.679 		24.468
v -114.261 		-60.016 		24.034
v -119.491 		-68.815 		17.185
v -114.417 		-59.61 		24.034
v -116.981 		-56.153 		24.034
v -119.21 		-68.656 		17.185
v -117.324 		-55.885 		24.034
v -126.16 		-59.071 		16.013
v -114.23 		-60.005 		23.599
v -117.679 		-55.635 		24.034
v -124.227 		-59.56 		15.116
v -126.349 		-59.251 		16.013
v -114.387 		-59.598 		23.599
v -130.033 		-59.484 		26.568
v -116.961 		-56.128 		23.599
v -130.197 		-59.853 		26.568
v -117.305 		-55.859 		23.599
v -120.686 		-69.31 		17.185
v -117.661 		-55.608 		23.599
v -130.342 		-60.229 		26.568
v -120.378 		-69.208 		17.185
v -126.964 		-59.418 		16.282
v -130.175 		-59.417 		26.16
v -126.528 		-59.439 		16.013
v -113.965 		-61.282 		24.468
v -120.076 		-69.092 		17.185
v -126.698 		-59.636 		16.013
v -130.342 		-59.793 		26.16
v -125.673 		-59.609 		15.528
v -114.06 		-60.86 		24.468
v -126.858 		-59.841 		16.013
v -120.773 		-69.022 		16.869
v -118.074 		-55.448 		24.468
v -120.48 		-68.925 		16.869
v -114.175 		-60.444 		24.468
v -118.047 		-55.402 		24.034
v -113.913 		-61.271 		24.034
v -120.192 		-68.814 		16.869
v -114.008 		-60.847 		24.034
v -119.909 		-68.688 		16.869
v -114.124 		-60.428 		24.034
v -118.03 		-55.375 		23.599
v -122.806 		-62.614 		32.051
v -126.096 		-59.503 		15.762
v -122.825 		-62.625 		32.051
v -122.843 		-62.636 		32.051
v -120.586 		-68.627 		16.568
v -122.86 		-62.649 		32.051
v -122.877 		-62.662 		32.051
v -126.264 		-59.679 		15.762
v -124.931 		-59.511 		15.313
v -126.422 		-59.863 		15.762
v -125.099 		-59.63 		15.313
v -123.72 		-55.448 		27.738
v -116.954 		-56.12 		23.162
v -117.298 		-55.851 		23.162
v -126.572 		-60.054 		15.762
v -117.655 		-55.599 		23.162
v -118.024 		-55.366 		23.162
v -126.711 		-60.252 		15.762
v -126.116 		-61.543 		31.208
v -113.882 		-61.265 		23.599
v -126.183 		-61.717 		31.208
v -116.961 		-56.128 		22.725
v -117.305 		-55.859 		22.725
v -123.0704 		-59.5326 		14.9803
v -113.977 		-60.84 		23.599
v -123.1064 		-59.5398 		14.9791
v -123.1131 		-59.5411 		14.9788
v -117.661 		-55.608 		22.725
v -121.632 		-69.523 		17.185
v -114.093 		-60.419 		23.599
v -123.2409 		-59.5664 		14.9776
v -126.241 		-61.895 		31.208
v -123.2768 		-59.5736 		14.9773
v -123.2808 		-59.5744 		14.9772
v -126.137 		-60.097 		15.528
v -121.313 		-69.467 		17.185
v -123.392 		-59.5964 		14.9785
v -118.03 		-55.375 		22.725
v -123.995 		-55.988 		28.464
v -123.4087 		-59.5997 		14.9787
v -123.45 		-59.6079 		14.9792
v -126.275 		-60.274 		15.528
v -126.55 		-61.586 		31.011
v -124.337 		-56.065 		28.464
v -120.998 		-69.396 		17.185
v -123.506 		-59.619 		14.981
v -126.615 		-61.782 		31.011
v -114.22 		-60.001 		23.162
v -126.908 		-61.458 		30.796
v -124.675 		-56.159 		28.464
v -114.083 		-60.416 		23.162
v -114.377 		-59.594 		23.162
v -124.394 		-59.644 		15.116
v -124.556 		-59.736 		15.116
v -114.23 		-60.005 		22.725
v -124.714 		-59.835 		15.116
v -126.841 		-60.457 		15.762
v -114.387 		-59.598 		22.725
v -126.961 		-60.669 		15.762
v -116.037 		-57.051 		22.29
v -121.677 		-69.225 		16.869
v -116.337 		-56.736 		22.29
v -121.372 		-69.172 		16.869
v -126.291 		-62.075 		31.208
v -126.404 		-60.457 		15.528
v -116.652 		-56.437 		22.29
v -113.871 		-61.263 		23.162
v -121.071 		-69.104 		16.869
v -126.525 		-60.647 		15.528
v -126.332 		-62.257 		31.208
v -126.364 		-62.441 		31.208
v -116.077 		-57.087 		21.856
v -126.635 		-60.843 		15.528
v -121.723 		-68.912 		16.568
v -116.375 		-56.774 		21.856
v -125.835 		-59.764 		15.528
v -121.434 		-68.861 		16.568
v -116.688 		-56.476 		21.856
v -126.67 		-61.98 		31.011
v -126.715 		-62.181 		31.011
v -121.148 		-68.797 		16.568
v -126.75 		-62.384 		31.011
v -120.865 		-68.719 		16.568
v -126.736 		-61.043 		15.528
v -126.827 		-61.248 		15.528
v -125.99 		-59.927 		15.528
v -116.132 		-57.137 		21.426
v -116.428 		-56.827 		21.426
v -122.6 		-69.594 		17.185
v -125.262 		-59.756 		15.313
v -125.417 		-59.891 		15.313
v -122.276 		-69.586 		17.185
v -126.199 		-60.843 		15.313
v -116.203 		-57.202 		20.999
v -121.954 		-69.562 		17.185
v -116.495 		-56.895 		20.999
v -113.967 		-60.837 		23.162
v -126.3 		-61.022 		15.313
v -126.393 		-61.206 		15.313
v -113.882 		-61.265 		22.725
v -122.6 		-69.293 		16.869
v -126.476 		-61.394 		15.313
v -113.977 		-60.84 		22.725
v -116.289 		-57.28 		20.578
v -114.093 		-60.419 		22.725
v -122.291 		-69.285 		16.869
v -126.387 		-62.626 		31.208
v -116.578 		-56.977 		20.578
v -126.401 		-62.813 		31.208
v -121.983 		-69.262 		16.869
v -114.593 		-59.213 		22.29
v -126.775 		-62.588 		31.011
v -122.6 		-68.976 		16.568
v -126.79 		-62.794 		31.011
v -127.135 		-59.636 		16.282
v -118.425 		-55.188 		22.29
v -123.506 		-59.619 		14.336
v -122.307 		-68.969 		16.568
v -114.642 		-59.235 		21.856
v -123.61 		-59.6543 		14.9781
v -123.6146 		-59.6559 		14.978
v -127.295 		-59.863 		16.282
v -122.014 		-68.948 		16.568
v -123.5745 		-59.6423 		14.979
v -123.7378 		-59.6977 		14.9778
v -123.7765 		-59.7108 		14.9777
v -127.443 		-60.097 		16.282
v -123.8981 		-59.7521 		14.9799
v -123.904 		-59.7541 		14.9801
v -118.45 		-55.235 		21.856
v -126.405 		-62.999 		31.208
v -114.261 		-60.016 		22.29
v -127.579 		-60.338 		16.282
v -114.417 		-59.61 		22.29
v -126.401 		-63.186 		31.208
v -123.939 		-59.766 		14.9807
v -126.387 		-63.372 		31.208
v -114.311 		-60.034 		21.856
v -114.466 		-59.63 		21.856
v -126.795 		-62.999 		31.011
v -127.008 		-60.054 		16.013
v -116.981 		-56.153 		22.29
v -126.79 		-63.205 		31.011
v -127.147 		-60.274 		16.013
v -117.324 		-55.885 		22.29
v -119.017 		-70.575 		20.164
v -126.775 		-63.411 		31.011
v -124.867 		-59.943 		15.116
v -117.679 		-55.635 		22.29
v -119.453 		-70.596 		19.756
v -118.047 		-55.402 		22.29
v -124.044 		-55.742 		28.107
v -119.084 		-70.433 		19.756
v -117.015 		-56.194 		21.856
v -127.704 		-60.585 		16.282
v -124.398 		-55.821 		28.107
v -124.748 		-55.918 		28.107
v -117.356 		-55.928 		21.856
v -127.816 		-60.839 		16.282
v -124.089 		-55.512 		27.738
v -117.709 		-55.679 		21.856
v -127.916 		-61.097 		16.282
v -124.455 		-55.594 		27.738
v -118.074 		-55.448 		21.856
v -127.276 		-60.5 		16.013
v -124.816 		-55.694 		27.738
v -127.393 		-60.733 		16.013
v -126.364 		-63.558 		31.208
v -126.332 		-63.742 		31.208
v -127.498 		-60.971 		16.013
v -119.393 		-70.741 		20.164
v -127.592 		-61.213 		16.013
v -126.291 		-63.924 		31.208
v -126.75 		-63.615 		31.011
v -119.83 		-70.741 		19.756
v -126.715 		-63.818 		31.011
v -117.062 		-56.252 		21.426
v -117.4 		-55.988 		21.426
v -117.75 		-55.742 		21.426
v -124.131 		-55.301 		27.357
v -126.241 		-64.104 		31.208
v -117.457 		-56.065 		20.999
v -124.507 		-55.386 		27.357
v -126.183 		-64.281 		31.208
v -119.521 		-70.433 		19.357
v -127.07 		-60.885 		15.762
v -124.878 		-55.488 		27.357
v -126.116 		-64.456 		31.208
v -117.527 		-56.159 		20.578
v -127.168 		-61.107 		15.762
v -119.16 		-70.272 		19.357
v -126.67 		-64.019 		31.011
v -127.256 		-61.334 		15.762
v -118.807 		-70.095 		19.357
v -126.615 		-64.217 		31.011
v -126.55 		-64.413 		31.011
v -119.596 		-70.251 		18.967
v -118.112 		-55.512 		21.426
v -119.244 		-70.095 		18.967
v -118.485 		-55.301 		21.426
v -118.9 		-69.922 		18.967
v -125.008 		-56.269 		28.464
v -117.804 		-55.821 		20.999
v -119.679 		-70.052 		18.586
v -125.093 		-56.032 		28.107
v -128.003 		-61.36 		16.282
v -118.162 		-55.594 		20.999
v -119.336 		-69.9 		18.586
v -125.432 		-56.163 		28.107
v -119.001 		-69.732 		18.586
v -126.908 		-61.458 		15.528
v -125.764 		-56.31 		28.107
v -118.53 		-55.386 		20.999
v -125.172 		-55.812 		27.738
v -126.393 		-64.793 		31.011
v -125.521 		-55.947 		27.738
v -117.868 		-55.918 		20.578
v -126.3 		-64.977 		31.011
v -125.864 		-56.099 		27.738
v -118.222 		-55.694 		20.578
v -119.89 		-70.575 		19.357
v -118.585 		-55.488 		20.578
v -120.693 		-70.613 		18.967
v -120.322 		-70.511 		18.967
v -119.956 		-70.39 		18.967
v -126.476 		-64.605 		31.011
v -126.908 		-64.541 		30.796
v -126.827 		-64.75 		30.796
v -125.336 		-56.395 		28.464
v -120.745 		-70.404 		18.586
v -126.55 		-61.586 		15.313
v -125.656 		-56.537 		28.464
v -120.384 		-70.305 		18.586
v -126.615 		-61.782 		15.313
v -126.736 		-64.956 		30.796
v -120.028 		-70.187 		18.586
v -126.116 		-61.543 		15.116
v -126.183 		-61.717 		15.116
v -125.97 		-56.695 		28.464
v -116.738 		-56.532 		21.426
v -126.241 		-61.895 		15.116
v -126.199 		-65.156 		31.011
v -116.802 		-56.603 		20.999
v -117.123 		-56.326 		20.999
v -126.088 		-56.473 		28.107
v -120.645 		-70.804 		19.357
v -126.635 		-65.156 		30.796
v -126.525 		-65.352 		30.796
v -120.265 		-70.699 		19.357
v -116.88 		-56.689 		20.578
v -126.67 		-61.98 		15.313
v -125.244 		-55.609 		27.357
v -117.197 		-56.416 		20.578
v -125.604 		-55.748 		27.357
v -126.715 		-62.181 		15.313
v -122.6 		-70.633 		18.586
v -126.75 		-62.384 		15.313
v -113.913 		-61.271 		22.29
v -122.225 		-70.624 		18.586
v -126.291 		-62.075 		15.116
v -126.332 		-62.257 		15.116
v -114.008 		-60.847 		22.29
v -121.852 		-70.596 		18.586
v -126.364 		-62.441 		15.116
v -121.48 		-70.551 		18.586
v -114.124 		-60.428 		22.29
v -121.111 		-70.487 		18.586
v -118.909 		-55.195 		20.999
v -124.935 		-55.3 		26.967
v -113.965 		-61.282 		21.856
v -126.961 		-65.33 		30.562
v -125.31 		-55.424 		26.967
v -125.567 		-60.033 		15.313
v -114.06 		-60.86 		21.856
v -125.709 		-60.182 		15.313
v -118.959 		-55.3 		20.578
v -125.679 		-55.566 		26.967
v -114.175 		-60.444 		21.856
v -125.843 		-60.338 		15.313
v -116.675 		-57.074 		20.164
v -126.978 		-61.671 		30.796
v -125.014 		-60.058 		15.116
v -127.038 		-61.888 		30.796
v -127.088 		-62.107 		30.796
v -114.381 		-60.059 		21.426
v -121.831 		-70.811 		18.967
v -125.956 		-55.904 		27.357
v -127.126 		-62.328 		30.796
v -114.535 		-59.659 		21.426
v -121.448 		-70.764 		18.967
v -117.608 		-56.269 		20.164
v -114.471 		-60.091 		20.999
v -126.04 		-55.726 		26.967
v -117.944 		-56.032 		20.164
v -114.624 		-59.696 		20.999
v -118.292 		-55.812 		20.164
v -126.775 		-62.588 		15.313
v -127.153 		-62.551 		30.796
v -118.65 		-55.609 		20.164
v -127.17 		-62.775 		30.796
v -126.79 		-62.794 		15.313
v -125.37 		-55.258 		26.568
v -127.176 		-62.999 		30.796
v -127.17 		-63.224 		30.796
v -125.807 		-55.258 		26.16
v -118.032 		-56.163 		19.756
v -126.387 		-62.626 		15.116
v -127.153 		-63.448 		30.796
v -118.373 		-55.947 		19.756
v -126.401 		-62.813 		15.116
v -114.581 		-60.13 		20.578
v -118.724 		-55.748 		19.756
v -123.9391 		-59.766 		14.9807
v -124.0933 		-59.8422 		14.9776
v -125.747 		-55.403 		26.568
v -124.2106 		-59.9002 		14.9779
v -124.2184 		-59.904 		14.9779
v -114.039 		-61.296 		21.426
v -124.2475 		-59.9184 		14.978
v -114.133 		-60.878 		21.426
v -124.35 		-59.969 		14.9809
v -114.247 		-60.466 		21.426
v -126.795 		-62.999 		15.313
v -127.332 		-61.564 		30.562
v -116.973 		-56.79 		20.164
v -126.79 		-63.205 		15.313
v -114.133 		-61.315 		20.999
v -126.775 		-63.411 		15.313
v -117.284 		-56.522 		20.164
v -127.396 		-61.798 		30.562
v -114.225 		-60.902 		20.999
v -126.405 		-62.999 		15.116
v -114.338 		-60.493 		20.999
v -125.155 		-60.18 		15.116
v -116.786 		-57.185 		19.756
v -126.401 		-63.186 		15.116
v -125.291 		-60.309 		15.116
v -127.45 		-62.035 		30.562
v -126.387 		-63.372 		15.116
v -117.078 		-56.907 		19.756
v -123.011 		-58.824 		31.011
v -127.491 		-62.274 		30.562
v -117.384 		-56.643 		19.756
v -123.216 		-58.849 		31.011
v -117.702 		-56.395 		19.756
v -127.673 		-61.46 		30.311
v -123.048 		-58.446 		30.796
v -126.1 		-63 		14.9807
v -127.743 		-61.711 		30.311
v -123.271 		-58.473 		30.796
v -123.493 		-58.512 		30.796
v -127.8 		-61.965 		30.311
v -123.712 		-58.561 		30.796
v -127.844 		-62.222 		30.311
v -125.419 		-60.444 		15.116
v -118.13 		-56.31 		19.357
v -114.247 		-61.338 		20.578
v -118.464 		-56.099 		19.357
v -114.338 		-60.93 		20.578
v -118.565 		-56.267 		18.967
v -122.973 		-59.213 		31.208
v -114.45 		-60.527 		20.578
v -123.158 		-59.235 		31.208
v -123.342 		-59.267 		31.208
v -121.069 		-70.698 		18.967
v -128.077 		-61.628 		30.042
v -116.911 		-57.31 		19.357
v -117.197 		-57.038 		19.357
v -126.961 		-65.33 		15.762
v -117.496 		-56.78 		19.357
v -113.839 		-62.137 		24.468
v -123.525 		-59.308 		31.208
v -113.892 		-61.708 		24.468
v -123.705 		-59.358 		31.208
v -128.138 		-61.898 		30.042
v -122.215 		-70.839 		18.967
v -128.185 		-62.171 		30.042
v -117.329 		-57.184 		18.967
v -113.786 		-62.131 		24.034
v -123.418 		-58.885 		31.011
v -117.621 		-56.932 		18.967
v -113.839 		-61.7 		24.034
v -128.219 		-62.446 		30.042
v -123.619 		-58.93 		31.011
v -117.473 		-57.343 		18.586
v -123.818 		-58.985 		31.011
v -126.908 		-64.541 		15.528
v -117.757 		-57.098 		18.586
v -128.398 		-61.547 		29.756
v -126.827 		-64.75 		15.528
v -128.462 		-61.833 		29.756
v -126.736 		-64.956 		15.528
v -119.768 		-69.836 		18.217
v -119.436 		-69.689 		18.217
v -128.512 		-62.122 		29.756
v -126.635 		-65.156 		15.528
v -123.928 		-58.621 		30.796
v -128.548 		-62.414 		29.756
v -126.525 		-65.352 		15.528
v -124.141 		-58.691 		30.796
v -117.807 		-56.537 		19.357
v -113.754 		-62.128 		23.599
v -125.97 		-60.5 		15.313
v -124.351 		-58.772 		30.796
v -113.807 		-61.695 		23.599
v -117.924 		-56.695 		18.967
v -124.556 		-58.863 		30.796
v -120.802 		-70.178 		18.217
v -118.239 		-56.473 		18.967
v -120.452 		-70.081 		18.217
v -127.521 		-62.515 		30.562
v -118.053 		-56.868 		18.586
v -120.107 		-69.967 		18.217
v -122.163 		-62.999 		32.051
v -122.164 		-62.978 		32.051
v -126.75 		-63.615 		15.313
v -127.539 		-62.757 		30.562
v -120.525 		-69.84 		17.86
v -118.359 		-56.652 		18.586
v -126.715 		-63.818 		15.313
v -120.192 		-69.73 		17.86
v -118.675 		-56.452 		18.586
v -122.172 		-63.085 		32.051
v -122.168 		-63.064 		32.051
v -124.013 		-59.049 		31.011
v -122.165 		-63.042 		32.051
v -122.164 		-63.021 		32.051
v -126.364 		-63.558 		15.116
v -124.206 		-59.123 		31.011
v -126.088 		-60.669 		15.313
v -126.332 		-63.742 		15.116
v -124.394 		-59.207 		31.011
v -126.291 		-63.924 		15.116
v -124.578 		-59.299 		31.011
v -117.905 		-57.279 		18.217
v -118.192 		-57.056 		18.217
v -121.514 		-70.319 		18.217
v -118.489 		-56.846 		18.217
v -121.156 		-70.257 		18.217
v -127.876 		-62.48 		30.311
v -124.757 		-58.964 		30.796
v -126.67 		-64.019 		15.313
v -121.551 		-70.071 		17.86
v -127.895 		-62.739 		30.311
v -126.615 		-64.217 		15.313
v -121.205 		-70.011 		17.86
v -113.807 		-62.567 		24.468
v -118.342 		-57.258 		17.86
v -113.796 		-62.999 		24.468
v -126.55 		-64.413 		15.313
v -120.863 		-69.934 		17.86
v -113.807 		-63.431 		24.468
v -123.085 		-58.079 		30.562
v -118.628 		-57.056 		17.86
v -123.326 		-58.108 		30.562
v -126.241 		-64.104 		15.116
v -127.545 		-62.999 		30.562
v -121.591 		-69.805 		17.516
v -126.183 		-64.281 		15.116
v -123.565 		-58.15 		30.562
v -126.116 		-64.456 		15.116
v -127.539 		-63.242 		30.562
v -113.754 		-62.565 		24.034
v -118.778 		-57.279 		17.516
v -121.258 		-69.747 		17.516
v -113.743 		-62.999 		24.034
v -127.521 		-63.484 		30.562
v -113.754 		-63.434 		24.034
v -127.902 		-62.999 		30.311
v -120.928 		-69.673 		17.516
v -123.801 		-58.203 		30.562
v -127.895 		-63.26 		30.311
v -119.017 		-55.424 		20.164
v -126.476 		-64.605 		15.313
v -123.12 		-57.723 		30.311
v -113.721 		-62.563 		23.599
v -126.393 		-64.793 		15.313
v -119.084 		-55.566 		19.756
v -113.711 		-62.999 		23.599
v -126.3 		-64.977 		15.313
v -123.378 		-57.755 		30.311
v -113.721 		-63.436 		23.599
v -122.6 		-70.4 		18.217
v -123.634 		-57.8 		30.311
v -118.807 		-55.904 		19.357
v -128.239 		-62.722 		30.042
v -122.237 		-70.391 		18.217
v -123.888 		-57.857 		30.311
v -128.246 		-62.999 		30.042
v -126.199 		-65.156 		15.313
v -118.9 		-56.077 		18.967
v -121.875 		-70.364 		18.217
v -128.239 		-63.276 		30.042
v -122.6 		-70.148 		17.86
v -122.225 		-63.224 		32.051
v -127.673 		-61.46 		16.013
v -128.57 		-62.706 		29.756
v -122.249 		-70.139 		17.86
v -122.215 		-63.205 		32.051
v -122.205 		-63.186 		32.051
v -127.743 		-61.711 		16.013
v -122.197 		-63.167 		32.051
v -122.189 		-63.147 		32.051
v -128.577 		-62.999 		29.756
v -121.899 		-70.114 		17.86
v -119.001 		-56.267 		18.586
v -122.182 		-63.126 		32.051
v -127.8 		-61.965 		16.013
v -122.176 		-63.106 		32.051
v -123.153 		-57.381 		30.042
v -128.57 		-63.293 		29.756
v -122.6 		-69.879 		17.516
v -123.428 		-57.414 		30.042
v -127.844 		-62.222 		16.013
v -122.262 		-69.871 		17.516
v -123.702 		-57.462 		30.042
v -121.926 		-69.846 		17.516
v -118.796 		-56.652 		18.217
v -128.705 		-61.47 		29.455
v -118.925 		-56.868 		17.86
v -127.332 		-61.564 		15.762
v -128.772 		-61.772 		29.455
v -119.063 		-57.098 		17.516
v -124.035 		-58.268 		30.562
v -127.396 		-61.798 		15.762
v -128.825 		-62.076 		29.455
v -124.266 		-58.344 		30.562
v -128.863 		-62.383 		29.455
v -127.45 		-62.035 		15.762
v -127.491 		-62.274 		15.762
v -124.139 		-57.926 		30.311
v -121.875 		-63.484 		32.019
v -126.978 		-61.671 		15.528
v -124.386 		-58.008 		30.311
v -127.038 		-61.888 		15.528
v -124.629 		-58.101 		30.311
v -127.088 		-62.107 		15.528
v -115.28 		-58.108 		24.468
v -124.867 		-58.207 		30.311
v -127.126 		-62.328 		15.528
v -128.886 		-62.691 		29.455
v -115.529 		-57.755 		24.468
v -128.893 		-62.999 		29.455
v -115.795 		-57.414 		24.468
v -128.886 		-63.308 		29.455
v -115.236 		-58.079 		24.034
v -115.486 		-57.723 		24.034
v -123.972 		-57.523 		30.042
v -115.753 		-57.381 		24.034
v -122.237 		-63.242 		32.051
v -128.077 		-61.628 		16.282
v -124.239 		-57.596 		30.042
v -129.068 		-61.713 		29.139
v -128.138 		-61.898 		16.282
v -124.502 		-57.683 		30.042
v -129.123 		-62.032 		29.139
v -115.209 		-58.061 		23.599
v -128.185 		-62.171 		16.282
v -124.761 		-57.783 		30.042
v -124.056 		-66.515 		31.208
v -129.163 		-62.353 		29.139
v -115.46 		-57.704 		23.599
v -128.219 		-62.446 		16.282
v -129.348 		-61.657 		28.808
v -115.728 		-57.36 		23.599
v -129.405 		-61.99 		28.808
v -129.447 		-62.325 		28.808
v -124.614 		-57.372 		29.756
v -127.876 		-62.48 		16.013
v -124.887 		-57.478 		29.756
v -122.34 		-63.35 		32.051
v -122.323 		-63.337 		32.051
v -127.895 		-62.739 		16.013
v -122.307 		-63.323 		32.051
v -127.902 		-62.999 		16.013
v -122.291 		-63.308 		32.051
v -122.276 		-63.293 		32.051
v -122.262 		-63.276 		32.051
v -127.895 		-63.26 		16.013
v -114.836 		-58.849 		24.468
v -122.249 		-63.26 		32.051
v -115.049 		-58.473 		24.468
v -129.187 		-62.676 		29.139
v -129.194 		-62.999 		29.139
v -114.789 		-58.824 		24.034
v -123.342 		-66.732 		31.208
v -115.003 		-58.446 		24.034
v -129.187 		-63.323 		29.139
v -123.158 		-66.763 		31.208
v -124.492 		-58.431 		30.562
v -129.472 		-62.662 		28.808
v -122.973 		-66.786 		31.208
v -129.48 		-62.999 		28.808
v -124.714 		-58.53 		30.562
v -127.521 		-62.515 		15.762
v -114.76 		-58.809 		23.599
v -122.357 		-63.363 		32.051
v -129.472 		-63.337 		28.808
v -114.975 		-58.429 		23.599
v -127.539 		-62.757 		15.762
v -127.153 		-62.551 		15.528
v -123.882 		-66.582 		31.208
v -127.17 		-62.775 		15.528
v -123.705 		-66.641 		31.208
v -115.2 		-58.055 		23.162
v -124.952 		-59.075 		30.796
v -125.142 		-59.195 		30.796
v -115.451 		-57.698 		23.162
v -127.126 		-63.671 		30.796
v -123.525 		-66.691 		31.208
v -125.326 		-59.324 		30.796
v -115.72 		-57.353 		23.162
v -127.088 		-63.892 		30.796
v -127.545 		-62.999 		15.762
v -123.818 		-67.014 		31.011
v -127.038 		-64.111 		30.796
v -127.539 		-63.242 		15.762
v -115.209 		-58.061 		22.725
v -123.619 		-67.069 		31.011
v -126.978 		-64.328 		30.796
v -115.46 		-57.704 		22.725
v -127.521 		-63.484 		15.762
v -115.728 		-57.36 		22.725
v -125.099 		-58.324 		30.311
v -127.176 		-62.999 		15.528
v -127.17 		-63.224 		15.528
v -125.014 		-57.895 		30.042
v -125.262 		-58.02 		30.042
v -114.751 		-58.804 		23.162
v -114.966 		-58.424 		23.162
v -127.153 		-63.448 		15.528
v -113.743 		-62.127 		23.162
v -123.418 		-67.114 		31.011
v -113.796 		-61.694 		23.162
v -127.491 		-63.725 		30.562
v -114.76 		-58.809 		22.725
v -125.503 		-58.157 		30.042
v -114.975 		-58.429 		22.725
v -123.216 		-67.149 		31.011
v -113.754 		-62.128 		22.725
v -123.011 		-67.175 		31.011
v -127.45 		-63.964 		30.562
v -113.807 		-61.695 		22.725
v -125.737 		-58.305 		30.042
v -123.712 		-67.438 		30.796
v -127.876 		-63.519 		30.311
v -125.155 		-57.596 		29.756
v -127.844 		-63.777 		30.311
v -125.417 		-57.728 		29.756
v -115.236 		-58.079 		22.29
v -125.673 		-57.873 		29.756
v -123.493 		-67.487 		30.796
v -128.239 		-62.722 		16.282
v -115.486 		-57.723 		22.29
v -128.246 		-62.999 		16.282
v -125.921 		-58.03 		29.756
v -113.7 		-62.999 		23.162
v -113.711 		-62.563 		23.162
v -123.271 		-67.525 		30.796
v -128.239 		-63.276 		16.282
v -115.753 		-57.381 		22.29
v -127.396 		-64.201 		30.562
v -123.048 		-67.553 		30.796
v -113.711 		-63.436 		23.162
v -115.28 		-58.108 		21.856
v -127.332 		-64.435 		30.562
v -113.721 		-62.563 		22.725
v -115.529 		-57.755 		21.856
v -113.711 		-62.999 		22.725
v -115.795 		-57.414 		21.856
v -127.8 		-64.034 		30.311
v -127.743 		-64.288 		30.311
v -113.721 		-63.436 		22.725
v -127.876 		-63.519 		16.013
v -127.844 		-63.777 		16.013
v -127.8 		-64.034 		16.013
v -127.743 		-64.288 		16.013
v -124.757 		-66.598 		31.011
v -124.931 		-58.639 		30.562
v -125.142 		-58.758 		30.562
v -113.892 		-64.291 		24.468
v -114.789 		-58.824 		22.29
v -124.578 		-66.699 		31.011
v -124.3767 		-59.9868 		14.9798
v -124.3974 		-60.0006 		14.9791
v -113.839 		-63.862 		24.468
v -124.3611 		-59.9764 		14.9804
v -125.326 		-58.452 		30.311
v -124.394 		-66.792 		31.011
v -115.003 		-58.446 		22.29
v -124.5061 		-60.073 		14.9779
v -124.5402 		-60.0958 		14.9774
v -113.839 		-64.299 		24.034
v -124.206 		-66.876 		31.011
v -124.6481 		-60.1677 		14.9787
v -124.6831 		-60.1911 		14.9792
v -125.545 		-58.591 		30.311
v -114.836 		-58.849 		21.856
v -113.786 		-63.868 		24.034
v -124.731 		-60.223 		14.9811
v -128.219 		-63.553 		30.042
v -124.013 		-66.95 		31.011
v -125.758 		-58.741 		30.311
v -128.185 		-63.828 		30.042
v -115.049 		-58.473 		21.856
v -128.138 		-64.101 		30.042
v -127.491 		-63.725 		15.762
v -124.757 		-67.035 		30.796
v -113.807 		-64.304 		23.599
v -127.45 		-63.964 		15.762
v -128.077 		-64.371 		30.042
v -113.754 		-63.871 		23.599
v -115.342 		-58.15 		21.426
v -125.347 		-58.888 		30.562
v -127.396 		-64.201 		15.762
v -128.548 		-63.585 		29.756
v -125.545 		-59.028 		30.562
v -115.589 		-57.8 		21.426
v -128.512 		-63.876 		29.756
v -127.332 		-64.435 		15.762
v -114.06 		-65.139 		24.468
v -125.541 		-60.585 		15.116
v -125.737 		-59.177 		30.562
v -127.126 		-63.671 		15.528
v -115.852 		-57.462 		21.426
v -113.965 		-64.717 		24.468
v -125.656 		-60.733 		15.116
v -128.462 		-64.165 		29.756
v -125.921 		-59.336 		30.562
v -115.422 		-58.203 		20.999
v -114.008 		-65.152 		24.034
v -127.088 		-63.892 		15.528
v -125.764 		-60.885 		15.116
v -115.666 		-57.857 		20.999
v -128.398 		-64.452 		29.756
v -113.913 		-64.727 		24.034
v -127.038 		-64.111 		15.528
v -115.926 		-57.523 		20.999
v -113.977 		-65.159 		23.599
v -126.978 		-64.328 		15.528
v -113.882 		-64.734 		23.599
v -124.556 		-67.136 		30.796
v -115.519 		-58.268 		20.578
v -113.967 		-65.162 		23.162
v -127.256 		-64.665 		30.562
v -115.759 		-57.926 		20.578
v -113.871 		-64.736 		23.162
v -127.168 		-64.892 		30.562
v -113.796 		-64.305 		23.162
v -116.016 		-57.596 		20.578
v -125.963 		-58.901 		30.311
v -113.743 		-63.872 		23.162
v -127.07 		-65.114 		30.562
v -127.673 		-64.538 		30.311
v -128.219 		-63.553 		16.282
v -128.185 		-63.828 		16.282
v -113.977 		-65.159 		22.725
v -127.592 		-64.786 		30.311
v -125.963 		-58.464 		30.042
v -113.882 		-64.734 		22.725
v -128.138 		-64.101 		16.282
v -113.807 		-64.304 		22.725
v -127.498 		-65.028 		30.311
v -128.077 		-64.371 		16.282
v -113.754 		-63.871 		22.725
v -127.393 		-65.266 		30.311
v -127.276 		-65.499 		30.311
v -124.7851 		-60.2705 		14.9793
v -124.817 		-60.2985 		14.9782
v -114.902 		-58.885 		21.426
v -124.9148 		-60.3844 		14.9778
v -124.928 		-60.3959 		14.9777
v -125.567 		-57.449 		29.455
v -115.113 		-58.512 		21.426
v -124.9455 		-60.4113 		14.9777
v -124.9434 		-60.4095 		14.9777
v -113.786 		-62.131 		22.29
v -127.916 		-64.902 		16.282
v -124.9508 		-60.416 		14.9778
v -125.835 		-57.602 		29.455
v -114.796 		-59.308 		20.999
v -125.042 		-60.496 		14.9799
v -125.0746 		-60.5246 		14.9806
v -114.986 		-58.93 		20.999
v -127.816 		-65.16 		16.282
v -113.839 		-61.7 		22.29
v -125.075 		-60.525 		14.9807
v -115.195 		-58.561 		20.999
v -127.704 		-65.413 		16.282
v -113.839 		-62.137 		21.856
v -126.096 		-57.767 		29.455
v -127.673 		-64.538 		16.013
v -113.892 		-61.708 		21.856
v -127.592 		-64.786 		16.013
v -114.901 		-59.358 		20.578
v -127.916 		-64.902 		30.042
v -127.498 		-65.028 		16.013
v -127.816 		-65.16 		30.042
v -115.089 		-58.985 		20.578
v -125.864 		-61.043 		15.116
v -127.393 		-65.266 		16.013
v -122.6 		-62.999 		32.062
v -127.704 		-65.413 		30.042
v -127.276 		-65.499 		16.013
v -113.743 		-62.999 		22.29
v -113.754 		-62.565 		22.29
v -115.295 		-58.621 		20.578
v -113.754 		-63.434 		22.29
v -113.796 		-62.999 		21.856
v -113.807 		-62.567 		21.856
v -125.956 		-61.206 		15.116
v -126.04 		-61.372 		15.116
v -127.256 		-64.665 		15.762
v -128.003 		-64.638 		30.042
v -127.168 		-64.892 		15.762
v -123.882 		-59.417 		31.208
v -113.807 		-63.431 		21.856
v -128.32 		-64.734 		29.756
v -127.07 		-65.114 		15.762
v -128.227 		-65.013 		29.756
v -124.056 		-59.484 		31.208
v -128.122 		-65.287 		29.756
v -115.633 		-58.344 		20.164
v -113.913 		-62.144 		21.426
v -115.869 		-58.008 		20.164
v -124.351 		-67.227 		30.796
v -113.965 		-61.719 		21.426
v -116.122 		-57.683 		20.164
v -114.008 		-62.153 		20.999
v -124.141 		-67.307 		30.796
v -128.863 		-63.616 		29.455
v -124.757 		-59.401 		31.011
v -114.06 		-61.733 		20.999
v -116.391 		-57.372 		20.164
v -123.928 		-67.378 		30.796
v -128.825 		-63.923 		29.455
v -128.003 		-64.638 		16.282
v -114.124 		-62.165 		20.578
v -125.075 		-60.525 		14.336
v -128.772 		-64.227 		29.455
v -114.175 		-61.75 		20.578
v -115.996 		-58.101 		19.756
v -125.1805 		-60.6451 		14.9776
v -125.1881 		-60.6538 		14.9774
v -125.1609 		-60.6229 		14.9781
v -125.2741 		-60.7518 		14.9781
v -116.244 		-57.783 		19.756
v -126.858 		-66.158 		16.013
v -125.3012 		-60.7827 		14.9782
v -126.698 		-66.363 		16.013
v -125.377 		-60.869 		14.9812
v -126.528 		-66.56 		16.013
v -125.503 		-59.463 		30.796
v -116.508 		-57.478 		19.756
v -124.714 		-67.469 		30.562
v -124.492 		-67.568 		30.562
v -113.871 		-62.999 		21.426
v -113.882 		-62.571 		21.426
v -128.705 		-64.529 		29.455
v -113.882 		-63.428 		21.426
v -126.841 		-65.541 		15.762
v -128.622 		-64.826 		29.455
v -126.711 		-65.746 		15.762
v -113.977 		-62.576 		20.999
v -128.525 		-65.12 		29.455
v -113.967 		-62.999 		20.999
v -126.572 		-65.945 		15.762
v -115.21 		-59.049 		20.164
v -128.414 		-65.408 		29.455
v -115.412 		-58.691 		20.164
v -113.977 		-63.423 		20.999
v -126.404 		-65.541 		15.528
v -128.997 		-64.602 		29.139
v -122.985 		-55.16 		18.967
v -126.275 		-65.725 		15.528
v -123.369 		-55.188 		18.967
v -128.911 		-64.914 		29.139
v -115.348 		-59.123 		19.756
v -126.137 		-65.902 		15.528
v -114.083 		-62.999 		20.578
v -114.093 		-62.582 		20.578
v -125.3843 		-60.88 		14.9807
v -125.4089 		-60.9168 		14.9793
v -123.752 		-55.235 		18.967
v -128.809 		-65.221 		29.139
v -125.4163 		-60.928 		14.9791
v -115.547 		-58.772 		19.756
v -125.4811 		-61.0251 		14.9778
v -115.763 		-58.431 		19.756
v -128.692 		-65.523 		29.139
v -126.422 		-66.136 		15.762
v -114.093 		-63.417 		20.578
v -126.264 		-66.32 		15.762
v -124.555 		-55.195 		19.357
v -125.503 		-66.536 		30.796
v -116.138 		-58.207 		19.357
v -116.381 		-57.895 		19.357
v -116.639 		-57.596 		19.357
v -126.964 		-66.581 		16.282
v -114.008 		-65.152 		22.29
v -116.296 		-58.324 		18.967
v -113.913 		-64.727 		22.29
v -126.783 		-66.791 		16.282
v -122.975 		-55.375 		18.586
v -116.533 		-58.02 		18.967
v -113.839 		-64.299 		22.29
v -123.348 		-55.402 		18.586
v -126.592 		-66.992 		16.282
v -113.786 		-63.868 		22.29
v -123.72 		-55.448 		18.586
v -125.326 		-66.675 		30.796
v -126.349 		-66.748 		16.013
v -125.142 		-66.804 		30.796
v -116.699 		-58.157 		18.586
v -114.06 		-65.139 		21.856
v -126.16 		-66.928 		16.013
v -124.952 		-66.924 		30.796
v -113.965 		-64.717 		21.856
v -113.892 		-64.291 		21.856
v -124.131 		-55.301 		18.967
v -113.839 		-63.862 		21.856
v -124.507 		-55.386 		18.967
v -126.392 		-67.183 		16.282
v -115.504 		-59.207 		19.357
v -124.878 		-55.488 		18.967
v -126.182 		-67.364 		16.282
v -115.699 		-58.863 		19.357
v -124.089 		-55.512 		18.586
v -115.91 		-58.53 		19.357
v -124.455 		-55.594 		18.586
v -124.816 		-55.694 		18.586
v -125.921 		-66.663 		30.562
v -115.678 		-59.299 		18.967
v -127.579 		-65.661 		16.282
v -125.737 		-66.822 		30.562
v -113.965 		-64.28 		21.426
v -127.443 		-65.902 		16.282
v -115.868 		-58.964 		18.967
v -127.295 		-66.136 		16.282
v -125.545 		-66.971 		30.562
v -113.913 		-63.855 		21.426
v -116.074 		-58.639 		18.967
v -127.135 		-66.363 		16.282
v -114.06 		-64.266 		20.999
v -116.052 		-59.075 		18.586
v -114.008 		-63.846 		20.999
v -125.807 		-55.258 		20.164
v -127.147 		-65.725 		16.013
v -114.175 		-64.249 		20.578
v -116.253 		-58.758 		18.586
v -127.008 		-65.945 		16.013
v -125.37 		-55.258 		19.756
v -114.124 		-63.834 		20.578
v -116.468 		-58.452 		18.586
v -129.163 		-63.646 		29.139
v -129.123 		-63.967 		29.139
v -129.068 		-64.286 		29.139
v -116.699 		-66.536 		28.808
v -114.247 		-65.533 		21.426
v -129.447 		-63.674 		28.808
v -114.133 		-65.12 		21.426
v -125.747 		-55.403 		19.756
v -129.405 		-64.009 		28.808
v -114.039 		-64.702 		21.426
v -129.348 		-64.342 		28.808
v -116.784 		-57.728 		18.967
v -117.05 		-57.449 		18.967
v -114.338 		-65.506 		20.999
v -118.672 		-66.56 		30.311
v -114.225 		-65.097 		20.999
v -116.944 		-57.873 		18.586
v -114.133 		-64.684 		20.999
v -117.202 		-57.602 		18.586
v -117.799 		-66.56 		29.756
v -124.935 		-55.3 		19.357
v -125.31 		-55.424 		19.357
v -129.274 		-64.671 		28.808
v -114.45 		-65.472 		20.578
v -125.679 		-55.566 		19.357
v -118.608 		-66.992 		30.042
v -129.184 		-64.997 		28.808
v -114.338 		-65.069 		20.578
v -114.247 		-64.661 		20.578
v -118.417 		-66.791 		30.042
v -129.078 		-65.317 		28.808
v -114.858 		-59.793 		20.164
v -125.244 		-55.609 		18.967
v -118.236 		-66.581 		30.042
v -115.025 		-59.417 		20.164
v -118.586 		-67.428 		29.756
v -129.611 		-61.605 		28.464
v -114.381 		-61.365 		20.164
v -114.858 		-60.229 		19.756
v -118.374 		-67.226 		29.756
v -129.671 		-61.951 		28.464
v -115.003 		-59.853 		19.756
v -114.471 		-60.963 		20.164
v -118.171 		-67.013 		29.756
v -129.714 		-62.299 		28.464
v -114.581 		-60.567 		20.164
v -115.167 		-59.484 		19.756
v -117.98 		-66.791 		29.756
v -125.604 		-55.748 		18.967
v -125.347 		-67.111 		30.562
v -125.142 		-67.241 		30.562
v -129.858 		-61.556 		28.107
v -114.535 		-61.395 		19.756
v -125.172 		-55.812 		18.586
v -124.931 		-67.36 		30.562
v -129.92 		-61.914 		28.107
v -114.624 		-61.002 		19.756
v -125.521 		-55.947 		18.586
v -129.964 		-62.274 		28.107
v -125.758 		-67.258 		30.311
v -125.864 		-56.099 		18.586
v -125.545 		-67.408 		30.311
v -130.087 		-61.51 		27.738
v -114.261 		-62.178 		20.164
v -115.025 		-60.289 		19.357
v -130.151 		-61.879 		27.738
v -114.311 		-61.77 		20.164
v -125.326 		-67.547 		30.311
v -130.197 		-62.251 		27.738
v -115.167 		-59.921 		19.357
v -114.417 		-62.193 		19.756
v -114.466 		-61.793 		19.756
v -126.04 		-55.726 		19.357
v -115.327 		-59.56 		19.357
v -117.735 		-66.992 		29.455
v -125.956 		-55.904 		18.967
v -117.545 		-66.748 		29.455
v -115.21 		-60.355 		18.967
v -115.348 		-59.996 		18.967
v -115.504 		-59.644 		18.967
v -117.714 		-67.428 		29.139
v -117.502 		-67.183 		29.139
v -114.22 		-62.999 		20.164
v -114.23 		-62.588 		20.164
v -117.303 		-66.928 		29.139
v -122.963 		-55.608 		18.217
v -123.325 		-55.635 		18.217
v -117.117 		-66.663 		29.139
v -115.547 		-60.078 		18.586
v -123.686 		-55.679 		18.217
v -115.699 		-59.736 		18.586
v -114.23 		-63.411 		20.164
v -125.5021 		-61.0566 		14.9773
v -117.282 		-67.364 		28.808
v -125.5037 		-61.0591 		14.9772
v -114.377 		-62.999 		19.756
v -114.387 		-62.596 		19.756
v -125.5754 		-61.1667 		14.9787
v -117.074 		-67.098 		28.808
v -125.5987 		-61.2016 		14.9791
v -115.868 		-59.401 		18.586
v -116.88 		-66.822 		28.808
v -129.74 		-62.649 		28.464
v -125.631 		-61.25 		14.9809
v -129.749 		-62.999 		28.464
v -114.387 		-63.403 		19.756
v -129.74 		-63.35 		28.464
v -122.951 		-55.859 		17.86
v -123.301 		-55.885 		17.86
v -123.649 		-55.928 		17.86
v -114.564 		-62.605 		19.357
v -129.991 		-62.636 		28.107
v -114.796 		-61.045 		19.357
v -114.555 		-62.999 		19.357
v -118.15 		-67.449 		29.455
v -114.593 		-62.211 		19.357
v -117.937 		-67.226 		29.455
v -114.901 		-60.664 		19.357
v -122.938 		-56.128 		17.516
v -125.679 		-61.347 		14.9782
v -125.6817 		-61.3525 		14.9781
v -130 		-62.999 		28.107
v -125.6629 		-61.3145 		14.9791
v -114.642 		-61.819 		19.357
v -125.7251 		-61.44 		14.9778
v -123.274 		-56.153 		17.516
v -114.986 		-61.092 		18.967
v -129.991 		-63.363 		28.107
v -114.564 		-63.394 		19.357
v -123.609 		-56.194 		17.516
v -115.089 		-60.721 		18.967
v -125.7396 		-61.4693 		14.9777
v -130.225 		-62.625 		27.738
v -115.195 		-61.145 		18.586
v -125.7576 		-61.5058 		14.9776
v -125.8335 		-61.6591 		14.9807
v -125.834 		-61.6599 		14.9807
v -125.834 		-61.66 		14.9807
v -115.295 		-60.783 		18.586
v -130.234 		-62.999 		27.738
v -117.735 		-67.864 		28.808
v -115.412 		-60.428 		18.586
v -125.963 		-67.098 		30.311
v -117.502 		-67.62 		28.808
v -124.044 		-55.742 		18.217
v -114.311 		-64.229 		20.164
v -125.963 		-67.534 		30.042
v -124.398 		-55.821 		18.217
v -118.608 		-67.864 		29.455
v -114.261 		-63.821 		20.164
v -118.374 		-67.662 		29.455
v -124.748 		-55.918 		18.217
v -116.253 		-59.195 		18.217
v -114.466 		-64.206 		19.756
v -125.834 		-61.66 		14.262
v -130.225 		-63.374 		27.738
v -116.447 		-58.888 		18.217
v -123.995 		-55.988 		17.86
v -114.417 		-63.805 		19.756
v -116.656 		-58.591 		18.217
v -125.8757 		-61.7833 		14.9784
v -124.337 		-56.065 		17.86
v -125.8891 		-61.8225 		14.9776
v -125.9308 		-61.9458 		14.9782
v -125.9441 		-61.9851 		14.9784
v -118.672 		-68.296 		29.139
v -125.952 		-62.0084 		14.979
v -118.417 		-68.097 		29.139
v -124.675 		-56.159 		17.86
v -118.171 		-67.886 		29.139
v -116.468 		-59.324 		17.86
v -125.981 		-62.094 		14.9812
v -117.937 		-67.662 		29.139
v -114.581 		-65.432 		20.164
v -123.801 		-67.796 		30.562
v -123.942 		-56.252 		17.516
v -123.565 		-67.849 		30.562
v -116.656 		-59.028 		17.86
v -123.326 		-67.89 		30.562
v -114.471 		-65.036 		20.164
v -118.502 		-68.525 		28.808
v -118.236 		-68.318 		28.808
v -123.085 		-67.92 		30.562
v -114.381 		-64.634 		20.164
v -117.98 		-68.097 		28.808
v -123.888 		-68.142 		30.311
v -124.272 		-56.326 		17.516
v -124.597 		-56.416 		17.516
v -114.624 		-64.997 		19.756
v -124.918 		-56.522 		17.516
v -116.88 		-58.305 		18.217
v -114.535 		-64.604 		19.756
v -117.117 		-58.03 		18.217
v -125.9921 		-62.1499 		14.9793
v -125.99 		-62.1392 		14.9797
v -125.9835 		-62.1066 		14.9808
v -117.367 		-57.767 		18.217
v -126.0174 		-62.2777 		14.978
v -126.0254 		-62.318 		14.9776
v -117.63 		-57.516 		18.217
v -126.0506 		-62.4453 		14.9788
v -118.778 		-68.72 		28.808
v -126.0543 		-62.464 		14.979
v -130.298 		-61.468 		27.357
v -126.0569 		-62.4767 		14.9791
v -114.642 		-64.18 		19.357
v -126.0588 		-62.4866 		14.9792
v -130.364 		-61.848 		27.357
v -114.593 		-63.788 		19.357
v -126.07 		-62.543 		14.9812
v -130.411 		-62.23 		27.357
v -117.303 		-58.199 		17.86
v -123.634 		-68.199 		30.311
v -117.545 		-57.945 		17.86
v -123.378 		-68.244 		30.311
v -114.709 		-61.43 		26.967
v -116.656 		-66.971 		28.464
v -123.12 		-68.276 		30.311
v -116.468 		-66.675 		28.464
v -130.44 		-62.614 		27.357
v -130.44 		-63.385 		27.357
v -117.735 		-58.135 		17.516
v -114.709 		-59.267 		24.898
v -116.656 		-67.408 		28.107
v -122.924 		-56.413 		17.185
v -116.447 		-67.111 		28.107
v -126.0747 		-62.6146 		14.9795
v -126.0775 		-62.6571 		14.9784
v -123.246 		-56.437 		17.185
v -114.732 		-60.613 		26.568
v -126.086 		-62.787 		14.9776
v -126.0887 		-62.8279 		14.9775
v -116.253 		-66.804 		28.107
v -126.0971 		-62.9561 		14.9798
v -123.568 		-56.476 		17.185
v -126.0984 		-62.976 		14.9802
v -129.714 		-63.7 		28.464
v -117.799 		-57.703 		17.86
v -126.0995 		-62.9917 		14.9805
v -126.0999 		-62.999 		14.9807
v -114.71 		-60.176 		26.16
v -123.887 		-56.532 		17.185
v -129.671 		-64.048 		28.464
v -116.468 		-67.547 		27.738
v -118.065 		-57.474 		17.86
v -129.611 		-64.394 		28.464
v -116.253 		-67.241 		27.738
v -117.98 		-57.902 		17.516
v -114.732 		-59.74 		25.746
v -116.052 		-66.924 		27.738
v -118.236 		-57.681 		17.516
v -115.868 		-66.598 		27.738
v -118.502 		-57.474 		17.516
v -129.964 		-63.725 		28.107
v -122.909 		-56.714 		16.869
v -129.92 		-64.085 		28.107
v -129.858 		-64.443 		28.107
v -123.217 		-56.736 		16.869
v -123.523 		-56.774 		16.869
v -126.0915 		-63.1297 		14.9783
v -123.828 		-56.827 		16.869
v -126.0892 		-63.1638 		14.9776
v -126.0887 		-63.1711 		14.9775
v -130.197 		-63.748 		27.738
v -126.0802 		-63.3004 		14.9782
v -116.858 		-58.741 		17.86
v -122.893 		-57.03 		16.568
v -126.0775 		-63.3417 		14.9784
v -130.151 		-64.12 		27.738
v -117.074 		-58.464 		17.86
v -126.07 		-63.456 		14.9811
v -123.186 		-57.051 		16.568
v -130.087 		-64.489 		27.738
v -116.88 		-59.177 		17.516
v -116.074 		-67.36 		27.357
v -117.074 		-58.901 		17.516
v -123.477 		-57.087 		16.568
v -123.766 		-57.137 		16.568
v -115.868 		-67.035 		27.357
v -117.282 		-58.635 		17.516
v -115.678 		-66.699 		27.357
v -117.502 		-58.379 		17.516
v -114.709 		-64.569 		26.967
v -115.91 		-67.469 		26.967
v -129.534 		-64.736 		28.464
v -115.699 		-67.136 		26.967
v -129.441 		-65.075 		28.464
v -115.504 		-66.792 		26.967
v -129.331 		-65.408 		28.464
v -117.937 		-58.336 		17.185
v -124.202 		-56.603 		17.185
v -118.171 		-58.113 		17.185
v -114.732 		-65.386 		26.568
v -124.514 		-56.689 		17.185
v -129.778 		-64.798 		28.107
v -118.417 		-57.902 		17.185
v -124.822 		-56.79 		17.185
v -129.681 		-65.148 		28.107
v -124.129 		-56.895 		16.869
v -118.672 		-57.703 		17.185
v -129.568 		-65.492 		28.107
v -124.427 		-56.977 		16.869
v -117.074 		-67.534 		28.464
v -124.72 		-57.074 		16.869
v -116.858 		-67.258 		28.464
v -118.374 		-58.336 		16.869
v -130.005 		-64.854 		27.738
v -129.905 		-65.215 		27.738
v -118.608 		-58.135 		16.869
v -124.052 		-57.202 		16.568
v -124.335 		-57.28 		16.568
v -114.709 		-59.267 		21.426
v -116.699 		-67.842 		27.738
v -117.117 		-59.336 		17.185
v -117.303 		-59.071 		17.185
v -116.533 		-67.979 		27.357
v -117.502 		-58.816 		17.185
v -114.732 		-59.74 		20.578
v -130.411 		-63.769 		27.357
v -116.296 		-67.675 		27.357
v -117.714 		-58.571 		17.185
v -130.364 		-64.151 		27.357
v -123.702 		-68.537 		30.042
v -116.639 		-68.402 		26.967
v -114.71 		-60.176 		20.164
v -116.381 		-68.103 		26.967
v -123.428 		-68.584 		30.042
v -117.545 		-59.251 		16.869
v -116.138 		-67.792 		26.967
v -114.732 		-60.613 		19.756
v -117.735 		-59.007 		16.869
v -130.298 		-64.531 		27.357
v -130.214 		-64.907 		27.357
v -130.111 		-65.278 		27.357
v -117.545 		-68.054 		28.464
v -114.709 		-61.43 		19.357
v -117.937 		-58.773 		16.869
v -124.266 		-67.655 		30.562
v -117.303 		-67.8 		28.464
v -118.15 		-58.549 		16.869
v -124.035 		-67.731 		30.562
v -130.404 		-64.954 		26.967
v -117.63 		-68.483 		28.107
v -124.867 		-67.792 		30.311
v -117.98 		-59.208 		16.568
v -130.299 		-65.335 		26.967
v -117.367 		-68.232 		28.107
v -118.171 		-58.986 		16.568
v -124.629 		-67.898 		30.311
v -114.751 		-62.999 		18.967
v -118.374 		-58.773 		16.568
v -117.117 		-67.969 		28.107
v -124.386 		-67.991 		30.311
v -118.586 		-58.571 		16.568
v -116.88 		-67.694 		28.107
v -114.732 		-65.386 		19.756
v -124.139 		-68.073 		30.311
v -117.202 		-68.397 		27.738
v -126.75 		-55.235 		24.468
v -116.944 		-68.126 		27.738
v -126.775 		-55.188 		24.034
v -122.494 		-63.423 		32.051
v -126.79 		-55.16 		23.599
v -122.473 		-63.417 		32.051
v -122.453 		-63.411 		32.051
v -122.433 		-63.403 		32.051
v -114.709 		-64.569 		19.357
v -122.413 		-63.394 		32.051
v -122.394 		-63.385 		32.051
v -122.375 		-63.374 		32.051
v -115.763 		-60.168 		18.217
v -115.91 		-59.835 		18.217
v -118.065 		-68.525 		28.464
v -124.761 		-68.216 		30.042
v -117.799 		-68.296 		28.464
v -114.581 		-65.869 		25.746
v -116.074 		-59.511 		18.217
v -126.79 		-55.16 		22.725
v -124.502 		-68.315 		30.042
v -114.624 		-66.303 		25.325
v -114.471 		-65.908 		25.325
v -114.535 		-66.34 		24.898
v -126.775 		-55.188 		22.29
v -115.996 		-60.264 		17.86
v -117.757 		-68.9 		27.738
v -124.239 		-68.402 		30.042
v -114.381 		-65.94 		24.898
v -122.621 		-63.436 		32.051
v -117.473 		-68.656 		27.738
v -122.6 		-63.436 		32.051
v -122.579 		-63.436 		32.051
v -116.138 		-59.943 		17.86
v -122.557 		-63.434 		32.051
v -123.972 		-68.476 		30.042
v -122.536 		-63.431 		32.051
v -122.515 		-63.428 		32.051
v -126.75 		-55.235 		21.856
v -124.887 		-68.521 		29.756
v -116.296 		-59.63 		17.86
v -118.628 		-68.943 		28.464
v -116.244 		-60.367 		17.516
v -118.342 		-68.741 		28.464
v -116.381 		-60.058 		17.516
v -118.489 		-69.152 		28.107
v -116.533 		-59.756 		17.516
v -114.466 		-66.368 		24.468
v -118.192 		-68.943 		28.107
v -126.291 		-55.195 		20.999
v -117.905 		-68.72 		28.107
v -116.699 		-59.463 		17.516
v -114.311 		-65.965 		24.468
v -123.153 		-68.618 		30.042
v -118.675 		-69.547 		27.738
v -118.359 		-69.347 		27.738
v -114.175 		-65.555 		24.468
v -122.877 		-63.337 		32.051
v -123.766 		-68.861 		29.756
v -122.86 		-63.35 		32.051
v -114.417 		-66.389 		24.034
v -123.477 		-68.912 		29.756
v -118.053 		-69.131 		27.738
v -123.186 		-68.948 		29.756
v -114.261 		-65.983 		24.034
v -122.893 		-68.969 		29.756
v -126.715 		-55.301 		21.426
v -114.124 		-65.571 		24.034
v -126.67 		-55.386 		20.999
v -115.422 		-61.201 		18.217
v -114.387 		-66.401 		23.599
v -114.23 		-65.994 		23.599
v -126.241 		-55.3 		20.578
v -115.519 		-60.851 		18.217
v -126.615 		-55.488 		20.578
v -114.093 		-65.58 		23.599
v -115.633 		-60.506 		18.217
v -124.614 		-68.627 		29.756
v -122.747 		-63.411 		32.051
v -117.05 		-68.55 		27.357
v -122.727 		-63.417 		32.051
v -124.335 		-68.719 		29.756
v -122.706 		-63.423 		32.051
v -116.784 		-68.271 		27.357
v -115.666 		-61.262 		17.86
v -122.685 		-63.428 		32.051
v -122.643 		-63.434 		32.051
v -115.759 		-60.924 		17.86
v -124.052 		-68.797 		29.756
v -115.869 		-60.591 		17.86
v -114.642 		-66.763 		24.468
v -114.593 		-66.786 		24.034
v -115.926 		-61.328 		17.516
v -127.126 		-55.448 		24.468
v -117.621 		-69.067 		27.357
v -127.491 		-55.679 		24.468
v -116.016 		-61.002 		17.516
v -114.564 		-66.8 		23.599
v -117.329 		-68.815 		27.357
v -122.843 		-63.363 		32.051
v -123.828 		-69.172 		29.455
v -122.825 		-63.374 		32.051
v -127.844 		-55.928 		24.468
v -122.806 		-63.385 		32.051
v -116.122 		-60.682 		17.516
v -122.787 		-63.394 		32.051
v -123.523 		-69.225 		29.455
v -122.767 		-63.403 		32.051
v -114.555 		-66.805 		23.162
v -117.496 		-69.219 		26.967
v -127.153 		-55.402 		24.034
v -114.377 		-66.405 		23.162
v -117.197 		-68.961 		26.967
v -114.22 		-65.998 		23.162
v -123.217 		-69.262 		29.455
v -127.521 		-55.635 		24.034
v -114.083 		-65.583 		23.162
v -116.911 		-68.688 		26.967
v -122.909 		-69.285 		29.455
v -127.876 		-55.885 		24.034
v -114.564 		-66.8 		22.725
v -123.887 		-69.467 		29.139
v -114.387 		-66.401 		22.725
v -123.568 		-69.523 		29.139
v -123.246 		-69.562 		29.139
v -114.23 		-65.994 		22.725
v -114.093 		-65.58 		22.725
v -116.639 		-60.18 		17.185
v -127.17 		-55.375 		23.599
v -122.924 		-69.586 		29.139
v -127.539 		-55.608 		23.599
v -125.093 		-56.032 		18.217
v -119.731 		-63.87 		31.542
v -127.895 		-55.859 		23.599
v -125.432 		-56.163 		18.217
v -118.239 		-69.526 		27.357
v -125.764 		-56.31 		18.217
v -117.924 		-69.304 		27.357
v -119.692 		-63.728 		31.542
v -116.203 		-61.397 		17.185
v -116.289 		-61.085 		17.185
v -126.04 		-64.626 		15.116
v -119.659 		-63.584 		31.542
v -114.593 		-66.786 		22.29
v -116.391 		-60.778 		17.185
v -125.008 		-56.269 		17.86
v -119.341 		-63.988 		31.385
v -117.807 		-69.462 		26.967
v -114.417 		-66.389 		22.29
v -119.296 		-63.827 		31.385
v -116.508 		-60.476 		17.185
v -114.261 		-65.983 		22.29
v -128.185 		-56.194 		24.468
v -119.26 		-63.664 		31.385
v -114.124 		-65.571 		22.29
v -115.167 		-66.515 		26.568
v -128.219 		-56.153 		24.034
v -126.088 		-65.33 		15.313
v -119.231 		-63.499 		31.385
v -114.642 		-66.763 		21.856
v -116.578 		-61.173 		16.869
v -125.97 		-65.499 		15.313
v -125.336 		-56.395 		17.86
v -114.466 		-66.368 		21.856
v -116.675 		-60.879 		16.869
v -128.239 		-56.128 		23.599
v -125.656 		-56.537 		17.86
v -114.311 		-65.965 		21.856
v -114.175 		-65.555 		21.856
v -115.763 		-67.568 		26.568
v -128.512 		-56.476 		24.468
v -128.825 		-56.774 		24.468
v -115.547 		-67.227 		26.568
v -119.777 		-64.01 		31.542
v -115.348 		-66.876 		26.568
v -128.548 		-56.437 		24.034
v -128.863 		-56.736 		24.034
v -119.521 		-64.456 		31.385
v -116.784 		-59.891 		17.185
v -115.412 		-67.307 		26.16
v -116.944 		-59.609 		17.185
v -128.57 		-56.413 		23.599
v -119.453 		-64.303 		31.385
v -115.21 		-66.95 		26.16
v -128.886 		-56.714 		23.599
v -114.535 		-66.34 		21.426
v -119.393 		-64.147 		31.385
v -115.025 		-66.582 		26.16
v -114.381 		-65.94 		21.426
v -115.295 		-67.378 		25.746
v -126.0674 		-63.4691 		14.9807
v -126.0637 		-63.488 		14.98
v -115.089 		-67.014 		25.746
v -127.176 		-55.366 		23.162
v -124.72 		-68.925 		29.455
v -114.901 		-66.641 		25.746
v -127.545 		-55.599 		23.162
v -124.427 		-69.022 		29.455
v -127.902 		-55.851 		23.162
v -124.129 		-69.104 		29.455
v -114.624 		-66.303 		20.999
v -126.0588 		-63.5124 		14.9792
v -116.911 		-60.309 		16.869
v -126.0597 		-63.5078 		14.9794
v -114.471 		-65.908 		20.999
v -126.0334 		-63.6407 		14.978
v -126.0254 		-63.681 		14.9776
v -117.05 		-60.033 		16.869
v -125.9929 		-63.845 		14.9792
v -125.9921 		-63.8491 		14.9793
v -126.0003 		-63.8079 		14.9788
v -114.581 		-65.869 		20.578
v -117.202 		-59.764 		16.869
v -125.981 		-63.905 		14.9812
v -117.367 		-59.503 		16.869
v -115.195 		-67.438 		25.325
v -124.822 		-69.208 		29.139
v -114.986 		-67.069 		25.325
v -124.514 		-69.31 		29.139
v -117.329 		-60.182 		16.568
v -120.645 		-63.924 		31.795
v -124.202 		-69.396 		29.139
v -114.796 		-66.691 		25.325
v -120.602 		-63.827 		31.795
v -114.71 		-65.822 		26.16
v -128.246 		-56.12 		23.162
v -125.864 		-64.956 		15.116
v -120.564 		-63.728 		31.795
v -127.17 		-55.375 		22.725
v -115.113 		-67.487 		24.898
v -124.918 		-69.477 		28.808
v -117.473 		-59.927 		16.568
v -114.732 		-66.259 		25.746
v -127.539 		-55.608 		22.725
v -127.895 		-55.859 		22.725
v -128.239 		-56.128 		22.725
v -120.531 		-63.627 		31.795
v -117.63 		-59.679 		16.568
v -124.597 		-69.583 		28.808
v -120.502 		-63.525 		31.795
v -125.764 		-65.114 		15.116
v -114.709 		-66.732 		24.898
v -128.577 		-56.405 		23.162
v -128.893 		-56.706 		23.162
v -125.099 		-67.675 		30.311
v -117.799 		-59.439 		16.568
v -128.57 		-56.413 		22.725
v -125.737 		-67.694 		30.042
v -128.886 		-56.714 		22.725
v -120.802 		-64.201 		31.795
v -125.503 		-67.842 		30.042
v -125.956 		-64.793 		15.116
v -120.745 		-64.111 		31.795
v -125.262 		-67.979 		30.042
v -114.902 		-67.114 		24.898
v -129.123 		-57.087 		24.468
v -120.693 		-64.019 		31.795
v -125.014 		-68.103 		30.042
v -129.163 		-57.051 		24.034
v -125.233 		-56.643 		17.516
v -125.541 		-56.78 		17.516
v -129.187 		-57.03 		23.599
v -116.508 		-68.521 		26.568
v -125.843 		-56.932 		17.516
v -114.732 		-66.259 		20.578
v -129.194 		-57.023 		23.162
v -116.244 		-68.216 		26.568
v -129.187 		-57.03 		22.725
v -115.996 		-67.898 		26.568
v -114.709 		-66.732 		21.426
v -120.213 		-63.988 		31.679
v -120.167 		-63.87 		31.679
v -116.122 		-68.315 		26.16
v -114.71 		-65.822 		20.164
v -120.128 		-63.749 		31.679
v -126.088 		-56.473 		18.217
v -115.869 		-67.991 		26.16
v -127.153 		-55.402 		22.29
v -115.633 		-67.655 		26.16
v -120.094 		-63.627 		31.679
v -125.97 		-56.695 		17.86
v -127.521 		-55.635 		22.29
v -120.066 		-63.503 		31.679
v -116.016 		-68.402 		25.746
v -127.876 		-55.885 		22.29
v -128.219 		-56.153 		22.29
v -121.03 		-55.109 		26.967
v -115.759 		-68.073 		25.746
v -121.419 		-55.041 		26.967
v -115.519 		-67.731 		25.746
v -125.124 		-56.907 		17.185
v -121.811 		-54.993 		26.967
v -125.419 		-57.038 		17.185
v -127.126 		-55.448 		21.856
v -127.491 		-55.679 		21.856
v -125.709 		-57.184 		17.185
v -127.844 		-55.928 		21.856
v -125.952 		-63.9906 		14.9791
v -125.9441 		-64.0139 		14.9784
v -125.8904 		-64.1724 		14.9777
v -116.786 		-60.591 		16.869
v -125.8891 		-64.1763 		14.9777
v -125.99 		-57.343 		17.185
v -125.9022 		-64.1376 		14.9778
v -128.185 		-56.194 		21.856
v -125.8479 		-64.2979 		14.98
v -116.88 		-61.264 		16.568
v -122.6 		-55.15 		27.357
v -120.452 		-64.435 		31.679
v -125.834 		-64.339 		14.9807
v -125.008 		-57.185 		16.869
v -120.384 		-64.328 		31.679
v -116.973 		-60.986 		16.568
v -125.291 		-57.31 		16.869
v -122.205 		-54.964 		26.967
v -125.9578 		-63.9734 		14.9795
v -117.078 		-60.712 		16.568
v -120.322 		-64.217 		31.679
v -122.6 		-54.954 		26.967
v -117.197 		-60.444 		16.568
v -120.265 		-64.104 		31.679
v -128.548 		-56.437 		22.29
v -128.863 		-56.736 		22.29
v -125.656 		-65.266 		15.116
v -119.956 		-64.413 		31.542
v -125.541 		-65.413 		15.116
v -116.675 		-68.925 		26.16
v -124.614 		-57.372 		16.568
v -128.512 		-56.476 		21.856
v -116.391 		-68.627 		26.16
v -119.89 		-64.281 		31.542
v -124.887 		-57.478 		16.568
v -128.825 		-56.774 		21.856
v -116.578 		-69.022 		25.746
v -116.289 		-68.719 		25.746
v -118.936 		-57.516 		17.185
v -119.83 		-64.147 		31.542
v -125.921 		-67.969 		29.756
v -125.673 		-68.126 		29.756
v -118.851 		-57.945 		16.869
v -119.777 		-55.11 		26.16
v -127.088 		-55.512 		21.426
v -125.567 		-57.449 		16.869
v -119.04 		-58.199 		16.568
v -119.341 		-55.131 		25.746
v -125.835 		-57.602 		16.869
v -127.45 		-55.742 		21.426
v -119.731 		-54.981 		25.746
v -125.834 		-64.3391 		14.9807
v -119.768 		-64.892 		31.385
v -125.7762 		-64.456 		14.9784
v -125.7579 		-64.4931 		14.9777
v -127.8 		-55.988 		21.426
v -125.7486 		-64.512 		14.9777
v -119.679 		-64.75 		31.385
v -125.155 		-57.596 		16.568
v -125.7003 		-64.6096 		14.9781
v -118.808 		-58.379 		16.568
v -125.682 		-64.6467 		14.9782
v -125.6893 		-64.6319 		14.9782
v -127.038 		-55.594 		20.999
v -125.631 		-64.75 		14.9814
v -119.596 		-64.605 		31.385
v -127.396 		-55.821 		20.999
v -125.417 		-57.728 		16.568
v -114.789 		-62.23 		18.967
v -127.743 		-56.065 		20.999
v -120.213 		-55.131 		26.568
v -125.673 		-57.873 		16.568
v -120.602 		-55.023 		26.568
v -114.836 		-61.848 		18.967
v -120.167 		-54.981 		26.16
v -125.921 		-58.03 		16.568
v -114.902 		-61.468 		18.967
v -125.417 		-68.271 		29.756
v -120.564 		-54.871 		26.16
v -125.155 		-68.402 		29.756
v -126.978 		-55.694 		20.578
v -115.003 		-62.251 		18.586
v -120.128 		-54.849 		25.746
v -127.332 		-55.918 		20.578
v -115.049 		-61.879 		18.586
v -119.336 		-64.956 		31.208
v -120.531 		-54.738 		25.746
v -127.673 		-56.159 		20.578
v -115.113 		-61.51 		18.586
v -119.244 		-64.793 		31.208
v -119.16 		-64.626 		31.208
v -125.6242 		-64.7602 		14.981
v -125.5995 		-64.7971 		14.9795
v -125.5267 		-64.906 		14.9778
v -125.5039 		-64.9401 		14.9774
v -125.4479 		-65.024 		14.9785
v -115.926 		-68.476 		25.325
v -125.4323 		-65.0473 		14.9788
v -125.835 		-68.397 		29.455
v -125.4089 		-65.0822 		14.9793
v -128.138 		-56.252 		21.426
v -125.567 		-68.55 		29.455
v -115.666 		-68.142 		25.325
v -125.377 		-65.13 		14.9812
v -114.76 		-62.614 		18.967
v -115.422 		-67.796 		25.325
v -119.659 		-65.413 		31.208
v -126.096 		-68.232 		29.455
v -119.544 		-65.266 		31.208
v -114.76 		-63.385 		18.967
v -119.436 		-65.114 		31.208
v -128.462 		-56.532 		21.426
v -114.966 		-62.999 		18.586
v -114.975 		-62.625 		18.586
v -115.852 		-68.537 		24.898
v -128.772 		-56.827 		21.426
v -119.23 		-65.499 		31.011
v -115.589 		-68.199 		24.898
v -128.077 		-56.326 		20.999
v -119.112 		-65.33 		31.011
v -125.291 		-68.688 		29.455
v -128.398 		-56.603 		20.999
v -125.008 		-68.814 		29.455
v -115.342 		-67.849 		24.898
v -114.975 		-63.374 		18.586
v -128.705 		-56.895 		20.999
v -125.709 		-68.815 		29.139
v -128.997 		-57.202 		20.999
v -125.419 		-68.961 		29.139
v -125.124 		-69.092 		29.139
v -125.3294 		-65.1842 		14.9794
v -125.3014 		-65.2162 		14.9783
v -125.1978 		-65.3341 		14.9775
v -125.1881 		-65.3452 		14.9774
v -120.282 		-64.902 		31.542
v -125.215 		-65.3145 		14.9776
v -125.1031 		-65.442 		14.9799
v -116.495 		-69.104 		25.325
v -125.843 		-69.067 		28.808
v -125.075 		-65.474 		14.9807
v -120.192 		-64.786 		31.542
v -128.003 		-56.416 		20.578
v -128.32 		-56.689 		20.578
v -116.203 		-68.797 		25.325
v -125.541 		-69.219 		28.808
v -114.836 		-64.151 		18.967
v -120.107 		-64.665 		31.542
v -128.622 		-56.977 		20.578
v -125.233 		-69.356 		28.808
v -116.428 		-69.172 		24.898
v -114.789 		-63.769 		18.967
v -120.028 		-64.541 		31.542
v -128.911 		-57.28 		20.578
v -116.132 		-68.861 		24.898
v -115.113 		-64.489 		18.586
v -119.296 		-55.023 		25.325
v -125.0746 		-65.4744 		14.9806
v -125.0044 		-65.536 		14.979
v -119.692 		-54.871 		25.325
v -125.99 		-68.656 		29.139
v -129.163 		-57.051 		22.29
v -118.868 		-55.109 		24.898
v -120.773 		-64.826 		31.679
v -119.26 		-54.935 		24.898
v -120.686 		-64.734 		31.679
v -124.272 		-69.673 		28.808
v -129.123 		-57.087 		21.856
v -119.659 		-54.781 		24.898
v -120.603 		-64.638 		31.679
v -123.942 		-69.747 		28.808
v -126.096 		-57.767 		16.869
v -129.068 		-57.137 		21.426
v -124.928 		-65.6031 		14.9777
v -124.848 		-65.6733 		14.9781
v -124.8195 		-65.6983 		14.9782
v -124.817 		-65.7005 		14.9782
v -123.609 		-69.805 		28.808
v -120.525 		-64.538 		31.679
v -124.731 		-65.776 		14.9811
v -120.094 		-54.738 		25.325
v -120.502 		-54.625 		25.325
v -120.378 		-65.013 		31.542
v -124.867 		-66.056 		15.116
v -126.183 		-55.424 		20.164
v -117.702 		-69.604 		26.568
v -124.714 		-66.163 		15.116
v -126.55 		-55.609 		20.164
v -120.066 		-54.646 		24.898
v -117.384 		-69.356 		26.568
v -117.078 		-69.092 		26.568
v -120.479 		-54.532 		24.898
v -126.908 		-55.812 		20.164
v -124.556 		-66.263 		15.116
v -116.786 		-68.814 		26.568
v -124.394 		-66.355 		15.116
v -126.116 		-55.566 		19.756
v -124.227 		-66.439 		15.116
v -117.284 		-69.477 		26.16
v -126.476 		-55.748 		19.756
v -120.313 		-65.523 		31.385
v -119.463 		-58.305 		16.282
v -120.192 		-65.408 		31.385
v -116.973 		-69.208 		26.16
v -119.697 		-58.157 		16.282
v -126.827 		-55.947 		19.756
v -120.996 		-54.935 		26.568
v -120.076 		-65.287 		31.385
v -115.049 		-64.12 		18.586
v -121.394 		-54.866 		26.568
v -119.967 		-65.16 		31.385
v -123.274 		-69.846 		28.808
v -121.794 		-54.817 		26.568
v -115.003 		-63.748 		18.586
v -119.864 		-65.028 		31.385
v -122.938 		-69.871 		28.808
v -120.965 		-54.781 		26.16
v -121.37 		-54.71 		26.16
v -126.393 		-55.904 		19.357
v -125.835 		-66.235 		15.528
v -126.736 		-56.099 		19.357
v -125.673 		-66.39 		15.528
v -117.197 		-69.583 		25.746
v -116.88 		-69.31 		25.746
v -119.938 		-58.02 		16.282
v -120.814 		-65.408 		31.542
v -120.186 		-57.895 		16.282
v -120.698 		-65.317 		31.542
v -114.901 		-65.335 		19.357
v -120.439 		-57.783 		16.282
v -120.586 		-65.221 		31.542
v -114.796 		-64.954 		19.357
v -120.698 		-57.683 		16.282
v -120.48 		-65.12 		31.542
v -125.656 		-69.462 		28.464
v -126.3 		-56.077 		18.967
v -121.779 		-54.66 		26.16
v -125.336 		-69.604 		28.464
v -126.635 		-56.267 		18.967
v -116.802 		-69.396 		25.325
v -115.089 		-65.278 		18.967
v -114.986 		-64.907 		18.967
v -120.938 		-54.646 		25.746
v -116.738 		-69.467 		24.898
v -126.199 		-56.267 		18.586
v -114.902 		-64.531 		18.967
v -121.35 		-54.575 		25.746
v -121.765 		-54.524 		25.746
v -115.295 		-65.215 		18.586
v -118.565 		-69.732 		27.357
v -115.195 		-64.854 		18.586
v -118.464 		-69.9 		26.967
v -121.03 		-63.742 		31.891
v -126.961 		-56.473 		18.967
v -126.096 		-66.496 		15.762
v -118.13 		-69.689 		26.967
v -120.996 		-63.664 		31.891
v -126.525 		-56.452 		18.586
v -122.197 		-54.787 		26.568
v -125.99 		-66.072 		15.528
v -120.965 		-63.584 		31.891
v -126.841 		-56.652 		18.586
v -122.6 		-54.777 		26.568
v -120.938 		-63.503 		31.891
v -117.608 		-69.73 		26.16
v -122.189 		-54.63 		26.16
v -115.236 		-62.274 		18.217
v -117.527 		-69.84 		25.746
v -115.28 		-61.914 		18.217
v -115.342 		-61.556 		18.217
v -120.101 		-58.324 		16.013
v -115.486 		-62.299 		17.86
v -125.97 		-69.304 		28.464
v -118.724 		-70.251 		26.568
v -126.404 		-56.652 		18.217
v -120.333 		-58.207 		16.013
v -126.711 		-56.846 		18.217
v -118.373 		-70.052 		26.568
v -120.571 		-58.101 		16.013
v -115.529 		-61.951 		17.86
v -121.156 		-63.964 		31.891
v -120.814 		-58.008 		16.013
v -118.032 		-69.836 		26.568
v -125.843 		-65.661 		15.313
v -115.589 		-61.605 		17.86
v -121.111 		-63.892 		31.891
v -125.709 		-65.817 		15.313
v -118.65 		-70.39 		26.16
v -125.567 		-65.966 		15.313
v -122.6 		-54.62 		26.16
v -118.292 		-70.187 		26.16
v -126.275 		-56.868 		17.86
v -121.069 		-63.818 		31.891
v -126.572 		-57.056 		17.86
v -117.944 		-69.967 		26.16
v -125.419 		-65.555 		15.116
v -122.182 		-54.493 		25.746
v -125.291 		-65.69 		15.116
v -126.858 		-57.258 		17.86
v -125.155 		-65.819 		15.116
v -122.6 		-54.483 		25.746
v -119.237 		-58.464 		16.282
v -126.137 		-57.098 		17.516
v -125.014 		-65.941 		15.116
v -118.585 		-70.511 		25.746
v -119.237 		-58.901 		16.013
v -126.422 		-57.279 		17.516
v -118.222 		-70.305 		25.746
v -119.442 		-58.741 		16.013
v -120.916 		-54.532 		25.325
v -117.868 		-70.081 		25.746
v -119.655 		-58.591 		16.013
v -124.9457 		-65.5875 		14.9777
v -124.9455 		-65.5877 		14.9777
v -121.333 		-54.46 		25.325
v -124.9769 		-65.5602 		14.9784
v -121.754 		-54.408 		25.325
v -120.897 		-54.438 		24.898
v -121.514 		-63.725 		31.966
v -121.319 		-54.365 		24.898
v -121.744 		-54.312 		24.898
v -125.417 		-66.108 		15.313
v -125.262 		-66.243 		15.313
v -127.256 		-56.032 		20.164
v -121.48 		-63.671 		31.966
v -127.592 		-56.269 		20.164
v -125.099 		-66.369 		15.313
v -119.279 		-59.336 		15.762
v -121.448 		-63.615 		31.966
v -124.931 		-66.488 		15.313
v -119.463 		-59.177 		15.762
v -119.655 		-59.028 		15.762
v -127.168 		-56.163 		19.756
v -121.419 		-63.558 		31.966
v -122.176 		-54.377 		25.325
v -122.6 		-54.366 		25.325
v -121.394 		-63.499 		31.966
v -119.874 		-58.452 		16.013
v -127.916 		-56.522 		20.164
v -122.172 		-54.281 		24.898
v -128.227 		-56.79 		20.164
v -122.6 		-54.27 		24.898
v -120.058 		-58.758 		15.762
v -120.269 		-58.639 		15.762
v -128.525 		-57.074 		20.164
v -120.486 		-58.53 		15.762
v -120.708 		-58.431 		15.762
v -120.644 		-58.863 		15.528
v -127.498 		-56.395 		19.756
v -127.816 		-56.643 		19.756
v -119.853 		-58.888 		15.762
v -119.874 		-59.324 		15.528
v -121.723 		-63.967 		31.966
v -128.122 		-56.907 		19.756
v -118.405 		-55.15 		23.162
v -120.058 		-59.195 		15.528
v -121.677 		-63.923 		31.966
v -120.248 		-59.075 		15.528
v -128.414 		-57.185 		19.756
v -121.632 		-63.876 		31.966
v -120.443 		-58.964 		15.528
v -121.591 		-63.828 		31.966
v -121.551 		-63.777 		31.966
v -120.622 		-59.299 		15.313
v -120.806 		-59.207 		15.313
v -124.7197 		-65.7835 		14.9807
v -124.6831 		-65.808 		14.9793
v -124.5747 		-65.8806 		14.978
v -118.836 		-55.041 		24.468
v -124.5405 		-65.9035 		14.9777
v -124.4018 		-65.9963 		14.9793
v -124.3978 		-65.999 		14.9794
v -124.4328 		-65.9756 		14.9789
v -120.961 		-57.596 		16.282
v -119.231 		-54.866 		24.468
v -124.35 		-66.031 		14.9813
v -121.228 		-57.523 		16.282
v -127.07 		-56.31 		19.357
v -121.499 		-57.462 		16.282
v -119.634 		-54.71 		24.468
v -121.772 		-57.414 		16.282
v -127.393 		-56.537 		19.357
v -118.813 		-54.993 		24.034
v -121.061 		-57.926 		16.013
v -121.312 		-57.857 		16.013
v -127.704 		-56.78 		19.357
v -121.566 		-57.8 		16.013
v -119.211 		-54.817 		24.034
v -126.088 		-69.526 		28.107
v -121.822 		-57.755 		16.013
v -115.753 		-62.325 		17.516
v -119.616 		-54.66 		24.034
v -121.313 		-64.165 		31.891
v -118.799 		-54.964 		23.599
v -115.795 		-61.99 		17.516
v -121.258 		-64.101 		31.891
v -123.649 		-70.071 		28.464
v -119.198 		-54.787 		23.599
v -121.205 		-64.034 		31.891
v -123.301 		-70.114 		28.464
v -115.852 		-61.657 		17.516
v -127.276 		-56.695 		18.967
v -119.605 		-54.63 		23.599
v -122.951 		-70.139 		28.464
v -127.579 		-56.932 		18.967
v -123.686 		-70.319 		28.107
v -127.871 		-57.184 		18.967
v -120.998 		-64.452 		31.795
v -123.325 		-70.364 		28.107
v -122.963 		-70.391 		28.107
v -120.928 		-64.371 		31.795
v -127.147 		-56.868 		18.586
v -120.044 		-54.575 		24.468
v -120.934 		-58.344 		15.762
v -120.863 		-64.288 		31.795
v -127.443 		-57.098 		18.586
v -120.461 		-54.46 		24.468
v -121.165 		-58.268 		15.762
v -127.727 		-57.343 		18.586
v -115.2 		-62.999 		18.217
v -115.209 		-62.636 		18.217
v -123.72 		-70.551 		27.738
v -121.399 		-58.203 		15.762
v -120.029 		-54.524 		24.034
v -123.348 		-70.596 		27.738
v -121.635 		-58.15 		15.762
v -120.448 		-54.408 		24.034
v -122.975 		-70.624 		27.738
v -120.02 		-54.493 		23.599
v -115.209 		-63.363 		18.217
v -120.44 		-54.377 		23.599
v -128.003 		-57.038 		19.357
v -115.451 		-62.999 		17.86
v -115.46 		-62.649 		17.86
v -128.289 		-57.31 		19.357
v -121.822 		-64.048 		31.966
v -121.772 		-64.009 		31.966
v -115.46 		-63.35 		17.86
v -127.008 		-57.056 		18.217
v -127.295 		-57.279 		18.217
v -124.675 		-69.84 		28.464
v -122.047 		-57.381 		16.282
v -115.728 		-62.662 		17.516
v -124.337 		-69.934 		28.464
v -122.323 		-57.36 		16.282
v -115.72 		-62.999 		17.516
v -123.995 		-70.011 		28.464
v -122.6 		-57.353 		16.282
v -119.194 		-54.777 		23.162
v -115.728 		-63.337 		17.516
v -124.748 		-70.081 		28.107
v -129.405 		-57.414 		24.468
v -122.877 		-57.36 		16.282
v -129.671 		-57.755 		24.468
v -121.372 		-64.227 		31.891
v -124.398 		-70.178 		28.107
v -122.08 		-57.723 		16.013
v -129.92 		-58.108 		24.468
v -124.044 		-70.257 		28.107
v -122.34 		-57.704 		16.013
v -129.447 		-57.381 		24.034
v -122.6 		-57.698 		16.013
v -129.714 		-57.723 		24.034
v -122.86 		-57.704 		16.013
v -116.037 		-62.353 		17.185
v -124.816 		-70.305 		27.738
v -129.964 		-58.079 		24.034
v -116.077 		-62.032 		17.185
v -124.455 		-70.404 		27.738
v -121.707 		-64.489 		31.891
v -129.472 		-57.36 		23.599
v -116.132 		-61.713 		17.185
v -124.3154 		-66.048 		14.9803
v -124.089 		-70.487 		27.738
v -124.286 		-66.0624 		14.9795
v -129.74 		-57.704 		23.599
v -121.635 		-64.443 		31.891
v -124.2478 		-66.0812 		14.9783
v -124.2533 		-66.0785 		14.9785
v -124.1304 		-66.1389 		14.9779
v -124.0935 		-66.1571 		14.9778
v -129.991 		-58.061 		23.599
v -121.566 		-64.394 		31.891
v -123.9399 		-66.2325 		14.9807
v -123.9391 		-66.233 		14.9807
v -121.874 		-58.108 		15.762
v -121.499 		-64.342 		31.891
v -123.939 		-66.233 		14.9807
v -122.115 		-58.079 		15.762
v -121.434 		-64.286 		31.891
v -122.357 		-58.061 		15.762
v -116.337 		-62.383 		16.869
v -122.6 		-58.055 		15.762
v -124.878 		-70.511 		27.357
v -130.151 		-58.473 		24.468
v -116.375 		-62.076 		16.869
v -124.507 		-70.613 		27.357
v -122.843 		-58.061 		15.762
v -130.364 		-58.849 		24.468
v -116.428 		-61.772 		16.869
v -116.495 		-61.47 		16.869
v -130.197 		-58.446 		24.034
v -116.652 		-62.414 		16.568
v -130.411 		-58.824 		24.034
v -116.688 		-62.122 		16.568
v -123.904 		-66.2449 		14.9801
v -123.8158 		-66.2748 		14.9784
v -123.7765 		-66.2882 		14.9777
v -123.6247 		-66.3397 		14.978
v -130.225 		-58.429 		23.599
v -123.6146 		-66.3431 		14.978
v -123.6534 		-66.33 		14.9779
v -120.849 		-58.772 		15.528
v -121.983 		-63.616 		32.019
v -123.752 		-70.764 		27.357
v -123.506 		-66.38 		14.9811
v -123.369 		-70.811 		27.357
v -121.059 		-58.691 		15.528
v -130.44 		-58.809 		23.599
v -121.954 		-63.585 		32.019
v -121.926 		-63.553 		32.019
v -122.985 		-70.839 		27.357
v -121.272 		-58.621 		15.528
v -121.899 		-63.519 		32.019
v -116.013 		-62.676 		17.185
v -121.488 		-58.561 		15.528
v -116.006 		-62.999 		17.185
v -121.707 		-58.512 		15.528
v -129.48 		-57.353 		23.162
v -129.749 		-57.698 		23.162
v -116.013 		-63.323 		17.185
v -124.131 		-70.698 		27.357
v -130 		-58.055 		23.162
v -124.555 		-70.804 		26.967
v -129.472 		-57.36 		22.725
v -116.307 		-62.999 		16.869
v -116.314 		-62.691 		16.869
v -123.4932 		-66.3826 		14.9807
v -123.4501 		-66.3912 		14.9792
v -122.08 		-63.7 		32.019
v -123.3213 		-66.417 		14.9778
v -123.2809 		-66.4251 		14.9774
v -129.74 		-57.704 		22.725
v -123.1548 		-66.4504 		14.9791
v -123.1133 		-66.4587 		14.9796
v -122.047 		-63.674 		32.019
v -129.991 		-58.061 		22.725
v -123.057 		-66.47 		14.9815
v -122.014 		-63.646 		32.019
v -125.008 		-69.73 		28.464
v -121.929 		-58.473 		15.528
v -125.764 		-69.689 		28.107
v -122.152 		-58.446 		15.528
v -116.314 		-63.308 		16.869
v -122.375 		-58.429 		15.528
v -125.432 		-69.836 		28.107
v -116.623 		-62.999 		16.568
v -130.234 		-58.424 		23.162
v -116.63 		-62.706 		16.568
v -122.6 		-58.424 		15.528
v -125.093 		-69.967 		28.107
v -122.88 		-66.4816 		14.9783
v -122.8125 		-66.4861 		14.9781
v -122.7789 		-66.4883 		14.978
v -122.7714 		-66.4887 		14.9779
v -122.825 		-58.429 		15.528
v -130.225 		-58.429 		22.725
v -122.6436 		-66.4971 		14.9803
v -130.44 		-58.809 		22.725
v -122.6 		-66.5 		14.981
v -125.864 		-69.9 		27.738
v -122.9853 		-66.4747 		14.9796
v -122.9427 		-66.4775 		14.9785
v -125.521 		-70.052 		27.738
v -125.172 		-70.187 		27.738
v -116.63 		-63.293 		16.568
v -129.447 		-57.381 		22.29
v -129.714 		-57.723 		22.29
v -120.994 		-59.123 		15.313
v -129.964 		-58.079 		22.29
v -121.187 		-59.049 		15.313
v -119.104 		-66.496 		15.762
v -125.604 		-70.251 		27.357
v -116.738 		-61.833 		16.568
v -119.527 		-66.39 		15.528
v -121.382 		-58.985 		15.313
v -116.802 		-61.547 		16.568
v -122.115 		-63.725 		32.019
v -125.244 		-70.39 		27.357
v -129.405 		-57.414 		21.856
v -121.581 		-58.93 		15.313
v -129.671 		-57.755 		21.856
v -121.782 		-58.885 		15.313
v -125.679 		-70.433 		26.967
v -129.92 		-58.108 		21.856
v -125.31 		-70.575 		26.967
v -121.495 		-59.358 		15.116
v -121.675 		-59.308 		15.116
v -120.269 		-66.488 		15.313
v -120.101 		-66.369 		15.313
v -125.956 		-70.095 		27.357
v -126.04 		-70.272 		26.967
v -115.342 		-64.443 		18.217
v -130.197 		-58.446 		22.29
v -130.411 		-58.824 		22.29
v -115.28 		-64.085 		18.217
v -130.151 		-58.473 		21.856
v -121.984 		-58.849 		15.313
v -124.935 		-70.699 		26.967
v -130.364 		-58.849 		21.856
v -122.347 		-63.834 		32.019
v -122.189 		-58.824 		15.313
v -115.236 		-63.725 		18.217
v -122.306 		-63.821 		32.019
v -122.394 		-58.809 		15.313
v -125.747 		-70.596 		26.568
v -120.973 		-66.439 		15.116
v -122.6 		-58.804 		15.313
v -122.266 		-63.805 		32.019
v -122.227 		-63.788 		32.019
v -122.806 		-58.809 		15.313
v -115.589 		-64.394 		17.86
v -122.189 		-63.769 		32.019
v -129.348 		-57.462 		21.426
v -115.529 		-64.048 		17.86
v -122.152 		-63.748 		32.019
v -115.486 		-63.7 		17.86
v -129.611 		-57.8 		21.426
v -125.37 		-70.741 		26.568
v -129.858 		-58.15 		21.426
v -125.807 		-70.741 		26.16
v -122.4286 		-66.4887 		14.9779
v -122.4704 		-66.4915 		14.9786
v -129.274 		-57.523 		20.999
v -122.263 		-66.4779 		14.9784
v -122.2573 		-66.4775 		14.9785
v -122.2986 		-66.4802 		14.9783
v -115.852 		-64.342 		17.516
v -129.534 		-57.857 		20.999
v -122.143 		-66.47 		14.9815
v -129.778 		-58.203 		20.999
v -115.795 		-64.009 		17.516
v -121.858 		-59.267 		15.116
v -122.042 		-59.235 		15.116
v -115.753 		-63.674 		17.516
v -129.184 		-57.596 		20.578
v -122.227 		-59.213 		15.116
v -129.441 		-57.926 		20.578
v -122.413 		-59.199 		15.116
v -129.681 		-58.268 		20.578
v -122.6 		-59.194 		15.116
v -122.787 		-59.199 		15.116
v -124.918 		-69.477 		17.516
v -119.365 		-66.235 		15.528
v -115.633 		-65.492 		18.217
v -124.597 		-69.583 		17.516
v -115.519 		-65.148 		18.217
v -119.21 		-66.072 		15.528
v -115.422 		-64.798 		18.217
v -130.087 		-58.512 		21.426
v -130.298 		-58.885 		21.426
v -124.887 		-68.521 		16.568
v -115.666 		-64.736 		17.86
v -130.005 		-58.561 		20.999
v -130.214 		-58.93 		20.999
v -130.404 		-59.308 		20.999
v -119.783 		-66.108 		15.313
v -115.869 		-65.408 		17.86
v -123.887 		-69.467 		17.185
v -119.697 		-59.463 		15.528
v -123.568 		-69.523 		17.185
v -129.905 		-58.621 		20.578
v -115.759 		-65.075 		17.86
v -123.246 		-69.562 		17.185
v -130.111 		-58.985 		20.578
v -116.122 		-65.317 		17.516
v -122.924 		-69.586 		17.185
v -119.938 		-66.243 		15.313
v -116.016 		-64.997 		17.516
v -130.299 		-59.358 		20.578
v -115.926 		-64.671 		17.516
v -120.806 		-66.355 		15.116
v -120.443 		-59.401 		15.313
v -122.6 		-63.872 		32.019
v -120.644 		-66.263 		15.116
v -122.557 		-63.871 		32.019
v -120.486 		-66.163 		15.116
v -122.514 		-63.868 		32.019
v -123.828 		-69.172 		16.869
v -122.472 		-63.862 		32.019
v -121.144 		-59.484 		15.116
v -122.43 		-63.855 		32.019
v -123.523 		-69.225 		16.869
v -121.318 		-59.417 		15.116
v -116.132 		-64.286 		17.185
v -123.217 		-69.262 		16.869
v -122.388 		-63.846 		32.019
v -116.077 		-63.967 		17.185
v -122.909 		-69.285 		16.869
v -116.037 		-63.646 		17.185
v -123.766 		-68.861 		16.568
v -126.698 		-57.474 		17.516
v -123.477 		-68.912 		16.568
v -126.964 		-57.681 		17.516
v -123.186 		-68.948 		16.568
v -116.428 		-64.227 		16.869
v -116.375 		-63.923 		16.869
v -122.893 		-68.969 		16.568
v -121.856 		-66.4125 		14.9781
v -121.7914 		-66.3995 		14.9788
v -121.7499 		-66.3912 		14.9792
v -116.337 		-63.616 		16.869
v -126.264 		-57.516 		17.185
v -121.694 		-66.38 		14.981
v -126.528 		-57.703 		17.185
v -126.783 		-57.902 		17.185
v -116.688 		-63.876 		16.568
v -122.853 		-63.834 		32.019
v -122.1302 		-66.4674 		14.9811
v -122.812 		-63.846 		32.019
v -122.093 		-66.46 		14.9799
v -122.0867 		-66.4587 		14.9796
v -123.153 		-57.381 		16.282
v -116.652 		-63.585 		16.568
v -121.9594 		-66.4332 		14.978
v -126.349 		-57.945 		16.869
v -121.9191 		-66.4251 		14.9774
v -122.77 		-63.855 		32.019
v -123.428 		-57.414 		16.282
v -124.822 		-69.208 		17.185
v -126.592 		-58.135 		16.869
v -124.514 		-69.31 		17.185
v -122.686 		-63.868 		32.019
v -123.702 		-57.462 		16.282
v -122.728 		-63.862 		32.019
v -124.202 		-69.396 		17.185
v -122.643 		-63.871 		32.019
v -126.826 		-58.336 		16.869
v -123.12 		-57.723 		16.013
v -116.508 		-65.523 		17.185
v -126.16 		-58.199 		16.568
v -123.378 		-57.755 		16.013
v -116.391 		-65.221 		17.185
v -116.289 		-64.914 		17.185
v -123.634 		-57.8 		16.013
v -116.203 		-64.602 		17.185
v -124.72 		-68.925 		16.869
v -123.888 		-57.857 		16.013
v -124.427 		-69.022 		16.869
v -119.633 		-65.966 		15.313
v -119.491 		-65.817 		15.313
v -122.1 		-64.206 		31.966
v -126.392 		-58.379 		16.568
v -122.042 		-64.18 		31.966
v -126.614 		-58.571 		16.568
v -124.129 		-69.104 		16.869
v -119.357 		-65.661 		15.313
v -116.675 		-65.12 		16.869
v -121.984 		-64.151 		31.966
v -126.826 		-58.773 		16.568
v -116.578 		-64.826 		16.869
v -121.929 		-64.12 		31.966
v -124.614 		-68.627 		16.568
v -123.085 		-58.079 		15.762
v -116.495 		-64.529 		16.869
v -121.874 		-64.085 		31.966
v -123.326 		-58.108 		15.762
v -124.335 		-68.719 		16.568
v -123.565 		-58.15 		15.762
v -124.052 		-68.797 		16.568
v -123.801 		-58.203 		15.762
v -120.186 		-65.941 		15.116
v -128.809 		-57.372 		20.164
v -128.692 		-57.478 		19.756
v -116.802 		-64.452 		16.568
v -128.956 		-57.783 		19.756
v -116.738 		-64.165 		16.568
v -123.972 		-57.523 		16.282
v -125.656 		-69.462 		17.86
v -124.239 		-57.596 		16.282
v -125.336 		-69.604 		17.86
v -125.843 		-69.067 		17.516
v -124.502 		-57.683 		16.282
v -122.221 		-64.249 		31.966
v -125.541 		-69.219 		17.516
v -127.998 		-57.602 		18.586
v -125.233 		-69.356 		17.516
v -122.16 		-64.229 		31.966
v -124.761 		-57.783 		16.282
v -120.333 		-66.056 		15.116
v -124.139 		-57.926 		16.013
v -116.786 		-65.408 		16.869
v -128.561 		-57.596 		19.357
v -117.078 		-65.287 		16.568
v -124.386 		-58.008 		16.013
v -128.819 		-57.895 		19.357
v -116.973 		-65.013 		16.568
v -124.629 		-58.101 		16.013
v -124.867 		-58.207 		16.013
v -116.88 		-64.734 		16.568
v -128.15 		-57.449 		18.967
v -122.345 		-64.28 		31.966
v -126.088 		-69.526 		18.217
v -128.416 		-57.728 		18.967
v -122.283 		-64.266 		31.966
v -121.59 		-66.3447 		14.9781
v -121.5854 		-66.3431 		14.978
v -128.667 		-58.02 		18.967
v -121.6255 		-66.3567 		14.979
v -125.97 		-69.304 		17.86
v -121.4622 		-66.3013 		14.9778
v -121.4235 		-66.2882 		14.9777
v -128.904 		-58.324 		18.967
v -121.3019 		-66.2469 		14.9799
v -121.261 		-66.233 		14.9807
v -128.256 		-57.873 		18.586
v -124.035 		-58.268 		15.762
v -128.501 		-58.157 		18.586
v -116.639 		-65.819 		29.139
v -125.835 		-68.397 		16.869
v -124.266 		-58.344 		15.762
v -125.567 		-68.55 		16.869
v -125.921 		-67.969 		16.568
v -125.673 		-68.126 		16.568
v -116.533 		-66.243 		28.808
v -121.261 		-66.233 		14.336
v -116.381 		-65.941 		28.808
v -125.417 		-68.271 		16.568
v -116.244 		-65.632 		28.808
v -119.781 		-65.555 		15.116
v -128.732 		-58.452 		18.586
v -125.155 		-68.402 		16.568
v -128.947 		-58.758 		18.586
v -123.048 		-58.446 		15.528
v -123.271 		-58.473 		15.528
v -123.493 		-58.512 		15.528
v -123.712 		-58.561 		15.528
v -120.045 		-65.819 		15.116
v -129.078 		-57.683 		20.164
v -117.757 		-65.902 		30.042
v -119.909 		-65.69 		15.116
v -117.621 		-65.661 		30.042
v -129.331 		-58.008 		20.164
v -117.63 		-66.32 		29.756
v -129.568 		-58.344 		20.164
v -117.473 		-66.072 		29.756
v -126.096 		-68.232 		16.869
v -117.329 		-65.817 		29.756
v -129.204 		-58.101 		19.756
v -117.197 		-65.555 		29.756
v -124.492 		-58.431 		15.762
v -124.714 		-58.53 		15.762
v -122.6 		-64.305 		31.966
v -122.536 		-64.304 		31.966
v -129.788 		-58.691 		20.164
v -125.99 		-68.656 		17.185
v -122.472 		-64.299 		31.966
v -123.928 		-58.621 		15.528
v -124.141 		-58.691 		15.528
v -129.99 		-59.049 		20.164
v -125.709 		-68.815 		17.185
v -122.408 		-64.291 		31.966
v -124.351 		-58.772 		15.528
v -125.419 		-68.961 		17.185
v -118.628 		-65.945 		30.562
v -120.8846 		-66.048 		14.9803
v -120.85 		-66.031 		14.9813
v -124.556 		-58.863 		15.528
v -121.2609 		-66.233 		14.9807
v -125.124 		-69.092 		17.185
v -121.1065 		-66.1571 		14.9778
v -118.489 		-65.746 		30.562
v -120.9893 		-66.0995 		14.9782
v -120.9522 		-66.0812 		14.9783
v -124.757 		-58.964 		15.528
v -129.437 		-58.431 		19.756
v -118.359 		-65.541 		30.562
v -129.653 		-58.772 		19.756
v -122.855 		-64.28 		31.966
v -129.852 		-59.123 		19.756
v -122.792 		-64.291 		31.966
v -118.192 		-65.945 		30.311
v -125.291 		-68.688 		16.869
v -122.728 		-64.299 		31.966
v -125.008 		-68.814 		16.869
v -122.664 		-64.304 		31.966
v -120.8022 		-65.999 		14.9794
v -120.8108 		-66.0048 		14.9797
v -123.011 		-58.824 		15.313
v -120.832 		-66.019 		14.9805
v -120.6939 		-65.9265 		14.9781
v -123.216 		-58.849 		15.313
v -120.6617 		-65.905 		14.9777
v -120.6595 		-65.9035 		14.9777
v -129.062 		-58.207 		19.357
v -120.5518 		-65.8315 		14.9789
v -120.5169 		-65.808 		14.9793
v -123.72 		-70.551 		18.586
v -129.29 		-58.53 		19.357
v -120.469 		-65.776 		14.9811
v -121.312 		-64.736 		31.795
v -123.348 		-70.596 		18.586
v -122.973 		-59.213 		15.116
v -121.228 		-64.671 		31.795
v -129.501 		-58.863 		19.357
v -122.975 		-70.624 		18.586
v -123.158 		-59.235 		15.116
v -123.342 		-59.267 		15.116
v -129.695 		-59.207 		19.357
v -121.148 		-64.602 		31.795
v -120.8388 		-66.0235 		14.9808
v -123.418 		-58.885 		15.313
v -121.071 		-64.529 		31.795
v -123.619 		-58.93 		15.313
v -124.878 		-70.511 		18.967
v -129.126 		-58.639 		18.967
v -123.818 		-58.985 		15.313
v -129.332 		-58.964 		18.967
v -124.507 		-70.613 		18.967
v -123.525 		-59.308 		15.116
v -129.522 		-59.299 		18.967
v -123.705 		-59.358 		15.116
v -120.4149 		-65.7285 		14.9793
v -120.3829 		-65.7005 		14.9782
v -124.816 		-70.305 		18.586
v -120.2566 		-65.5895 		14.9777
v -120.2545 		-65.5877 		14.9777
v -120.2852 		-65.6146 		14.9778
v -124.455 		-70.404 		18.586
v -129.148 		-59.075 		18.586
v -124.013 		-59.049 		15.313
v -124.206 		-59.123 		15.313
v -124.089 		-70.487 		18.586
v -124.394 		-59.207 		15.313
v -124.578 		-59.299 		15.313
v -121.782 		-64.531 		31.891
v -121.772 		-64.997 		31.795
v -121.675 		-64.954 		31.795
v -121.581 		-64.907 		31.795
v -130.175 		-59.417 		20.164
v -121.488 		-64.854 		31.795
v -122.6 		-59.5 		12.288
v -130.342 		-59.793 		20.164
v -123.752 		-70.764 		18.967
v -121.399 		-64.798 		31.795
v -123.369 		-70.811 		18.967
v -130.033 		-59.484 		19.756
v -122.985 		-70.839 		18.967
v -130.197 		-59.853 		19.756
v -130.342 		-60.229 		19.756
v -119.366 		-61.66 		12.288
v -124.555 		-70.804 		19.357
v -124.131 		-70.698 		18.967
v -122.6 		-59.5 		6.7285
v -121.261 		-59.766 		7.4494
v -121.694 		-59.619 		7.0919
v -129.873 		-59.56 		19.357
v -125.747 		-70.596 		19.756
v -122.6 		-56.1997 		0
v -130.033 		-59.921 		19.357
v -129.695 		-59.644 		18.967
v -120.125 		-65.474 		6.7269
v -125.807 		-70.741 		20.164
v -129.852 		-59.996 		18.967
v -120.961 		-64.997 		31.679
v -119.823 		-65.13 		6.7264
v -129.99 		-60.355 		18.967
v -119.8229 		-65.1299 		6.7264
v -120.865 		-64.914 		31.679
v -125.37 		-70.741 		19.756
v -119.13 		-63.456 		7.9167
v -129.332 		-59.401 		18.586
v -119.569 		-64.75 		6.7263
v -119.5687 		-64.7494 		6.7264
v -129.501 		-59.736 		18.586
v -125.679 		-70.433 		19.357
v -129.653 		-60.078 		18.586
v -125.31 		-70.575 		19.357
v -119.366 		-64.339 		6.7257
v -125.604 		-70.251 		18.967
v -119.3659 		-64.3388 		6.7258
v -119.13 		-62.543 		7.9155
v -125.244 		-70.39 		18.967
v -121.272 		-65.215 		31.679
v -121.165 		-65.148 		31.679
v -119.2191 		-63.9052 		6.7264
v -121.061 		-65.075 		31.679
v -125.864 		-69.9 		18.586
v -125.521 		-70.052 		18.586
v -116.032 		-64.7595 		0
v -130.175 		-60.289 		19.357
v -125.172 		-70.187 		18.586
v -120.934 		-65.492 		31.542
v -119.219 		-63.905 		6.7264
v -119.13 		-63.456 		6.7276
v -130.299 		-60.664 		19.357
v -130.404 		-61.045 		19.357
v -115.8579 		-63.887 		0
v -126.04 		-70.272 		19.357
v -119.13 		-63.456 		6.7276
v -130.111 		-60.721 		18.967
v -119.1 		-63 		6.7272
v -119.1001 		-62.999 		6.7275
v -121.85 		-65.472 		31.679
v -125.956 		-70.095 		18.967
v -130.214 		-61.092 		18.967
v -121.73 		-65.432 		31.679
v -115.7998 		-62.999 		0
v -121.611 		-65.386 		31.679
v -119.13 		-62.543 		6.7277
v -121.495 		-65.335 		31.679
v -119.1301 		-62.5424 		6.7278
v -129.788 		-60.428 		18.586
v -115.8579 		-62.1118 		0
v -121.382 		-65.278 		31.679
v -129.905 		-60.783 		18.586
v -124.935 		-70.699 		19.357
v -119.219 		-62.094 		6.7266
v -119.2192 		-62.0933 		6.7268
v -130.005 		-61.145 		18.586
v -116.032 		-61.2394 		0
v -123.686 		-70.319 		18.217
v -123.325 		-70.364 		18.217
v -122.963 		-70.391 		18.217
v -119.366 		-61.66 		6.7261
v -119.3661 		-61.6597 		6.7262
v -116.3179 		-60.3973 		0
v -123.649 		-70.071 		17.86
v -119.569 		-61.25 		6.7278
v -127.57 		-57.516 		18.217
v -119.5694 		-61.2494 		6.728
v -123.301 		-70.114 		17.86
v -127.833 		-57.767 		18.217
v -122.345 		-64.717 		31.891
v -127.135 		-57.474 		17.86
v -116.7113 		-59.5993 		0
v -122.261 		-64.702 		31.891
v -122.951 		-70.139 		17.86
v -127.401 		-57.703 		17.86
v -127.655 		-57.945 		17.86
v -122.178 		-64.684 		31.891
v -127.897 		-58.199 		17.86
v -119.823 		-60.869 		6.7275
v -123.609 		-69.805 		17.516
v -119.8234 		-60.8685 		6.7277
v -122.096 		-64.661 		31.891
v -127.22 		-57.902 		17.516
v -117.2051 		-58.8595 		0
v -123.274 		-69.846 		17.516
v -127.465 		-58.135 		17.516
v -122.015 		-64.634 		31.891
v -120.125 		-60.525 		6.7276
v -122.938 		-69.871 		17.516
v -120.1253 		-60.5247 		6.7277
v -121.936 		-64.604 		31.891
v -117.7916 		-58.1915 		0
v -121.858 		-64.569 		31.891
v -120.469 		-60.223 		6.7272
v -120.4694 		-60.2227 		6.7273
v -128.083 		-58.03 		18.217
v -118.4605 		-57.6049 		0
v -128.32 		-58.305 		18.217
v -124.748 		-70.081 		18.217
v -124.398 		-70.178 		18.217
v -120.85 		-59.969 		6.7286
v -120.8506 		-59.9687 		6.7288
v -124.044 		-70.257 		18.217
v -119.2003 		-57.1102 		0
v -127.698 		-58.379 		17.516
v -127.918 		-58.635 		17.516
v -124.675 		-69.84 		17.86
v -121.2607 		-59.7662 		6.7284
v -124.337 		-69.934 		17.86
v -119.9974 		-56.7169 		0
v -123.995 		-70.011 		17.86
v -128.544 		-58.591 		18.217
v -128.753 		-58.888 		18.217
v -121.261 		-59.766 		6.7283
v -128.947 		-59.195 		18.217
v -121.694 		-59.619 		6.7281
v -121.6945 		-59.6189 		6.7282
v -124.272 		-69.673 		17.516
v -120.8404 		-56.431 		0
v -123.942 		-69.747 		17.516
v -122.855 		-64.717 		31.891
v -122.143 		-59.53 		6.7285
v -122.1435 		-59.53 		6.7287
v -121.7128 		-56.2577 		0
v -122.77 		-64.727 		31.891
v -122.685 		-64.734 		31.891
v -128.126 		-58.464 		17.86
v -122.6 		-64.736 		31.891
v -128.342 		-58.741 		17.86
v -122.515 		-64.734 		31.891
v -128.544 		-59.028 		17.86
v -125.764 		-69.689 		18.217
v -128.732 		-59.324 		17.86
v -122.143 		-66.47 		8.192
v -122.43 		-64.727 		31.891
v -125.432 		-69.836 		18.217
v -128.126 		-58.901 		17.516
v -122.6 		-66.5 		6.7253
v -125.093 		-69.967 		18.217
v -128.32 		-59.177 		17.516
v -122.6 		-69.7992 		0
v -120.469 		-65.776 		8.192
v -122.1433 		-66.47 		6.7255
v -121.7128 		-69.7411 		0
v -122.143 		-66.47 		6.7254
v -121.6943 		-66.3801 		6.7271
v -125.008 		-69.73 		17.86
v -120.8404 		-69.5679 		0
v -121.694 		-66.38 		6.727
v -121.261 		-66.233 		6.7273
v -121.2605 		-66.2327 		6.7274
v -119.9974 		-69.282 		0
v -127.029 		-58.113 		17.185
v -120.85 		-66.031 		6.7259
v -127.263 		-58.336 		17.185
v -120.8499 		-66.0309 		6.726
v -122.283 		-65.139 		31.795
v -119.2003 		-68.8886 		0
v -122.178 		-65.12 		31.795
v -120.4691 		-65.7761 		6.7264
v -118.672 		-66.56 		16.013
v -118.4605 		-68.3939 		0
v -122.075 		-65.097 		31.795
v -120.469 		-65.776 		6.7264
v -121.972 		-65.069 		31.795
v -117.7916 		-67.8074 		0
v -121.871 		-65.036 		31.795
v -118.608 		-66.992 		16.282
v -118.417 		-66.791 		16.282
v -117.2051 		-67.1385 		0
v -116.7113 		-66.3995 		0
v -116.3179 		-65.6016 		0
v -118.236 		-66.581 		16.282
v -122.812 		-65.152 		31.795
v -122.706 		-65.159 		31.795
v -122.6 		-65.162 		31.795
v -122.494 		-65.159 		31.795
v -126.07 		-62.543 		12.4695
v -122.388 		-65.152 		31.795
v -119.697 		-66.536 		15.528
v -123.0565 		-59.53 		6.7287
v -123.4872 		-56.2577 		0
v -119.237 		-67.534 		16.282
v -122.096 		-65.533 		31.679
v -121.972 		-65.506 		31.679
v -123.057 		-59.53 		6.7285
v -119.018 		-67.364 		16.282
v -123.5055 		-59.6189 		6.7282
v -123.939 		-59.766 		6.8504
v -124.3596 		-56.431 		0
v -118.808 		-67.183 		16.282
v -119.655 		-67.408 		16.013
v -122.934 		-59.61 		31.385
v -123.1 		-59.63 		31.385
v -119.442 		-67.258 		16.013
v -125.631 		-61.25 		8.4892
v -123.264 		-59.659 		31.385
v -119.237 		-67.098 		16.013
v -123.428 		-59.696 		31.385
v -123.506 		-59.619 		6.7281
v -123.589 		-59.74 		31.385
v -123.939 		-59.766 		6.7283
v -123.9393 		-59.7662 		6.7284
v -119.04 		-66.928 		16.013
v -123.747 		-59.793 		31.385
v -123.903 		-59.853 		31.385
v -125.2026 		-56.7169 		0
v -118.851 		-66.748 		16.013
v -122.894 		-60.016 		31.542
v -123.04 		-60.034 		31.542
v -124.3494 		-59.9687 		6.7288
v -123.185 		-60.059 		31.542
v -123.329 		-60.091 		31.542
v -125.9997 		-57.1102 		0
v -119.655 		-66.971 		15.762
v -119.463 		-66.822 		15.762
v -119.279 		-66.663 		15.762
v -123.47 		-60.13 		31.542
v -123.61 		-60.176 		31.542
v -123.747 		-60.229 		31.542
v -125.981 		-63.905 		11.5614
v -123.882 		-60.289 		31.542
v -124.35 		-59.969 		6.7286
v -124.7306 		-60.2227 		6.7273
v -126.7395 		-57.6049 		0
v -119.874 		-67.547 		16.013
v -124.013 		-60.355 		31.542
v -124.056 		-59.921 		31.385
v -124.206 		-59.996 		31.385
v -124.351 		-60.078 		31.385
v -124.492 		-60.168 		31.385
v -124.731 		-60.223 		6.7272
v -120.443 		-67.035 		15.528
v -124.629 		-60.264 		31.385
v -125.0747 		-60.5247 		6.7277
v -124.761 		-60.367 		31.385
v -120.248 		-66.924 		15.528
v -127.4084 		-58.1915 		0
v -120.058 		-66.804 		15.528
v -119.874 		-66.675 		15.528
v -124.227 		-59.56 		31.208
v -124.394 		-59.644 		31.208
v -124.556 		-59.736 		31.208
v -124.714 		-59.835 		31.208
v -124.867 		-59.943 		31.208
v -125.075 		-60.525 		6.7276
v -125.3766 		-60.8685 		6.7277
v -120.708 		-67.568 		15.762
v -120.486 		-67.469 		15.762
v -127.9949 		-58.8595 		0
v -120.269 		-67.36 		15.762
v -122.917 		-60.86 		31.795
v -123.022 		-60.878 		31.795
v -120.058 		-67.241 		15.762
v -123.125 		-60.902 		31.795
v -119.853 		-67.111 		15.762
v -120.644 		-67.136 		15.528
v -125.377 		-60.869 		6.7275
v -125.6306 		-61.2494 		6.728
v -128.4888 		-59.5993 		0
v -123.228 		-60.93 		31.795
v -123.329 		-60.963 		31.795
v -122.939 		-61.296 		31.891
v -123.022 		-61.315 		31.891
v -123.104 		-61.338 		31.891
v -125.631 		-61.25 		6.7278
v -123.185 		-61.365 		31.891
v -125.8339 		-61.6597 		6.7262
v -123.264 		-61.395 		31.891
v -120.806 		-66.792 		15.313
v -123.342 		-61.43 		31.891
v -128.8821 		-60.3973 		0
v -120.622 		-66.699 		15.313
v -120.443 		-66.598 		15.313
v -123.428 		-61.002 		31.795
v -123.525 		-61.045 		31.795
v -123.619 		-61.092 		31.795
v -123.712 		-61.145 		31.795
v -123.801 		-61.201 		31.795
v -125.834 		-61.66 		6.7261
v -125.9808 		-62.0933 		6.7268
v -121.707 		-67.487 		15.528
v -123.888 		-61.262 		31.795
v -121.488 		-67.438 		15.528
v -121.272 		-67.378 		15.528
v -129.168 		-61.2394 		0
v -121.059 		-67.307 		15.528
v -120.849 		-67.227 		15.528
v -122.979 		-60.444 		31.679
v -123.104 		-60.466 		31.679
v -125.981 		-62.094 		6.7266
v -126.0699 		-62.5424 		6.7278
v -123.228 		-60.493 		31.679
v -123.35 		-60.527 		31.679
v -129.3421 		-62.1118 		0
v -122.825 		-67.569 		15.528
v -122.6 		-67.575 		15.528
v -123.47 		-60.567 		31.679
v -122.375 		-67.569 		15.528
v -123.589 		-60.613 		31.679
v -123.705 		-60.664 		31.679
v -122.152 		-67.553 		15.528
v -123.818 		-60.721 		31.679
v -126.07 		-62.543 		6.7277
v -126.0999 		-62.999 		6.7275
v -121.929 		-67.525 		15.528
v -129.4002 		-62.999 		0
v -123.972 		-61.328 		31.795
v -124.052 		-61.397 		31.795
v -126.1 		-63 		6.7272
v -126.07 		-63.456 		6.7276
v -126.07 		-63.456 		6.7276
v -125.834 		-64.339 		7.091
v -121.144 		-66.515 		15.116
v -123.928 		-60.783 		31.679
v -124.035 		-60.851 		31.679
v -129.3421 		-63.887 		0
v -124.139 		-60.924 		31.679
v -124.141 		-60.428 		31.542
v -124.266 		-60.506 		31.542
v -124.386 		-60.591 		31.542
v -125.981 		-63.905 		6.7264
v -125.9809 		-63.9052 		6.7264
v -129.168 		-64.7595 		0
v -124.502 		-60.682 		31.542
v -124.614 		-60.778 		31.542
v -124.72 		-60.879 		31.542
v -125.8341 		-64.3388 		6.7258
v -124.887 		-60.476 		31.385
v -121.581 		-67.069 		15.313
v -128.8821 		-65.6016 		0
v -121.382 		-67.014 		15.313
v -121.187 		-66.95 		15.313
v -124.239 		-61.002 		31.679
v -124.335 		-61.085 		31.679
v -120.994 		-66.876 		15.313
v -125.834 		-64.339 		6.7257
v -125.6313 		-64.7494 		6.7264
v -125.377 		-65.13 		6.8486
v -128.4888 		-66.3995 		0
v -121.675 		-66.691 		15.116
v -124.427 		-61.173 		31.679
v -124.514 		-61.264 		31.679
v -124.597 		-61.36 		31.679
v -121.495 		-66.641 		15.116
v -124.822 		-60.986 		31.542
v -121.318 		-66.582 		15.116
v -125.631 		-64.75 		6.7263
v -124.918 		-61.097 		31.542
v -125.3771 		-65.1299 		6.7264
v -124.35 		-66.031 		7.4482
v -127.9949 		-67.1385 		0
v -124.931 		-59.511 		31.011
v -125.099 		-59.63 		31.011
v -125.377 		-65.13 		6.7264
v -125.262 		-59.756 		31.011
v -125.075 		-65.474 		6.7269
v -125.417 		-59.891 		31.011
v -127.4084 		-67.8074 		0
v -121.782 		-67.114 		15.313
v -125.673 		-59.609 		30.796
v -125.835 		-59.764 		30.796
v -125.014 		-60.058 		31.208
v -124.731 		-65.776 		6.7264
v -125.155 		-60.18 		31.208
v -124.7309 		-65.7761 		6.7264
v -125.291 		-60.309 		31.208
v -122.787 		-66.8 		15.116
v -122.6 		-66.805 		15.116
v -126.7395 		-68.3939 		0
v -125.567 		-60.033 		31.011
v -125.709 		-60.182 		31.011
v -122.413 		-66.8 		15.116
v -125.843 		-60.338 		31.011
v -124.3501 		-66.0309 		6.726
v -122.227 		-66.786 		15.116
v -123.057 		-66.47 		7.4486
v -125.99 		-59.927 		30.796
v -122.042 		-66.763 		15.116
v -125.9997 		-68.8886 		0
v -121.858 		-66.732 		15.116
v -124.35 		-66.031 		6.7259
v -123.9395 		-66.2327 		6.7274
v -125.008 		-60.591 		31.385
v -125.124 		-60.712 		31.385
v -125.2026 		-69.282 		0
v -125.233 		-60.839 		31.385
v -123.939 		-66.233 		6.7273
v -123.506 		-66.38 		6.727
v -123.5057 		-66.3801 		6.7271
v -124.3596 		-69.5679 		0
v -125.008 		-61.213 		31.542
v -123.057 		-66.47 		6.7254
v -123.0567 		-66.47 		6.7255
v -125.093 		-61.334 		31.542
v -123.4872 		-69.7411 		0
v -122.806 		-67.19 		15.313
v -125.336 		-60.971 		31.385
v -125.432 		-61.107 		31.385
v -122.6 		-67.195 		15.313
v -125.521 		-61.248 		31.385
v -125.604 		-61.394 		31.385
v -122.394 		-67.19 		15.313
v -122.189 		-67.175 		15.313
v -125.419 		-60.444 		31.208
v -121.984 		-67.149 		15.313
v -125.541 		-60.585 		31.208
v -125.656 		-60.733 		31.208
v -125.764 		-60.885 		31.208
v -125.864 		-61.043 		31.208
v -119.697 		-67.842 		16.282
v -119.463 		-67.694 		16.282
v -125.97 		-60.5 		31.011
v -126.088 		-60.669 		31.011
v -125.956 		-61.206 		31.208
v -126.04 		-61.372 		31.208
v -120.698 		-68.315 		16.282
v -120.439 		-68.216 		16.282
v -126.096 		-59.503 		30.562
v -120.186 		-68.103 		16.282
v -119.938 		-67.979 		16.282
v -120.814 		-67.991 		16.013
v -120.571 		-67.898 		16.013
v -120.333 		-67.792 		16.013
v -122.917 		-61.733 		31.966
v -122.979 		-61.75 		31.966
v -120.101 		-67.675 		16.013
v -123.04 		-61.77 		31.966
v -123.1 		-61.793 		31.966
v -123.158 		-61.819 		31.966
v -123.216 		-61.848 		31.966
v -123.271 		-61.879 		31.966
v -123.326 		-61.914 		31.966
v -123.378 		-61.951 		31.966
v -121.772 		-68.584 		16.282
v -121.499 		-68.537 		16.282
v -121.228 		-68.476 		16.282
v -123.418 		-61.468 		31.891
v -123.493 		-61.51 		31.891
v -123.565 		-61.556 		31.891
v -120.961 		-68.402 		16.282
v -123.634 		-61.605 		31.891
v -123.702 		-61.657 		31.891
v -121.822 		-68.244 		16.013
v -121.566 		-68.199 		16.013
v -121.312 		-68.142 		16.013
v -121.061 		-68.073 		16.013
v -123.766 		-61.713 		31.891
v -123.828 		-61.772 		31.891
v -123.887 		-61.833 		31.891
v -122.894 		-62.178 		32.019
v -122.934 		-62.193 		32.019
v -121.635 		-67.849 		15.762
v -121.399 		-67.796 		15.762
v -121.165 		-67.731 		15.762
v -120.934 		-67.655 		15.762
v -122.86 		-68.295 		16.013
v -122.6 		-68.301 		16.013
v -122.973 		-62.211 		32.019
v -122.34 		-68.295 		16.013
v -123.011 		-62.23 		32.019
v -122.08 		-68.276 		16.013
v -123.048 		-62.251 		32.019
v -123.085 		-62.274 		32.019
v -123.12 		-62.299 		32.019
v -122.843 		-67.938 		15.762
v -122.6 		-67.944 		15.762
v -122.357 		-67.938 		15.762
v -122.115 		-67.92 		15.762
v -121.874 		-67.89 		15.762
v -123.153 		-62.325 		32.019
v -123.186 		-62.353 		32.019
v -122.877 		-68.639 		16.282
v -123.217 		-62.383 		32.019
v -122.6 		-68.646 		16.282
v -123.246 		-62.414 		32.019
v -122.323 		-68.639 		16.282
v -123.274 		-62.446 		32.019
v -122.047 		-68.618 		16.282
v -123.712 		-67.438 		15.528
v -123.493 		-67.487 		15.528
v -123.428 		-61.99 		31.966
v -123.477 		-62.032 		31.966
v -123.271 		-67.525 		15.528
v -123.523 		-62.076 		31.966
v -123.048 		-67.553 		15.528
v -123.568 		-62.122 		31.966
v -123.609 		-62.171 		31.966
v -123.649 		-62.222 		31.966
v -123.686 		-62.274 		31.966
v -123.72 		-62.328 		31.966
v -123.752 		-62.384 		31.966
v -123.781 		-62.441 		31.966
v -123.942 		-61.898 		31.891
v -124.129 		-61.47 		31.795
v -124.202 		-61.547 		31.795
v -124.272 		-61.628 		31.795
v -124.337 		-61.711 		31.795
v -124.398 		-61.798 		31.795
v -124.455 		-61.888 		31.795
v -123.995 		-61.965 		31.891
v -124.044 		-62.035 		31.891
v -124.089 		-62.107 		31.891
v -124.131 		-62.181 		31.891
v -124.17 		-62.257 		31.891
v -124.204 		-62.335 		31.891
v -124.235 		-62.414 		31.891
v -124.507 		-61.98 		31.795
v -124.555 		-62.075 		31.795
v -124.598 		-62.172 		31.795
v -124.636 		-62.271 		31.795
v -124.669 		-62.372 		31.795
v -124.675 		-61.46 		31.679
v -124.748 		-61.564 		31.679
v -124.816 		-61.671 		31.679
v -124.878 		-61.782 		31.679
# 7590 vertices

g group_0_8273816

usemtl color_8273816
s 0

f 2 	6 	3
f 154 	157 	2
f 2 	157 	6
f 6 	159 	7
f 157 	159 	6
f 35 	16 	15
f 10 	32 	18
f 10 	29 	32
f 33 	36 	9
f 7 	37 	8
f 33 	227 	36
f 30 	79 	34
f 76 	79 	30
f 8 	37 	23
f 9 	36 	11
f 37 	38 	23
f 36 	39 	11
f 23 	38 	27
f 20 	26 	43
f 38 	37 	188
f 26 	55 	43
f 47 	19 	16
f 16 	35 	47
f 24 	2836 	29
f 40 	50 	42
f 47 	52 	19
f 31 	224 	33
f 48 	50 	40
f 222 	224 	31
f 50 	56 	42
f 19 	52 	25
f 224 	227 	33
f 52 	58 	25
f 57 	43 	55
f 42 	56 	44
f 56 	187 	44
f 65 	56 	50
f 59 	61 	46
f 21 	62 	48
f 34 	62 	21
f 72 	47 	35
f 46 	61 	49
f 50 	48 	63
f 61 	64 	49
f 62 	63 	48
f 71 	75 	61
f 63 	65 	50
f 61 	75 	64
f 49 	64 	54
f 89 	45 	51
f 51 	53 	90
f 68 	72 	35
f 105 	63 	62
f 59 	71 	61
f 69 	71 	59
f 74 	95 	60
f 91 	53 	60
f 71 	127 	75
f 122 	127 	71
f 66 	77 	67
f 67 	80 	70
f 67 	77 	80
f 68 	108 	72
f 69 	122 	71
f 47 	83 	52
f 81 	82 	76
f 74 	179 	163
f 72 	83 	47
f 81 	349 	82
f 52 	83 	85
f 76 	82 	79
f 58 	52 	85
f 88 	98 	93
f 85 	92 	58
f 24 	2833 	2836
f 64 	97 	54
f 81 	347 	349
f 29 	2839 	32
f 29 	2836 	2839
f 97 	88 	54
f 97 	98 	88
f 51 	90 	89
f 103 	62 	34
f 79 	103 	34
f 103 	105 	62
f 75 	106 	64
f 90 	53 	91
f 127 	144 	75
f 91 	60 	95
f 106 	97 	64
f 106 	109 	97
f 83 	72 	111
f 105 	112 	63
f 117 	105 	103
f 102 	271 	276
f 111 	72 	108
f 102 	276 	104
f 98 	97 	109
f 83 	113 	85
f 63 	112 	65
f 101 	114 	107
f 82 	115 	79
f 111 	113 	83
f 164 	121 	96
f 85 	113 	216
f 107 	114 	24
f 103 	79 	115
f 103 	115 	117
f 105 	1002 	112
f 92 	85 	216
f 1002 	105 	117
f 107 	24 	110
f 110 	29 	10
f 110 	24 	29
f 119 	122 	69
f 114 	2833 	24
f 116 	125 	133
f 134 	119 	27
f 114 	101 	131
f 27 	38 	134
f 142 	4 	14
f 4513 	113 	111
f 119 	135 	122
f 142 	148 	4
f 4 	148 	5
f 134 	135 	119
f 135 	136 	122
f 131 	2873 	114
f 5667 	143 	5676
f 123 	209 	124
f 122 	136 	127
f 6187 	25 	137
f 25 	58 	137
f 134 	319 	135
f 128 	182 	132
f 135 	323 	136
f 319 	323 	135
f 140 	142 	14
f 137 	141 	4444
f 106 	75 	144
f 141 	137 	58
f 144 	147 	106
f 106 	147 	109
f 163 	96 	95
f 145 	149 	146
f 163 	95 	74
f 145 	207 	149
f 147 	1138 	109
f 58 	92 	141
f 136 	150 	144
f 136 	144 	127
f 92 	100 	141
f 144 	151 	147
f 150 	151 	144
f 121 	205 	123
f 132 	201 	143
f 116 	133 	118
f 201 	203 	143
f 118 	152 	120
f 121 	164 	205
f 143 	203 	145
f 123 	205 	209
f 338 	150 	136
f 118 	133 	152
f 145 	203 	207
f 342 	151 	150
f 342 	1284 	151
f 3987 	3969 	120
f 126 	215 	129
f 125 	5708 	99
f 215 	220 	129
f 154 	169 	157
f 129 	220 	130
f 125 	99 	133
f 168 	169 	154
f 155 	166 	158
f 155 	196 	166
f 160 	140 	139
f 233 	153 	149
f 159 	184 	7
f 164 	96 	163
f 153 	236 	156
f 160 	165 	140
f 142 	140 	165
f 51 	45 	7564
f 158 	166 	170
f 169 	171 	157
f 7564 	7565 	51
f 6651 	84 	189
f 51 	7565 	53
f 157 	171 	159
f 53 	7566 	60
f 6658 	87 	6655
f 6683 	6672 	94
f 158 	170 	162
f 162 	170 	174
f 7567 	74 	60
f 5 	217 	176
f 7567 	179 	74
f 128 	1 	178
f 138 	2796 	177
f 175 	189 	180
f 178 	1 	44
f 178 	182 	128
f 163 	181 	164
f 163 	179 	181
f 181 	185 	164
f 37 	7 	184
f 44 	187 	178
f 178 	191 	182
f 188 	37 	184
f 189 	175 	186
f 187 	191 	178
f 171 	193 	159
f 189 	84 	180
f 195 	187 	56
f 56 	65 	195
f 159 	193 	184
f 193 	198 	184
f 184 	198 	188
f 197 	199 	190
f 186 	6648 	189
f 198 	327 	188
f 7581 	181 	179
f 6652 	84 	6651
f 189 	6649 	6651
f 196 	295 	166
f 754 	185 	181
f 229 	175 	39
f 175 	41 	39
f 7581 	754 	181
f 286 	193 	171
f 41 	175 	180
f 185 	757 	192
f 132 	182 	201
f 757 	761 	192
f 210 	213 	201
f 201 	213 	203
f 197 	255 	199
f 255 	287 	199
f 180 	84 	202
f 287 	200 	199
f 168 	211 	169
f 202 	84 	87
f 210 	201 	182
f 124 	212 	126
f 208 	211 	168
f 191 	210 	182
f 202 	87 	204
f 204 	87 	94
f 211 	214 	169
f 212 	124 	209
f 206 	204 	94
f 126 	212 	215
f 169 	214 	171
f 203 	219 	207
f 4489 	100 	92
f 213 	219 	203
f 217 	5 	148
f 92 	216 	4489
f 218 	6306 	222
f 6304 	6306 	218
f 220 	223 	130
f 142 	225 	148
f 4511 	4513 	111
f 191 	1013 	210
f 205 	164 	185
f 177 	174 	226
f 165 	225 	142
f 177 	228 	138
f 225 	230 	148
f 229 	39 	36
f 209 	205 	192
f 227 	229 	36
f 205 	185 	192
f 177 	226 	228
f 230 	217 	148
f 138 	228 	231
f 244 	212 	209
f 217 	232 	221
f 228 	247 	231
f 230 	232 	217
f 149 	207 	233
f 232 	234 	221
f 6308 	224 	222
f 111 	108 	4511
f 232 	4635 	234
f 153 	233 	236
f 78 	227 	224
f 248 	251 	220
f 227 	183 	229
f 207 	219 	239
f 220 	251 	223
f 78 	183 	227
f 186 	175 	229
f 239 	233 	207
f 183 	186 	229
f 239 	240 	233
f 226 	237 	242
f 244 	209 	192
f 237 	270 	242
f 192 	761 	244
f 237 	267 	270
f 233 	240 	236
f 225 	4624 	230
f 242 	228 	226
f 212 	246 	215
f 240 	269 	236
f 4624 	4629 	230
f 244 	246 	212
f 3255 	238 	243
f 247 	228 	242
f 219 	1101 	239
f 215 	248 	220
f 230 	4629 	232
f 231 	247 	249
f 219 	1022 	1101
f 232 	4629 	4635
f 248 	215 	246
f 239 	250 	240
f 235 	552 	267
f 235 	267 	237
f 253 	197 	194
f 252 	253 	194
f 197 	253 	255
f 236 	256 	156
f 253 	273 	255
f 236 	269 	256
f 167 	156 	256
f 256 	259 	167
f 133 	102 	152
f 133 	99 	102
f 208 	262 	211
f 152 	102 	104
f 176 	217 	221
f 4770 	262 	208
f 176 	221 	252
f 262 	266 	211
f 262 	278 	266
f 268 	252 	221
f 221 	234 	268
f 252 	268 	253
f 211 	266 	214
f 99 	265 	271
f 265 	281 	271
f 259 	256 	272
f 265 	279 	281
f 268 	273 	253
f 242 	274 	247
f 269 	272 	256
f 242 	270 	274
f 99 	271 	102
f 272 	275 	259
f 268 	324 	273
f 272 	288 	275
f 4770 	277 	262
f 234 	324 	268
f 259 	275 	263
f 275 	1723 	263
f 277 	278 	262
f 324 	328 	273
f 265 	5737 	279
f 280 	258 	2684
f 4657 	324 	234
f 270 	563 	5492
f 250 	282 	240
f 271 	283 	276
f 280 	261 	258
f 5492 	274 	270
f 271 	281 	283
f 241 	264 	261
f 240 	282 	269
f 276 	4030 	4021
f 241 	261 	280
f 269 	284 	272
f 264 	243 	238
f 241 	243 	264
f 282 	284 	269
f 279 	294 	281
f 214 	286 	171
f 284 	288 	272
f 193 	289 	198
f 281 	294 	300
f 436 	285 	291
f 200 	287 	290
f 286 	289 	193
f 281 	300 	283
f 289 	351 	198
f 301 	289 	286
f 291 	196 	436
f 290 	292 	420
f 250 	305 	282
f 295 	196 	291
f 198 	351 	327
f 282 	307 	284
f 266 	299 	214
f 305 	307 	282
f 266 	306 	299
f 298 	170 	166
f 214 	299 	286
f 298 	166 	295
f 294 	6039 	300
f 170 	298 	303
f 288 	308 	1739
f 299 	301 	286
f 1106 	305 	250
f 5970 	304 	294
f 303 	174 	170
f 6039 	294 	304
f 292 	290 	317
f 303 	226 	174
f 284 	308 	288
f 306 	266 	278
f 307 	308 	284
f 306 	309 	299
f 471 	306 	278
f 635 	640 	297
f 299 	309 	301
f 293 	520 	360
f 311 	287 	255
f 305 	310 	307
f 285 	584 	291
f 307 	312 	308
f 310 	312 	307
f 285 	581 	584
f 273 	311 	255
f 311 	313 	287
f 296 	321 	302
f 295 	314 	298
f 311 	333 	313
f 363 	321 	296
f 287 	313 	290
f 295 	589 	314
f 235 	298 	314
f 313 	317 	290
f 315 	134 	38
f 38 	188 	315
f 315 	319 	134
f 315 	329 	319
f 235 	303 	298
f 303 	237 	226
f 303 	235 	237
f 321 	326 	302
f 322 	358 	318
f 328 	311 	273
f 188 	327 	315
f 327 	329 	315
f 319 	331 	323
f 329 	331 	319
f 328 	333 	311
f 313 	335 	317
f 355 	238 	334
f 333 	335 	313
f 339 	382 	332
f 321 	363 	340
f 323 	338 	136
f 340 	363 	336
f 321 	3259 	326
f 4657 	4661 	324
f 338 	342 	150
f 3259 	321 	340
f 2664 	20 	316
f 324 	4661 	328
f 323 	345 	338
f 343 	344 	339
f 2817 	249 	5471
f 331 	345 	323
f 345 	346 	338
f 2817 	5471 	337
f 337 	26 	20
f 337 	5471 	26
f 338 	346 	342
f 483 	486 	257
f 257 	486 	260
f 12 	347 	81
f 345 	439 	346
f 12 	318 	347
f 353 	115 	82
f 348 	356 	359
f 349 	353 	82
f 351 	357 	327
f 289 	364 	351
f 350 	238 	355
f 351 	368 	357
f 4664 	4708 	333
f 358 	347 	318
f 327 	357 	329
f 347 	361 	349
f 333 	4708 	335
f 329 	362 	331
f 358 	361 	347
f 357 	362 	329
f 363 	296 	293
f 349 	1237 	353
f 360 	363 	293
f 5053 	335 	4708
f 361 	1237 	349
f 289 	301 	364
f 1237 	1238 	353
f 366 	358 	322
f 480 	264 	350
f 322 	332 	366
f 264 	238 	350
f 364 	368 	351
f 358 	369 	361
f 376 	356 	3134
f 365 	367 	7082
f 378 	384 	364
f 356 	383 	359
f 366 	369 	358
f 364 	384 	368
f 356 	376 	383
f 355 	334 	360
f 368 	372 	357
f 334 	336 	360
f 360 	336 	363
f 370 	390 	374
f 357 	372 	362
f 370 	387 	390
f 382 	385 	366
f 373 	376 	3134
f 372 	441 	362
f 379 	365 	190
f 190 	199 	379
f 373 	388 	392
f 378 	364 	301
f 373 	392 	376
f 365 	379 	367
f 367 	381 	371
f 301 	309 	378
f 379 	381 	367
f 332 	382 	366
f 369 	366 	385
f 1262 	369 	385
f 379 	200 	381
f 384 	389 	368
f 199 	200 	379
f 384 	378 	569
f 339 	391 	382
f 393 	377 	374
f 339 	344 	391
f 374 	390 	393
f 368 	389 	372
f 391 	395 	385
f 391 	385 	382
f 388 	404 	392
f 388 	402 	404
f 377 	396 	341
f 376 	392 	397
f 377 	393 	396
f 421 	395 	391
f 396 	155 	341
f 376 	397 	383
f 196 	155 	396
f 406 	397 	392
f 597 	389 	572
f 155 	158 	2900
f 371 	409 	394
f 362 	401 	331
f 362 	441 	401
f 331 	401 	345
f 394 	410 	398
f 409 	410 	394
f 410 	413 	398
f 398 	413 	399
f 396 	393 	436
f 406 	392 	404
f 381 	409 	371
f 196 	396 	436
f 245 	354 	352
f 408 	2684 	258
f 354 	414 	407
f 6776 	456 	411
f 414 	354 	245
f 414 	417 	407
f 344 	400 	418
f 412 	419 	387
f 381 	200 	420
f 380 	416 	386
f 418 	391 	344
f 200 	290 	420
f 418 	421 	391
f 416 	422 	386
f 420 	409 	381
f 419 	412 	415
f 409 	423 	410
f 387 	419 	425
f 420 	423 	409
f 410 	426 	413
f 423 	426 	410
f 430 	418 	400
f 425 	390 	387
f 31 	486 	424
f 390 	425 	432
f 430 	400 	403
f 404 	402 	443
f 430 	434 	418
f 420 	292 	423
f 430 	449 	434
f 390 	432 	393
f 447 	449 	430
f 424 	417 	218
f 418 	434 	421
f 436 	393 	432
f 434 	437 	421
f 223 	427 	130
f 439 	345 	401
f 292 	297 	423
f 447 	403 	411
f 415 	912 	419
f 423 	297 	426
f 403 	447 	430
f 912 	915 	419
f 402 	440 	443
f 401 	442 	439
f 441 	442 	401
f 440 	458 	464
f 440 	464 	443
f 449 	600 	434
f 436 	432 	285
f 434 	600 	437
f 372 	446 	441
f 411 	456 	447
f 458 	440 	438
f 389 	446 	372
f 445 	465 	448
f 446 	450 	441
f 457 	465 	445
f 441 	450 	442
f 461 	449 	447
f 449 	604 	600
f 461 	604 	449
f 452 	457 	444
f 389 	597 	446
f 598 	450 	446
f 458 	438 	454
f 456 	461 	447
f 444 	457 	445
f 458 	476 	464
f 277 	467 	278
f 466 	469 	456
f 435 	433 	632
f 467 	471 	278
f 632 	636 	435
f 467 	479 	471
f 454 	468 	473
f 456 	469 	461
f 306 	474 	309
f 473 	458 	454
f 471 	474 	306
f 474 	567 	309
f 476 	458 	473
f 309 	567 	378
f 218 	222 	424
f 424 	222 	31
f 254 	483 	257
f 254 	407 	483
f 468 	489 	473
f 482 	493 	485
f 416 	408 	422
f 405 	408 	416
f 483 	424 	486
f 408 	258 	422
f 477 	422 	258
f 480 	477 	261
f 486 	488 	260
f 472 	470 	522
f 258 	261 	477
f 489 	468 	499
f 261 	264 	480
f 407 	417 	483
f 417 	424 	483
f 465 	491 	448
f 31 	488 	486
f 478 	497 	501
f 491 	482 	448
f 31 	33 	488
f 478 	501 	481
f 494 	380 	375
f 491 	493 	482
f 481 	412 	484
f 493 	495 	485
f 492 	494 	375
f 484 	387 	370
f 416 	380 	494
f 484 	412 	387
f 475 	497 	478
f 485 	495 	487
f 451 	701 	453
f 475 	526 	497
f 820 	491 	465
f 497 	503 	501
f 497 	502 	503
f 254 	496 	5428
f 492 	2691 	494
f 500 	254 	5428
f 491 	824 	493
f 498 	511 	516
f 254 	257 	496
f 481 	501 	412
f 820 	824 	491
f 498 	516 	499
f 521 	489 	499
f 405 	494 	2691
f 493 	829 	495
f 354 	407 	500
f 405 	416 	494
f 500 	407 	254
f 501 	415 	412
f 829 	1089 	495
f 501 	503 	415
f 414 	6440 	417
f 218 	417 	6440
f 973 	544 	546
f 470 	5094 	517
f 462 	460 	591
f 515 	533 	519
f 522 	470 	517
f 521 	499 	516
f 350 	355 	514
f 517 	532 	522
f 514 	355 	520
f 6902 	489 	521
f 591 	593 	462
f 517 	529 	532
f 472 	526 	475
f 472 	522 	526
f 527 	511 	507
f 477 	480 	504
f 527 	507 	524
f 509 	504 	480
f 511 	527 	531
f 529 	517 	5143
f 528 	515 	573
f 530 	518 	487
f 350 	514 	509
f 528 	533 	515
f 480 	350 	509
f 495 	530 	487
f 511 	531 	516
f 530 	535 	518
f 516 	536 	521
f 522 	532 	537
f 516 	531 	536
f 533 	534 	519
f 518 	535 	523
f 355 	360 	520
f 522 	537 	526
f 526 	502 	497
f 523 	539 	550
f 526 	537 	502
f 535 	539 	523
f 495 	1089 	530
f 1060 	537 	532
f 532 	1056 	1060
f 528 	549 	533
f 540 	538 	520
f 533 	554 	534
f 540 	293 	541
f 425 	419 	915
f 916 	432 	425
f 285 	432 	916
f 545 	528 	525
f 543 	545 	525
f 545 	549 	528
f 514 	520 	538
f 508 	1275 	510
f 552 	235 	314
f 314 	547 	552
f 553 	544 	995
f 533 	549 	554
f 293 	540 	520
f 293 	296 	541
f 550 	553 	995
f 513 	512 	1381
f 541 	296 	542
f 543 	612 	7554
f 467 	3343 	479
f 296 	302 	542
f 557 	474 	471
f 7554 	7555 	543
f 547 	556 	558
f 302 	913 	542
f 479 	557 	471
f 556 	668 	558
f 543 	7555 	545
f 966 	551 	548
f 551 	966 	970
f 547 	558 	552
f 560 	267 	552
f 552 	558 	560
f 267 	563 	270
f 267 	560 	563
f 479 	3352 	557
f 555 	660 	664
f 664 	556 	555
f 561 	586 	564
f 565 	585 	568
f 567 	569 	378
f 569 	572 	384
f 569 	583 	572
f 384 	572 	389
f 574 	559 	386
f 386 	422 	574
f 474 	557 	576
f 570 	594 	575
f 559 	574 	562
f 570 	592 	594
f 459 	587 	460
f 562 	574 	504
f 474 	576 	567
f 576 	579 	567
f 587 	591 	460
f 576 	615 	579
f 562 	504 	566
f 567 	579 	569
f 575 	596 	580
f 463 	462 	593
f 579 	583 	569
f 577 	11 	582
f 608 	566 	509
f 463 	601 	505
f 504 	509 	566
f 582 	565 	645
f 557 	614 	576
f 574 	477 	504
f 459 	709 	587
f 582 	585 	565
f 291 	584 	589
f 477 	574 	422
f 568 	588 	571
f 576 	614 	615
f 564 	592 	570
f 585 	588 	568
f 564 	586 	592
f 588 	525 	571
f 579 	620 	583
f 588 	543 	525
f 573 	571 	525
f 590 	608 	595
f 596 	575 	594
f 525 	528 	573
f 580 	596 	599
f 597 	598 	446
f 463 	593 	601
f 598 	1631 	450
f 580 	599 	548
f 600 	603 	437
f 505 	601 	1268
f 572 	605 	597
f 583 	605 	572
f 597 	606 	598
f 604 	607 	600
f 606 	597 	605
f 506 	505 	1268
f 566 	590 	1906
f 685 	594 	592
f 1906 	562 	566
f 1271 	508 	506
f 590 	566 	608
f 588 	612 	543
f 600 	607 	603
f 649 	9 	577
f 607 	609 	603
f 596 	594 	688
f 1275 	508 	1271
f 589 	295 	291
f 595 	538 	602
f 9 	11 	577
f 610 	585 	582
f 608 	538 	595
f 538 	540 	602
f 469 	611 	461
f 578 	619 	581
f 602 	540 	972
f 610 	582 	11
f 578 	616 	619
f 610 	612 	585
f 581 	619 	624
f 581 	624 	584
f 972 	540 	541
f 585 	612 	588
f 553 	613 	544
f 584 	627 	589
f 591 	1485 	593
f 553 	622 	613
f 584 	624 	627
f 593 	1489 	601
f 509 	514 	608
f 544 	613 	546
f 11 	39 	610
f 608 	514 	538
f 612 	610 	41
f 314 	589 	547
f 39 	41 	610
f 613 	3569 	546
f 41 	7554 	612
f 550 	539 	618
f 539 	1134 	618
f 427 	223 	621
f 615 	620 	579
f 618 	553 	550
f 280 	617 	241
f 515 	519 	6811
f 427 	621 	428
f 428 	623 	429
f 618 	622 	553
f 623 	428 	621
f 519 	625 	6813
f 519 	534 	625
f 626 	429 	623
f 539 	1095 	1134
f 614 	3501 	615
f 3506 	620 	615
f 429 	626 	431
f 1134 	1136 	618
f 431 	628 	433
f 3506 	3517 	620
f 618 	1136 	622
f 628 	431 	626
f 620 	630 	583
f 547 	589 	627
f 620 	3517 	630
f 583 	630 	605
f 547 	627 	556
f 605 	633 	606
f 630 	633 	605
f 628 	632 	433
f 635 	297 	292
f 651 	616 	1043
f 638 	633 	630
f 635 	292 	317
f 632 	628 	724
f 616 	651 	641
f 435 	636 	451
f 616 	641 	619
f 619 	644 	624
f 636 	701 	451
f 619 	641 	644
f 624 	644 	627
f 555 	627 	644
f 634 	496 	257
f 627 	555 	556
f 634 	260 	639
f 621 	666 	623
f 257 	260 	634
f 649 	639 	260
f 641 	729 	734
f 629 	712 	3301
f 639 	649 	643
f 641 	734 	644
f 643 	577 	645
f 649 	577 	643
f 317 	335 	653
f 577 	582 	645
f 628 	626 	672
f 649 	260 	488
f 653 	635 	317
f 635 	654 	640
f 636 	632 	725
f 653 	654 	635
f 654 	657 	640
f 461 	611 	604
f 607 	604 	659
f 611 	659 	604
f 607 	661 	609
f 659 	661 	607
f 646 	640 	657
f 644 	734 	555
f 657 	663 	646
f 5060 	657 	654
f 674 	677 	658
f 621 	825 	666
f 658 	677 	662
f 646 	663 	648
f 669 	626 	623
f 668 	556 	664
f 5053 	653 	335
f 558 	670 	560
f 666 	669 	623
f 665 	739 	667
f 736 	739 	665
f 626 	669 	672
f 558 	668 	670
f 302 	671 	913
f 5056 	5060 	654
f 724 	628 	672
f 326 	330 	671
f 609 	661 	675
f 661 	776 	675
f 664 	678 	668
f 666 	832 	669
f 629 	689 	677
f 586 	788 	682
f 302 	326 	671
f 586 	682 	592
f 671 	330 	674
f 696 	700 	681
f 678 	698 	5658
f 674 	712 	677
f 685 	592 	682
f 673 	687 	676
f 330 	712 	674
f 688 	594 	685
f 712 	629 	677
f 683 	687 	673
f 681 	700 	684
f 686 	1706 	852
f 648 	693 	680
f 1813 	667 	679
f 663 	693 	648
f 679 	694 	683
f 680 	696 	681
f 848 	855 	672
f 660 	698 	664
f 679 	667 	694
f 693 	696 	680
f 660 	692 	698
f 694 	699 	683
f 678 	664 	698
f 696 	5162 	700
f 701 	704 	453
f 699 	687 	683
f 690 	706 	692
f 1689 	708 	697
f 699 	707 	687
f 453 	704 	455
f 662 	677 	689
f 455 	709 	459
f 690 	703 	706
f 708 	1689 	705
f 692 	706 	710
f 689 	629 	631
f 704 	709 	455
f 708 	711 	697
f 689 	631 	691
f 667 	768 	694
f 695 	691 	637
f 708 	719 	711
f 692 	710 	698
f 697 	711 	702
f 637 	691 	631
f 637 	642 	695
f 728 	701 	636
f 696 	5157 	5162
f 701 	730 	704
f 700 	5162 	5257
f 730 	701 	728
f 713 	716 	705
f 704 	1479 	709
f 452 	7130 	715
f 703 	1409 	706
f 708 	705 	716
f 716 	719 	708
f 593 	1485 	1489
f 741 	652 	650
f 652 	806 	655
f 632 	724 	725
f 636 	725 	728
f 959 	716 	713
f 729 	641 	651
f 651 	726 	729
f 719 	964 	1913
f 730 	1479 	704
f 860 	862 	722
f 1722 	730 	728
f 6133 	733 	647
f 466 	735 	469
f 587 	709 	1480
f 733 	737 	647
f 660 	555 	734
f 665 	1823 	736
f 709 	1479 	1480
f 7060 	755 	735
f 733 	749 	737
f 748 	749 	733
f 724 	672 	855
f 650 	647 	737
f 768 	667 	739
f 855 	861 	724
f 724 	861 	725
f 737 	741 	650
f 735 	744 	469
f 1719 	1722 	728
f 741 	806 	652
f 469 	744 	611
f 743 	746 	736
f 690 	734 	729
f 744 	747 	611
f 731 	745 	732
f 748 	733 	6373
f 758 	690 	729
f 735 	755 	744
f 734 	690 	692
f 744 	759 	747
f 731 	1070 	745
f 734 	692 	660
f 611 	747 	659
f 732 	745 	750
f 659 	753 	661
f 736 	746 	739
f 737 	752 	741
f 747 	753 	659
f 749 	752 	737
f 732 	750 	738
f 756 	723 	751
f 738 	750 	769
f 723 	756 	726
f 754 	757 	185
f 726 	758 	729
f 7130 	399 	715
f 755 	759 	744
f 726 	756 	758
f 715 	760 	452
f 738 	769 	742
f 740 	900 	743
f 747 	762 	753
f 759 	762 	747
f 452 	760 	457
f 760 	763 	457
f 246 	244 	764
f 1070 	888 	745
f 760 	777 	763
f 727 	721 	3031
f 890 	750 	745
f 244 	761 	764
f 766 	246 	764
f 760 	715 	775
f 246 	766 	248
f 771 	561 	742
f 248 	770 	251
f 742 	769 	771
f 768 	772 	694
f 760 	775 	777
f 771 	586 	561
f 759 	773 	762
f 780 	720 	768
f 770 	248 	766
f 772 	768 	720
f 770 	830 	251
f 774 	399 	413
f 772 	699 	694
f 399 	774 	715
f 772 	714 	699
f 776 	661 	753
f 774 	775 	715
f 251 	830 	825
f 776 	778 	675
f 707 	699 	714
f 769 	786 	771
f 714 	1042 	707
f 774 	413 	779
f 788 	586 	771
f 746 	780 	739
f 413 	426 	779
f 746 	910 	780
f 776 	753 	782
f 780 	768 	739
f 750 	781 	769
f 782 	753 	762
f 786 	769 	781
f 782 	785 	776
f 802 	764 	761
f 766 	764 	805
f 784 	787 	748
f 781 	793 	786
f 802 	805 	764
f 776 	785 	778
f 766 	808 	770
f 720 	722 	772
f 805 	808 	766
f 948 	695 	789
f 748 	787 	749
f 771 	786 	788
f 772 	722 	714
f 787 	790 	749
f 754 	792 	757
f 826 	782 	762
f 752 	749 	790
f 779 	783 	774
f 792 	754 	7586
f 790 	823 	752
f 757 	792 	796
f 791 	718 	795
f 774 	783 	775
f 775 	797 	777
f 778 	798 	1594
f 840 	787 	784
f 783 	797 	775
f 795 	801 	1204
f 757 	796 	761
f 840 	842 	787
f 796 	802 	761
f 787 	842 	790
f 811 	799 	2480
f 810 	813 	800
f 800 	813 	803
f 785 	807 	778
f 695 	642 	789
f 789 	717 	791
f 778 	807 	798
f 642 	717 	789
f 798 	810 	800
f 806 	809 	655
f 807 	810 	798
f 799 	812 	804
f 718 	791 	717
f 718 	721 	795
f 811 	812 	799
f 752 	814 	741
f 795 	721 	801
f 803 	858 	849
f 721 	727 	801
f 813 	858 	803
f 741 	814 	806
f 814 	815 	806
f 763 	465 	457
f 763 	820 	465
f 2550 	817 	811
f 836 	810 	807
f 809 	806 	815
f 763 	833 	820
f 811 	817 	821
f 815 	896 	809
f 818 	822 	819
f 814 	752 	823
f 825 	621 	223
f 811 	821 	812
f 762 	773 	826
f 223 	251 	825
f 823 	827 	814
f 782 	828 	785
f 829 	493 	824
f 826 	828 	782
f 834 	785 	828
f 835 	838 	824
f 814 	827 	815
f 824 	838 	829
f 4237 	817 	2559
f 826 	773 	445
f 825 	831 	666
f 773 	444 	445
f 445 	448 	826
f 830 	831 	825
f 831 	832 	666
f 826 	448 	828
f 763 	777 	833
f 790 	869 	823
f 448 	482 	828
f 727 	816 	801
f 785 	834 	807
f 835 	824 	820
f 727 	765 	816
f 765 	818 	816
f 833 	835 	820
f 848 	672 	669
f 834 	836 	807
f 822 	818 	767
f 836 	839 	810
f 767 	818 	765
f 810 	839 	813
f 840 	784 	837
f 838 	1098 	829
f 797 	843 	777
f 828 	482 	834
f 847 	840 	837
f 482 	485 	834
f 880 	831 	830
f 834 	485 	836
f 777 	843 	833
f 843 	845 	833
f 869 	790 	842
f 836 	487 	839
f 831 	885 	832
f 485 	487 	836
f 487 	518 	839
f 844 	882 	841
f 833 	845 	835
f 835 	851 	838
f 846 	847 	837
f 845 	851 	835
f 847 	853 	840
f 832 	848 	669
f 849 	852 	1706
f 780 	856 	720
f 855 	848 	894
f 840 	853 	842
f 910 	856 	780
f 849 	859 	852
f 720 	860 	722
f 905 	845 	843
f 858 	859 	849
f 860 	720 	856
f 867 	860 	856
f 1719 	728 	725
f 957 	847 	846
f 297 	863 	426
f 297 	640 	863
f 426 	863 	779
f 856 	910 	864
f 779 	865 	783
f 863 	865 	779
f 864 	867 	856
f 713 	686 	866
f 865 	868 	783
f 864 	883 	867
f 827 	823 	870
f 882 	883 	864
f 786 	871 	788
f 823 	869 	870
f 860 	873 	862
f 786 	793 	871
f 751 	1311 	872
f 788 	871 	1018
f 860 	867 	873
f 751 	874 	756
f 875 	830 	770
f 853 	876 	842
f 872 	874 	751
f 756 	874 	878
f 857 	907 	877
f 842 	876 	869
f 808 	875 	770
f 788 	1018 	682
f 876 	879 	869
f 830 	875 	880
f 864 	841 	882
f 1099 	1103 	875
f 756 	878 	758
f 879 	870 	869
f 875 	1103 	880
f 703 	758 	878
f 879 	931 	870
f 878 	1406 	703
f 880 	885 	831
f 703 	690 	758
f 867 	886 	873
f 853 	985 	876
f 989 	879 	876
f 883 	886 	867
f 1066 	2345 	887
f 886 	1078 	873
f 885 	891 	832
f 745 	888 	890
f 750 	890 	781
f 832 	891 	848
f 888 	893 	890
f 891 	894 	848
f 878 	1405 	1406
f 890 	893 	895
f 896 	892 	809
f 883 	983 	886
f 1056 	532 	529
f 890 	895 	781
f 895 	793 	781
f 881 	935 	884
f 808 	1099 	875
f 896 	897 	892
f 893 	1130 	950
f 1067 	502 	537
f 899 	896 	815
f 783 	868 	797
f 827 	899 	815
f 899 	902 	896
f 898 	900 	740
f 843 	797 	901
f 743 	900 	903
f 868 	901 	797
f 896 	902 	897
f 901 	905 	843
f 901 	681 	905
f 680 	681 	901
f 743 	903 	746
f 902 	906 	897
f 903 	910 	746
f 845 	911 	851
f 908 	415 	503
f 1054 	802 	796
f 905 	911 	845
f 912 	415 	908
f 911 	1184 	851
f 908 	927 	912
f 975 	542 	904
f 827 	921 	899
f 541 	542 	975
f 899 	922 	902
f 904 	913 	907
f 900 	898 	914
f 542 	913 	904
f 425 	915 	916
f 898 	794 	914
f 913 	917 	907
f 922 	925 	902
f 914 	919 	900
f 863 	646 	865
f 640 	646 	863
f 928 	932 	914
f 870 	921 	827
f 907 	917 	909
f 646 	648 	865
f 914 	932 	919
f 935 	909 	658
f 865 	648 	868
f 903 	900 	919
f 868 	680 	901
f 903 	841 	910
f 1072 	920 	924
f 922 	899 	921
f 648 	680 	868
f 917 	658 	909
f 919 	841 	903
f 906 	902 	925
f 841 	864 	910
f 681 	684 	905
f 927 	908 	924
f 928 	914 	794
f 913 	671 	917
f 905 	684 	911
f 912 	929 	915
f 936 	940 	925
f 684 	937 	911
f 794 	804 	928
f 870 	931 	921
f 912 	927 	929
f 911 	937 	1184
f 671 	674 	917
f 926 	943 	930
f 915 	929 	578
f 917 	674 	658
f 928 	1004 	932
f 931 	933 	921
f 578 	929 	616
f 930 	934 	918
f 909 	935 	881
f 915 	578 	916
f 921 	933 	922
f 932 	844 	919
f 916 	581 	285
f 933 	936 	922
f 918 	934 	960
f 916 	578 	581
f 884 	938 	887
f 919 	844 	841
f 925 	922 	936
f 935 	938 	884
f 938 	941 	887
f 937 	939 	1184
f 938 	689 	941
f 928 	999 	1004
f 887 	941 	889
f 943 	946 	934
f 941 	944 	889
f 932 	945 	844
f 934 	930 	943
f 946 	947 	934
f 933 	931 	1185
f 924 	920 	951
f 936 	1216 	940
f 920 	949 	951
f 658 	662 	935
f 924 	951 	953
f 935 	662 	938
f 951 	1129 	953
f 951 	1127 	1129
f 689 	938 	662
f 953 	927 	924
f 941 	691 	944
f 956 	5807 	551
f 954 	957 	846
f 852 	866 	686
f 954 	969 	957
f 689 	691 	941
f 866 	959 	713
f 965 	969 	954
f 955 	961 	945
f 691 	695 	944
f 968 	973 	866
f 962 	853 	847
f 866 	973 	959
f 944 	695 	948
f 957 	962 	847
f 962 	985 	853
f 716 	964 	719
f 93 	98 	965
f 959 	964 	716
f 966 	548 	599
f 965 	954 	93
f 859 	968 	852
f 982 	963 	960
f 957 	971 	962
f 852 	968 	866
f 969 	971 	957
f 4456 	955 	952
f 968 	544 	973
f 956 	551 	970
f 975 	854 	850
f 976 	965 	98
f 959 	977 	964
f 98 	109 	976
f 992 	996 	967
f 850 	972 	975
f 961 	4461 	4493
f 973 	977 	959
f 965 	978 	969
f 967 	996 	974
f 976 	978 	965
f 945 	979 	844
f 969 	980 	971
f 854 	975 	904
f 958 	6419 	6412
f 882 	844 	979
f 978 	980 	969
f 981 	883 	882
f 970 	966 	6438
f 904 	857 	854
f 934 	982 	960
f 882 	979 	981
f 973 	546 	977
f 981 	983 	883
f 857 	904 	907
f 1138 	978 	976
f 992 	967 	963
f 858 	813 	984
f 909 	881 	877
f 596 	988 	599
f 877 	907 	909
f 984 	813 	839
f 984 	986 	858
f 945 	961 	979
f 984 	523 	986
f 979 	987 	981
f 985 	989 	876
f 858 	986 	859
f 979 	961 	987
f 991 	994 	985
f 596 	688 	988
f 981 	990 	983
f 985 	994 	989
f 982 	934 	947
f 987 	990 	981
f 839 	518 	984
f 975 	972 	541
f 990 	6273 	983
f 988 	3420 	3399
f 947 	1011 	982
f 962 	991 	985
f 518 	523 	984
f 971 	991 	962
f 523 	550 	986
f 688 	685 	1005
f 995 	986 	550
f 859 	995 	968
f 982 	992 	963
f 986 	995 	859
f 4493 	987 	961
f 688 	3420 	988
f 987 	4328 	990
f 992 	1014 	996
f 995 	544 	968
f 804 	812 	999
f 996 	1001 	974
f 999 	928 	804
f 1000 	685 	682
f 980 	1003 	971
f 980 	1162 	1003
f 945 	932 	1004
f 1006 	999 	812
f 971 	1003 	991
f 1000 	1005 	685
f 812 	821 	1006
f 994 	991 	1007
f 3420 	688 	1005
f 952 	1004 	999
f 700 	1008 	684
f 1235 	1002 	117
f 1006 	952 	999
f 952 	955 	1004
f 684 	1008 	937
f 1004 	955 	945
f 1235 	1314 	1002
f 937 	1009 	939
f 1204 	998 	997
f 1010 	191 	187
f 821 	4242 	1006
f 1008 	1009 	937
f 187 	195 	1010
f 4451 	1006 	4242
f 939 	1012 	942
f 1005 	1000 	3439
f 992 	982 	1011
f 1013 	191 	1010
f 1009 	1012 	939
f 1012 	1017 	942
f 1011 	1014 	992
f 682 	1018 	1000
f 1014 	1019 	996
f 1016 	2672 	656
f 1013 	1020 	210
f 1035 	793 	895
f 1013 	1077 	1020
f 210 	1020 	213
f 996 	1019 	1001
f 656 	676 	1028
f 700 	5257 	1008
f 213 	1022 	219
f 1020 	1022 	213
f 1008 	5258 	1009
f 656 	1028 	1016
f 5257 	5258 	1008
f 5263 	1012 	1009
f 1026 	871 	793
f 1013 	1010 	1075
f 1075 	1077 	1013
f 1026 	3494 	871
f 65 	112 	1029
f 1035 	3540 	1026
f 65 	1029 	195
f 676 	687 	1031
f 1010 	195 	1030
f 895 	893 	1032
f 1021 	819 	1023
f 1029 	1030 	195
f 1031 	1028 	676
f 1032 	893 	950
f 1023 	1362 	1025
f 1075 	1010 	1030
f 1032 	1035 	895
f 1362 	1367 	1025
f 1025 	1367 	1027
f 1026 	793 	1035
f 112 	1036 	1029
f 707 	1031 	687
f 950 	1260 	1552
f 1002 	1036 	112
f 1036 	1038 	1029
f 1031 	707 	1024
f 1030 	1029 	1038
f 1024 	707 	1042
f 1041 	1074 	1039
f 1315 	1038 	1036
f 3532 	1035 	1032
f 927 	953 	1043
f 1035 	3532 	3540
f 927 	1043 	929
f 1042 	2132 	1024
f 1314 	1036 	1002
f 1045 	1042 	714
f 1034 	1033 	1051
f 714 	722 	1045
f 1043 	616 	929
f 1034 	1055 	1037
f 1042 	2135 	2132
f 808 	805 	1065
f 1051 	1055 	1034
f 1045 	2135 	1042
f 722 	862 	1045
f 949 	1127 	951
f 808 	1065 	1099
f 1057 	3975 	1040
f 1074 	1041 	1116
f 1041 	993 	1116
f 1107 	885 	880
f 953 	1131 	1043
f 1103 	1107 	880
f 1041 	1195 	993
f 953 	1129 	1131
f 1050 	796 	792
f 1048 	1051 	1033
f 942 	1017 	1048
f 1118 	993 	997
f 1048 	1063 	1051
f 1120 	998 	1124
f 529 	1052 	1056
f 1050 	1054 	796
f 983 	6273 	1053
f 1037 	1057 	1040
f 1058 	802 	1054
f 1055 	1057 	1037
f 1052 	1091 	1056
f 6273 	6275 	1053
f 1054 	1079 	1058
f 1044 	1059 	1046
f 1039 	889 	944
f 1046 	1062 	1047
f 1046 	1059 	1062
f 802 	1058 	805
f 944 	948 	1039
f 1065 	805 	1058
f 1047 	1064 	1049
f 1045 	862 	1061
f 537 	1060 	1067
f 1058 	1080 	1065
f 1017 	1063 	1048
f 1047 	1062 	1064
f 1079 	1080 	1058
f 1063 	1069 	1051
f 1049 	1064 	1070
f 862 	873 	1071
f 1072 	503 	502
f 1051 	1069 	1055
f 502 	1067 	1072
f 1049 	1070 	731
f 1071 	1061 	862
f 908 	503 	1072
f 1055 	1073 	1057
f 974 	1001 	1050
f 1078 	1071 	873
f 1001 	1076 	1050
f 1069 	1073 	1055
f 1078 	6159 	1071
f 1076 	1054 	1050
f 1075 	1083 	1077
f 1076 	1079 	1054
f 1056 	1094 	1060
f 1020 	1081 	1022
f 1060 	1097 	1067
f 1077 	1081 	1020
f 5339 	1063 	1017
f 1053 	1078 	886
f 1038 	1082 	1030
f 886 	983 	1053
f 920 	1072 	1067
f 1030 	1082 	1075
f 1072 	924 	908
f 1128 	1099 	1065
f 1082 	1083 	1075
f 1069 	5287 	1073
f 1083 	1086 	1077
f 1192 	1076 	1001
f 1059 	1084 	1088
f 1077 	1086 	1081
f 1052 	1085 	1091
f 1019 	1192 	1001
f 530 	1092 	535
f 1059 	1088 	1062
f 1076 	1196 	1079
f 1109 	1062 	1088
f 1089 	1092 	530
f 1079 	1201 	1080
f 1082 	1348 	1083
f 535 	1095 	539
f 1196 	1201 	1079
f 1094 	1056 	1091
f 1092 	1095 	535
f 1083 	1353 	1086
f 1096 	1087 	1509
f 1097 	1060 	1094
f 1509 	1093 	1096
f 829 	1098 	1089
f 1096 	1100 	1087
f 1067 	1097 	920
f 1098 	1102 	1089
f 1101 	250 	239
f 1087 	1100 	1090
f 1104 	1101 	1022
f 1099 	1132 	1103
f 1115 	1119 	1098
f 1100 	1105 	1090
f 1128 	1132 	1099
f 1098 	1119 	1102
f 1022 	1081 	1104
f 1104 	1106 	1101
f 1089 	1102 	1092
f 1102 	1108 	1092
f 1088 	1121 	1109
f 250 	1101 	1106
f 1062 	1109 	1064
f 1110 	891 	885
f 1064 	1111 	1070
f 1092 	1108 	1095
f 1109 	1111 	1064
f 1104 	1081 	1112
f 1107 	1110 	885
f 1086 	1112 	1081
f 1111 	888 	1070
f 1110 	2254 	891
f 1068 	1039 	1074
f 1142 	1091 	1085
f 1256 	1096 	1093
f 1115 	1098 	838
f 1117 	1084 	1114
f 891 	2254 	894
f 851 	1115 	838
f 1147 	1094 	1091
f 1096 	1259 	1100
f 1094 	1147 	1154
f 1096 	1256 	1259
f 1094 	1154 	1097
f 1088 	1084 	1117
f 949 	920 	1097
f 1121 	1088 	1117
f 949 	1097 	1154
f 1102 	1122 	1108
f 1119 	1122 	1102
f 1109 	1121 	1126
f 1127 	949 	1123
f 851 	1184 	1115
f 1121 	1258 	1126
f 1125 	1174 	1151
f 1109 	1126 	1111
f 1080 	1128 	1065
f 884 	887 	2345
f 1111 	1130 	888
f 887 	889 	1066
f 1111 	1126 	1130
f 1119 	1187 	1122
f 1130 	893 	888
f 1066 	889 	1068
f 1003 	1007 	991
f 651 	1043 	1131
f 1247 	1114 	1223
f 889 	1039 	1068
f 1123 	1295 	1127
f 1135 	1105 	1133
f 980 	1159 	1162
f 1250 	1117 	1114
f 1141 	1134 	1095
f 1003 	1167 	1007
f 1134 	1143 	1136
f 1162 	1167 	1003
f 1141 	1143 	1134
f 1116 	993 	1118
f 1120 	1118 	997
f 109 	1138 	976
f 1131 	726 	651
f 1136 	1137 	622
f 1138 	1140 	978
f 997 	998 	1120
f 1108 	1141 	1095
f 1142 	1085 	1139
f 1156 	1163 	1135
f 147 	151 	1146
f 1091 	1142 	1147
f 1146 	1138 	147
f 1142 	1166 	1147
f 1143 	1149 	1136
f 1140 	1138 	1150
f 1146 	1150 	1138
f 1142 	1161 	1166
f 1150 	1152 	1140
f 1146 	151 	1284
f 1143 	1173 	1149
f 1136 	1149 	1137
f 1153 	1156 	1133
f 1150 	1293 	1152
f 1153 	1178 	1156
f 1140 	1159 	978
f 978 	1159 	980
f 1133 	1156 	1135
f 1108 	1160 	1141
f 1139 	1161 	1142
f 1165 	1144 	1164
f 1122 	1160 	1108
f 1160 	1169 	1141
f 1132 	1170 	1103
f 1144 	1165 	1145
f 1169 	1143 	1141
f 1145 	1165 	1172
f 1169 	1173 	1143
f 1159 	1140 	1152
f 1107 	1103 	1170
f 1152 	1175 	1159
f 1170 	1176 	1107
f 1174 	1153 	1151
f 1159 	1175 	1162
f 1145 	1172 	1044
f 1179 	1154 	1147
f 1175 	1180 	1162
f 1172 	1059 	1044
f 1174 	1178 	1153
f 1179 	1147 	1166
f 1173 	3841 	1149
f 1180 	1167 	1162
f 1154 	1179 	1123
f 1178 	1182 	1156
f 1157 	1164 	1144
f 1124 	998 	1015
f 1157 	1181 	1164
f 1180 	1249 	1167
f 1107 	1176 	1110
f 1156 	1182 	1163
f 1148 	1124 	1015
f 1182 	656 	1163
f 1015 	1021 	1148
f 1188 	1191 	1165
f 1148 	1021 	1155
f 1175 	1323 	1180
f 1202 	1128 	1080
f 1169 	1037 	1173
f 1037 	1040 	1173
f 1182 	676 	656
f 1172 	1191 	1084
f 1023 	1158 	1155
f 1173 	1040 	3841
f 1183 	931 	879
f 1172 	1084 	1059
f 1021 	1023 	1155
f 879 	989 	1183
f 1023 	1025 	1158
f 1206 	1132 	1128
f 1168 	1158 	1025
f 1125 	1841 	1174
f 1186 	1119 	1115
f 1027 	1171 	1168
f 1841 	1855 	1174
f 1170 	1132 	1211
f 1025 	1027 	1168
f 1183 	1185 	931
f 1184 	1186 	1115
f 1174 	1855 	1178
f 1185 	1215 	933
f 1186 	1187 	1119
f 1189 	1164 	1181
f 1194 	1185 	1183
f 1165 	1164 	1188
f 1164 	1189 	1188
f 989 	994 	1190
f 1033 	1160 	1122
f 948 	1041 	1039
f 1033 	1122 	1187
f 1190 	1183 	989
f 1190 	1194 	1183
f 1188 	1223 	1191
f 1172 	1165 	1191
f 1160 	1034 	1169
f 1192 	1196 	1076
f 1033 	1034 	1160
f 1037 	1169 	1034
f 1041 	948 	1195
f 1194 	1224 	1185
f 1195 	1200 	993
f 1207 	1194 	1190
f 1184 	939 	1186
f 1185 	1224 	1215
f 993 	1200 	997
f 1212 	1214 	1193
f 1181 	1199 	1189
f 1186 	939 	942
f 1190 	994 	1203
f 1200 	1204 	997
f 1186 	942 	1187
f 1193 	1214 	1197
f 1201 	1202 	1080
f 1187 	1048 	1033
f 1214 	1220 	1197
f 994 	1007 	1203
f 942 	1048 	1187
f 1202 	1206 	1128
f 1203 	1207 	1190
f 1204 	1205 	998
f 1203 	1245 	1207
f 1195 	948 	789
f 791 	1200 	1195
f 1188 	1219 	1223
f 1211 	1132 	1206
f 789 	791 	1195
f 791 	795 	1200
f 1084 	1191 	1114
f 1203 	1241 	1245
f 1200 	795 	1204
f 2388 	1170 	1211
f 1198 	1231 	1199
f 801 	1205 	1204
f 1198 	1229 	1231
f 1104 	1113 	1106
f 933 	1215 	936
f 1112 	1113 	1104
f 1113 	1217 	1106
f 1219 	1189 	1218
f 1189 	1199 	1218
f 1232 	1214 	1212
f 1228 	1242 	1210
f 1214 	1236 	1220
f 1232 	1236 	1214
f 1215 	1216 	936
f 1242 	1213 	1210
f 305 	1106 	1217
f 1217 	310 	305
f 4611 	1201 	1196
f 1189 	1219 	1188
f 1461 	1464 	1112
f 1464 	1113 	1112
f 1215 	1226 	1216
f 1221 	1227 	1209
f 1224 	1226 	1215
f 1208 	1228 	1210
f 1191 	1223 	1114
f 1225 	1228 	1208
f 1206 	4637 	4639
f 1194 	1230 	1224
f 1212 	1209 	1227
f 1207 	1230 	1194
f 1228 	1254 	1242
f 1227 	1232 	1212
f 1230 	1233 	1224
f 1252 	1254 	1228
f 353 	1234 	115
f 1221 	1933 	1227
f 353 	1238 	1234
f 1369 	512 	510
f 1234 	117 	115
f 1227 	1933 	1935
f 1199 	1231 	1218
f 1224 	1233 	1226
f 1242 	1244 	1213
f 1234 	1235 	117
f 1222 	1585 	1225
f 1582 	1585 	1222
f 1220 	1236 	1125
f 1585 	1252 	1225
f 1223 	1281 	1247
f 1225 	1252 	1228
f 1238 	1239 	1234
f 1167 	1241 	1007
f 1234 	1239 	1235
f 1241 	1203 	1007
f 1229 	1286 	1231
f 1221 	1705 	1933
f 361 	369 	1246
f 1231 	1280 	1218
f 1232 	1227 	1935
f 1246 	1237 	361
f 1207 	1261 	1230
f 1246 	1248 	1237
f 1245 	1261 	1207
f 1265 	1248 	1246
f 1241 	1167 	1249
f 1250 	1114 	1247
f 1237 	1248 	1238
f 1241 	1251 	1245
f 1248 	1253 	1238
f 1249 	1251 	1241
f 1197 	1093 	1515
f 1238 	1253 	1239
f 1117 	1255 	1121
f 1193 	1197 	1515
f 1256 	1093 	1197
f 1254 	1257 	1242
f 1197 	1220 	1256
f 1117 	1250 	1255
f 1121 	1255 	1258
f 369 	1262 	1246
f 1242 	1257 	1244
f 1249 	1544 	1251
f 1126 	1258 	1260
f 1259 	1133 	1100
f 1257 	1274 	1244
f 1126 	1260 	1130
f 1260 	950 	1130
f 1261 	1263 	1230
f 1233 	1230 	1263
f 1100 	1133 	1105
f 1262 	1265 	1246
f 1266 	1253 	1248
f 1252 	1294 	1254
f 1263 	1264 	1233
f 1265 	1266 	1248
f 1259 	1256 	1151
f 1266 	1415 	1253
f 1151 	1256 	1220
f 1251 	1267 	1245
f 1259 	1153 	1133
f 1151 	1153 	1259
f 1245 	1267 	1261
f 1255 	1571 	1258
f 1125 	1151 	1220
f 1270 	1262 	385
f 1261 	1267 	1263
f 1269 	1263 	1267
f 385 	395 	1270
f 506 	1268 	1271
f 1262 	1270 	1265
f 1273 	1265 	1270
f 1273 	1276 	1265
f 1218 	1278 	1219
f 1263 	5834 	1264
f 1278 	1218 	1280
f 1276 	1266 	1265
f 1223 	1219 	1281
f 1219 	1278 	1281
f 1123 	949 	1154
f 1269 	1267 	1562
f 1277 	1998 	1282
f 1270 	1290 	1273
f 1277 	1995 	1998
f 1272 	1282 	1285
f 1166 	1161 	1334
f 1297 	1257 	1254
f 1286 	1229 	1283
f 1257 	1299 	1274
f 1166 	1334 	1340
f 1257 	1297 	1299
f 1282 	2003 	1285
f 1146 	1284 	1287
f 395 	1288 	1270
f 1166 	1340 	1179
f 395 	421 	1288
f 1288 	1290 	1270
f 1280 	1231 	1286
f 1273 	1291 	1276
f 1287 	1150 	1146
f 1292 	1123 	1179
f 1290 	1291 	1273
f 1287 	1293 	1150
f 1294 	1252 	1614
f 421 	437 	1288
f 437 	1296 	1288
f 603 	1296 	437
f 1254 	1294 	1297
f 1295 	1123 	1292
f 1288 	1296 	1290
f 2003 	1282 	1998
f 1127 	1295 	1301
f 1298 	1284 	342
f 1290 	1300 	1291
f 1296 	1300 	1290
f 342 	346 	1298
f 1298 	1302 	1284
f 1127 	1301 	1129
f 1614 	1645 	1294
f 1129 	723 	1131
f 1537 	1612 	1283
f 1284 	1302 	1287
f 1129 	1301 	723
f 1302 	1303 	1287
f 723 	726 	1131
f 1296 	603 	1306
f 603 	609 	1306
f 1615 	1286 	1283
f 1296 	1306 	1300
f 1287 	1303 	1293
f 1297 	1320 	1299
f 1303 	1327 	1293
f 1292 	1305 	1308
f 1306 	1579 	1300
f 1309 	1279 	1274
f 1292 	1308 	1295
f 609 	1584 	1306
f 1299 	1309 	1274
f 1295 	1311 	1301
f 1298 	346 	1338
f 1279 	1309 	1313
f 1295 	1308 	1311
f 1302 	1298 	1341
f 1301 	1311 	751
f 1338 	1341 	1298
f 1303 	1302 	1345
f 1314 	1315 	1036
f 1312 	1333 	1337
f 751 	723 	1301
f 1312 	1337 	1316
f 1175 	1152 	1318
f 1319 	1314 	1235
f 1293 	1318 	1152
f 1235 	1239 	1319
f 1321 	1304 	2783
f 1308 	1305 	1383
f 1323 	1175 	1318
f 1319 	1324 	1314
f 1305 	1379 	1383
f 1320 	1325 	1299
f 1321 	2783 	1317
f 1321 	1326 	1304
f 1542 	1180 	1323
f 1314 	1324 	1315
f 1309 	1299 	1325
f 1327 	1318 	1293
f 1318 	1329 	1323
f 1347 	1313 	1309
f 1304 	1326 	1307
f 1327 	1329 	1318
f 1326 	1330 	1307
f 1347 	1309 	1325
f 1323 	1546 	1542
f 1326 	1321 	1343
f 1329 	1546 	1323
f 1310 	1328 	1333
f 1239 	1332 	1319
f 1303 	1412 	1327
f 1345 	1412 	1303
f 1239 	1253 	1332
f 1272 	1683 	1330
f 1161 	1331 	1334
f 1332 	1335 	1319
f 1310 	1333 	1312
f 1331 	1346 	1350
f 1324 	1319 	1335
f 346 	439 	1338
f 1325 	1364 	1347
f 1317 	1336 	1339
f 1334 	1331 	1350
f 1334 	1352 	1340
f 1334 	1350 	1352
f 1316 	1342 	1322
f 1332 	1415 	1335
f 1316 	1337 	1342
f 1317 	1339 	1321
f 1322 	1181 	1157
f 1341 	1345 	1302
f 1343 	1321 	1339
f 1179 	1340 	1292
f 1342 	1181 	1322
f 1038 	1344 	1082
f 1277 	1330 	1326
f 1315 	1344 	1038
f 1277 	1326 	1343
f 1344 	1348 	1082
f 5933 	1346 	1331
f 1330 	1277 	1282
f 439 	442 	1349
f 1351 	1313 	1347
f 1330 	1282 	1272
f 1338 	439 	1349
f 1333 	1328 	1363
f 1349 	1354 	1338
f 1336 	2203 	1339
f 1353 	1083 	1348
f 1366 	1337 	1333
f 1340 	1352 	1305
f 801 	816 	1205
f 1324 	1355 	1315
f 1205 	1015 	998
f 1339 	2360 	1343
f 1356 	1021 	1015
f 1339 	2203 	2360
f 1352 	1379 	1305
f 1342 	1199 	1181
f 1344 	1315 	1355
f 1340 	1305 	1292
f 1355 	1357 	1344
f 1205 	1356 	1015
f 1356 	819 	1021
f 1356 	818 	819
f 1346 	1372 	1350
f 1344 	1357 	1348
f 1348 	1360 	1353
f 1357 	1360 	1348
f 1382 	1328 	1438
f 1359 	1325 	1320
f 1523 	1271 	1268
f 1359 	1364 	1325
f 1519 	1523 	1268
f 1360 	1467 	1353
f 1363 	1328 	1382
f 1355 	1324 	1365
f 1362 	1023 	819
f 1352 	1374 	1379
f 1333 	1363 	1366
f 1337 	1198 	1342
f 1335 	1365 	1324
f 1368 	1351 	1347
f 1337 	1366 	1198
f 1365 	1371 	1355
f 1198 	1199 	1342
f 1364 	1368 	1347
f 7283 	1367 	1362
f 1361 	1373 	1358
f 1372 	1346 	1370
f 1355 	1371 	1357
f 1363 	1393 	1366
f 1350 	1374 	1352
f 1357 	1375 	1360
f 1350 	1372 	1374
f 1229 	1198 	1366
f 1349 	1388 	1354
f 1371 	1375 	1357
f 1338 	1354 	1341
f 1275 	1369 	510
f 1341 	1380 	1345
f 1354 	1380 	1341
f 1374 	1827 	1379
f 1345 	1417 	1412
f 1381 	512 	1369
f 1380 	1417 	1345
f 1438 	1378 	1382
f 1364 	1359 	1390
f 513 	1381 	1385
f 1378 	1389 	1382
f 1364 	1390 	1394
f 1378 	1387 	1389
f 442 	1384 	1349
f 1308 	1386 	1311
f 1364 	1394 	1368
f 1308 	1383 	1386
f 442 	450 	1384
f 513 	1385 	5872
f 872 	1311 	1386
f 1384 	1388 	1349
f 1361 	1605 	1373
f 1240 	5872 	1385
f 1368 	1395 	6219
f 1368 	1394 	1395
f 1390 	1359 	1789
f 1373 	1607 	1376
f 1354 	1391 	1380
f 1789 	1400 	1390
f 1605 	1607 	1373
f 1388 	1391 	1354
f 1363 	1382 	1392
f 1382 	1389 	1392
f 1519 	1268 	601
f 1205 	816 	1356
f 1878 	1374 	1372
f 816 	818 	1356
f 819 	822 	1362
f 1393 	1363 	1392
f 1366 	1393 	1229
f 7283 	7284 	1367
f 1271 	1525 	1275
f 1283 	1229 	1393
f 1383 	1836 	1386
f 1852 	375 	1863
f 1709 	872 	1386
f 1390 	1400 	1403
f 1401 	375 	1852
f 1402 	1404 	1396
f 1390 	1403 	1394
f 1394 	1403 	1419
f 450 	1631 	1384
f 1393 	1392 	1537
f 1384 	1632 	1388
f 1405 	878 	874
f 1419 	1395 	1394
f 1393 	1537 	1283
f 1422 	1395 	1419
f 1409 	703 	1406
f 1439 	1375 	1371
f 1597 	1407 	1243
f 1411 	710 	706
f 1327 	1414 	1329
f 706 	1409 	1411
f 1412 	1414 	1327
f 1408 	1456 	1430
f 1408 	1430 	1413
f 1253 	1415 	1332
f 1418 	1335 	1415
f 1418 	1432 	1335
f 5856 	5658 	710
f 6904 	1413 	1420
f 1365 	1335 	1432
f 1405 	1445 	1406
f 1424 	1415 	1266
f 1266 	1276 	1424
f 1406 	1425 	1409
f 1431 	1436 	1403
f 1418 	1415 	1426
f 1424 	1426 	1415
f 4089 	1399 	1397
f 1406 	1445 	1425
f 1396 	1404 	1398
f 1436 	1419 	1403
f 1401 	1399 	490
f 1404 	1428 	1398
f 1411 	1409 	1427
f 1440 	1422 	1419
f 4089 	490 	1399
f 1419 	1436 	1440
f 490 	492 	1401
f 1425 	1427 	1409
f 1401 	492 	375
f 1400 	1431 	1403
f 1642 	1644 	1402
f 1400 	1987 	1431
f 1413 	1433 	1420
f 1429 	1452 	1434
f 1402 	1644 	1404
f 1435 	1371 	1365
f 1429 	1449 	1452
f 1413 	1430 	1433
f 1365 	1432 	1435
f 1428 	1404 	1650
f 1420 	1433 	1438
f 1425 	5869 	1427
f 1435 	1439 	1371
f 1644 	1650 	1404
f 1420 	1438 	1423
f 1423 	1328 	1310
f 1423 	1438 	1328
f 1506 	1375 	1439
f 1418 	1443 	1432
f 1426 	1443 	1418
f 1443 	1448 	1432
f 1433 	1378 	1438
f 1436 	1431 	1455
f 1432 	1448 	1435
f 1435 	1450 	1439
f 1457 	1440 	1436
f 1448 	1450 	1435
f 1407 	1597 	1602
f 1434 	1452 	1454
f 1407 	1602 	1410
f 1416 	1410 	1610
f 1434 	1454 	1437
f 1436 	1455 	1457
f 1437 	1397 	1442
f 1437 	1454 	1397
f 1442 	1397 	1399
f 1570 	1447 	1421
f 2041 	1460 	1455
f 1086 	1353 	1461
f 1459 	1462 	1444
f 1461 	1353 	1467
f 1465 	1430 	1456
f 1086 	1461 	1112
f 1455 	1460 	1463
f 1449 	4080 	1452
f 1433 	1430 	1469
f 1461 	1468 	1464
f 1467 	1468 	1461
f 1457 	1455 	1463
f 1444 	1462 	1446
f 1381 	1369 	1538
f 1446 	1466 	1451
f 1481 	1457 	1463
f 1430 	1465 	1469
f 1462 	1466 	1446
f 1466 	1470 	1451
f 1465 	1478 	1469
f 1433 	1469 	1378
f 1451 	1470 	2726
f 1360 	1375 	1473
f 1465 	1496 	1476
f 1473 	1467 	1360
f 1467 	1477 	1468
f 1471 	1898 	1475
f 1473 	1477 	1467
f 1476 	1496 	1472
f 1593 	1597 	1243
f 1478 	1465 	1476
f 1375 	1506 	1473
f 1506 	1507 	1473
f 1477 	1473 	1507
f 1478 	1387 	1469
f 1478 	1476 	1521
f 1507 	1508 	1477
f 587 	1482 	591
f 1469 	1387 	1378
f 1113 	1483 	1217
f 1464 	1483 	1113
f 587 	1480 	1482
f 1483 	1484 	1217
f 1462 	1509 	1466
f 1463 	1490 	1481
f 591 	1482 	1485
f 1217 	1484 	310
f 1466 	1087 	1470
f 1486 	1460 	1474
f 1474 	1495 	1486
f 1468 	1487 	1464
f 1509 	1087 	1466
f 1486 	1463 	1460
f 1464 	1487 	1483
f 1486 	1490 	1463
f 1087 	1090 	1470
f 1483 	1491 	1484
f 1478 	1524 	1387
f 1487 	1491 	1483
f 1478 	1521 	1524
f 6711 	1481 	1490
f 1496 	1456 	1453
f 1453 	1493 	1496
f 1477 	1497 	1468
f 1499 	1458 	1398
f 1486 	1498 	1490
f 1468 	1497 	1487
f 1456 	1496 	1465
f 1398 	1428 	1499
f 1487 	1497 	1491
f 1501 	1491 	1497
f 1486 	1495 	1498
f 1458 	1499 	1459
f 1490 	1498 	6712
f 1501 	1925 	1491
f 1499 	1503 	1459
f 1490 	6712 	6711
f 1925 	1501 	1510
f 1493 	1472 	1496
f 1459 	1503 	1462
f 1495 	1513 	1498
f 1477 	1508 	1497
f 1493 	1505 	1472
f 1503 	1509 	1462
f 1515 	1503 	1499
f 1508 	1510 	1497
f 1488 	1954 	1492
f 1508 	1522 	1510
f 1497 	1510 	1501
f 1450 	1512 	1439
f 1513 	1495 	1511
f 1492 	1959 	1494
f 1439 	1512 	1506
f 1489 	1485 	1754
f 1506 	1512 	1507
f 1514 	1507 	1512
f 1514 	1517 	1507
f 1499 	1428 	1515
f 1516 	1476 	1472
f 1503 	1093 	1509
f 1498 	1513 	1518
f 1489 	1519 	601
f 1507 	1517 	1508
f 1521 	1476 	1516
f 1093 	1503 	1515
f 1412 	1520 	1414
f 1517 	1522 	1508
f 1417 	1520 	1412
f 1516 	1652 	1521
f 1520 	1586 	1414
f 1646 	1512 	1450
f 1527 	1389 	1387
f 1512 	1651 	1514
f 1380 	1528 	1417
f 1271 	1523 	1525
f 1511 	1530 	1513
f 1387 	1524 	1527
f 1531 	1275 	1525
f 1391 	1528 	1380
f 1528 	1532 	1417
f 1522 	1517 	1657
f 1389 	1527 	1533
f 1517 	1655 	1657
f 1511 	1526 	1530
f 1529 	1554 	1534
f 1513 	1530 	1535
f 1532 	1520 	1417
f 1389 	1533 	1392
f 1536 	1276 	1291
f 1531 	1369 	1275
f 1531 	1538 	1369
f 1276 	1536 	1424
f 1392 	1533 	1537
f 1424 	1539 	1426
f 1391 	1654 	1528
f 1518 	1513 	1535
f 1536 	1539 	1424
f 1643 	1385 	1381
f 1547 	1529 	3127
f 1381 	1538 	1643
f 1291 	1300 	1540
f 1547 	1554 	1529
f 1540 	1536 	1291
f 1541 	1530 	1526
f 1536 	1543 	1539
f 1542 	1249 	1180
f 1540 	1543 	1536
f 1633 	1527 	1524
f 1526 	2451 	1541
f 1485 	1753 	1754
f 1542 	1544 	1249
f 1537 	1533 	1636
f 1300 	1579 	1540
f 1537 	1636 	1612
f 1542 	1549 	1544
f 1539 	1550 	1426
f 1258 	1551 	1260
f 1546 	1549 	1542
f 1551 	1258 	1548
f 1426 	1550 	1443
f 1545 	1573 	1547
f 1525 	1523 	1649
f 1551 	1552 	1260
f 1443 	1553 	1448
f 1530 	1541 	1555
f 1550 	1553 	1443
f 1653 	1531 	1525
f 1553 	1556 	1448
f 1555 	1535 	1530
f 1546 	1580 	1549
f 1525 	1649 	1653
f 1534 	1554 	1557
f 1448 	1556 	1450
f 1531 	1675 	1538
f 1544 	1558 	1251
f 1550 	1539 	1560
f 1557 	1396 	1624
f 1251 	1558 	1267
f 1539 	1543 	1560
f 1577 	1557 	1554
f 1402 	1396 	1557
f 1572 	1541 	1559
f 1558 	1562 	1267
f 1550 	1563 	1553
f 1577 	1402 	1557
f 1561 	1247 	1281
f 1560 	1563 	1550
f 1247 	1561 	1565
f 1563 	1566 	1553
f 1564 	1421 	1416
f 1544 	1567 	1558
f 1561 	4376 	1565
f 1545 	3155 	1568
f 1416 	1610 	1564
f 1544 	1549 	1567
f 1563 	1608 	1566
f 1567 	1569 	1558
f 1565 	1250 	1247
f 1564 	1570 	1421
f 1553 	1566 	1556
f 1565 	1571 	1250
f 1555 	1541 	1572
f 1568 	1573 	1545
f 1558 	1569 	1562
f 1547 	1576 	1554
f 1570 	1574 	1447
f 1604 	1563 	1560
f 1573 	1576 	1547
f 1576 	1577 	1554
f 1563 	1604 	1608
f 1569 	1567 	1623
f 1329 	1414 	1578
f 1250 	1571 	1255
f 1578 	1414 	1586
f 1548 	1258 	1571
f 1329 	1578 	1546
f 1578 	1580 	1546
f 1579 	1581 	1540
f 1578 	1590 	1580
f 1549 	1583 	1567
f 1540 	1581 	1543
f 4380 	4378 	1571
f 1565 	4380 	1571
f 1570 	1928 	1574
f 1580 	1583 	1549
f 1583 	1623 	1567
f 609 	675 	1584
f 1571 	4411 	1548
f 1584 	1579 	1306
f 1683 	1576 	1573
f 1579 	1588 	1581
f 1587 	1278 	1280
f 1584 	1588 	1579
f 1586 	1590 	1578
f 1588 	1616 	1581
f 1589 	1240 	1385
f 1577 	1642 	1402
f 1278 	1587 	1592
f 1580 	1591 	1583
f 1589 	1593 	1240
f 1590 	1591 	1580
f 1594 	1584 	675
f 1606 	1585 	1582
f 675 	778 	1594
f 1584 	1594 	1588
f 1281 	1278 	1592
f 1240 	1593 	1243
f 1561 	1281 	1592
f 1599 	1586 	1520
f 1581 	1600 	1543
f 1581 	1616 	1600
f 1520 	1532 	1599
f 1543 	1600 	1560
f 1599 	1603 	1586
f 1587 	4260 	1592
f 4261 	1592 	4260
f 1601 	1606 	1582
f 1605 	1361 	1598
f 1600 	1604 	1560
f 1586 	1603 	1590
f 1603 	1609 	1590
f 1410 	1602 	1610
f 1628 	1606 	1601
f 1587 	1280 	1611
f 1607 	1613 	1376
f 1606 	1614 	1585
f 1590 	1609 	1591
f 1606 	1630 	1614
f 1606 	1628 	1630
f 1615 	1283 	1612
f 1286 	1615 	1611
f 1585 	1614 	1252
f 1613 	1377 	1376
f 1616 	1617 	1600
f 1616 	1627 	1617
f 1280 	1286 	1611
f 1613 	1444 	1377
f 4354 	4252 	1611
f 1600 	1617 	1604
f 1611 	1620 	4354
f 1604 	1619 	1608
f 4257 	1587 	4253
f 1919 	5449 	1603
f 1617 	1619 	1604
f 5449 	1609 	1603
f 4203 	1612 	1636
f 1529 	1534 	1595
f 1618 	1621 	1596
f 1612 	4207 	1615
f 4205 	1615 	4207
f 1595 	1534 	1598
f 1598 	1624 	1605
f 1611 	1615 	4222
f 1534 	1624 	1598
f 1588 	1626 	1616
f 1615 	4205 	4222
f 1605 	1625 	1607
f 1596 	1621 	1601
f 1594 	1626 	1588
f 1623 	1583 	5864
f 1597 	1692 	1952
f 1621 	1628 	1601
f 1624 	1625 	1605
f 1597 	1952 	1602
f 1625 	1458 	1607
f 1626 	1627 	1616
f 1914 	1610 	1602
f 1627 	1629 	1617
f 1625 	1398 	1458
f 1396 	1398 	1625
f 1667 	1505 	1502
f 1458 	1613 	1607
f 1614 	1630 	1645
f 1613 	1459 	1444
f 1384 	1631 	1632
f 1564 	1915 	1921
f 1629 	1619 	1617
f 1458 	1459 	1613
f 1388 	1634 	1391
f 1570 	1564 	1921
f 1629 	1706 	1619
f 1527 	1635 	1533
f 1632 	1634 	1388
f 1527 	1633 	1635
f 1534 	1557 	1624
f 1654 	1391 	1634
f 1921 	1928 	1570
f 598 	606 	1637
f 1636 	1533 	1635
f 1621 	1661 	1628
f 606 	1673 	1637
f 1625 	1624 	1396
f 1631 	598 	1637
f 1637 	1638 	1631
f 798 	1626 	1594
f 4159 	4149 	1656
f 1626 	800 	1627
f 798 	800 	1626
f 1631 	1638 	1632
f 1638 	1641 	1632
f 803 	1629 	1627
f 1635 	4179 	1636
f 1632 	1641 	1634
f 1643 	1589 	1385
f 1641 	1663 	1634
f 1629 	803 	849
f 1648 	1297 	1294
f 1294 	1645 	1648
f 1648 	1320 	1297
f 1556 	1646 	1450
f 1646 	1651 	1512
f 1630 	1726 	1645
f 1646 	1666 	1651
f 1514 	1655 	1517
f 1650 	1193 	1428
f 1634 	1663 	1654
f 1645 	1730 	1648
f 1521 	1652 	1656
f 1651 	1655 	1514
f 1212 	1193 	1650
f 1653 	1675 	1531
f 1528 	1658 	1532
f 1648 	1732 	1320
f 1428 	1193 	1515
f 1656 	1524 	1521
f 1654 	1658 	1528
f 1633 	1524 	1656
f 1658 	1917 	1532
f 4122 	1647 	4121
f 1621 	1618 	1659
f 1556 	1566 	1662
f 1639 	1660 	1642
f 1647 	4155 	1652
f 1681 	1662 	1566
f 1538 	1677 	1643
f 1660 	1639 	1272
f 1661 	1621 	1659
f 1538 	1675 	1677
f 1556 	1662 	1646
f 4159 	1656 	4158
f 1660 	1665 	1642
f 1664 	1658 	1654
f 1662 	1666 	1646
f 1589 	1643 	1679
f 1663 	1664 	1654
f 1642 	1665 	1644
f 1651 	1668 	1655
f 1669 	1472 	1505
f 1659 	1672 	1688
f 1665 	1209 	1644
f 1505 	1667 	1669
f 1687 	1593 	1589
f 1666 	1668 	1651
f 1669 	1516 	1472
f 1668 	1670 	1655
f 1655 	1670 	1657
f 5396 	1664 	1663
f 1209 	1650 	1644
f 1672 	1618 	1640
f 1640 	1671 	1672
f 1209 	1212 	1650
f 1672 	1659 	1618
f 606 	633 	1673
f 633 	5376 	1673
f 1285 	1660 	1272
f 1669 	1647 	1516
f 1566 	1608 	1681
f 1637 	1674 	1638
f 1665 	1660 	1289
f 1673 	1674 	1637
f 1647 	1652 	1516
f 1660 	1285 	1289
f 1638 	1676 	1641
f 1665 	1221 	1209
f 1674 	1676 	1638
f 1289 	1221 	1665
f 1689 	697 	1668
f 1853 	1670 	702
f 1643 	1677 	1679
f 1568 	1307 	1573
f 1667 	1502 	1678
f 702 	1670 	697
f 1676 	1674 	5386
f 1304 	1307 	1568
f 1678 	3931 	1667
f 1671 	1682 	1672
f 1307 	1683 	1573
f 1666 	1662 	1684
f 1676 	1685 	1641
f 1330 	1683 	1307
f 1671 	1680 	1682
f 1589 	1679 	1687
f 1641 	1685 	1663
f 1639 	1577 	1576
f 524 	1686 	527
f 1672 	1682 	1688
f 1681 	1684 	1662
f 5396 	1663 	1685
f 1445 	1405 	1441
f 1684 	1689 	1666
f 1683 	1639 	1576
f 1682 	1707 	1688
f 527 	1686 	1690
f 1703 	1707 	1682
f 1642 	1577 	1639
f 1666 	1689 	1668
f 527 	1690 	531
f 1272 	1639 	1683
f 1692 	1597 	1593
f 1668 	697 	1670
f 1593 	1687 	1692
f 1441 	1691 	1695
f 1690 	1408 	531
f 1619 	1696 	1608
f 1441 	1695 	1445
f 1698 	1425 	1445
f 1690 	1456 	1408
f 1445 	1695 	1698
f 1608 	1696 	1681
f 1696 	1699 	1681
f 1697 	1680 	5392
f 1681 	1699 	1684
f 1702 	3863 	1700
f 1697 	1703 	1680
f 1684 	705 	1689
f 1686 	524 	1702
f 1289 	1701 	1705
f 1699 	705 	1684
f 1698 	1695 	1762
f 1680 	1703 	1682
f 1696 	1619 	1706
f 1675 	2113 	1677
f 1688 	1707 	1766
f 1696 	686 	1699
f 686 	1696 	1706
f 686 	713 	1699
f 1701 	1711 	1705
f 1700 	1708 	1712
f 1713 	872 	1709
f 1687 	1679 	1973
f 1699 	713 	705
f 1701 	1710 	1711
f 1705 	1714 	1933
f 1708 	1743 	1712
f 849 	1706 	1629
f 1705 	1711 	1714
f 1687 	1973 	1974
f 1700 	1712 	1702
f 1713 	874 	872
f 1814 	1703 	1697
f 1702 	1712 	1716
f 1713 	1405 	874
f 1692 	1687 	1974
f 1974 	1978 	1692
f 1686 	1702 	1716
f 800 	803 	1627
f 1710 	1715 	1720
f 725 	861 	1719
f 1453 	1690 	1686
f 1628 	1661 	1721
f 1686 	1716 	1453
f 1453 	1456 	1690
f 1628 	1721 	1630
f 1710 	1720 	1711
f 1709 	1718 	1725
f 1711 	1727 	1714
f 1724 	1479 	730
f 1711 	1720 	1727
f 1724 	730 	1722
f 1728 	1723 	275
f 1726 	1630 	1721
f 1727 	1694 	1714
f 1724 	1729 	1479
f 1730 	1645 	1726
f 1709 	1725 	1713
f 275 	288 	1728
f 1728 	1731 	1723
f 1713 	1725 	1441
f 1726 	1741 	1747
f 1726 	1747 	1730
f 1479 	1729 	1480
f 1708 	1737 	1743
f 1765 	1715 	2154
f 1732 	1648 	1730
f 1713 	1441 	1405
f 1716 	1712 	1745
f 288 	1739 	1728
f 1712 	1743 	1745
f 1359 	1320 	1732
f 1716 	1745 	1493
f 1716 	1493 	1453
f 1728 	1744 	1731
f 1717 	1734 	1718
f 1735 	1721 	1661
f 1727 	1742 	1694
f 1734 	1717 	1733
f 1708 	1704 	1737
f 1718 	1734 	1738
f 1735 	1661 	1764
f 1719 	861 	1775
f 1721 	1735 	1741
f 1719 	1778 	1722
f 1737 	1704 	1736
f 1775 	1778 	1719
f 1744 	1728 	1739
f 1735 	1755 	1741
f 1738 	1725 	1718
f 1725 	1738 	1691
f 1726 	1721 	1741
f 1751 	1744 	1739
f 1725 	1691 	1441
f 1740 	1748 	1742
f 1739 	308 	1749
f 1736 	1759 	1737
f 308 	312 	1749
f 1730 	1787 	1732
f 1740 	1746 	1748
f 1729 	1750 	1480
f 1742 	1748 	1752
f 1730 	1747 	1787
f 1480 	1750 	1482
f 1734 	1733 	1796
f 1737 	1760 	1743
f 1789 	1359 	1732
f 1749 	1751 	1739
f 1485 	1482 	1753
f 1737 	1759 	1760
f 1734 	1798 	1738
f 1743 	1502 	1745
f 1753 	1482 	1750
f 1734 	1796 	1798
f 1735 	1764 	1770
f 1760 	1502 	1743
f 1745 	1502 	1505
f 1755 	1735 	1770
f 1745 	1505 	1493
f 1756 	1691 	1738
f 1774 	1749 	312
f 1756 	1738 	1798
f 1691 	1756 	1758
f 1746 	2455 	1748
f 1777 	1751 	1749
f 1783 	1724 	1779
f 1729 	1724 	1783
f 1751 	1777 	1799
f 1756 	1772 	1758
f 1691 	1758 	1695
f 1752 	2458 	898
f 1751 	1761 	1744
f 1762 	1695 	1758
f 1799 	1761 	1751
f 1688 	1764 	1659
f 2212 	1744 	1761
f 1688 	1766 	1764
f 1659 	1764 	1661
f 1760 	1759 	3965
f 1767 	1756 	1798
f 1768 	861 	855
f 1764 	1766 	1770
f 1760 	3965 	1678
f 310 	1484 	1771
f 1760 	1678 	1502
f 1769 	1720 	1715
f 1772 	1756 	1767
f 855 	894 	1768
f 1771 	312 	310
f 1771 	1774 	312
f 1769 	1715 	1765
f 1768 	1775 	861
f 1720 	1769 	1740
f 1758 	1776 	1762
f 1826 	1829 	1707
f 1773 	1757 	1736
f 1758 	1772 	1776
f 1774 	1777 	1749
f 6768 	1757 	1773
f 1740 	1727 	1720
f 1762 	1776 	6362
f 1829 	1766 	1707
f 1759 	1736 	1757
f 1742 	1727 	1740
f 1722 	1779 	1724
f 1776 	6388 	6362
f 1778 	1779 	1722
f 1763 	1782 	1765
f 1771 	1781 	1774
f 1774 	1784 	1777
f 1763 	1780 	1782
f 1838 	1755 	1770
f 1781 	1784 	1774
f 1785 	1769 	1765
f 1765 	1782 	1785
f 1769 	1785 	1746
f 1786 	1790 	1781
f 1732 	1787 	1789
f 1786 	1816 	1790
f 1781 	1790 	1784
f 1769 	1746 	1740
f 1741 	1792 	1747
f 1755 	1792 	1741
f 1768 	2264 	1775
f 1747 	1792 	1794
f 1796 	1733 	1793
f 1790 	1816 	1817
f 1747 	1794 	1787
f 1787 	1794 	1797
f 1787 	1797 	1789
f 2272 	1779 	1778
f 1789 	1797 	1400
f 1016 	1801 	1788
f 1777 	1800 	1799
f 1784 	1800 	1777
f 1792 	1979 	1794
f 1791 	1788 	1801
f 1800 	2594 	1799
f 1236 	1803 	1125
f 1801 	1805 	1791
f 1489 	1804 	1519
f 1796 	1815 	1806
f 1802 	1803 	1236
f 1796 	1806 	1798
f 1790 	1808 	1784
f 1489 	1754 	1804
f 1791 	1805 	1795
f 1798 	1806 	1767
f 1804 	1809 	1519
f 1400 	1797 	1987
f 1800 	1784 	1808
f 1802 	1812 	1803
f 1697 	1693 	1879
f 1809 	1523 	1519
f 1811 	1793 	2071
f 2098 	1801 	1016
f 1802 	1810 	1812
f 1809 	1649 	1523
f 1814 	1697 	1879
f 1793 	1811 	1815
f 1812 	1813 	1803
f 1793 	1815 	1796
f 1807 	1694 	1818
f 1932 	1820 	1816
f 1807 	1818 	1810
f 1810 	1818 	1823
f 1753 	1819 	1754
f 1817 	1816 	1822
f 1820 	1822 	1816
f 1755 	1976 	1792
f 1822 	1839 	1817
f 1819 	1825 	1754
f 1826 	1707 	1703
f 1810 	1823 	1812
f 1814 	1826 	1703
f 1812 	665 	1813
f 1754 	1825 	1804
f 1823 	665 	1812
f 1849 	1822 	1820
f 1831 	1383 	1379
f 1804 	1830 	1809
f 665 	667 	1813
f 1825 	1830 	1804
f 1829 	1834 	1766
f 1830 	1835 	1809
f 1831 	1379 	1827
f 1790 	1833 	1808
f 1836 	1383 	1831
f 1817 	1833 	1790
f 1833 	1837 	1808
f 1843 	1824 	1821
f 1766 	1834 	1770
f 1834 	1838 	1770
f 1795 	1843 	1821
f 1809 	1835 	1649
f 1709 	1386 	1836
f 1824 	1846 	1828
f 1839 	1833 	1817
f 1843 	1846 	1824
f 1846 	1851 	1828
f 1878 	1840 	1827
f 1755 	1838 	1976
f 1828 	1851 	1832
f 1827 	1842 	1831
f 1822 	1870 	1839
f 1827 	1840 	1842
f 1831 	1717 	1836
f 1814 	1857 	1826
f 1831 	1842 	1717
f 1860 	1829 	1826
f 1836 	1718 	1709
f 1717 	1718 	1836
f 1865 	1899 	1819
f 1834 	1829 	1861
f 1860 	1861 	1829
f 1845 	1849 	1820
f 1849 	1870 	1822
f 1846 	1866 	1851
f 1841 	1125 	1803
f 1657 	1670 	1853
f 1862 	1866 	1846
f 1939 	1854 	1845
f 1825 	2147 	1830
f 1840 	1850 	1856
f 1841 	679 	1855
f 1939 	1853 	1854
f 1854 	1859 	1845
f 1795 	1858 	1843
f 1182 	1178 	673
f 1857 	1860 	1826
f 1805 	1858 	1795
f 1840 	1856 	1842
f 1858 	1862 	1843
f 1845 	1859 	1849
f 1842 	1856 	1733
f 1729 	1864 	1750
f 1783 	1864 	1729
f 1750 	1865 	1753
f 1843 	1862 	1846
f 1863 	1844 	1852
f 1864 	1865 	1750
f 1842 	1733 	1717
f 1865 	1819 	1753
f 1863 	1868 	1889
f 1857 	1867 	1860
f 1860 	1869 	1861
f 1867 	1869 	1860
f 1783 	1890 	1864
f 1805 	2108 	1858
f 1855 	673 	1178
f 1856 	1793 	1733
f 673 	676 	1182
f 1803 	1813 	1841
f 1868 	386 	559
f 1859 	1874 	1849
f 1825 	2144 	2147
f 1370 	1871 	1875
f 1849 	1874 	1870
f 1871 	1884 	1875
f 1370 	1875 	1372
f 1442 	1399 	1848
f 1859 	1908 	1874
f 1852 	1848 	1401
f 1399 	1401 	1848
f 1372 	1875 	1878
f 1768 	2258 	2264
f 1693 	1877 	1879
f 1827 	1374 	1878
f 1853 	1883 	1854
f 1863 	375 	380
f 2267 	2272 	1778
f 1881 	1885 	1877
f 1863 	380 	1868
f 1883 	1853 	702
f 1883 	1886 	1854
f 1884 	1871 	1882
f 380 	386 	1868
f 1875 	1884 	1887
f 1891 	1895 	1883
f 1872 	1948 	1873
f 1877 	1885 	1879
f 1883 	1895 	1886
f 1948 	1953 	1873
f 1904 	1884 	1882
f 1854 	1886 	1859
f 1779 	2325 	1783
f 1814 	1879 	1888
f 1889 	1504 	1500
f 1876 	1873 	1953
f 1885 	1888 	1879
f 702 	711 	1891
f 1814 	1888 	1857
f 1500 	1844 	1889
f 1875 	1887 	1878
f 1890 	1783 	2325
f 1878 	1887 	1840
f 1892 	1471 	1504
f 1891 	1883 	702
f 1894 	1865 	1864
f 1840 	1887 	1850
f 1864 	1890 	1894
f 1902 	1891 	711
f 1889 	1892 	1504
f 1891 	1905 	1895
f 1902 	1905 	1891
f 1892 	1898 	1471
f 1897 	1881 	5757
f 1892 	1889 	1868
f 1894 	1899 	1865
f 559 	1898 	1892
f 1897 	1903 	1881
f 1896 	1996 	1901
f 711 	719 	1902
f 1898 	1906 	1475
f 1897 	1927 	1903
f 1882 	1900 	1904
f 1881 	1903 	1885
f 1819 	1899 	2144
f 1847 	1884 	1904
f 1813 	679 	1841
f 679 	683 	1855
f 1899 	2419 	2144
f 1855 	683 	673
f 1888 	1911 	1857
f 719 	1913 	1902
f 1819 	2144 	1825
f 1847 	1887 	1884
f 1289 	1705 	1221
f 3502 	1905 	1902
f 559 	562 	1898
f 1898 	562 	1906
f 1887 	1847 	1850
f 1896 	1992 	1996
f 1897 	1923 	1927
f 1908 	1859 	1886
f 1900 	2088 	1904
f 2325 	2336 	1890
f 2413 	1894 	1890
f 1889 	1844 	1863
f 1885 	1909 	1888
f 1908 	1886 	2768
f 1903 	1909 	1885
f 1895 	2768 	1886
f 1909 	1911 	1888
f 1911 	1867 	1857
f 559 	1892 	1868
f 1910 	2213 	1912
f 1952 	1914 	1602
f 1915 	1564 	1610
f 1917 	1599 	1532
f 1610 	1914 	1915
f 1599 	1919 	1603
f 1491 	1922 	1484
f 1893 	1923 	1897
f 1917 	1919 	1599
f 1484 	1922 	1771
f 1922 	1781 	1771
f 1893 	1918 	1923
f 2252 	1920 	1916
f 1925 	1922 	1491
f 1919 	5464 	5449
f 1922 	1786 	1781
f 1923 	1940 	1927
f 1925 	1786 	1922
f 1658 	1664 	1929
f 1622 	1574 	1931
f 1925 	1510 	1932
f 1925 	1816 	1786
f 1929 	1917 	1658
f 1932 	1816 	1925
f 2252 	2259 	1920
f 1920 	2259 	1930
f 1510 	1522 	1934
f 1510 	1934 	1932
f 1931 	1574 	1928
f 1934 	1820 	1932
f 1937 	1622 	1931
f 1802 	1232 	1935
f 1936 	1938 	1918
f 1522 	1657 	1939
f 1935 	1810 	1802
f 1236 	1232 	1802
f 1939 	1934 	1522
f 1938 	1923 	1918
f 1845 	1934 	1939
f 1853 	1939 	1657
f 1933 	1714 	1807
f 1914 	1982 	1985
f 1910 	2211 	2213
f 1714 	1694 	1807
f 1934 	1845 	1820
f 1938 	1940 	1923
f 1915 	1914 	1985
f 1933 	1807 	1935
f 1940 	1961 	1927
f 1921 	1915 	2005
f 1810 	1935 	1807
f 1985 	2005 	1915
f 1942 	1818 	1694
f 1694 	1742 	1942
f 1944 	1818 	1942
f 1942 	740 	1944
f 1944 	1823 	1818
f 1931 	2018 	1937
f 1944 	736 	1823
f 1909 	1903 	1947
f 1832 	1948 	1872
f 1832 	1964 	1948
f 1752 	1942 	1742
f 1946 	2089 	1949
f 1946 	2083 	2089
f 1927 	1947 	1903
f 1947 	1951 	1909
f 1947 	1963 	1951
f 1961 	1963 	1947
f 1909 	1951 	1911
f 1867 	1911 	1956
f 1951 	1956 	1911
f 1954 	1488 	1926
f 1876 	1957 	1880
f 1941 	1958 	1943
f 2067 	1867 	1956
f 2083 	1946 	1945
f 1959 	1492 	1954
f 1677 	1960 	1679
f 1953 	1957 	1876
f 1955 	1958 	1941
f 1926 	1442 	1954
f 1677 	2113 	1960
f 1927 	1961 	1947
f 1958 	1962 	1943
f 1949 	2002 	1811
f 1957 	1992 	1880
f 2002 	1949 	2089
f 1951 	1966 	1956
f 1494 	1959 	1844
f 1960 	1973 	1679
f 1963 	1966 	1951
f 1851 	1964 	1832
f 1964 	1967 	1948
f 1500 	1494 	1844
f 1692 	1978 	1952
f 1948 	1967 	1953
f 1914 	1952 	1982
f 1978 	1982 	1952
f 1953 	1971 	1957
f 1970 	1965 	1968
f 1955 	1972 	1958
f 1967 	1971 	1953
f 1924 	1437 	1926
f 1961 	2175 	1963
f 1969 	1972 	1955
f 1434 	1437 	1924
f 1926 	1437 	1442
f 1945 	1970 	2079
f 2088 	1945 	2052
f 1959 	1954 	1848
f 740 	1942 	1752
f 1944 	743 	736
f 1964 	1851 	1975
f 740 	743 	1944
f 4747 	1950 	1977
f 1752 	898 	740
f 1851 	1866 	1975
f 1910 	1964 	1975
f 1979 	1792 	1976
f 1977 	1969 	4747
f 1977 	1984 	1969
f 2211 	1910 	1975
f 1983 	1797 	1794
f 1910 	1967 	1964
f 1972 	1969 	1984
f 1794 	1979 	1983
f 1986 	2011 	1980
f 1910 	1912 	1967
f 1987 	1797 	1983
f 1980 	2378 	1986
f 1980 	2376 	2378
f 1967 	1912 	1971
f 1977 	2015 	1984
f 1912 	1916 	1971
f 1981 	1989 	2111
f 1988 	1989 	1981
f 1976 	1990 	1979
f 2016 	1990 	1976
f 1993 	1983 	1979
f 1979 	1990 	1993
f 1992 	1896 	1880
f 1991 	1994 	1950
f 1997 	2000 	1991
f 1901 	2001 	1907
f 1991 	2000 	1994
f 1996 	2001 	1901
f 1990 	2046 	1993
f 1811 	2002 	2004
f 2001 	4088 	1907
f 2046 	1990 	1999
f 2009 	2002 	2089
f 2002 	2013 	2004
f 2002 	2009 	2013
f 2004 	1815 	1811
f 1971 	2006 	1957
f 1285 	1701 	1289
f 1921 	2005 	2007
f 2003 	1701 	1285
f 1997 	2037 	2000
f 1957 	2006 	1992
f 1992 	2008 	1996
f 1834 	1861 	2010
f 2037 	2216 	2000
f 2007 	1928 	1921
f 2006 	2008 	1992
f 2012 	1928 	2007
f 1950 	1994 	1977
f 1848 	1954 	1442
f 2008 	2014 	1996
f 2005 	2048 	2007
f 2010 	1838 	1834
f 1959 	1852 	1844
f 1838 	2010 	2016
f 1994 	2015 	1977
f 1852 	1959 	1848
f 2012 	1931 	1928
f 1981 	2004 	2013
f 1996 	2014 	2001
f 2012 	2018 	1931
f 2016 	1976 	1838
f 1937 	2018 	2020
f 2009 	2019 	2023
f 1971 	1916 	2006
f 1861 	2021 	2010
f 1916 	1920 	2006
f 2021 	1861 	1869
f 2009 	2023 	2013
f 2021 	2025 	2010
f 2013 	1988 	1981
f 1920 	2008 	2006
f 2023 	1988 	2013
f 1920 	1930 	2008
f 2017 	2034 	2022
f 2008 	1930 	2014
f 2081 	1982 	1978
f 2010 	2025 	2016
f 2025 	1999 	2016
f 1930 	4058 	2014
f 925 	940 	2026
f 2057 	2023 	2019
f 2143 	2026 	940
f 5815 	940 	1216
f 2016 	1999 	1990
f 2086 	1985 	1982
f 1869 	2070 	2021
f 2086 	2092 	1985
f 1988 	2023 	2029
f 1988 	2030 	1989
f 2005 	1985 	2092
f 1988 	2029 	2030
f 2005 	2092 	2048
f 2034 	2017 	2031
f 2032 	2044 	2033
f 2042 	2044 	2032
f 1983 	2036 	1987
f 2033 	2037 	1997
f 2029 	2035 	2039
f 2022 	2038 	2027
f 1993 	2036 	1983
f 2036 	2041 	1987
f 2034 	2038 	2022
f 2030 	2029 	2039
f 2036 	2053 	2041
f 2027 	2038 	1449
f 2039 	2043 	2030
f 1987 	2041 	1431
f 1455 	1431 	2041
f 2027 	1449 	1429
f 2200 	1974 	1973
f 2035 	2225 	2039
f 2049 	1993 	2046
f 2040 	2050 	2045
f 2047 	2050 	2040
f 1856 	2071 	1793
f 2007 	2051 	2012
f 2036 	1993 	2049
f 1904 	2052 	1847
f 1024 	2132 	2047
f 2053 	2036 	2049
f 2048 	2051 	2007
f 2047 	2133 	2050
f 2055 	1847 	2052
f 2012 	2051 	2056
f 2132 	2133 	2047
f 2041 	2053 	1460
f 2052 	1946 	2055
f 2044 	2058 	2033
f 2057 	2019 	2054
f 2012 	2056 	2018
f 2046 	2102 	2049
f 2057 	2029 	2023
f 2033 	2058 	2037
f 2029 	2057 	2035
f 2053 	1474 	1460
f 2068 	2057 	2054
f 2067 	1869 	1867
f 2055 	1850 	1847
f 2054 	2064 	2068
f 2071 	1850 	2055
f 2035 	2057 	2068
f 2045 	2069 	2108
f 2067 	2070 	1869
f 2084 	2066 	2063
f 2066 	2074 	2059
f 2060 	2072 	2062
f 2066 	2084 	2074
f 2073 	2025 	2021
f 1850 	2071 	1856
f 2069 	2072 	2060
f 2031 	2059 	2074
f 2070 	2073 	2021
f 2072 	2075 	2062
f 2051 	2048 	3035
f 2025 	2073 	2076
f 2263 	2068 	2064
f 2090 	2112 	2073
f 2052 	1945 	1946
f 2064 	2260 	2263
f 2055 	1946 	1949
f 2076 	1999 	2025
f 2031 	2017 	2059
f 1974 	2077 	1978
f 2055 	1949 	2071
f 2219 	2035 	2068
f 2100 	1999 	2076
f 2073 	2112 	2076
f 1970 	2121 	2079
f 2045 	2078 	2069
f 2200 	2077 	1974
f 1949 	1811 	2071
f 2050 	2078 	2045
f 2061 	2080 	2063
f 1978 	2077 	2081
f 1945 	2079 	2083
f 2072 	2069 	2082
f 2063 	2080 	2084
f 2079 	2091 	2093
f 2078 	2082 	2069
f 2079 	2093 	2083
f 1982 	2081 	2086
f 2082 	2087 	2072
f 2088 	1900 	1965
f 2081 	3063 	2086
f 2067 	2085 	2070
f 2085 	2090 	2070
f 2052 	1904 	2088
f 2091 	2079 	2121
f 2072 	2087 	2075
f 1970 	2088 	1965
f 2073 	2070 	2090
f 2088 	1970 	1945
f 1806 	2094 	1767
f 1806 	2124 	2094
f 1998 	1995 	2024
f 2095 	1772 	1767
f 1767 	2094 	2095
f 2083 	2096 	2089
f 2011 	2024 	1995
f 1998 	2024 	2097
f 2083 	2093 	2096
f 2160 	2164 	2082
f 2081 	2077 	3058
f 2089 	2096 	2009
f 2099 	2095 	2094
f 2244 	2090 	2085
f 1998 	2097 	2003
f 2081 	3058 	3063
f 2003 	2097 	1710
f 2076 	2115 	2100
f 2100 	2046 	1999
f 2098 	1016 	1028
f 2091 	2104 	2093
f 2098 	2103 	1801
f 6398 	2095 	2099
f 2003 	1710 	1701
f 2091 	2101 	2104
f 2102 	2046 	2100
f 1653 	1649 	2105
f 2107 	2053 	2049
f 2096 	2093 	2106
f 1649 	1835 	2105
f 2093 	2104 	2106
f 1801 	2103 	1805
f 2049 	2102 	2107
f 2103 	2108 	1805
f 2096 	2106 	2019
f 2109 	1653 	2105
f 1474 	2053 	2107
f 2004 	1981 	2124
f 1981 	2111 	2124
f 1653 	2109 	1675
f 2096 	2019 	2009
f 2094 	2124 	2111
f 1858 	2060 	1862
f 2111 	2099 	2094
f 1675 	2109 	2113
f 2105 	2131 	2109
f 2108 	2060 	1858
f 1989 	2116 	2111
f 1862 	2062 	1866
f 2060 	2062 	1862
f 2111 	2116 	2099
f 2076 	2112 	2115
f 1028 	1031 	2117
f 2152 	2106 	2104
f 2100 	2115 	2118
f 2106 	2054 	2019
f 1028 	2117 	2098
f 2106 	2152 	2054
f 1835 	2159 	2105
f 1835 	2151 	2159
f 2098 	2117 	2040
f 2100 	2118 	2102
f 2121 	1970 	1968
f 2102 	2118 	2123
f 1968 	2120 	2121
f 1815 	2004 	2124
f 2117 	2047 	2040
f 2124 	1806 	1815
f 2103 	2098 	2040
f 2040 	2045 	2103
f 2123 	2107 	2102
f 2120 	2127 	2121
f 1960 	2113 	2192
f 2120 	2126 	2127
f 2045 	2108 	2103
f 2107 	2123 	2430
f 2108 	2069 	2060
f 2091 	2121 	2127
f 1924 	2125 	2122
f 2125 	1926 	1488
f 1031 	1024 	2117
f 2125 	1924 	1926
f 2147 	2151 	1830
f 2042 	2129 	2044
f 2107 	2430 	1474
f 1830 	2151 	1835
f 2430 	1495 	1474
f 1024 	2047 	2117
f 2126 	2130 	2127
f 2065 	2129 	2042
f 2126 	2128 	2130
f 2130 	2101 	2127
f 2227 	2114 	2110
f 2159 	2131 	2105
f 2134 	2113 	2109
f 2127 	2101 	2091
f 2114 	2230 	2119
f 2109 	2131 	2134
f 2114 	2227 	2230
f 2119 	2230 	2235
f 2122 	2119 	2235
f 2128 	2136 	2141
f 2251 	2118 	2115
f 2141 	2130 	2128
f 2113 	2134 	2192
f 2118 	2251 	2255
f 2123 	2118 	2255
f 2065 	2140 	2129
f 1973 	1960 	2194
f 2110 	3588 	2138
f 1966 	2139 	1956
f 2133 	2132 	2137
f 2065 	2026 	2140
f 2067 	1956 	2139
f 2135 	2137 	2132
f 2139 	2085 	2067
f 2131 	2236 	2134
f 2172 	2133 	2137
f 2101 	2130 	2142
f 2026 	2143 	2140
f 2130 	2141 	2142
f 2143 	2321 	2140
f 2101 	2142 	2148
f 1045 	1061 	2135
f 2146 	1938 	1936
f 2145 	2146 	1936
f 940 	5815 	2143
f 2146 	2150 	1938
f 2101 	2148 	2104
f 2104 	2148 	2152
f 2157 	2199 	2146
f 2011 	1986 	2024
f 1938 	2150 	1940
f 2143 	5908 	2321
f 2024 	2154 	2097
f 1958 	1972 	2155
f 2133 	2156 	2050
f 2150 	2170 	1940
f 2024 	1986 	2154
f 2155 	1962 	1958
f 263 	1723 	2145
f 2097 	1715 	1710
f 2146 	2145 	2157
f 2156 	2078 	2050
f 2097 	2154 	1715
f 2145 	1723 	2157
f 2155 	2158 	1962
f 2156 	2160 	2078
f 2150 	2146 	2199
f 2156 	2174 	2160
f 1763 	2154 	1986
f 2161 	2155 	1972
f 2154 	1763 	1765
f 1972 	1984 	2161
f 2161 	2162 	2155
f 2078 	2160 	2082
f 1723 	1731 	2157
f 2142 	2141 	2190
f 2415 	2419 	1899
f 2148 	2142 	2165
f 2174 	2028 	2160
f 2144 	2166 	2147
f 2155 	2162 	2158
f 2082 	2164 	2087
f 2162 	2168 	2158
f 2148 	2165 	2169
f 2144 	2419 	2166
f 2170 	1961 	1940
f 3777 	2167 	2163
f 2166 	2171 	2147
f 2163 	2167 	2173
f 2167 	2182 	2173
f 2172 	2156 	2133
f 2167 	2179 	2182
f 2148 	2169 	2152
f 2170 	2175 	1961
f 2152 	2169 	2064
f 2172 	2174 	2156
f 2147 	2171 	2151
f 2164 	2160 	2028
f 2171 	2220 	2151
f 2064 	2169 	2260
f 2177 	1966 	1963
f 2152 	2064 	2054
f 2028 	6101 	2164
f 2185 	2189 	2162
f 2175 	2177 	1963
f 2162 	2189 	2168
f 2177 	2348 	1966
f 2172 	6182 	2174
f 2220 	2159 	2151
f 2170 	2150 	2178
f 2180 	2161 	1984
f 2170 	2181 	2175
f 2178 	2181 	2170
f 1984 	2015 	2180
f 2180 	2185 	2161
f 2186 	3051 	3090
f 2173 	2184 	2176
f 2180 	2196 	2185
f 3051 	2186 	2136
f 2195 	2196 	2180
f 2188 	2141 	2136
f 2173 	2182 	2184
f 2185 	2162 	2161
f 2184 	1980 	2176
f 2188 	2136 	2186
f 2190 	2141 	2188
f 2184 	2376 	1980
f 2176 	1980 	2011
f 2165 	2142 	2190
f 2178 	2191 	2181
f 2193 	2015 	1994
f 3090 	2377 	2186
f 6103 	2183 	2301
f 1994 	2000 	2193
f 2194 	1960 	2192
f 2186 	2380 	2188
f 2179 	2406 	2414
f 2195 	2180 	2015
f 2192 	2205 	2209
f 2193 	2195 	2015
f 2179 	2414 	2182
f 2192 	2209 	2194
f 2374 	2184 	2182
f 2185 	2198 	2189
f 2200 	1973 	2194
f 2337 	2165 	2344
f 2376 	2184 	2374
f 2196 	2198 	2185
f 2178 	2150 	2199
f 2198 	2202 	2189
f 2157 	2201 	2199
f 2157 	1731 	2201
f 2201 	2204 	2199
f 2201 	2214 	2204
f 2199 	2204 	2178
f 2134 	2205 	2192
f 2204 	2191 	2178
f 2000 	2216 	2193
f 2134 	2236 	2205
f 2193 	2249 	2195
f 2214 	2215 	2204
f 2210 	1975 	1866
f 2205 	3150 	2209
f 2195 	2250 	2196
f 1866 	2062 	2210
f 2204 	2215 	2191
f 2249 	2250 	2195
f 2212 	1731 	1744
f 1731 	2212 	2201
f 2269 	2198 	2196
f 2194 	3118 	2200
f 2196 	2250 	2269
f 2210 	2211 	1975
f 2269 	2273 	2198
f 2194 	2209 	3118
f 2212 	2214 	2201
f 2221 	2214 	2212
f 2062 	2075 	2210
f 2206 	2261 	2268
f 2216 	2249 	2193
f 2075 	2217 	2210
f 2206 	2268 	2208
f 2218 	2216 	2037
f 2211 	2210 	2217
f 2221 	2212 	1761
f 2037 	2058 	2218
f 2211 	2222 	2213
f 2218 	2224 	2216
f 2110 	2138 	2223
f 2225 	2035 	2219
f 2214 	2226 	2215
f 2234 	2241 	2218
f 2217 	2222 	2211
f 2221 	2226 	2214
f 2220 	2228 	2159
f 2039 	2229 	2043
f 2218 	2241 	2224
f 2110 	2223 	2227
f 2039 	2225 	2229
f 2216 	2224 	2249
f 2471 	2246 	2220
f 2044 	2129 	2232
f 2220 	2246 	2228
f 2131 	2159 	2228
f 2263 	2231 	2219
f 1761 	2586 	2221
f 2232 	2058 	2044
f 2232 	2234 	2058
f 2233 	2217 	2075
f 2236 	2131 	2228
f 2219 	2231 	2237
f 2230 	1429 	2235
f 2075 	2087 	2233
f 2233 	2238 	2217
f 2219 	2237 	2225
f 2225 	2239 	2229
f 2225 	2237 	2239
f 2058 	2234 	2218
f 1924 	2122 	2235
f 2240 	2085 	2139
f 2222 	2217 	2238
f 2171 	2467 	2471
f 2243 	2266 	2222
f 2240 	2244 	2085
f 2238 	2243 	2222
f 2357 	2240 	2348
f 2270 	2242 	2231
f 2171 	2471 	2220
f 2231 	2245 	2237
f 2309 	2232 	2129
f 2253 	2017 	2223
f 2223 	2017 	2022
f 2231 	2242 	2245
f 2237 	2245 	2247
f 2236 	2228 	3143
f 2223 	2022 	2227
f 2227 	2022 	2027
f 2234 	2317 	2241
f 2230 	2227 	2027
f 2228 	2246 	3143
f 2237 	2247 	2239
f 2247 	2897 	2239
f 2247 	2207 	2897
f 2027 	1429 	2230
f 1912 	2248 	1916
f 2235 	1429 	1434
f 2235 	1434 	1924
f 2213 	2248 	1912
f 2253 	2223 	2138
f 2248 	2252 	1916
f 2242 	2290 	2245
f 2247 	2245 	2293
f 2290 	2293 	2245
f 2224 	2257 	2249
f 2256 	2153 	2149
f 2149 	6097 	2256
f 2249 	2257 	2250
f 2254 	2258 	894
f 2293 	2207 	2247
f 2153 	2256 	2261
f 2286 	2257 	2224
f 2286 	2224 	2241
f 894 	2258 	1768
f 2251 	2437 	2255
f 2256 	2061 	2063
f 2068 	2263 	2219
f 2251 	2262 	2437
f 2153 	2261 	2206
f 2222 	2266 	2213
f 2337 	2355 	2265
f 1775 	2267 	1778
f 2260 	2265 	2270
f 2266 	2248 	2213
f 2262 	2314 	2447
f 2264 	2267 	1775
f 2252 	2248 	2271
f 2260 	2270 	2263
f 2208 	2253 	2138
f 2248 	2266 	2271
f 2208 	2268 	2253
f 2263 	2270 	2231
f 2252 	2274 	2259
f 2328 	2332 	2267
f 2059 	2017 	2253
f 2271 	2274 	2252
f 2198 	2273 	2202
f 2325 	1779 	2272
f 2274 	4315 	2259
f 2276 	2112 	2090
f 2265 	2277 	2270
f 6097 	2061 	2256
f 2090 	2244 	2276
f 2275 	2277 	2265
f 2261 	2256 	2063
f 2250 	2278 	2269
f 2295 	2254 	1110
f 2112 	2276 	2279
f 2270 	2277 	2242
f 1176 	2295 	1110
f 2257 	2278 	2250
f 2278 	2280 	2269
f 2276 	2291 	2279
f 2261 	2066 	2268
f 2115 	2112 	2279
f 2266 	2243 	2281
f 2261 	2063 	2066
f 2279 	2251 	2115
f 2268 	2066 	2059
f 2282 	2244 	2240
f 2258 	2303 	2264
f 2268 	2059 	2253
f 2269 	2280 	2273
f 2258 	2299 	2303
f 2266 	2281 	2271
f 2282 	2284 	2244
f 2281 	2285 	2271
f 2264 	2303 	2328
f 2289 	2242 	2277
f 2300 	2304 	2283
f 2264 	2328 	2267
f 2274 	2271 	2285
f 2257 	2288 	2278
f 2283 	2304 	2287
f 2276 	2244 	2284
f 2272 	2267 	2332
f 2291 	2276 	2284
f 2257 	2286 	2288
f 2290 	2242 	2289
f 2285 	4341 	2274
f 2288 	2292 	2278
f 2243 	2197 	2281
f 2332 	2334 	2272
f 1471 	1475 	2511
f 2279 	2262 	2251
f 2278 	2292 	2280
f 2279 	2291 	2262
f 2281 	6122 	2285
f 2289 	2294 	2297
f 2292 	2296 	2280
f 2254 	2295 	2299
f 2289 	2297 	2290
f 2301 	2233 	2087
f 2297 	2302 	2293
f 2343 	2346 	2286
f 2087 	2164 	2301
f 2293 	2290 	2297
f 2346 	2288 	2286
f 2254 	2299 	2258
f 2291 	2311 	2314
f 2183 	2238 	2233
f 2291 	2314 	2262
f 2183 	2233 	2301
f 2183 	2187 	2238
f 2238 	2187 	2243
f 1170 	2388 	1176
f 2300 	595 	2304
f 2305 	2306 	2282
f 2197 	2243 	2187
f 2284 	2282 	2306
f 1176 	2307 	2295
f 2197 	6122 	2281
f 2291 	2284 	2311
f 2304 	2308 	2287
f 2295 	2310 	2299
f 2308 	850 	2483
f 2140 	2309 	2129
f 2284 	2306 	2311
f 2232 	2309 	2313
f 2164 	6101 	2301
f 2307 	2310 	2295
f 2308 	972 	850
f 2310 	2315 	2299
f 2275 	2312 	2316
f 2232 	2313 	2234
f 2312 	2320 	2316
f 2299 	2315 	2303
f 2275 	2316 	2277
f 2277 	2316 	2289
f 2317 	2234 	2313
f 1475 	1906 	2298
f 2305 	2326 	2306
f 2327 	2317 	2313
f 2327 	2329 	2317
f 2300 	2298 	590
f 2307 	4675 	2310
f 1906 	590 	2298
f 2314 	2311 	2461
f 590 	595 	2300
f 2320 	2312 	2319
f 2311 	2331 	2461
f 2316 	2294 	2289
f 2316 	2320 	2294
f 2140 	2321 	2309
f 6159 	1078 	6267
f 2321 	2323 	2309
f 595 	602 	2304
f 2321 	5910 	2323
f 2319 	2472 	2474
f 5908 	5910 	2321
f 2272 	2334 	2325
f 2304 	602 	2308
f 2319 	2474 	2320
f 2309 	2323 	2313
f 2322 	6182 	2172
f 2323 	2327 	2313
f 2308 	602 	972
f 2324 	2326 	2305
f 2306 	2326 	2331
f 2326 	2340 	2331
f 2143 	5815 	5908
f 2306 	2331 	2311
f 2335 	2135 	1061
f 2319 	2312 	2402
f 2135 	2335 	2137
f 2137 	2335 	2322
f 2337 	2169 	2165
f 2334 	2336 	2325
f 2323 	5917 	2327
f 2169 	2337 	2260
f 2137 	2322 	2172
f 2339 	2326 	2324
f 2337 	2265 	2260
f 1061 	1071 	2318
f 2333 	877 	2338
f 2340 	2326 	2339
f 2355 	2275 	2265
f 2335 	1061 	2318
f 2188 	2342 	2190
f 2241 	2317 	2343
f 1071 	6159 	2318
f 2338 	2341 	2668
f 2190 	2342 	2344
f 2241 	2343 	2286
f 2415 	1894 	2413
f 2341 	884 	2345
f 2190 	2344 	2165
f 2343 	2317 	2329
f 2348 	2139 	1966
f 2349 	2292 	2288
f 2342 	2351 	2344
f 2348 	2240 	2139
f 2352 	2177 	2175
f 854 	2330 	2486
f 2346 	2349 	2288
f 2342 	2347 	2351
f 2175 	2181 	2352
f 2349 	2353 	2292
f 2344 	2351 	2355
f 857 	2333 	2330
f 2177 	2354 	2348
f 2351 	2364 	2355
f 2292 	2353 	2296
f 2354 	2177 	2352
f 2344 	2355 	2337
f 2422 	2336 	2334
f 2354 	2357 	2348
f 1336 	2163 	2203
f 2358 	1989 	2030
f 2422 	2429 	2336
f 2358 	2116 	1989
f 2347 	2362 	2351
f 2363 	2328 	2303
f 2347 	2359 	2362
f 2315 	2363 	2303
f 2116 	2358 	101
f 2240 	2357 	2282
f 2358 	2030 	2043
f 2328 	2365 	2332
f 2181 	2191 	2366
f 1343 	2360 	1995
f 2358 	131 	101
f 2363 	2365 	2328
f 2203 	2176 	2360
f 2358 	2043 	131
f 2364 	2351 	2362
f 2366 	2352 	2181
f 1995 	2360 	2011
f 2355 	2364 	2275
f 2360 	2176 	2011
f 2332 	2368 	2334
f 1277 	1343 	1995
f 2354 	2352 	2369
f 2275 	2364 	2312
f 2203 	2163 	2173
f 2365 	2368 	2332
f 2366 	2369 	2352
f 2203 	2173 	2176
f 2368 	2422 	2334
f 2369 	2370 	2354
f 2367 	2371 	340
f 2354 	2370 	2357
f 2357 	2305 	2282
f 2370 	2305 	2357
f 2402 	2312 	2364
f 2366 	2389 	2369
f 2375 	2350 	3259
f 2425 	2379 	2372
f 2380 	2186 	2377
f 2350 	2381 	2356
f 2394 	2324 	2370
f 2378 	1763 	1986
f 2342 	2188 	2380
f 2425 	2435 	2379
f 2372 	2379 	2384
f 2370 	2324 	2305
f 2375 	2381 	2350
f 2191 	2385 	2366
f 2372 	2384 	2373
f 2377 	2382 	2386
f 2374 	2383 	2387
f 2215 	2385 	2191
f 2382 	2395 	2386
f 2385 	2389 	2366
f 2377 	2386 	2380
f 2388 	2307 	1176
f 2380 	2347 	2342
f 2374 	2387 	2376
f 2380 	2386 	2347
f 2376 	2387 	2391
f 2379 	2392 	2384
f 2370 	2369 	2394
f 3227 	2393 	2382
f 2369 	2389 	2394
f 2379 	2390 	2392
f 2647 	2371 	2367
f 2376 	2391 	2378
f 2395 	2382 	2393
f 2378 	1780 	1763
f 2386 	2359 	2347
f 2386 	2395 	2359
f 2378 	2391 	1780
f 2393 	2426 	2395
f 2393 	2421 	2426
f 2359 	2395 	2426
f 2401 	2392 	2390
f 2426 	2397 	2359
f 2215 	2396 	2385
f 2383 	2602 	2387
f 2375 	2654 	2381
f 2383 	2598 	2602
f 2226 	2396 	2215
f 2359 	2397 	2399
f 2405 	2397 	2426
f 2658 	2718 	2381
f 2396 	2400 	2385
f 2401 	2390 	2398
f 2381 	2654 	2658
f 2359 	2399 	2362
f 2362 	2399 	2364
f 2402 	2364 	2399
f 2385 	2400 	2389
f 2404 	2394 	2389
f 2397 	2407 	2399
f 2408 	2398 	2523
f 2397 	2405 	2407
f 2398 	2409 	2401
f 2400 	2404 	2389
f 2398 	2408 	2409
f 2404 	2411 	2394
f 2402 	2399 	2410
f 2407 	2410 	2399
f 1890 	2336 	2413
f 2319 	2402 	2410
f 2410 	2472 	2319
f 2394 	2411 	2324
f 2411 	2339 	2324
f 2413 	2432 	2415
f 2182 	2414 	2374
f 2226 	2662 	2396
f 2405 	2631 	2407
f 2427 	2414 	2406
f 1899 	1894 	2415
f 2407 	2635 	2410
f 2403 	2418 	2412
f 2400 	2665 	2404
f 2417 	2418 	2403
f 2418 	2424 	2412
f 2423 	2406 	3895
f 2406 	2423 	2427
f 2421 	2428 	2431
f 2414 	2427 	2383
f 2413 	2336 	2429
f 2417 	2679 	2418
f 2430 	2123 	2434
f 2416 	2489 	2433
f 2421 	2431 	2426
f 2123 	2255 	2434
f 2414 	2383 	2374
f 1511 	1495 	2430
f 2405 	2426 	2431
f 2434 	1511 	2430
f 2429 	2432 	2413
f 2433 	2420 	2416
f 2432 	2459 	2415
f 2420 	2433 	2435
f 5686 	2427 	2423
f 2598 	2383 	2427
f 2420 	2435 	2425
f 2434 	2255 	2439
f 2415 	2459 	2419
f 2255 	2437 	2439
f 2320 	2442 	2294
f 2434 	2439 	1526
f 2462 	2166 	2419
f 1526 	2439 	2451
f 2433 	2444 	2435
f 2294 	2442 	2446
f 2566 	2443 	2438
f 2434 	1526 	1511
f 2442 	2454 	2446
f 2433 	2441 	2444
f 2442 	2452 	2454
f 2390 	2435 	2444
f 2294 	2446 	2297
f 2297 	2449 	2302
f 2262 	2447 	2437
f 2520 	2398 	2444
f 2297 	2446 	2449
f 2437 	2450 	2439
f 2443 	2574 	2448
f 2566 	2574 	2443
f 2437 	2447 	2450
f 2390 	2379 	2435
f 2451 	2439 	2450
f 2474 	2452 	2442
f 2441 	2519 	2444
f 1785 	2453 	1746
f 2422 	2528 	2490
f 2455 	1746 	2453
f 2446 	2454 	2456
f 2466 	2561 	2436
f 2436 	2561 	2438
f 2446 	2456 	2449
f 1748 	2455 	2458
f 2473 	2451 	2450
f 2449 	2456 	3001
f 1559 	1541 	2451
f 2451 	2473 	1559
f 1748 	2458 	1752
f 2419 	2459 	2462
f 2314 	2463 	2447
f 2452 	2491 	2495
f 2314 	2461 	2463
f 2455 	2453 	2468
f 2447 	2463 	2469
f 2495 	2454 	2452
f 2166 	2467 	2171
f 2453 	2465 	2468
f 2455 	2470 	2458
f 2498 	2456 	2454
f 854 	857 	2330
f 2166 	2462 	2467
f 2463 	2484 	2469
f 857 	877 	2333
f 2468 	2470 	2455
f 2447 	2469 	2450
f 2450 	2469 	2473
f 2458 	2470 	794
f 877 	881 	2338
f 2469 	2487 	2473
f 2338 	881 	2341
f 2490 	2494 	2429
f 2457 	2485 	2460
f 2458 	794 	898
f 2341 	881 	884
f 2432 	2429 	2494
f 2475 	2461 	2331
f 2464 	2460 	2488
f 2476 	2465 	2440
f 2460 	2485 	2488
f 2340 	2475 	2331
f 2442 	2320 	2474
f 2489 	2416 	2464
f 2440 	2445 	2476
f 2461 	2475 	2478
f 2459 	2432 	2499
f 2465 	2476 	2480
f 2472 	2481 	2474
f 2459 	2504 	2462
f 2465 	2480 	2468
f 2504 	3271 	2462
f 2479 	2481 	2472
f 2461 	2478 	2463
f 2474 	2481 	2452
f 2467 	2462 	3271
f 2484 	2463 	2478
f 2485 	2457 	2482
f 2468 	799 	2470
f 2468 	2480 	799
f 2482 	2492 	2496
f 2482 	2496 	2485
f 2470 	799 	804
f 2470 	804 	794
f 3279 	2246 	2471
f 2479 	2525 	2527
f 2422 	2368 	2528
f 2527 	2481 	2479
f 2476 	2550 	2480
f 2487 	2469 	2484
f 2464 	2488 	2489
f 2422 	2490 	2429
f 2476 	2545 	2550
f 2487 	1575 	2473
f 2527 	2491 	2481
f 2578 	2330 	2583
f 2491 	2452 	2481
f 2508 	1575 	2487
f 2473 	1575 	1559
f 2333 	2583 	2330
f 2493 	1780 	2391
f 2583 	2333 	2477
f 2493 	2391 	2608
f 2333 	2338 	2477
f 2544 	2494 	2490
f 1780 	2493 	2497
f 2529 	2530 	2492
f 2454 	2495 	2498
f 2493 	2507 	2497
f 2432 	2494 	2499
f 2485 	2496 	2500
f 2341 	2670 	2668
f 2497 	1782 	1780
f 2475 	2990 	2478
f 2501 	1785 	1782
f 1782 	2497 	2501
f 2478 	2995 	2484
f 2485 	2500 	2488
f 2453 	1785 	2501
f 2487 	2484 	2999
f 2527 	2503 	2491
f 2499 	2504 	2459
f 2287 	2308 	2483
f 2488 	2502 	2489
f 2506 	2495 	2491
f 2488 	2500 	2502
f 2608 	2505 	2493
f 2508 	2487 	2999
f 2483 	850 	2486
f 2489 	2502 	2441
f 2506 	2491 	2503
f 850 	854 	2486
f 2507 	2493 	2505
f 2489 	2441 	2433
f 2440 	2497 	2507
f 2445 	2440 	2507
f 2496 	2492 	2530
f 2440 	2501 	2497
f 2510 	3320 	2508
f 2465 	2453 	2501
f 2501 	2440 	2465
f 2500 	2536 	2502
f 2503 	2513 	2517
f 2502 	2519 	2441
f 2514 	2300 	2283
f 2503 	2517 	2506
f 2520 	2444 	2519
f 2516 	3357 	3360
f 2499 	2547 	3285
f 2506 	2517 	3122
f 2390 	2444 	2398
f 2499 	3285 	2504
f 2505 	2518 	2522
f 2520 	2519 	2523
f 2521 	2523 	2519
f 2398 	2520 	2523
f 2526 	2365 	4690
f 2509 	1471 	2511
f 2507 	2505 	2522
f 2365 	2526 	2368
f 2509 	1504 	1471
f 2521 	2681 	2523
f 2512 	2511 	1475
f 2507 	2522 	2445
f 1475 	2298 	2512
f 2526 	2528 	2368
f 2512 	2298 	2514
f 2525 	2537 	2527
f 2300 	2514 	2298
f 2496 	2530 	2531
f 2530 	2543 	2531
f 2530 	2542 	2543
f 2496 	2531 	2500
f 2524 	2533 	3620
f 2538 	2445 	2522
f 2537 	2525 	2534
f 2536 	2500 	2531
f 2519 	2502 	2536
f 2534 	2546 	2549
f 2534 	2549 	2537
f 2911 	2540 	2529
f 3230 	2539 	2533
f 2529 	2540 	2530
f 2542 	2530 	2540
f 1494 	2535 	2532
f 4744 	2544 	2490
f 2527 	2537 	2503
f 2445 	2538 	2545
f 2494 	2547 	2499
f 2531 	2543 	2548
f 2544 	2547 	2494
f 2539 	2562 	3742
f 2584 	2546 	2534
f 2545 	2476 	2445
f 2613 	2541 	2509
f 2541 	2535 	1500
f 2541 	1504 	2509
f 2541 	1500 	1504
f 2531 	2548 	2536
f 2544 	1210 	2547
f 2537 	2513 	2503
f 2548 	2521 	2536
f 2480 	2550 	811
f 2537 	2549 	2513
f 2548 	2677 	2521
f 2582 	2553 	2538
f 2536 	2521 	2519
f 2538 	2553 	2555
f 2540 	2700 	2542
f 2635 	2472 	2410
f 2538 	2555 	2545
f 2545 	2559 	2550
f 2545 	2555 	2559
f 2532 	1492 	1494
f 2554 	2557 	2560
f 1494 	1500 	2535
f 2635 	2558 	2479
f 2550 	2559 	817
f 2705 	2548 	2543
f 2479 	2472 	2635
f 2705 	2677 	2548
f 2482 	2457 	2839
f 2558 	2525 	2479
f 2561 	2566 	2438
f 2562 	3270 	2551
f 2570 	2525 	2558
f 5046 	2559 	2555
f 2581 	2585 	2561
f 2562 	2551 	2567
f 2561 	2585 	2566
f 2408 	2565 	2571
f 2551 	2552 	2572
f 2565 	2579 	2571
f 2565 	2577 	2579
f 2408 	2571 	2409
f 2572 	2567 	2551
f 2518 	2515 	2576
f 2412 	2424 	2466
f 2576 	2515 	2573
f 2569 	2486 	2578
f 2581 	2466 	2424
f 2575 	2589 	2580
f 2518 	2576 	2582
f 2568 	2584 	2570
f 2561 	2466 	2581
f 2568 	2580 	2584
f 2582 	2522 	2518
f 2570 	2534 	2525
f 2570 	2584 	2534
f 2538 	2522 	2582
f 1799 	2586 	1761
f 2566 	2588 	2574
f 2586 	2590 	2221
f 2589 	2575 	2587
f 2577 	2597 	2579
f 2585 	2588 	2566
f 2573 	2591 	2576
f 2580 	2592 	2584
f 2576 	2593 	2582
f 2574 	2588 	1872
f 2221 	2590 	2226
f 2576 	2591 	2593
f 2580 	2589 	2592
f 2662 	2226 	2590
f 2584 	2592 	2546
f 2593 	2553 	2582
f 2594 	2586 	1799
f 2586 	2595 	2590
f 2594 	2595 	2586
f 2591 	5084 	2593
f 2595 	2667 	2590
f 2597 	2577 	2596
f 2593 	5040 	2553
f 1828 	2588 	2585
f 2588 	1832 	1872
f 2283 	2287 	2563
f 1828 	1832 	2588
f 2287 	2564 	2563
f 2599 	2594 	1800
f 2427 	5686 	2598
f 2601 	2596 	2741
f 2569 	2564 	2483
f 1800 	1808 	2599
f 2599 	2606 	2594
f 2596 	2605 	2597
f 2287 	2483 	2564
f 2483 	2486 	2569
f 2596 	2601 	2605
f 2387 	2602 	2608
f 2594 	2606 	2595
f 2597 	2605 	2609
f 2602 	2618 	2608
f 2608 	2391 	2387
f 1808 	1837 	2599
f 2361 	3255 	2610
f 2486 	2330 	2578
f 2606 	2599 	2614
f 2599 	1837 	2614
f 2611 	2603 	3411
f 2598 	2612 	2602
f 2343 	2329 	2616
f 2603 	2615 	2607
f 2329 	5985 	2616
f 2616 	2346 	2343
f 2603 	2611 	2615
f 2600 	2617 	2604
f 2607 	2615 	2587
f 2616 	2622 	2346
f 2620 	1837 	1833
f 2612 	2618 	2602
f 2604 	2621 	2610
f 2608 	2618 	2505
f 1833 	1839 	2620
f 2620 	2623 	1837
f 2607 	2587 	2575
f 2617 	2621 	2604
f 2621 	2625 	2610
f 1837 	2623 	2614
f 2615 	2611 	2883
f 2623 	2717 	2614
f 2646 	2610 	2625
f 2515 	2618 	2612
f 2515 	2612 	5705
f 2518 	2618 	2515
f 2601 	2627 	2629
f 2618 	2518 	2505
f 2631 	2405 	2628
f 2601 	2629 	2605
f 2632 	2339 	2411
f 2573 	2515 	5705
f 2633 	2340 	2339
f 2635 	2407 	2631
f 2609 	2605 	2634
f 2339 	2632 	2633
f 2605 	2629 	2634
f 2564 	2931 	2930
f 2617 	2639 	2621
f 2632 	2640 	2633
f 2632 	2637 	2640
f 2563 	2564 	2930
f 2657 	2639 	2617
f 2628 	2638 	2641
f 2633 	2640 	3061
f 2564 	2569 	2931
f 2621 	2639 	2403
f 2349 	2346 	2622
f 2353 	2349 	2708
f 2637 	2643 	2640
f 2625 	2621 	2403
f 2569 	2578 	2932
f 2403 	2412 	2625
f 2628 	2641 	2631
f 2554 	2560 	6218
f 2635 	2631 	2558
f 2657 	2636 	2639
f 2644 	2653 	2645
f 2558 	2631 	2641
f 2639 	2417 	2403
f 2636 	2417 	2639
f 2619 	2613 	2509
f 2646 	2367 	2361
f 2560 	2557 	316
f 2619 	2511 	2624
f 2361 	2610 	2646
f 2645 	2617 	2600
f 5986 	2622 	2616
f 2638 	2568 	2641
f 2619 	2509 	2511
f 2642 	2643 	2637
f 2638 	2793 	2568
f 2641 	2570 	2558
f 2664 	316 	2557
f 2624 	2512 	2626
f 2641 	2568 	2570
f 2560 	316 	320
f 2645 	2657 	2617
f 2624 	2511 	2512
f 2646 	2647 	2367
f 2644 	1470 	1090
f 2630 	2626 	2514
f 2647 	2648 	2371
f 2642 	2649 	2643
f 2512 	2514 	2626
f 1090 	2653 	2644
f 2514 	2283 	2630
f 2436 	2648 	2647
f 2653 	2657 	2645
f 2630 	2283 	2563
f 2648 	2375 	2371
f 2651 	2643 	2649
f 2648 	2654 	2375
f 138 	2800 	2796
f 2651 	2649 	2655
f 2652 	2655 	2649
f 2678 	2673 	1066
f 2680 	2678 	1068
f 138 	2656 	2800
f 2652 	2809 	2655
f 1066 	1068 	2678
f 2650 	2656 	2659
f 1068 	1074 	2680
f 2656 	2817 	2659
f 1090 	1105 	2653
f 2660 	2647 	2646
f 2653 	2661 	2657
f 2590 	2667 	2662
f 2650 	2659 	2556
f 2625 	2660 	2646
f 1105 	2661 	2653
f 2556 	2659 	2664
f 2396 	2663 	2400
f 2636 	2657 	2661
f 2647 	2660 	2436
f 2662 	2663 	2396
f 2556 	2664 	2557
f 2660 	2466 	2436
f 2663 	2665 	2400
f 2656 	138 	231
f 1135 	2661 	1105
f 1118 	1120 	2696
f 2654 	2648 	2438
f 2817 	2656 	231
f 2666 	2636 	2661
f 2436 	2438 	2648
f 2438 	2443 	2654
f 2666 	2661 	1135
f 2654 	2443 	2658
f 2477 	2338 	2668
f 2662 	2669 	2663
f 2664 	337 	20
f 2667 	2669 	2662
f 2443 	2448 	2658
f 1135 	1163 	2666
f 3145 	2629 	2627
f 2625 	2412 	2660
f 2660 	2412 	2466
f 2674 	2667 	2595
f 2636 	2666 	2675
f 2672 	2666 	1163
f 2595 	2606 	2674
f 2634 	3148 	348
f 2674 	2676 	2667
f 2675 	2417 	2636
f 2675 	2679 	2417
f 2667 	2676 	2669
f 1163 	656 	2672
f 1016 	1788 	2672
f 2681 	2521 	2677
f 2606 	2614 	2674
f 2682 	2424 	2418
f 2565 	2408 	2523
f 2418 	2679 	2682
f 2681 	2565 	2523
f 2682 	1821 	2424
f 2404 	2686 	2411
f 2665 	2686 	2404
f 2683 	2684 	408
f 2632 	2411 	2686
f 2705 	2687 	2677
f 2341 	2345 	2670
f 1795 	1821 	2682
f 2663 	2688 	2665
f 2670 	2345 	2673
f 2581 	2424 	1821
f 2677 	2689 	2681
f 2669 	2688 	2663
f 2345 	1066 	2673
f 2581 	1824 	2585
f 2665 	2688 	2690
f 2687 	2689 	2677
f 1821 	1824 	2581
f 2681 	2689 	2577
f 1824 	1828 	2585
f 2690 	2686 	2665
f 2577 	2689 	2596
f 2672 	2675 	2666
f 2690 	2637 	2686
f 2988 	2678 	2680
f 2681 	2577 	2565
f 1788 	2675 	2672
f 2686 	2637 	2632
f 2713 	2691 	492
f 2693 	2688 	2669
f 2675 	1788 	2679
f 1788 	1791 	2679
f 2676 	2693 	2669
f 2693 	2695 	2688
f 2682 	2679 	1791
f 1377 	2691 	2713
f 1118 	2696 	2694
f 1791 	1795 	2682
f 2688 	2695 	2690
f 2697 	405 	2691
f 2690 	2642 	2637
f 2695 	2642 	2690
f 2691 	1377 	2697
f 2700 	2540 	2698
f 2692 	2680 	1074
f 2697 	2683 	405
f 1116 	2694 	2692
f 2701 	2543 	2542
f 1074 	1116 	2692
f 2649 	2642 	2695
f 2697 	1446 	2683
f 1116 	1118 	2694
f 2701 	2542 	2700
f 2674 	2614 	2703
f 405 	2683 	408
f 2699 	2696 	1120
f 2674 	2704 	2676
f 2543 	2701 	2705
f 2697 	1377 	1444
f 2703 	2704 	2674
f 2704 	2706 	2676
f 2428 	2702 	2707
f 2697 	1444 	1446
f 2428 	2707 	2431
f 2709 	490 	4089
f 2706 	2693 	2676
f 2622 	2708 	2349
f 2628 	2431 	2707
f 2706 	2711 	2693
f 1358 	2709 	4089
f 2721 	2706 	2704
f 490 	2713 	492
f 2698 	2712 	2700
f 2638 	2628 	2707
f 2709 	2713 	490
f 2693 	2711 	2695
f 2628 	2405 	2431
f 2698 	2710 	2712
f 2700 	2712 	2715
f 2711 	2649 	2695
f 1358 	1373 	2709
f 3470 	2714 	2702
f 2702 	2716 	2707
f 2614 	2717 	2703
f 2709 	1376 	2713
f 1373 	1376 	2709
f 2717 	2719 	2704
f 2717 	2704 	2703
f 2702 	2714 	2716
f 2700 	2715 	2701
f 1376 	1377 	2713
f 2719 	2721 	2704
f 2707 	2716 	2638
f 2701 	2715 	2685
f 2706 	2723 	2711
f 2731 	2685 	2715
f 2793 	2638 	2716
f 1446 	1451 	2683
f 2706 	2721 	2723
f 2683 	1451 	2684
f 2701 	2685 	2705
f 2723 	2652 	2711
f 2726 	280 	2684
f 2705 	2685 	2687
f 2684 	1451 	2726
f 2726 	617 	280
f 2711 	2652 	2649
f 2751 	2716 	2714
f 2726 	2644 	617
f 3064 	2729 	2725
f 3062 	3064 	2725
f 5253 	2777 	2727
f 2715 	2712 	2778
f 2781 	2728 	2727
f 2731 	2715 	2778
f 1120 	1124 	2699
f 1470 	2644 	2726
f 2644 	2645 	617
f 2685 	2731 	2736
f 1839 	1870 	2737
f 2731 	2747 	2736
f 2685 	2736 	2687
f 2737 	2620 	1839
f 2687 	2741 	2689
f 2620 	2742 	2623
f 2687 	2736 	2741
f 2737 	2742 	2620
f 3062 	2725 	3057
f 2741 	2596 	2689
f 2893 	2623 	2742
f 2744 	2737 	1870
f 2778 	2745 	2731
f 1870 	1874 	2744
f 2764 	1124 	1148
f 1155 	2766 	1148
f 2747 	2731 	2745
f 2736 	2747 	2750
f 2766 	1155 	2732
f 2744 	2753 	2737
f 2735 	2732 	1158
f 2747 	2759 	2750
f 2737 	2753 	2742
f 1155 	1158 	2732
f 2736 	2750 	2741
f 1158 	1168 	2735
f 2738 	2832 	2734
f 2735 	1168 	2740
f 2601 	2741 	2750
f 2738 	2835 	2832
f 2730 	2671 	2786
f 2769 	2774 	2752
f 1874 	2762 	2744
f 2765 	2753 	2744
f 1168 	1171 	2740
f 2730 	2786 	2755
f 2745 	2756 	2747
f 2755 	2733 	2730
f 2739 	2772 	2743
f 2745 	2754 	2756
f 2733 	2755 	2758
f 2755 	2786 	2800
f 2759 	2747 	2756
f 2755 	2800 	2650
f 2779 	3163 	2743
f 2356 	2757 	712
f 2750 	2627 	2601
f 2757 	2722 	2760
f 2750 	2759 	2627
f 1908 	2762 	1874
f 2746 	2835 	2738
f 3241 	2756 	2754
f 2744 	2762 	2765
f 2699 	2764 	3013
f 2763 	2769 	2749
f 2781 	2785 	2728
f 2724 	2763 	2760
f 2556 	2761 	2758
f 2770 	2762 	1908
f 2734 	2832 	2767
f 2767 	2772 	2739
f 2761 	2557 	2554
f 2771 	2712 	2710
f 2749 	2769 	2752
f 2557 	2761 	2556
f 1908 	2768 	2770
f 2770 	2776 	2762
f 2712 	2771 	2778
f 2763 	2725 	2769
f 2771 	2782 	2788
f 2772 	2779 	2743
f 2771 	2788 	2778
f 2762 	2776 	2765
f 2801 	2772 	2767
f 2777 	2781 	2727
f 2772 	2803 	2779
f 2795 	2777 	2773
f 2772 	2801 	2803
f 2777 	2799 	2781
f 2795 	2799 	2777
f 2356 	2381 	2718
f 2718 	2757 	2356
f 3163 	2779 	2783
f 2757 	2718 	2722
f 2671 	2784 	2786
f 1895 	2787 	2768
f 1905 	2787 	1895
f 2751 	2714 	2748
f 2787 	2789 	2768
f 2745 	2778 	2788
f 162 	2780 	2775
f 2775 	158 	162
f 2789 	2770 	2768
f 2780 	2791 	2784
f 2716 	2751 	2793
f 2792 	2776 	2770
f 2790 	2795 	2773
f 2780 	162 	2791
f 2784 	2791 	2796
f 2789 	2792 	2770
f 2782 	2812 	2794
f 2792 	2963 	2776
f 2782 	2797 	2788
f 2603 	2748 	3487
f 2767 	2832 	2798
f 2784 	2796 	2786
f 2748 	2603 	2607
f 2782 	2794 	2797
f 2751 	2748 	2607
f 2963 	2948 	2776
f 2788 	2797 	2754
f 3167 	2785 	2781
f 2767 	2798 	2801
f 2751 	2575 	2793
f 2799 	3167 	2781
f 2607 	2575 	2751
f 2800 	2786 	2796
f 2787 	3531 	2789
f 2793 	2575 	2580
f 2793 	2580 	2568
f 2788 	2754 	2745
f 2802 	2546 	2592
f 2789 	3535 	2792
f 2794 	3308 	3310
f 3531 	3535 	2789
f 2546 	2804 	2549
f 2758 	2755 	2650
f 2794 	3310 	2797
f 2650 	2556 	2758
f 2546 	2802 	2804
f 2549 	2804 	2805
f 162 	174 	2791
f 1317 	2779 	2803
f 2722 	2724 	2760
f 2723 	2806 	2652
f 2799 	3220 	3167
f 2791 	177 	2796
f 2809 	2652 	2806
f 174 	177 	2791
f 1317 	2783 	2779
f 2724 	2725 	2763
f 2771 	2710 	2808
f 2769 	2725 	2729
f 2807 	2811 	2720
f 2846 	2810 	2798
f 2800 	2656 	2650
f 2807 	2834 	2811
f 2769 	2729 	2774
f 2808 	2782 	2771
f 2720 	2811 	2790
f 2798 	2810 	2814
f 2808 	2812 	2782
f 2806 	2813 	2818
f 2664 	2659 	337
f 2798 	2814 	2801
f 2801 	2820 	2803
f 2813 	2830 	2818
f 2659 	2817 	337
f 2806 	2818 	2809
f 2812 	2819 	2794
f 249 	2817 	231
f 2820 	2801 	2814
f 2803 	2820 	1336
f 2163 	1336 	2820
f 2807 	2827 	2834
f 2820 	3777 	2163
f 2549 	2805 	2513
f 2803 	1336 	1317
f 4673 	2513 	2805
f 3189 	2811 	2834
f 2816 	3385 	2819
f 2492 	2482 	2849
f 2814 	3777 	2820
f 2821 	2828 	2822
f 2802 	2825 	2829
f 2911 	2529 	2492
f 2830 	2813 	2826
f 2822 	2831 	2823
f 2826 	2841 	2844
f 2802 	2829 	2804
f 2826 	2844 	2830
f 2767 	2739 	2734
f 2822 	2828 	2831
f 4677 	2804 	2829
f 2831 	2671 	2823
f 2829 	4723 	4677
f 2784 	2671 	2831
f 2805 	2804 	4677
f 2824 	2840 	2827
f 2824 	1943 	2840
f 32 	2839 	2457
f 2827 	2842 	2834
f 2835 	2746 	2837
f 2823 	2671 	7103
f 2840 	2842 	2827
f 7103 	2671 	2730
f 2842 	3198 	2834
f 2837 	2847 	2835
f 2833 	2843 	2845
f 2841 	2875 	2844
f 2841 	2871 	2875
f 2835 	2846 	2832
f 2835 	2847 	2846
f 2843 	2860 	2845
f 2830 	2844 	3309
f 2831 	2828 	2780
f 2798 	2832 	2846
f 2833 	2845 	2836
f 2848 	2587 	2615
f 2836 	2845 	2849
f 2784 	2831 	2780
f 2848 	2615 	2883
f 2587 	2848 	2853
f 2836 	2849 	2839
f 2732 	2735 	3026
f 2847 	2837 	2850
f 2834 	3198 	3189
f 2482 	2839 	2849
f 2850 	2856 	2847
f 2850 	2863 	2856
f 1943 	1962 	2840
f 2853 	2589 	2587
f 2589 	2853 	2855
f 2847 	2856 	2857
f 2699 	1124 	2764
f 2766 	2764 	1148
f 2795 	2790 	2815
f 2589 	2855 	2592
f 2790 	2811 	2815
f 2795 	3212 	2799
f 2860 	2843 	2858
f 2802 	2592 	2855
f 2847 	2857 	2846
f 2815 	3212 	2795
f 2883 	2861 	2848
f 2810 	2846 	2857
f 2845 	2864 	2849
f 2862 	2853 	2848
f 2845 	2860 	2864
f 2862 	2848 	2861
f 2853 	2862 	2867
f 2492 	2849 	2864
f 2851 	2876 	2854
f 2853 	2867 	2855
f 2855 	2825 	2802
f 2858 	2908 	2860
f 2854 	2876 	2880
f 2855 	2867 	2825
f 2880 	2859 	2854
f 2880 	2885 	2859
f 2861 	2901 	2862
f 2852 	2871 	2838
f 2911 	2492 	2864
f 2861 	2899 	2901
f 2870 	7499 	3056
f 2838 	2871 	2841
f 3814 	2856 	2863
f 2833 	114 	2873
f 2863 	3829 	3814
f 2876 	2851 	2874
f 2844 	2875 	2879
f 2740 	1171 	2865
f 2883 	2611 	2878
f 2873 	2843 	2833
f 1171 	1177 	2865
f 2879 	3309 	2844
f 2873 	2881 	2843
f 2865 	1177 	2868
f 2821 	2859 	2885
f 2885 	2828 	2821
f 2881 	2884 	2858
f 2872 	3002 	370
f 2852 	3663 	2871
f 2884 	2904 	2858
f 2858 	2843 	2881
f 2872 	370 	374
f 3660 	3663 	2852
f 2871 	3663 	3666
f 2878 	2886 	2888
f 2872 	374 	2874
f 2907 	2858 	2904
f 2871 	3666 	2875
f 2876 	2874 	377
f 765 	3034 	3040
f 2043 	2229 	2890
f 3671 	2879 	2875
f 2874 	374 	377
f 2878 	2888 	2883
f 2890 	131 	2043
f 2883 	2888 	2861
f 2873 	131 	2890
f 2876 	377 	341
f 2876 	341 	2880
f 2890 	2229 	2891
f 2229 	2239 	2891
f 2881 	2890 	2891
f 2893 	2717 	2623
f 2935 	2932 	2578
f 2895 	2719 	2717
f 2873 	2890 	2881
f 2920 	2888 	2886
f 2780 	2828 	2775
f 2893 	2895 	2717
f 2891 	2239 	2897
f 2895 	2898 	2719
f 2891 	2884 	2881
f 2583 	2935 	2578
f 2899 	2861 	2888
f 2891 	2897 	2884
f 2583 	2477 	2939
f 2895 	2923 	2898
f 2880 	2900 	2885
f 341 	2900 	2880
f 2719 	2898 	2721
f 2775 	2885 	2900
f 2729 	2902 	2774
f 2721 	2903 	2723
f 2862 	2901 	2905
f 2900 	158 	2775
f 2904 	2884 	2897
f 2774 	2902 	2894
f 2898 	2903 	2721
f 2902 	2906 	2894
f 2867 	2862 	2905
f 2885 	2775 	2828
f 2903 	2806 	2723
f 2918 	2882 	2877
f 155 	2900 	341
f 2903 	2813 	2806
f 2908 	2858 	2907
f 2860 	2908 	2911
f 2909 	2893 	2742
f 2670 	2673 	2978
f 2742 	2753 	2909
f 2909 	2913 	2893
f 2860 	2911 	2864
f 2673 	2678 	2983
f 2914 	2877 	2938
f 2938 	2912 	2914
f 2988 	2983 	2678
f 2910 	2924 	2915
f 2910 	2922 	2924
f 2877 	2914 	2918
f 2907 	2904 	2919
f 2917 	2919 	2904
f 2913 	2895 	2893
f 2680 	2887 	2988
f 2886 	2916 	2920
f 2907 	2919 	2921
f 2913 	2923 	2895
f 2887 	2692 	2889
f 2909 	2944 	2913
f 2882 	2918 	1361
f 2916 	4878 	2920
f 2692 	2887 	2680
f 2907 	2921 	2908
f 2908 	2925 	2911
f 2889 	2694 	2892
f 2898 	2926 	2903
f 2899 	2888 	2920
f 2908 	2921 	2925
f 2923 	2926 	2898
f 2882 	1361 	1358
f 2540 	2911 	2925
f 2694 	2889 	2692
f 2926 	2813 	2903
f 2694 	2696 	2892
f 2917 	2953 	2919
f 2915 	2924 	2927
f 2917 	2950 	2953
f 4878 	2916 	2928
f 2753 	2940 	2909
f 2753 	2765 	2940
f 1595 	2918 	2914
f 1598 	2918 	1595
f 2918 	1598 	1361
f 2926 	2826 	2813
f 2922 	2998 	2924
f 2904 	2897 	2207
f 2917 	2904 	2207
f 2933 	2973 	2937
f 3002 	2927 	2924
f 2293 	2302 	2941
f 2894 	2906 	2896
f 2941 	2207 	2293
f 2944 	2909 	2940
f 2929 	2874 	2851
f 2207 	2941 	2917
f 2929 	2872 	2874
f 2941 	2950 	2917
f 2913 	2946 	2923
f 2902 	3172 	2906
f 2944 	2946 	2913
f 2698 	2540 	2925
f 2765 	2776 	2948
f 2960 	2710 	2698
f 2961 	2972 	2933
f 2948 	2940 	2765
f 2940 	2952 	2944
f 2973 	2933 	2972
f 2952 	2940 	2948
f 2952 	2957 	2944
f 2569 	2932 	2931
f 2937 	2975 	2942
f 2919 	2956 	2921
f 2937 	2973 	2975
f 2910 	7251 	2955
f 2949 	3003 	2954
f 2975 	2120 	2942
f 2919 	2953 	2956
f 2120 	1968 	2942
f 2945 	2959 	2947
f 2944 	2957 	2946
f 2960 	2921 	2956
f 2974 	2956 	2953
f 2583 	2939 	2935
f 2947 	2962 	2951
f 2960 	2925 	2921
f 2947 	2959 	2962
f 2943 	2939 	2477
f 2964 	2949 	2896
f 2951 	2962 	2965
f 2925 	2960 	2698
f 2976 	2960 	2956
f 2477 	2668 	2943
f 2952 	2948 	2966
f 2963 	2966 	2948
f 2951 	2965 	2955
f 2966 	2968 	2952
f 2955 	2965 	2922
f 2934 	2970 	2936
f 2952 	2968 	2957
f 2950 	2969 	2971
f 2934 	2967 	2970
f 2955 	2922 	2910
f 2970 	2912 	2936
f 2950 	2971 	2953
f 2953 	2971 	2974
f 2936 	2912 	2938
f 2963 	3810 	2966
f 2959 	2986 	2962
f 2943 	2668 	2977
f 2956 	2974 	2976
f 2960 	2976 	2710
f 2965 	2992 	2922
f 3660 	2852 	2968
f 2972 	2980 	2973
f 2923 	2946 	2981
f 2970 	3213 	2912
f 2979 	2980 	2972
f 2923 	2981 	2926
f 2973 	2980 	2984
f 2826 	2926 	2981
f 2946 	2838 	2981
f 2986 	2959 	2982
f 2957 	2838 	2946
f 2973 	2984 	2975
f 2981 	2841 	2826
f 2971 	3009 	2974
f 2838 	2841 	2981
f 2975 	2984 	2126
f 2838 	2957 	2852
f 2957 	2968 	2852
f 2962 	2989 	2965
f 3015 	2976 	2974
f 2990 	2475 	3055
f 2962 	2986 	2989
f 2976 	3015 	2808
f 2975 	2126 	2120
f 2976 	2808 	2710
f 2994 	2941 	2302
f 2995 	2478 	2990
f 2985 	2991 	2996
f 2992 	2965 	2989
f 2994 	2302 	2449
f 2889 	4337 	2887
f 2979 	2993 	2997
f 2998 	2922 	2992
f 2950 	2941 	2994
f 4337 	2889 	4240
f 2950 	2994 	2969
f 2985 	2996 	2987
f 2987 	2967 	2934
f 2979 	2997 	2980
f 2999 	2484 	2995
f 2892 	4240 	2889
f 2906 	2964 	2896
f 3000 	2984 	2980
f 2964 	3003 	2949
f 2449 	3001 	2994
f 3000 	2980 	2997
f 3002 	2924 	2998
f 2969 	2994 	3001
f 2984 	3000 	2128
f 2990 	3005 	2995
f 3108 	3001 	2456
f 3002 	2872 	2927
f 2670 	2978 	2977
f 2128 	3000 	2136
f 2954 	3006 	2958
f 2668 	2670 	2977
f 3060 	2969 	3001
f 2990 	3004 	3005
f 3001 	3108 	3060
f 2995 	3005 	3007
f 2984 	2128 	2126
f 3003 	3006 	2954
f 2927 	2872 	2929
f 3005 	3016 	3007
f 2978 	2673 	2983
f 3006 	4849 	2958
f 3008 	2971 	2969
f 2995 	3007 	2999
f 470 	2982 	3102
f 2993 	3047 	2997
f 2986 	2982 	472
f 3009 	2971 	3008
f 3046 	3047 	2993
f 2982 	470 	472
f 3008 	3021 	3009
f 2986 	472 	475
f 3061 	3010 	3004
f 3011 	4241 	2892
f 3004 	3012 	3005
f 3000 	3051 	2136
f 3004 	3010 	3012
f 2986 	475 	2989
f 2974 	3009 	3015
f 2989 	475 	478
f 3009 	3021 	3045
f 478 	2992 	2989
f 3009 	3045 	3015
f 3016 	3005 	3012
f 3006 	4955 	4849
f 2992 	481 	2998
f 3007 	3016 	2516
f 2992 	478 	481
f 3014 	3024 	3018
f 642 	2752 	3019
f 2998 	484 	3002
f 2998 	481 	484
f 2961 	3018 	2972
f 2987 	2996 	2967
f 3002 	484 	370
f 2018 	2056 	3025
f 2051 	3037 	2056
f 3024 	3014 	3022
f 3018 	3024 	2979
f 3023 	3027 	718
f 3025 	2020 	2018
f 3023 	2896 	3027
f 3025 	2945 	2020
f 3027 	721 	718
f 3018 	2979 	2972
f 2892 	2696 	3011
f 3030 	3042 	3082
f 3035 	2048 	3071
f 3011 	2699 	3013
f 3036 	3024 	3022
f 2699 	3011 	2696
f 3022 	3032 	3036
f 3017 	3013 	2764
f 3024 	3036 	2993
f 2869 	3115 	3033
f 2051 	3035 	3037
f 2764 	2766 	3017
f 2056 	3037 	3041
f 3033 	3152 	3039
f 3024 	2993 	2979
f 3017 	2766 	3020
f 3037 	3096 	3099
f 3039 	3043 	3029
f 3037 	3099 	3041
f 3019 	2752 	2774
f 2732 	3026 	3020
f 3032 	3072 	3036
f 2766 	2732 	3020
f 3025 	2056 	3041
f 3019 	2894 	3023
f 3025 	3041 	3044
f 3036 	3046 	2993
f 2774 	2894 	3019
f 3036 	3072 	3046
f 3026 	2735 	3028
f 3021 	2816 	3045
f 3025 	3044 	2945
f 3021 	3050 	2816
f 2735 	2740 	3028
f 3044 	2959 	2945
f 2894 	2896 	3023
f 2896 	2949 	3027
f 3015 	2812 	2808
f 3015 	3045 	2812
f 3027 	2949 	3031
f 2997 	3047 	3051
f 3037 	3035 	3096
f 2949 	2954 	3031
f 3035 	3092 	3096
f 3031 	2954 	3034
f 3010 	3180 	3186
f 2997 	3051 	3000
f 3040 	3034 	2958
f 3186 	3012 	3010
f 3034 	2954 	2958
f 3016 	3012 	3188
f 3045 	2819 	2812
f 3048 	2865 	3049
f 3045 	2816 	2819
f 3046 	3053 	3088
f 2633 	3055 	2340
f 2633 	3061 	3055
f 2982 	2959 	3044
f 3055 	2475 	2340
f 3046 	3088 	3047
f 3051 	3047 	3090
f 3038 	3111 	3042
f 2990 	3055 	3004
f 3038 	3087 	3111
f 3055 	3061 	3004
f 2640 	2643 	3066
f 3067 	2086 	3063
f 3066 	3061 	2640
f 3061 	3066 	3010
f 3060 	3008 	2969
f 2086 	3067 	2092
f 2092 	3071 	2048
f 3054 	3069 	3057
f 3048 	3028 	2740
f 3071 	2092 	3067
f 3072 	3032 	3068
f 3054 	2448 	3069
f 3153 	3043 	3039
f 3068 	3079 	3072
f 2865 	3048 	2740
f 3068 	3075 	3079
f 3069 	3073 	3057
f 3049 	2868 	3052
f 2865 	2868 	3049
f 3060 	3077 	3008
f 3029 	3043 	3076
f 3057 	3073 	3062
f 2868 	2870 	3052
f 3060 	3074 	3077
f 3073 	3078 	3062
f 3077 	3021 	3008
f 2870 	3056 	3052
f 3072 	3053 	3046
f 3072 	3079 	3053
f 3030 	3082 	2991
f 3062 	3078 	3064
f 3071 	3092 	3035
f 3056 	7499 	3059
f 3078 	3083 	3064
f 3085 	3067 	3063
f 3075 	3166 	3079
f 3030 	2991 	2985
f 3085 	3063 	3084
f 3093 	3081 	3076
f 3067 	3085 	3089
f 3098 	3069 	2448
f 3047 	3088 	3090
f 3067 	3089 	3071
f 3070 	3091 	3074
f 3073 	3104 	3078
f 3089 	3092 	3071
f 3088 	3053 	3209
f 3070 	3080 	3091
f 3076 	3043 	3093
f 3206 	3209 	3053
f 3074 	3091 	3094
f 3081 	3095 	3086
f 3090 	3210 	2377
f 3093 	3095 	3081
f 3083 	3106 	3218
f 3074 	3094 	3077
f 3050 	3077 	3094
f 3098 	2448 	2574
f 3098 	2574 	1872
f 3097 	3014 	6719
f 4303 	4243 	3013
f 3336 	3338 	3093
f 3077 	3050 	3021
f 3338 	3095 	3093
f 3098 	3101 	3069
f 3013 	3017 	4303
f 3098 	1873 	3101
f 1872 	1873 	3098
f 4303 	3017 	4307
f 3080 	4235 	3091
f 3041 	3102 	3044
f 3069 	3101 	3073
f 4307 	3020 	4308
f 3080 	4234 	4235
f 3041 	3099 	3102
f 2982 	3044 	3102
f 4236 	3094 	3091
f 3101 	3104 	3073
f 3100 	3113 	3103
f 3017 	3020 	4307
f 3078 	3106 	3083
f 4308 	3020 	3026
f 3104 	3106 	3078
f 3097 	3103 	3022
f 3105 	3125 	3107
f 2456 	2498 	3108
f 3097 	3022 	3014
f 3092 	3089 	5112
f 4312 	3028 	3048
f 3177 	2643 	2651
f 3082 	3042 	3111
f 3108 	3070 	3074
f 3108 	3074 	3060
f 2508 	2999 	2510
f 2999 	3007 	2510
f 3109 	3130 	3112
f 3070 	3114 	3080
f 2516 	3016 	3357
f 3007 	2516 	2510
f 3113 	3100 	3112
f 2866 	3110 	2869
f 3056 	4364 	3052
f 3114 	2495 	2506
f 3107 	3110 	2866
f 3122 	3114 	2506
f 3103 	3032 	3022
f 3110 	3115 	2869
f 3103 	3113 	3032
f 3114 	2498 	2495
f 3056 	3059 	4366
f 3070 	2498 	3114
f 3115 	3152 	3033
f 2967 	3116 	3117
f 3070 	3108 	2498
f 7493 	2728 	3120
f 3121 	2200 	3118
f 3116 	3123 	3117
f 2728 	2785 	3120
f 3116 	3119 	3123
f 3113 	3132 	3068
f 3105 	7493 	3120
f 3118 	3131 	3121
f 3032 	3113 	3068
f 3121 	2077 	2200
f 3080 	3114 	3122
f 2077 	3121 	3058
f 3123 	3124 	3117
f 3120 	3125 	3105
f 3124 	3127 	3213
f 3125 	3129 	3107
f 3118 	2209 	3128
f 3126 	3130 	3109
f 3126 	3138 	3130
f 3129 	3110 	3107
f 3128 	2209 	3150
f 3122 	4234 	3080
f 3131 	3118 	3128
f 3112 	3132 	3113
f 3128 	3182 	3131
f 3112 	3130 	3132
f 3121 	3131 	3162
f 3132 	3141 	3075
f 3075 	3068 	3132
f 3121 	3162 	3058
f 3123 	3155 	3124
f 3120 	2785 	3144
f 3135 	2125 	3136
f 3058 	3162 	3063
f 3120 	3144 	3125
f 1545 	3127 	3124
f 3138 	3126 	3137
f 1545 	1547 	3127
f 3139 	2627 	2759
f 3132 	3130 	3141
f 3131 	3182 	3183
f 3140 	3133 	3136
f 3138 	3141 	3130
f 3139 	2759 	3244
f 2627 	3139 	3145
f 3240 	3146 	3119
f 3139 	3160 	3145
f 3125 	3299 	3129
f 3139 	3157 	3160
f 3101 	1876 	3104
f 1873 	1876 	3101
f 3144 	3299 	3125
f 2236 	3143 	3147
f 1876 	1880 	3104
f 3240 	3142 	3146
f 3104 	1880 	3106
f 2629 	3145 	3148
f 3146 	3149 	3119
f 2236 	3147 	2205
f 3106 	1896 	3218
f 1880 	1896 	3106
f 3137 	3291 	3138
f 3144 	3311 	3299
f 3147 	3150 	2205
f 3148 	2634 	2629
f 3149 	3123 	3119
f 3149 	3155 	3123
f 3153 	3039 	3152
f 3153 	3336 	3043
f 3152 	3397 	3153
f 1555 	1572 	3126
f 1559 	1575 	3158
f 3151 	3223 	3156
f 3158 	1572 	1559
f 1545 	3124 	3155
f 3157 	3139 	3244
f 3093 	3043 	3336
f 1572 	3158 	3137
f 3150 	3173 	3176
f 3158 	1575 	3313
f 3158 	3313 	3317
f 3176 	3128 	3150
f 3158 	3317 	3137
f 3146 	3142 	2743
f 2739 	2743 	3142
f 3126 	1572 	3137
f 3145 	3160 	3134
f 2743 	3163 	3146
f 3084 	3063 	3162
f 3218 	3151 	3083
f 3149 	3146 	3163
f 3145 	3134 	3148
f 3149 	3164 	3155
f 3148 	356 	348
f 3148 	3134 	356
f 3163 	3164 	3149
f 3164 	1568 	3155
f 3141 	3295 	3165
f 3157 	3154 	3179
f 1962 	3767 	2840
f 3165 	3075 	3141
f 3162 	3131 	3183
f 3767 	2842 	2840
f 3166 	3075 	3165
f 3184 	3160 	3157
f 3140 	1492 	2532
f 3295 	3169 	3165
f 3143 	3170 	3147
f 3168 	2902 	2729
f 3167 	3171 	2785
f 3160 	373 	3134
f 3167 	3226 	3171
f 2729 	3064 	3168
f 3165 	3169 	3254
f 3160 	3184 	373
f 3168 	3172 	2902
f 3283 	3170 	3143
f 388 	373 	3184
f 2785 	3171 	3144
f 3147 	3170 	3173
f 3191 	388 	3184
f 3083 	3151 	3168
f 3165 	3254 	3166
f 3475 	2535 	2541
f 3172 	3174 	2906
f 3173 	3150 	3147
f 3298 	3175 	3169
f 2964 	2906 	3174
f 3066 	2643 	3177
f 2122 	2125 	3135
f 3178 	3003 	2964
f 3180 	3010 	3066
f 3136 	2125 	1488
f 3182 	3128 	3176
f 3174 	3178 	2964
f 3066 	3177 	3180
f 3136 	1488 	3140
f 3157 	3179 	3184
f 3178 	3185 	3003
f 3195 	3180 	3177
f 3175 	3181 	3261
f 3162 	3183 	3084
f 5062 	3084 	3183
f 1488 	1492 	3140
f 3003 	3185 	3006
f 3012 	3186 	3188
f 3189 	2815 	2811
f 3179 	3199 	3205
f 3168 	3064 	3083
f 3173 	3170 	3331
f 3172 	3168 	3151
f 3179 	3205 	3191
f 3179 	3191 	3184
f 3192 	3177 	2655
f 2651 	2655 	3177
f 3189 	3193 	2815
f 3177 	3192 	3195
f 3172 	3151 	3156
f 3172 	3156 	3174
f 3180 	3196 	3186
f 3191 	402 	388
f 3175 	3261 	3258
f 3180 	3195 	3196
f 3186 	3196 	3188
f 3200 	3188 	3196
f 3188 	3200 	2524
f 3182 	5191 	3183
f 3189 	3202 	3193
f 2533 	2524 	3200
f 3179 	3154 	3199
f 3198 	3202 	3189
f 3273 	3181 	3201
f 3215 	3192 	2655
f 2471 	2467 	3274
f 2655 	2809 	3215
f 3199 	3203 	3205
f 3053 	3079 	3206
f 3187 	3204 	3207
f 2471 	3274 	3279
f 3770 	3818 	3198
f 3283 	3143 	2246
f 1304 	1568 	3164
f 3156 	3159 	3174
f 3198 	3818 	3202
f 3195 	3224 	3196
f 3088 	3209 	3210
f 3174 	3159 	3178
f 3116 	2967 	2996
f 3196 	3230 	3200
f 3117 	2970 	2967
f 3178 	3161 	3185
f 3159 	3161 	3178
f 3088 	3210 	3090
f 3200 	3230 	2533
f 3203 	3214 	3205
f 3216 	3206 	3166
f 3213 	2970 	3117
f 3219 	3195 	3192
f 3211 	3214 	3203
f 3212 	3220 	2799
f 3217 	2914 	2912
f 3206 	3216 	3221
f 3205 	3214 	3222
f 3213 	3217 	2912
f 3219 	3192 	3215
f 3218 	3223 	3151
f 3217 	1595 	2914
f 3224 	3195 	3219
f 3205 	3222 	3191
f 3156 	3225 	3159
f 3206 	3221 	3209
f 1529 	1595 	3217
f 3222 	402 	3191
f 3209 	3221 	3227
f 3233 	3221 	3216
f 3223 	3225 	3156
f 3220 	3226 	3167
f 3225 	3228 	3159
f 3221 	3233 	3237
f 3124 	3213 	3117
f 3226 	3229 	3171
f 1907 	3225 	3223
f 3221 	3237 	3227
f 3209 	3227 	3210
f 3230 	3196 	3224
f 3208 	3674 	3211
f 3226 	3247 	3229
f 3210 	2382 	2377
f 3246 	3247 	3226
f 3127 	3217 	3213
f 3208 	3672 	3674
f 3159 	3228 	3161
f 3210 	3227 	2382
f 3127 	1529 	3217
f 3211 	3679 	3214
f 3216 	3254 	3231
f 3233 	3216 	3231
f 1896 	1901 	3218
f 2815 	3193 	3212
f 3231 	3265 	3233
f 2809 	2818 	3234
f 3193 	3243 	3212
f 3218 	1901 	3223
f 440 	402 	3222
f 3220 	3212 	3243
f 1901 	1907 	3223
f 3235 	3116 	2996
f 3234 	3215 	2809
f 3220 	3246 	3226
f 3215 	3234 	3239
f 3243 	3246 	3220
f 2797 	3236 	2754
f 3225 	4016 	3228
f 3238 	3232 	3249
f 1907 	4016 	3225
f 3232 	3240 	3235
f 3232 	3238 	3240
f 2754 	3236 	3241
f 3227 	3237 	2393
f 3215 	3239 	3219
f 3235 	3119 	3116
f 3219 	3239 	3242
f 3119 	3235 	3240
f 3234 	3262 	3239
f 3054 	2718 	2658
f 2658 	2448 	3054
f 3244 	2759 	2756
f 3219 	3242 	3224
f 3054 	2722 	2718
f 3245 	3230 	3224
f 3142 	3240 	3238
f 2756 	3241 	3244
f 2722 	3057 	2724
f 3054 	3057 	2722
f 3245 	3224 	3242
f 2724 	3057 	2725
f 3237 	3233 	3267
f 3265 	3267 	3233
f 2539 	3230 	3245
f 3247 	3264 	3229
f 2421 	2393 	3237
f 2562 	2539 	3245
f 3252 	3243 	3193
f 3206 	3079 	3166
f 3193 	3202 	3252
f 2818 	3306 	3234
f 3252 	3256 	3243
f 3255 	334 	238
f 3236 	3251 	3257
f 3252 	3202 	3827
f 3250 	3282 	3253
f 3251 	3351 	3257
f 3216 	3166 	3254
f 3251 	3350 	3351
f 3243 	3256 	3246
f 3236 	3257 	3241
f 3258 	3254 	3169
f 3244 	3241 	3154
f 3255 	243 	2604
f 3169 	3175 	3258
f 3254 	3258 	3231
f 3256 	3268 	3246
f 2604 	2610 	3255
f 3261 	3263 	3258
f 3241 	3257 	3154
f 3190 	3187 	3207
f 3244 	3154 	3157
f 3231 	3258 	3263
f 3194 	3190 	3260
f 326 	2350 	330
f 3260 	3190 	3207
f 3194 	3260 	3135
f 326 	3259 	2350
f 3350 	3251 	3248
f 3262 	3234 	3306
f 2350 	2356 	330
f 3247 	3269 	3264
f 3265 	3231 	3263
f 3239 	3266 	3242
f 3197 	3194 	3135
f 330 	2356 	712
f 3246 	3268 	3247
f 3266 	3239 	3262
f 3197 	3135 	3136
f 3257 	3351 	3199
f 3237 	3267 	2421
f 3242 	3266 	3270
f 336 	334 	2361
f 2421 	3267 	2428
f 2361 	334 	3255
f 3267 	3280 	2428
f 3268 	3269 	3247
f 2361 	2367 	336
f 3249 	3272 	3238
f 3242 	3270 	3245
f 3181 	3273 	3261
f 2562 	3245 	3270
f 3306 	3276 	3262
f 2367 	340 	336
f 3261 	3273 	3263
f 3275 	3263 	3273
f 3263 	3275 	3277
f 3271 	3274 	2467
f 3266 	3262 	3278
f 3263 	3277 	3265
f 3256 	3952 	3268
f 3259 	340 	2371
f 3278 	3262 	3276
f 3277 	3280 	3267
f 3277 	3267 	3265
f 3268 	3957 	3269
f 2371 	2375 	3259
f 3266 	3278 	3281
f 3274 	3323 	3279
f 3289 	3278 	3276
f 3278 	3290 	3281
f 241 	617 	2600
f 3278 	3289 	3290
f 3266 	3281 	3270
f 3253 	3272 	3249
f 2246 	3279 	3283
f 3273 	3465 	3275
f 3253 	3282 	3272
f 2600 	243 	241
f 3281 	2551 	3270
f 3272 	3293 	3238
f 3275 	3468 	3277
f 3309 	2879 	3286
f 3284 	3115 	3110
f 3275 	3465 	3468
f 243 	2600 	2604
f 3287 	3271 	2504
f 3470 	3280 	3277
f 3286 	3276 	3309
f 3110 	3129 	3284
f 3288 	3115 	3284
f 3280 	2702 	2428
f 3276 	3286 	3289
f 3280 	3470 	2702
f 2645 	2600 	617
f 3285 	3287 	2504
f 3115 	3288 	3152
f 3287 	3292 	3271
f 3302 	631 	629
f 3294 	3293 	3272
f 3138 	3295 	3141
f 3281 	3290 	2552
f 3129 	3300 	3284
f 3138 	3291 	3295
f 3142 	3238 	3293
f 3271 	3292 	3274
f 3290 	3438 	2552
f 637 	2752 	642
f 3281 	2552 	2551
f 3292 	3323 	3274
f 3291 	3296 	3298
f 3291 	3298 	3295
f 3282 	3297 	3294
f 3129 	3299 	3300
f 3295 	3298 	3169
f 3284 	3303 	3288
f 629 	3301 	3302
f 3297 	2738 	3294
f 3433 	3290 	3289
f 3282 	3294 	3272
f 3293 	3294 	2734
f 3433 	3438 	3290
f 3300 	3303 	3284
f 3296 	3305 	3298
f 631 	3302 	2749
f 3257 	3199 	3154
f 3303 	3307 	3288
f 3294 	2738 	2734
f 2818 	2830 	3306
f 3293 	2734 	2739
f 3296 	3304 	3305
f 3303 	3319 	3307
f 3298 	3305 	3175
f 3293 	2739 	3142
f 2830 	3309 	3306
f 631 	2749 	637
f 3305 	3341 	3181
f 2749 	2752 	637
f 3306 	3309 	3276
f 3600 	2746 	3297
f 3308 	3248 	3310
f 3297 	2746 	2738
f 3341 	3305 	3304
f 3171 	3311 	3144
f 3301 	712 	2757
f 3171 	3229 	3311
f 3175 	3305 	3181
f 2991 	3082 	3232
f 2797 	3310 	3236
f 2757 	2760 	3301
f 3232 	3082 	3249
f 3302 	3301 	2760
f 3235 	2996 	2991
f 3311 	3314 	3299
f 3308 	3429 	3248
f 2991 	3232 	3235
f 2760 	2763 	3302
f 3313 	1575 	2508
f 3312 	3315 	3316
f 3302 	2763 	2749
f 3019 	717 	642
f 3299 	3314 	3300
f 3313 	3320 	3322
f 3300 	3318 	3303
f 3313 	3322 	3317
f 3087 	3250 	3253
f 3314 	3318 	3300
f 3019 	3023 	717
f 3137 	3317 	3291
f 3087 	3253 	3111
f 3111 	3253 	3249
f 718 	717 	3023
f 3318 	3319 	3303
f 3249 	3082 	3111
f 3320 	3313 	2508
f 2783 	3164 	3163
f 3328 	3320 	2510
f 2783 	1304 	3164
f 3292 	3334 	3323
f 3320 	3330 	3322
f 721 	3027 	3031
f 3279 	3326 	3283
f 3317 	3296 	3291
f 3317 	3322 	3296
f 3034 	765 	727
f 3279 	3323 	3326
f 3031 	3034 	727
f 3326 	3329 	3283
f 2510 	2516 	3328
f 765 	3040 	767
f 3342 	3325 	3606
f 3321 	5425 	3324
f 3283 	3329 	3170
f 3330 	3320 	3328
f 3314 	3582 	3318
f 3322 	3330 	3304
f 3170 	3329 	3331
f 3287 	3332 	3292
f 3322 	3304 	3296
f 2516 	3360 	3328
f 3292 	3332 	3334
f 3333 	3390 	3335
f 3362 	3330 	3360
f 3323 	3334 	5397
f 3326 	3323 	5397
f 277 	3337 	467
f 3310 	3251 	3236
f 3333 	3387 	3390
f 3310 	3248 	3251
f 3304 	3339 	3341
f 3337 	3343 	467
f 3429 	3345 	3248
f 3348 	3316 	3315
f 3325 	3347 	3327
f 3325 	3342 	3347
f 3339 	3346 	3349
f 3348 	3315 	3344
f 3248 	3345 	3350
f 3347 	2837 	3327
f 3346 	3503 	3349
f 3339 	3349 	3341
f 3415 	479 	3343
f 3201 	3341 	3349
f 3327 	2837 	2746
f 479 	3415 	3352
f 3201 	3181 	3341
f 3361 	3344 	4397
f 3415 	3426 	3352
f 3340 	3364 	3342
f 3451 	3353 	3345
f 3346 	3499 	3503
f 3285 	2547 	1213
f 3344 	3361 	3363
f 3363 	3348 	3344
f 3367 	3347 	3342
f 3345 	3353 	3350
f 3342 	3364 	3367
f 3350 	3353 	3354
f 1210 	1213 	2547
f 3356 	3285 	1213
f 2850 	3347 	3367
f 3016 	3188 	3357
f 3347 	2850 	2837
f 3355 	3343 	3337
f 3285 	3356 	3287
f 3350 	3354 	3351
f 3332 	3287 	3356
f 3188 	2524 	3357
f 3351 	3354 	3203
f 3328 	3360 	3330
f 3364 	3340 	3359
f 3211 	3203 	3354
f 3355 	3412 	3343
f 3351 	3203 	3199
f 3339 	3330 	3362
f 3339 	3362 	3346
f 3363 	6920 	3348
f 3330 	3339 	3304
f 3208 	3354 	3353
f 3357 	3368 	3360
f 3356 	1213 	1244
f 4980 	3369 	3355
f 3208 	3353 	3365
f 3357 	2524 	3368
f 3366 	3369 	4980
f 3356 	1244 	3371
f 3370 	3361 	3358
f 3211 	3354 	3208
f 3362 	3360 	3372
f 3368 	3372 	3360
f 3356 	3371 	3332
f 3370 	3358 	3335
f 3346 	3362 	3372
f 3427 	3373 	3359
f 3361 	3370 	3374
f 3672 	3208 	3365
f 1244 	1274 	3371
f 3427 	3440 	3373
f 3371 	1274 	1279
f 2524 	3620 	3368
f 3359 	3373 	3376
f 3361 	3374 	3363
f 3375 	3380 	3366
f 3372 	3368 	3627
f 3359 	3376 	3364
f 3382 	6762 	3379
f 3375 	3394 	3380
f 3364 	3383 	3367
f 3385 	2816 	3377
f 3366 	3380 	3369
f 3364 	3376 	3383
f 3367 	3383 	2863
f 2819 	3308 	2794
f 3384 	3388 	3391
f 2819 	3385 	3308
f 3381 	7052 	3378
f 3367 	2863 	2850
f 3378 	7052 	3379
f 3393 	3370 	3335
f 3379 	7052 	3382
f 3390 	3393 	3335
f 3403 	3409 	3336
f 3336 	3409 	3338
f 599 	988 	3395
f 3392 	3394 	3375
f 3376 	3934 	3383
f 988 	3399 	3395
f 3338 	3396 	3095
f 3387 	3410 	3390
f 3410 	6957 	3390
f 3152 	3288 	3397
f 3390 	6957 	3393
f 3403 	3153 	3397
f 3397 	3473 	3403
f 3395 	3399 	3402
f 3336 	3153 	3403
f 3400 	3404 	3406
f 3484 	3406 	3411
f 3399 	3420 	3445
f 3759 	3423 	3398
f 3410 	3387 	3408
f 3484 	3411 	3487
f 3449 	3402 	3399
f 3369 	3412 	3355
f 3422 	3410 	3408
f 3398 	3425 	3401
f 3338 	3413 	3396
f 3343 	3412 	3415
f 3401 	3425 	3427
f 3409 	3413 	3338
f 3401 	3427 	3407
f 3404 	3414 	3416
f 3407 	3359 	3340
f 4040 	3324 	3405
f 3407 	3427 	3359
f 3404 	3416 	3406
f 3405 	3417 	3408
f 3406 	3421 	3411
f 3369 	3419 	3412
f 3324 	3417 	3405
f 3307 	3397 	3288
f 3417 	3422 	3408
f 3406 	3416 	3421
f 3380 	3419 	3369
f 3411 	3421 	2611
f 3419 	3424 	3412
f 3307 	3473 	3397
f 3425 	3398 	3423
f 3412 	3424 	3415
f 3324 	5428 	3417
f 3424 	3426 	3415
f 3436 	3425 	3423
f 3420 	1005 	3442
f 3425 	3440 	3427
f 3414 	3750 	3416
f 3425 	3436 	3440
f 3377 	3428 	3385
f 3414 	3748 	3750
f 3377 	3389 	3428
f 3385 	3428 	3429
f 2878 	2611 	3421
f 3393 	6966 	3370
f 3380 	3430 	3419
f 3394 	3430 	3380
f 3424 	3419 	3434
f 3385 	3429 	3308
f 3430 	3434 	3419
f 3418 	3431 	3423
f 3423 	3431 	3436
f 3388 	3432 	3437
f 3424 	3435 	3426
f 3434 	3435 	3424
f 3437 	3391 	3388
f 3391 	3437 	3400
f 3441 	2552 	3438
f 3437 	3447 	3404
f 3437 	3404 	3400
f 3474 	3391 	3400
f 3394 	3568 	3572
f 1005 	3439 	3442
f 3652 	3444 	3432
f 3445 	3420 	3442
f 3572 	3430 	3394
f 3433 	3443 	3446
f 3480 	3445 	3442
f 3432 	3444 	3447
f 3433 	3446 	3438
f 3345 	3429 	3491
f 3438 	3448 	3441
f 3399 	3445 	3449
f 3438 	3446 	3448
f 3583 	3435 	3434
f 3437 	3432 	3447
f 3441 	3448 	7068
f 3345 	3491 	3451
f 3491 	3450 	3451
f 3414 	3404 	3447
f 3439 	3514 	3516
f 557 	3352 	614
f 3443 	3460 	3446
f 3661 	3453 	3444
f 3516 	3442 	3439
f 3447 	3444 	3455
f 3450 	3452 	3456
f 3197 	3136 	3133
f 3455 	3444 	3453
f 3450 	3456 	3451
f 3455 	3414 	3447
f 2110 	3204 	3588
f 3481 	3449 	3445
f 3451 	3365 	3353
f 3441 	2572 	2552
f 3204 	2110 	2114
f 3365 	3451 	3456
f 7073 	2572 	3441
f 3481 	3596 	3449
f 3204 	2114 	3207
f 3207 	2114 	2119
f 3457 	3038 	4194
f 4433 	3458 	3443
f 3207 	2119 	3260
f 3453 	3779 	3455
f 2122 	3135 	3260
f 3402 	3449 	3459
f 3455 	3748 	3414
f 3087 	3038 	3457
f 2119 	2122 	3260
f 3460 	3443 	3458
f 3201 	3384 	3462
f 3524 	614 	3352
f 3201 	3462 	3273
f 3413 	3409 	3511
f 3465 	3273 	3462
f 3467 	3454 	3463
f 3449 	3596 	3459
f 3458 	3466 	3471
f 3277 	3468 	3470
f 3457 	3454 	3467
f 3466 	3478 	3471
f 3460 	3458 	3471
f 3384 	3391 	3462
f 3457 	3467 	3087
f 3493 	3472 	3475
f 3391 	3474 	3462
f 3473 	3476 	3403
f 3580 	3464 	3461
f 3462 	3474 	3465
f 3472 	2535 	3475
f 3465 	3477 	3468
f 3316 	3466 	3312
f 3465 	3474 	3477
f 3468 	3479 	3470
f 3496 	2613 	3500
f 3403 	3476 	3409
f 3478 	3466 	3316
f 3477 	3479 	3468
f 3496 	3475 	2613
f 3470 	3479 	2714
f 3445 	3480 	3481
f 3365 	3456 	3988
f 2714 	3479 	2748
f 3500 	2613 	2619
f 3140 	3469 	3133
f 3482 	3389 	3386
f 3400 	3484 	3474
f 3469 	3140 	2532
f 3486 	3389 	3482
f 3474 	3484 	3477
f 3469 	2532 	3472
f 3477 	3487 	3479
f 3482 	3497 	3504
f 3477 	3484 	3487
f 3482 	3504 	3486
f 2535 	3472 	2532
f 2748 	3479 	3487
f 3486 	3428 	3389
f 3749 	3481 	3480
f 3428 	3486 	3491
f 3475 	2541 	2613
f 3400 	3406 	3484
f 3492 	3485 	3483
f 3491 	3429 	3428
f 3485 	3492 	3495
f 1026 	3505 	3494
f 3494 	1018 	871
f 3490 	3489 	3878
f 3411 	2603 	3487
f 3498 	1000 	1018
f 3372 	3499 	3346
f 3494 	3498 	1018
f 614 	3524 	3501
f 3498 	3439 	1000
f 3482 	3561 	3497
f 3497 	3556 	3504
f 3497 	3554 	3556
f 1913 	3502 	1902
f 3349 	3384 	3201
f 1905 	3502 	3527
f 3486 	3450 	3491
f 3503 	3384 	3349
f 3501 	3506 	615
f 3540 	3505 	1026
f 3494 	3505 	3510
f 3476 	3511 	3409
f 3500 	2619 	3507
f 3505 	3626 	3510
f 3527 	2787 	1905
f 3505 	3624 	3626
f 3494 	3510 	3498
f 3513 	1913 	964
f 3499 	3512 	3503
f 3485 	3495 	3488
f 3463 	3454 	3488
f 3498 	3514 	3439
f 3513 	964 	977
f 3501 	3539 	3506
f 3488 	3495 	3463
f 3521 	3413 	3511
f 3510 	3514 	3498
f 3534 	3539 	3501
f 3513 	3515 	1913
f 3307 	3319 	3522
f 3515 	3502 	1913
f 3522 	3473 	3307
f 3480 	3442 	3516
f 638 	630 	3517
f 3515 	3518 	3502
f 5376 	633 	638
f 3525 	3476 	3473
f 3522 	3525 	3473
f 3475 	3496 	3493
f 3502 	3518 	3527
f 3476 	3529 	3511
f 3506 	3544 	3517
f 3700 	3514 	3698
f 3510 	3698 	3514
f 3544 	3550 	3517
f 3562 	3515 	3513
f 3517 	3550 	638
f 3702 	3516 	3705
f 2624 	3507 	2619
f 3507 	2624 	3508
f 5406 	638 	3550
f 3524 	3352 	3426
f 950 	1552 	3526
f 3508 	2626 	3953
f 3508 	2624 	2626
f 3435 	3528 	3426
f 950 	3526 	1032
f 2626 	2630 	3953
f 3525 	3529 	3476
f 3520 	3712 	3523
f 3532 	1032 	3526
f 3426 	3528 	3524
f 3527 	3531 	2787
f 3528 	3534 	3524
f 3511 	3536 	3521
f 3524 	3534 	3501
f 3511 	3529 	3536
f 3483 	3519 	3541
f 3519 	3538 	3541
f 3492 	3483 	3541
f 3527 	3542 	3531
f 3544 	3506 	3539
f 3527 	3518 	3542
f 3542 	3545 	3531
f 3539 	3773 	3544
f 1552 	4432 	3526
f 3526 	3551 	3532
f 3531 	3545 	3535
f 3548 	3532 	3547
f 3547 	3532 	3551
f 3486 	3504 	3450
f 3545 	3552 	3535
f 3542 	3604 	3545
f 3551 	3526 	3553
f 4434 	3553 	3526
f 3532 	3548 	3555
f 3532 	3555 	3618
f 3535 	3552 	3804
f 3619 	3540 	3618
f 3532 	3618 	3540
f 3727 	3541 	3538
f 3540 	3623 	3505
f 3541 	3633 	3492
f 3601 	3542 	3518
f 3541 	3727 	3633
f 3504 	3556 	3452
f 3493 	4223 	3557
f 3528 	3733 	3534
f 3601 	3604 	3542
f 3514 	3705 	3516
f 3504 	3452 	3450
f 3604 	3609 	3545
f 3463 	3558 	3559
f 3514 	3700 	3705
f 3545 	3609 	3552
f 3558 	3567 	3571
f 3708 	3480 	3516
f 3558 	3571 	3559
f 546 	3560 	977
f 3187 	3533 	3695
f 3560 	546 	3569
f 3977 	3980 	3556
f 3533 	3190 	3537
f 3560 	3513 	977
f 3560 	3562 	3513
f 3190 	3533 	3187
f 3482 	3386 	3561
f 3537 	3190 	3194
f 3515 	3566 	3518
f 3194 	3543 	3537
f 3562 	3566 	3515
f 3194 	3197 	3543
f 3392 	3564 	3568
f 3563 	3597 	3567
f 3543 	3197 	3546
f 3546 	3133 	3549
f 3392 	3568 	3394
f 3697 	3715 	3529
f 3560 	3570 	3562
f 3133 	3546 	3197
f 3547 	3551 	7061
f 3549 	3133 	3469
f 3529 	3715 	3536
f 7061 	3551 	3553
f 3569 	3570 	3560
f 3564 	3637 	3568
f 3637 	3587 	3568
f 3549 	3469 	3557
f 3570 	3573 	3562
f 3568 	3587 	3572
f 3557 	3472 	3493
f 3559 	3571 	3574
f 3472 	3557 	3469
f 3562 	3573 	3566
f 3311 	3575 	3314
f 3572 	3577 	3430
f 3229 	3575 	3311
f 3572 	3591 	3577
f 3575 	3582 	3314
f 3559 	3574 	3250
f 3579 	3569 	613
f 3574 	3282 	3250
f 3430 	3577 	3434
f 613 	622 	3579
f 3577 	3583 	3434
f 3579 	3584 	3569
f 3580 	3662 	3464
f 3319 	3589 	3592
f 3569 	3584 	3570
f 3567 	3598 	3571
f 3570 	3586 	3573
f 3264 	3575 	3229
f 3610 	3637 	3564
f 3582 	3575 	3605
f 3576 	3204 	3187
f 3584 	3586 	3570
f 3264 	3605 	3575
f 3576 	3588 	3204
f 3688 	3590 	3578
f 3589 	3319 	3318
f 3587 	3591 	3572
f 3589 	3318 	3582
f 3574 	3297 	3282
f 3578 	3590 	3581
f 3587 	3645 	3591
f 3581 	3593 	3585
f 3509 	3512 	3499
f 3737 	3596 	3736
f 3512 	3388 	3503
f 3597 	3563 	3594
f 3432 	3388 	3512
f 3522 	3319 	3592
f 3459 	3599 	3461
f 3503 	3388 	3384
f 3599 	3459 	3596
f 3599 	3580 	3461
f 3584 	4278 	3586
f 3598 	3567 	3597
f 3637 	3641 	3587
f 3571 	3598 	3600
f 3587 	3641 	3645
f 3581 	3590 	3593
f 3585 	3593 	3588
f 3571 	3600 	3574
f 3601 	3518 	3566
f 3600 	3297 	3574
f 3585 	3588 	3576
f 3592 	3720 	3694
f 3594 	3602 	3606
f 3688 	2206 	3590
f 3582 	3608 	3589
f 3604 	3601 	3621
f 3590 	2208 	3593
f 3510 	3611 	3612
f 3564 	3603 	3610
f 3594 	3606 	3597
f 3605 	3608 	3582
f 3607 	3610 	3603
f 3613 	3611 	3510
f 3608 	3614 	3589
f 3597 	3325 	3598
f 3509 	3643 	3652
f 3612 	3615 	3510
f 3615 	3630 	3510
f 3698 	3510 	3630
f 3597 	3606 	3325
f 3509 	3652 	3512
f 3598 	3327 	3600
f 3566 	3616 	3601
f 3589 	3614 	3592
f 3512 	3652 	3432
f 3598 	3325 	3327
f 3573 	3616 	3566
f 3264 	3269 	3622
f 3616 	3621 	3601
f 3624 	3505 	3623
f 3631 	3620 	2533
f 3607 	3625 	3610
f 3327 	2746 	3600
f 3540 	3619 	3623
f 3617 	3625 	3607
f 3622 	3605 	3264
f 3510 	3626 	3613
f 3627 	3368 	3620
f 3622 	3628 	3605
f 3620 	3634 	3627
f 3621 	3629 	3604
f 3602 	3340 	3606
f 3499 	3372 	3627
f 3628 	3608 	3605
f 3606 	3340 	3342
f 3608 	3632 	3614
f 2533 	2539 	3631
f 3604 	3629 	3609
f 3628 	3632 	3608
f 3634 	3620 	3631
f 3586 	3635 	3573
f 3627 	3634 	3509
f 3561 	4275 	3595
f 3492 	3633 	3636
f 3634 	3643 	3509
f 3573 	3635 	3616
f 3634 	3642 	3643
f 3595 	3497 	3561
f 3627 	3509 	3499
f 3621 	3616 	3638
f 3595 	3565 	3648
f 3595 	3554 	3497
f 3636 	3495 	3492
f 3595 	3648 	3554
f 2539 	3742 	3631
f 3558 	3495 	3636
f 3637 	3610 	3639
f 3635 	3638 	3616
f 3642 	3634 	3631
f 3621 	3638 	3489
f 3625 	3639 	3610
f 3639 	3641 	3637
f 3636 	3567 	3558
f 3463 	3495 	3558
f 3621 	3489 	3629
f 3590 	2206 	2208
f 3489 	3490 	3629
f 3559 	3467 	3463
f 2138 	3588 	3593
f 3640 	4068 	3644
f 3250 	3087 	3467
f 2208 	2138 	3593
f 3613 	7153 	3611
f 3467 	3559 	3250
f 3641 	3682 	3645
f 3648 	3565 	3644
f 3638 	3875 	3489
f 3644 	4071 	3648
f 3633 	3563 	3636
f 3567 	3636 	3563
f 3641 	3677 	3682
f 3618 	7141 	3619
f 3643 	3658 	3661
f 3643 	3661 	3652
f 3649 	3651 	3723
f 3644 	4068 	4071
f 3612 	3611 	7153
f 3623 	7141 	3624
f 4072 	3554 	3648
f 3619 	7141 	3623
f 3563 	3633 	3654
f 3626 	7153 	3613
f 3642 	3656 	3658
f 3650 	3716 	3653
f 3626 	3624 	7153
f 3714 	3716 	3650
f 3214 	438 	3222
f 3617 	3659 	3625
f 3214 	3679 	438
f 438 	440 	3222
f 3657 	3659 	3617
f 3612 	7153 	3615
f 3630 	3615 	7153
f 3642 	3658 	3643
f 3659 	3673 	3625
f 454 	438 	3679
f 3649 	3676 	3651
f 3670 	3658 	3656
f 3679 	3709 	454
f 3658 	3670 	3675
f 3658 	3675 	3661
f 3639 	3625 	3673
f 3444 	3652 	3661
f 3709 	468 	454
f 3654 	3594 	3563
f 3709 	3664 	468
f 3657 	3691 	3659
f 3664 	499 	468
f 3835 	3665 	3662
f 3671 	2875 	3666
f 3667 	3670 	3656
f 3676 	3649 	3669
f 3670 	3869 	3675
f 3686 	3669 	3668
f 3641 	3639 	3677
f 3669 	3686 	3690
f 3660 	3678 	3663
f 3669 	3690 	3676
f 3679 	3211 	3674
f 3580 	3789 	3662
f 3653 	3678 	3660
f 3651 	3681 	3654
f 3673 	3677 	3639
f 3789 	3580 	3788
f 3663 	3680 	3666
f 3651 	3676 	3681
f 3681 	3594 	3654
f 3663 	3678 	3680
f 3614 	3683 	3720
f 3666 	3680 	3685
f 3632 	3683 	3614
f 3646 	3687 	3647
f 3646 	3684 	3687
f 3682 	3836 	3645
f 3666 	3685 	3671
f 3961 	3622 	3269
f 3688 	3578 	3647
f 3668 	6960 	3686
f 3671 	3685 	3689
f 3701 	3682 	3677
f 3647 	3687 	3688
f 3749 	3734 	3481
f 3480 	3747 	3749
f 3687 	3684 	2149
f 3676 	3692 	3681
f 3687 	2149 	2153
f 3676 	3690 	3692
f 3659 	3691 	3693
f 3678 	3798 	3680
f 3687 	2153 	3688
f 3681 	3692 	3602
f 3691 	3995 	3999
f 3688 	2153 	2206
f 3680 	3753 	3685
f 3691 	3999 	3693
f 3680 	3798 	3753
f 3694 	3522 	3592
f 3659 	3693 	3673
f 3681 	3602 	3594
f 3599 	3786 	3580
f 3673 	3693 	3696
f 3522 	3694 	3525
f 3673 	3696 	3677
f 3703 	3516 	3702
f 3672 	3707 	3674
f 3672 	3792 	3707
f 3516 	3703 	3708
f 3701 	3677 	3696
f 3690 	3401 	3692
f 3710 	3480 	3708
f 3747 	3480 	3710
f 3674 	3709 	3679
f 3674 	3707 	3709
f 3697 	3529 	3525
f 3694 	3697 	3525
f 3813 	3714 	3650
f 3697 	3725 	3715
f 3520 	6987 	3712
f 3523 	3712 	3718
f 3795 	3653 	3716
f 3712 	3731 	3739
f 3693 	4003 	3696
f 3712 	3739 	3718
f 3695 	4929 	3717
f 3614 	3720 	3592
f 3702 	3705 	7162
f 3698 	3630 	7155
f 7153 	7155 	3630
f 3696 	4003 	3870
f 3705 	3700 	7155
f 3718 	3530 	3523
f 3700 	3698 	7155
f 3530 	3718 	3723
f 3724 	3697 	3694
f 7162 	3710 	3708
f 7155 	7162 	3705
f 3714 	3722 	3716
f 3720 	3724 	3694
f 3703 	3702 	7162
f 3701 	3696 	3870
f 3187 	3695 	3576
f 3721 	3722 	3714
f 3695 	3717 	3576
f 3662 	3789 	3790
f 3722 	3726 	3716
f 3723 	3538 	3530
f 3724 	3725 	3697
f 3725 	3728 	3715
f 3538 	3723 	3727
f 3583 	3729 	3435
f 3790 	3794 	3662
f 3675 	3453 	3661
f 3716 	3726 	3795
f 3729 	3528 	3435
f 3730 	3481 	3732
f 3629 	3490 	3719
f 3490 	3735 	3719
f 3730 	3736 	3481
f 3735 	3490 	4384
f 3729 	3733 	3528
f 3738 	3596 	3737
f 3481 	3736 	3596
f 3733 	3771 	3534
f 3670 	3866 	3869
f 3719 	3735 	3721
f 3735 	3741 	3721
f 3780 	3596 	3740
f 3740 	3596 	3738
f 3782 	3599 	3781
f 3596 	3780 	3599
f 3771 	3539 	3534
f 3781 	3599 	3780
f 3743 	3583 	3577
f 3722 	3721 	3741
f 3577 	3591 	3743
f 3718 	3739 	3649
f 3752 	3725 	3724
f 3722 	3704 	3726
f 3631 	3742 	3642
f 3725 	3755 	3728
f 3741 	3704 	3722
f 3729 	3583 	3744
f 2562 	2567 	3742
f 3752 	3755 	3725
f 3742 	3656 	3642
f 3742 	2567 	3656
f 3744 	3583 	3743
f 3718 	3649 	3723
f 3744 	3745 	3729
f 3727 	3723 	3651
f 3683 	3746 	3720
f 3732 	3481 	3734
f 3727 	3651 	3654
f 3735 	4389 	3741
f 3733 	3729 	3745
f 3720 	3746 	3724
f 4384 	4389 	3735
f 3727 	3654 	3633
f 3746 	3752 	3724
f 3739 	3731 	3668
f 3416 	3750 	3754
f 3794 	3808 	3662
f 3685 	3756 	3689
f 3739 	3669 	3649
f 3416 	3754 	3421
f 3685 	3753 	3756
f 3739 	3668 	3669
f 3838 	3665 	3835
f 3744 	3743 	3757
f 3421 	3754 	2878
f 73 	3418 	3759
f 3744 	3758 	3745
f 3779 	3760 	3748
f 3690 	3686 	3398
f 3746 	3683 	4141
f 3757 	3758 	3744
f 3748 	3760 	3763
f 3686 	3759 	3398
f 3753 	3764 	3756
f 3401 	3690 	3398
f 3753 	3762 	3764
f 3746 	4146 	3752
f 3748 	3763 	3750
f 3756 	3312 	4436
f 3750 	3765 	3754
f 3407 	3602 	3692
f 3750 	3763 	3765
f 3764 	3312 	3756
f 3692 	3401 	3407
f 3754 	2886 	2878
f 4148 	5493 	3755
f 3407 	3340 	3602
f 3754 	3765 	2886
f 3766 	3761 	3726
f 3759 	3418 	3423
f 3726 	3704 	3766
f 3761 	3766 	3769
f 3740 	3738 	3775
f 2842 	3770 	3198
f 3760 	3848 	3763
f 3763 	3848 	3850
f 3734 	3775 	3732
f 3736 	3730 	3775
f 2810 	3772 	2814
f 3763 	3850 	3765
f 3737 	3775 	3738
f 3736 	3775 	3737
f 3730 	3732 	3775
f 2916 	2886 	3765
f 3761 	3769 	3762
f 2810 	3768 	3772
f 3762 	3769 	3774
f 3771 	3773 	3539
f 3777 	2814 	3772
f 3544 	3778 	3550
f 3734 	3749 	3775
f 3707 	3803 	3664
f 3749 	3747 	3775
f 7162 	3775 	3710
f 3762 	3774 	3764
f 3779 	3453 	3776
f 3778 	3544 	3773
f 3764 	3315 	3312
f 3747 	3710 	3775
f 3664 	3709 	3707
f 3776 	3830 	3831
f 3764 	3774 	3315
f 3776 	3831 	3779
f 3748 	3455 	3779
f 3599 	3782 	3786
f 3733 	3785 	3771
f 3787 	3772 	3768
f 3788 	3580 	3786
f 3768 	3783 	3787
f 3745 	3785 	3733
f 3772 	3791 	3777
f 3769 	4397 	3774
f 3785 	3793 	3771
f 3647 	3706 	3699
f 3835 	3662 	3808
f 3578 	3711 	3706
f 3787 	3791 	3772
f 3774 	3344 	3315
f 3672 	3988 	3792
f 3838 	3839 	3665
f 3777 	3791 	2167
f 3771 	3793 	3773
f 3581 	3713 	3711
f 3795 	3678 	3653
f 3793 	3797 	3773
f 3822 	3665 	3821
f 3711 	3578 	3581
f 3798 	3678 	3795
f 3665 	3822 	3751
f 3823 	3751 	3822
f 3784 	3796 	3800
f 3778 	3773 	3797
f 3713 	3581 	3585
f 3795 	3726 	3761
f 3585 	3717 	3713
f 3796 	3882 	3800
f 6801 	3851 	6804
f 3783 	3799 	3801
f 3795 	3761 	3798
f 3784 	3800 	3792
f 3758 	3802 	3745
f 3576 	3717 	3585
f 3798 	3762 	3753
f 3792 	3800 	3803
f 3798 	3761 	3762
f 3745 	3802 	3785
f 3793 	3785 	3805
f 3783 	3801 	3787
f 2792 	3804 	2963
f 3803 	3707 	3792
f 3802 	3805 	3785
f 3787 	3801 	3806
f 2792 	3535 	3804
f 3793 	3807 	3797
f 3804 	3810 	2963
f 3805 	3807 	3793
f 3821 	3665 	3839
f 3806 	3791 	3787
f 3791 	2179 	2167
f 3796 	3877 	3882
f 3791 	3806 	2179
f 3812 	2968 	2966
f 3786 	3782 	3775
f 3782 	3781 	3775
f 3810 	3812 	2966
f 3812 	3660 	2968
f 3800 	3890 	3803
f 3699 	3646 	3647
f 3664 	3803 	498
f 3781 	3780 	3775
f 3740 	3775 	3780
f 498 	499 	3664
f 3801 	3895 	3806
f 3578 	3706 	3647
f 3806 	2406 	2179
f 3789 	3788 	3775
f 3786 	3775 	3788
f 3789 	3775 	3790
f 3552 	3813 	3804
f 3803 	3890 	498
f 3895 	2406 	3806
f 3804 	3813 	3810
f 2856 	3814 	3815
f 3811 	6374 	3684
f 3816 	3591 	3645
f 3650 	3812 	3810
f 3811 	3684 	3646
f 3645 	3836 	3816
f 3810 	3813 	3650
f 3790 	3775 	3794
f 3808 	3794 	3775
f 3591 	3816 	3743
f 3650 	3653 	3812
f 3767 	3770 	2842
f 3816 	3757 	3743
f 3653 	3660 	3812
f 3819 	3813 	3552
f 3816 	3842 	3757
f 3815 	2857 	2856
f 3836 	3842 	3816
f 3609 	3819 	3552
f 2857 	3815 	3768
f 3819 	3714 	3813
f 3818 	3827 	3202
f 3768 	3815 	3783
f 3851 	6801 	3828
f 3825 	3828 	6801
f 2810 	2857 	3768
f 3853 	6804 	3851
f 3802 	3904 	3805
f 3609 	3719 	3819
f 3609 	3629 	3719
f 3819 	3721 	3714
f 6804 	3853 	3856
f 3719 	3721 	3819
f 1962 	2158 	3767
f 2158 	3834 	3767
f 2158 	2168 	3834
f 3814 	3833 	3815
f 3831 	3760 	3779
f 3834 	3770 	3767
f 3833 	3814 	3837
f 3834 	3840 	3770
f 3815 	3833 	3783
f 3852 	3833 	3837
f 2168 	3868 	3834
f 3834 	3868 	3840
f 3833 	3852 	3799
f 3831 	3845 	3760
f 3757 	3843 	3758
f 3783 	3833 	3799
f 3823 	3822 	7065
f 3840 	3818 	3770
f 3842 	3843 	3757
f 3840 	3896 	3818
f 3821 	7065 	3822
f 3934 	3846 	3829
f 7065 	3825 	3824
f 7065 	3824 	3823
f 3848 	3760 	3845
f 7065 	3828 	3825
f 3827 	3818 	3896
f 3845 	7056 	3848
f 3845 	7054 	7056
f 3829 	3846 	3837
f 3839 	3838 	7065
f 3682 	3701 	3859
f 3847 	3849 	3832
f 3821 	3839 	7065
f 3838 	3835 	7065
f 3808 	7065 	3835
f 3859 	3836 	3682
f 3846 	3862 	3857
f 3846 	3857 	3837
f 3848 	7056 	7058
f 3836 	3860 	3842
f 3814 	3829 	3837
f 3848 	7058 	3850
f 3859 	3860 	3836
f 2916 	3765 	3850
f 511 	498 	3890
f 3861 	7054 	3845
f 3842 	3864 	3843
f 3855 	6707 	3854
f 3852 	3837 	3857
f 3844 	3960 	3847
f 3850 	2928 	2916
f 3863 	1702 	524
f 3861 	3831 	3830
f 3845 	3831 	3861
f 3842 	3860 	3864
f 3667 	3866 	3670
f 3862 	3901 	3888
f 3853 	3851 	7065
f 3862 	3888 	3857
f 3675 	3869 	3776
f 3701 	3871 	3859
f 3869 	3830 	3776
f 3871 	3701 	3870
f 3906 	3840 	3868
f 3675 	3776 	3453
f 2168 	3996 	3868
f 3860 	3859 	3872
f 7065 	3851 	3828
f 3869 	3866 	3874
f 3854 	7065 	3855
f 3856 	7065 	3854
f 3871 	3872 	3859
f 3866 	7080 	3874
f 3853 	7065 	3856
f 3872 	3876 	3860
f 3830 	3869 	3874
f 3638 	3873 	3875
f 3858 	3855 	7065
f 3875 	3878 	3489
f 3858 	3879 	6707
f 3880 	6708 	3879
f 3860 	3876 	3864
f 3881 	6708 	3880
f 3883 	3852 	3857
f 3885 	6753 	3884
f 4384 	3490 	3878
f 6708 	3881 	3884
f 3857 	3888 	3883
f 3852 	3883 	3889
f 3890 	3800 	3882
f 3882 	3877 	3921
f 3852 	3889 	3799
f 3870 	6487 	3871
f 3799 	3892 	3801
f 6489 	3872 	3871
f 3799 	3889 	3892
f 3895 	3801 	3892
f 3880 	3879 	7066
f 3827 	3896 	3899
f 3897 	3900 	3873
f 3858 	7066 	3879
f 3758 	3843 	3902
f 3827 	3899 	3950
f 3758 	3902 	3802
f 3873 	3900 	3875
f 3880 	7066 	3881
f 3881 	7066 	3884
f 3884 	7066 	3885
f 3904 	3802 	3902
f 3900 	3905 	3875
f 3896 	3840 	3906
f 3886 	7066 	3887
f 3805 	3907 	3807
f 3885 	7066 	3886
f 3896 	3908 	3899
f 3875 	3905 	3878
f 3904 	3907 	3805
f 3901 	4132 	3888
f 3887 	7066 	3891
f 3906 	3908 	3896
f 7196 	3891 	7066
f 3905 	3909 	3878
f 3911 	6757 	3910
f 3910 	6757 	3912
f 3897 	3832 	3849
f 3900 	3897 	3913
f 3911 	3914 	6757
f 3849 	3913 	3897
f 3900 	3917 	3905
f 3894 	3826 	6447
f 3913 	3917 	3900
f 3922 	3927 	3902
f 3905 	3865 	3909
f 3902 	3927 	3904
f 3865 	3905 	3917
f 3940 	3919 	3867
f 3910 	3912 	7052
f 3381 	3918 	7052
f 3911 	3910 	7052
f 3912 	3891 	7052
f 3877 	3867 	3919
f 7196 	7052 	3891
f 3921 	3877 	3919
f 4056 	3913 	3849
f 3915 	3914 	7052
f 3911 	7052 	3914
f 3916 	3915 	7052
f 3916 	7052 	3918
f 3843 	3922 	3902
f 3893 	3924 	3920
f 3890 	3882 	507
f 3864 	3922 	3843
f 3926 	3373 	3440
f 3893 	3923 	3924
f 3920 	3924 	3928
f 507 	3882 	3921
f 3922 	3937 	3927
f 3890 	507 	511
f 3376 	3373 	3930
f 3904 	3932 	3907
f 3898 	3894 	3809
f 3927 	3932 	3904
f 3373 	3926 	3930
f 3930 	3934 	3376
f 3876 	3935 	3864
f 6447 	3809 	3894
f 1667 	3931 	4014
f 3921 	3863 	524
f 3898 	3809 	3811
f 3921 	524 	507
f 4130 	4014 	3931
f 3922 	3864 	3935
f 3898 	3811 	3903
f 3867 	4017 	4117
f 3930 	3949 	3934
f 3936 	3939 	3925
f 3646 	3699 	3903
f 3829 	2863 	3383
f 3903 	3811 	3646
f 3937 	3922 	3935
f 3940 	3867 	4117
f 3829 	3383 	3934
f 3937 	3941 	3927
f 3925 	3939 	3929
f 3931 	4127 	4130
f 3981 	3942 	3926
f 3939 	3943 	3929
f 3868 	3998 	3906
f 3868 	3996 	3998
f 3926 	3942 	3946
f 3998 	4000 	3906
f 4184 	3496 	3500
f 3906 	4000 	3908
f 3926 	3946 	3930
f 3933 	5439 	3936
f 5436 	5439 	3933
f 3949 	3930 	3946
f 3950 	3256 	3252
f 3927 	3941 	3932
f 3827 	3950 	3252
f 3946 	3962 	3949
f 4188 	4186 	3507
f 3500 	3507 	4186
f 3938 	3947 	3951
f 7242 	3947 	3945
f 3947 	7243 	3951
f 3846 	3934 	3949
f 3256 	3950 	3952
f 3938 	3951 	3940
f 3841 	3955 	3844
f 3940 	3951 	3956
f 3953 	4190 	3508
f 1040 	3955 	3841
f 3946 	3942 	3959
f 3952 	3957 	3268
f 3944 	4126 	3931
f 3942 	3954 	3959
f 3940 	3956 	3919
f 3961 	3269 	3957
f 3919 	3863 	3921
f 3955 	3960 	3844
f 3962 	3946 	3959
f 3919 	3956 	3863
f 3960 	3964 	3847
f 3949 	3862 	3846
f 3994 	3960 	3955
f 3949 	3962 	3862
f 3847 	3964 	3849
f 3970 	3657 	3655
f 3954 	4008 	3959
f 3952 	3972 	3957
f 3954 	4025 	4008
f 3691 	3657 	3970
f 2630 	3958 	3953
f 3979 	3961 	3957
f 7243 	3947 	7242
f 3965 	3963 	3983
f 3950 	3968 	3952
f 4193 	3958 	2930
f 7247 	3956 	3951
f 3899 	3968 	3950
f 1700 	3863 	3956
f 3655 	3967 	3970
f 3968 	3972 	3952
f 3984 	3986 	3968
f 3431 	3969 	3973
f 3968 	3986 	3972
f 4135 	4195 	2931
f 3969 	3989 	3973
f 3969 	3987 	3989
f 3966 	3978 	3967
f 2931 	2932 	4135
f 3972 	3979 	3957
f 3431 	3973 	3436
f 4138 	2935 	4140
f 3974 	3978 	3966
f 3436 	3973 	3981
f 3967 	3978 	3982
f 3556 	3980 	3452
f 2935 	4138 	2932
f 3973 	3990 	3981
f 3973 	3989 	3990
f 3908 	3984 	3899
f 3436 	3981 	3440
f 3967 	3982 	3970
f 3985 	3452 	3980
f 3983 	3963 	3976
f 3965 	3983 	3944
f 3926 	3440 	3981
f 3899 	3984 	3968
f 120 	152 	3987
f 3958 	2563 	2930
f 104 	3987 	152
f 3452 	3985 	3456
f 3988 	3456 	3985
f 2630 	2563 	3958
f 3944 	1678 	3965
f 3979 	3972 	4024
f 3931 	1678 	3944
f 3672 	3365 	3988
f 3942 	3981 	3990
f 3977 	3991 	3980
f 4041 	3971 	6940
f 4039 	3986 	3984
f 3985 	3980 	3992
f 3987 	104 	3993
f 1040 	3975 	3955
f 3971 	4077 	3976
f 3975 	3994 	3955
f 3987 	3993 	3989
f 4077 	4075 	3976
f 4140 	2935 	2939
f 3989 	3993 	3997
f 4073 	4060 	3976
f 3970 	3995 	3691
f 3996 	2168 	2189
f 3982 	3995 	3970
f 4061 	3983 	3976
f 3960 	3925 	3964
f 4142 	2943 	4144
f 3989 	3997 	3990
f 4065 	3944 	3983
f 3960 	3994 	3925
f 3990 	3997 	3954
f 2977 	4144 	2943
f 3998 	4010 	4000
f 3925 	3929 	3964
f 4009 	4010 	3998
f 4003 	3693 	3999
f 1057 	1073 	4005
f 4025 	3954 	3997
f 3990 	3954 	3942
f 4000 	4007 	3908
f 104 	4021 	3993
f 4005 	3975 	1057
f 3975 	4005 	3933
f 4000 	4052 	4007
f 3908 	4007 	3984
f 4022 	3997 	3993
f 4005 	5436 	3933
f 4002 	7216 	4004
f 3975 	3933 	3994
f 3997 	4022 	4025
f 3999 	6343 	4003
f 4007 	4039 	3984
f 4004 	7216 	4006
f 7037 	7216 	4001
f 3994 	3936 	3925
f 3933 	3936 	3994
f 4336 	2988 	2887
f 2189 	2202 	3996
f 2202 	4009 	3996
f 3996 	4009 	3998
f 6484 	3870 	4003
f 4014 	4121 	1647
f 3992 	3980 	3991
f 3985 	3992 	3784
f 3959 	4008 	4012
f 6484 	6487 	3870
f 4013 	3865 	3917
f 3959 	4012 	3962
f 1667 	4014 	1669
f 4010 	4052 	4000
f 3917 	4011 	4013
f 3962 	3901 	3862
f 3988 	3985 	3784
f 4013 	4015 	3865
f 1647 	1669 	4014
f 3962 	4012 	3901
f 3988 	3784 	3792
f 4316 	4009 	2202
f 3991 	4019 	3992
f 4009 	4320 	4010
f 4017 	4019 	3991
f 4316 	4320 	4009
f 3992 	4019 	3796
f 104 	276 	4021
f 4013 	4031 	4015
f 4019 	3877 	3796
f 4127 	3931 	4126
f 4031 	4040 	4015
f 3992 	3796 	3784
f 4022 	3993 	4021
f 4116 	4014 	4118
f 4024 	3972 	3986
f 3929 	3943 	4027
f 4017 	3867 	4019
f 4028 	3924 	3923
f 4073 	3976 	4074
f 4011 	4029 	4013
f 4027 	4029 	4011
f 3923 	3948 	4028
f 4074 	3976 	4075
f 4019 	3867 	3877
f 4024 	3986 	4045
f 4061 	3976 	4060
f 4030 	276 	283
f 4021 	4030 	4034
f 4036 	6940 	4035
f 4031 	4013 	4029
f 4021 	4034 	4022
f 4043 	3971 	4042
f 4041 	4042 	3971
f 4038 	3991 	3977
f 4045 	3986 	4039
f 4043 	4046 	3971
f 4077 	3971 	4046
f 3943 	4048 	4027
f 4024 	4049 	4110
f 4045 	4049 	4024
f 4035 	7072 	4036
f 4037 	7072 	4035
f 4032 	4047 	4050
f 4027 	4048 	4029
f 4030 	283 	5749
f 4006 	7072 	4037
f 4029 	4051 	4031
f 4095 	4098 	4020
f 4048 	4051 	4029
f 4042 	4041 	7076
f 4041 	4036 	7076
f 7072 	7076 	4036
f 4023 	4020 	4098
f 4032 	4050 	4038
f 4031 	3321 	4040
f 4038 	4017 	3991
f 4043 	4042 	7076
f 3321 	4031 	4051
f 4038 	4050 	4017
f 4039 	4007 	4053
f 3321 	3324 	4040
f 300 	5749 	283
f 4052 	4053 	4007
f 4131 	4134 	4026
f 4053 	4054 	4039
f 4155 	4153 	1652
f 1454 	1452 	4084
f 4122 	4123 	1647
f 4048 	5405 	4051
f 4053 	4374 	4054
f 4044 	4111 	4047
f 4158 	1652 	4154
f 4039 	4054 	4045
f 1652 	4158 	1656
f 4054 	4055 	4045
f 3924 	4028 	4057
f 4014 	4116 	4121
f 4045 	4055 	4049
f 4062 	3983 	4063
f 3924 	4057 	3928
f 4063 	3983 	4061
f 3928 	4057 	4064
f 4065 	3983 	4062
f 4010 	4334 	4052
f 4078 	1449 	2038
f 3944 	4065 	4067
f 4058 	4299 	4059
f 4069 	3944 	4067
f 4126 	3944 	4069
f 1449 	4078 	4080
f 4103 	4028 	3948
f 4084 	1452 	4080
f 4072 	3648 	4071
f 3554 	4072 	3977
f 2038 	4076 	4078
f 3556 	3554 	3977
f 4541 	4070 	4066
f 3622 	3961 	4081
f 3622 	4081 	3628
f 4063 	4079 	4062
f 3632 	3628 	4091
f 4079 	4069 	4067
f 4065 	4079 	4067
f 4062 	4079 	4065
f 4068 	4082 	4085
f 4057 	4083 	4064
f 4064 	4083 	4087
f 4086 	1397 	1454
f 4044 	4085 	4082
f 1454 	4084 	4086
f 4068 	4085 	4071
f 4064 	4087 	5705
f 4097 	3961 	3979
f 4071 	4085 	4032
f 4089 	1397 	4086
f 4063 	4061 	4079
f 1907 	4088 	4016
f 4083 	4093 	4087
f 4018 	4016 	4092
f 4086 	1358 	4089
f 4072 	4071 	4032
f 4091 	3628 	4081
f 4083 	4090 	4093
f 3977 	4072 	4038
f 3632 	4091 	4094
f 4088 	4092 	4016
f 4087 	4093 	5679
f 4038 	4072 	4032
f 4092 	4095 	4018
f 4128 	2934 	4076
f 4082 	4317 	4096
f 4076 	2936 	4078
f 4076 	2934 	2936
f 4061 	4060 	4079
f 3632 	4094 	3683
f 4080 	4078 	2938
f 4075 	4079 	4074
f 4018 	4095 	4020
f 4078 	2936 	2938
f 4073 	4074 	4079
f 4097 	4081 	3961
f 4082 	4096 	4044
f 4114 	4454 	4090
f 4084 	4080 	2877
f 4109 	4095 	4092
f 2938 	2877 	4080
f 4090 	4457 	4093
f 4060 	4073 	4079
f 7076 	4079 	4046
f 4084 	2877 	2882
f 4090 	4454 	4457
f 4091 	4081 	4099
f 2882 	4086 	4084
f 4097 	4099 	4081
f 4085 	4047 	4032
f 2882 	1358 	4086
f 4099 	4101 	4091
f 4085 	4044 	4047
f 4099 	4119 	4101
f 4112 	4119 	4099
f 4102 	4088 	2001
f 4103 	3948 	4100
f 4104 	4057 	4028
f 4091 	4101 	4094
f 4124 	2031 	2074
f 2001 	2014 	4102
f 4028 	4103 	4104
f 4102 	4105 	4088
f 2074 	4125 	4124
f 4083 	4057 	4104
f 2034 	2031 	4128
f 4075 	4077 	4079
f 4088 	4105 	4092
f 4247 	4106 	4100
f 4096 	4107 	4044
f 4100 	4106 	4108
f 3979 	4024 	4110
f 4111 	4044 	4107
f 4046 	4079 	4077
f 4110 	4097 	3979
f 4106 	4490 	4108
f 4105 	4109 	4092
f 4110 	4112 	4097
f 4169 	1633 	4171
f 4100 	4108 	4103
f 4109 	4113 	4095
f 4103 	4108 	4114
f 1656 	4171 	1633
f 4115 	4050 	4047
f 4047 	4111 	4115
f 4095 	4113 	4098
f 4103 	4114 	4104
f 4097 	4112 	4099
f 4104 	4090 	4083
f 4050 	4115 	4117
f 4215 	4115 	4111
f 4090 	4104 	4114
f 2014 	4058 	4102
f 4102 	4059 	4105
f 4119 	4230 	4101
f 4106 	4485 	4490
f 4058 	4059 	4102
f 4192 	3958 	4193
f 4059 	4066 	4105
f 4155 	1647 	4123
f 4254 	4262 	4119
f 4119 	4262 	4230
f 4066 	4109 	4105
f 4125 	2074 	2084
f 4109 	4070 	4113
f 3849 	3964 	4056
f 4066 	4070 	4109
f 4049 	4250 	4110
f 4250 	4112 	4110
f 4118 	4014 	4120
f 4120 	4014 	4130
f 4131 	4026 	4023
f 4023 	4098 	4131
f 4128 	2031 	4124
f 4134 	4033 	4026
f 4254 	4119 	4112
f 2034 	4128 	4076
f 4134 	4137 	4033
f 2034 	4076 	2038
f 4120 	4079 	4118
f 4116 	4079 	4121
f 4121 	4079 	4122
f 4118 	4079 	4116
f 4122 	4079 	4123
f 4141 	3683 	4094
f 2080 	4139 	4147
f 4141 	4146 	3746
f 4219 	4141 	4094
f 4130 	4079 	4120
f 4219 	4225 	4141
f 4098 	4151 	4131
f 4139 	3038 	3042
f 7089 	4123 	4079
f 4127 	4126 	4079
f 4069 	4079 	4126
f 4141 	4225 	4146
f 4139 	3042 	4147
f 4098 	4113 	4151
f 4127 	4079 	4130
f 4135 	2932 	4138
f 2080 	4147 	2084
f 4146 	4148 	3752
f 2084 	4147 	4125
f 4147 	3030 	4125
f 4129 	4202 	4164
f 4156 	4189 	4137
f 4129 	4164 	4133
f 4125 	3030 	2985
f 4171 	1656 	4150
f 4142 	4140 	2939
f 4133 	4167 	4136
f 4125 	2985 	4124
f 2939 	2943 	4142
f 2987 	4128 	4124
f 4151 	4152 	4131
f 4124 	2985 	2987
f 4144 	2977 	4145
f 4151 	4162 	4152
f 4154 	1652 	4153
f 2987 	2934 	4128
f 4131 	4152 	4134
f 4331 	4145 	2978
f 4134 	4156 	4137
f 4152 	4156 	4134
f 2977 	2978 	4145
f 4149 	4150 	1656
f 2978 	2983 	4331
f 4157 	4160 	4008
f 4012 	4160 	4143
f 4113 	4161 	4151
f 3030 	4147 	3042
f 4160 	4208 	4143
f 4113 	4070 	4161
f 4161 	4162 	4151
f 4153 	4155 	7091
f 3537 	3543 	4214
f 4162 	4163 	4152
f 7091 	7096 	4154
f 4155 	4123 	7091
f 3546 	4216 	3543
f 7089 	7091 	4123
f 4305 	4160 	4157
f 4152 	4163 	4156
f 4154 	4153 	7091
f 4194 	4139 	5973
f 4305 	4208 	4160
f 4158 	4154 	7096
f 4221 	3557 	4223
f 4159 	4158 	7096
f 4221 	3549 	3557
f 4177 	4165 	1636
f 4203 	1636 	4166
f 4167 	4133 	4164
f 4170 	1633 	4169
f 4136 	4167 	3893
f 4167 	3923 	3893
f 1633 	4170 	4172
f 1633 	4172 	1635
f 4174 	1635 	4172
f 1636 	4176 	4177
f 1636 	4179 	4176
f 4164 	4175 	4181
f 4179 	1635 	4174
f 4166 	1636 	4165
f 4167 	4164 	4181
f 4188 	3507 	3508
f 4189 	4196 	4178
f 3923 	4167 	4181
f 4178 	4196 	4182
f 4175 	4185 	4191
f 5968 	4187 	4194
f 4185 	4244 	4247
f 4137 	4189 	4178
f 4185 	4247 	4191
f 4172 	4170 	7081
f 4174 	4172 	7081
f 4175 	4191 	4181
f 4187 	3457 	4194
f 4181 	4191 	3948
f 5968 	4194 	5973
f 4166 	4165 	7081
f 4181 	3948 	3923
f 4196 	4197 	4182
f 4169 	4171 	7081
f 4150 	7081 	4171
f 4168 	3483 	4173
f 4170 	4169 	7081
f 4174 	7081 	4179
f 4168 	3519 	3483
f 4176 	7081 	4177
f 4179 	7081 	4176
f 4177 	7081 	4165
f 4189 	4156 	4198
f 4180 	4173 	3485
f 4173 	3483 	3485
f 4163 	4198 	4156
f 4198 	4199 	4189
f 4180 	3485 	4183
f 3488 	4183 	3485
f 4200 	1620 	1611
f 4132 	4201 	4202
f 4183 	3488 	3454
f 4198 	4734 	4199
f 4132 	4143 	4201
f 4204 	1612 	4203
f 4184 	3500 	4186
f 4189 	4199 	4196
f 4196 	4206 	4197
f 4183 	3454 	4187
f 4199 	4206 	4196
f 4208 	4212 	4201
f 4187 	3454 	3457
f 4050 	4117 	4017
f 4202 	4129 	4132
f 3508 	4190 	4188
f 3953 	4192 	4190
f 3938 	4117 	4115
f 3038 	4139 	4194
f 4117 	3938 	3940
f 4192 	3953 	3958
f 4143 	4208 	4201
f 4163 	4731 	4198
f 4201 	4210 	4202
f 4731 	4734 	4198
f 4212 	4210 	4201
f 3752 	4148 	3755
f 2930 	4195 	4193
f 4210 	4175 	4202
f 2930 	2931 	4195
f 4226 	4148 	4146
f 4210 	4185 	4175
f 4107 	4213 	4111
f 3519 	6202 	4211
f 4111 	4213 	4215
f 4202 	4175 	4164
f 4211 	3538 	3519
f 1612 	4204 	4207
f 4101 	4219 	4094
f 4305 	4217 	4208
f 4101 	4230 	4219
f 1611 	4222 	4200
f 4208 	4217 	4212
f 4115 	4215 	3938
f 4207 	7081 	4205
f 4217 	4229 	4212
f 7112 	1620 	7081
f 3530 	4211 	4209
f 4211 	3530 	3538
f 4222 	7081 	4200
f 4225 	4226 	4146
f 4193 	5304 	4192
f 4228 	4210 	4212
f 4212 	4229 	4228
f 3945 	4213 	4400
f 4228 	4185 	4210
f 4204 	4203 	7081
f 4166 	7081 	4203
f 4215 	4213 	3945
f 4207 	4204 	7081
f 4214 	3543 	4216
f 4219 	4231 	4225
f 4215 	3945 	3947
f 4205 	7081 	4222
f 4215 	3947 	3938
f 4230 	4231 	4219
f 3546 	4220 	4216
f 4200 	7081 	1620
f 4232 	4217 	4314
f 4231 	4233 	4225
f 325 	3520 	6231
f 4220 	3546 	3549
f 4229 	4217 	4232
f 4231 	4285 	4233
f 4227 	3520 	3523
f 3549 	4221 	4220
f 4225 	4233 	4226
f 4227 	3523 	4209
f 3523 	3530 	4209
f 4412 	4402 	1548
f 4269 	4228 	4229
f 1548 	4403 	1551
f 3091 	4235 	4236
f 1551 	4407 	1552
f 4223 	3493 	4224
f 3496 	4184 	4224
f 3050 	3094 	4238
f 4224 	3493 	3496
f 817 	4239 	821
f 4236 	4238 	3094
f 817 	4237 	4239
f 4284 	4231 	4230
f 3377 	3050 	4238
f 1561 	4375 	4376
f 4232 	4273 	4229
f 4239 	4242 	821
f 4244 	4185 	4228
f 3377 	2816 	3050
f 4379 	1571 	4378
f 4284 	4285 	4231
f 4332 	2988 	4336
f 5046 	4245 	4237
f 4244 	4228 	4269
f 2983 	2988 	4332
f 4237 	4245 	4249
f 4234 	4248 	4235
f 4191 	4100 	3948
f 4234 	4246 	4248
f 4245 	4264 	4267
f 4235 	4248 	4251
f 4100 	4191 	4247
f 4245 	4267 	4249
f 4269 	4256 	4244
f 4255 	1587 	4257
f 4237 	4249 	4239
f 4249 	4258 	4239
f 1611 	4253 	1587
f 4244 	4259 	4247
f 4235 	4251 	4236
f 4260 	1587 	4255
f 4250 	4254 	4112
f 4236 	3386 	4238
f 4244 	4256 	4259
f 4240 	2892 	4241
f 4239 	4258 	4242
f 1592 	4387 	1561
f 4388 	1561 	4387
f 4247 	4259 	4106
f 4236 	4251 	3386
f 4254 	4268 	4262
f 4238 	3389 	3377
f 1592 	4261 	4263
f 1592 	4263 	4387
f 4238 	3386 	3389
f 4388 	4375 	1561
f 4262 	4284 	4230
f 4049 	4265 	4250
f 4011 	3917 	3913
f 1941 	4218 	4197
f 3913 	4056 	4011
f 5051 	4264 	4245
f 4049 	4055 	4265
f 4246 	4271 	4248
f 4256 	4873 	4875
f 4206 	1941 	4197
f 4265 	4266 	4250
f 4056 	3964 	3929
f 4275 	4251 	4248
f 1941 	1943 	4218
f 4256 	4875 	4259
f 4264 	4290 	4267
f 3929 	4027 	4056
f 4251 	3561 	3386
f 4056 	4027 	4011
f 4266 	4254 	4250
f 1137 	3579 	622
f 4206 	1955 	1941
f 4266 	4268 	4254
f 4229 	4273 	4269
f 4249 	4270 	4258
f 4274 	3579 	1137
f 4267 	4270 	4249
f 4275 	4248 	4271
f 3579 	4274 	3584
f 3561 	4251 	4275
f 4474 	4265 	4055
f 4232 	4276 	4273
f 4278 	3584 	4274
f 4276 	4282 	4273
f 4278 	4281 	3586
f 4271 	4279 	3565
f 4268 	4266 	4480
f 4273 	4282 	4283
f 4275 	4271 	3565
f 3586 	4281 	3635
f 647 	650 	4272
f 4290 	4264 	4287
f 4275 	3565 	3595
f 4272 	650 	4277
f 4273 	4283 	4269
f 3635 	4281 	3873
f 4267 	4290 	4270
f 4291 	4270 	4290
f 4269 	4283 	4256
f 4277 	652 	4280
f 4281 	3897 	3873
f 4703 	3640 	4279
f 650 	652 	4277
f 652 	655 	4280
f 3635 	3873 	3638
f 4286 	4276 	4373
f 4279 	3640 	3644
f 4279 	3644 	3565
f 1137 	1149 	4288
f 4282 	4276 	4286
f 4283 	4282 	4949
f 4288 	4274 	1137
f 4295 	1 	4285
f 4278 	4274 	4292
f 4291 	4515 	4270
f 655 	809 	4289
f 4262 	4293 	4284
f 4288 	4292 	4274
f 809 	892 	4289
f 4278 	4292 	3832
f 4268 	4293 	4262
f 3011 	4243 	4241
f 4287 	4294 	4298
f 4293 	4295 	4284
f 4286 	4954 	4951
f 4297 	4058 	1930
f 3011 	3013 	4243
f 1930 	2259 	4297
f 4282 	4286 	4951
f 4287 	4298 	4290
f 4285 	4284 	4295
f 4291 	4290 	4302
f 4298 	4302 	4290
f 4515 	4291 	4302
f 4301 	4068 	3640
f 4297 	4299 	4058
f 4305 	4157 	4300
f 4303 	5304 	4243
f 4299 	4304 	4059
f 1 	128 	5660
f 4292 	3847 	3832
f 4278 	3832 	4281
f 4059 	4304 	4066
f 4293 	42 	4295
f 4281 	3832 	3897
f 40 	42 	4293
f 4295 	44 	1
f 4300 	4314 	4305
f 42 	44 	4295
f 3841 	4288 	1149
f 4300 	4311 	4314
f 2274 	4341 	4315
f 4316 	2202 	2273
f 3841 	3844 	4288
f 4305 	4314 	4217
f 4296 	4310 	4317
f 2259 	4315 	4297
f 4292 	4288 	3844
f 4315 	4319 	4297
f 3844 	3847 	4292
f 4010 	4320 	4334
f 4311 	4321 	4314
f 4323 	4316 	2273
f 4299 	4297 	4319
f 4296 	4317 	4301
f 4311 	4318 	4321
f 4232 	4314 	4321
f 4301 	4082 	4068
f 4299 	4324 	4304
f 4323 	2273 	2280
f 3704 	4322 	4325
f 4301 	4317 	4082
f 4562 	4294 	5125
f 4308 	3026 	4309
f 4321 	4276 	4232
f 3028 	4312 	4309
f 4325 	3766 	3704
f 4309 	3026 	3028
f 4294 	4564 	4298
f 4339 	4320 	4316
f 4294 	4562 	4564
f 4327 	4306 	4326
f 2280 	2296 	4323
f 2296 	4350 	4323
f 4145 	5304 	4144
f 4327 	4310 	4306
f 4319 	4324 	4299
f 4310 	4327 	4333
f 4325 	4347 	4352
f 4327 	4466 	4333
f 4310 	4333 	4317
f 4316 	4323 	4339
f 4323 	4350 	4339
f 4333 	4096 	4317
f 4329 	4338 	4344
f 4339 	4343 	4320
f 4340 	4345 	4389
f 4315 	4342 	4319
f 4326 	4458 	4463
f 4341 	4342 	4315
f 4307 	5304 	4303
f 4320 	4343 	4334
f 4463 	4327 	4326
f 4329 	4344 	4330
f 4343 	4346 	4334
f 4330 	4344 	4311
f 4307 	4308 	5304
f 4345 	4347 	4322
f 4343 	4360 	4346
f 4330 	4311 	4300
f 4365 	4347 	4345
f 4322 	4347 	4325
f 4347 	3333 	4352
f 4253 	1611 	4252
f 4353 	4338 	4335
f 4343 	4339 	4355
f 4335 	4349 	4353
f 4331 	2983 	4332
f 4338 	4353 	4358
f 4350 	4355 	4339
f 4253 	4252 	7092
f 4355 	4360 	4343
f 4257 	4253 	7092
f 4355 	4417 	4360
f 4359 	4340 	3909
f 4260 	4255 	7092
f 4344 	4338 	4358
f 2887 	4337 	4336
f 4359 	3909 	3865
f 4344 	4318 	4311
f 7092 	4263 	4261
f 4255 	4257 	7092
f 4359 	4362 	4340
f 4326 	4351 	4361
f 4344 	4358 	4318
f 4252 	4354 	7092
f 7112 	7092 	1620
f 4326 	4306 	4351
f 4345 	4340 	4362
f 4354 	1620 	7092
f 4362 	4365 	4345
f 4261 	4260 	7092
f 4355 	4414 	4417
f 4486 	4361 	4357
f 4365 	3333 	4347
f 4052 	4370 	4053
f 4352 	3333 	3335
f 4313 	4312 	3048
f 4371 	4318 	4358
f 4352 	3335 	3358
f 4321 	4318 	4373
f 4372 	4107 	4096
f 4370 	4052 	4334
f 4313 	3049 	4363
f 3865 	4015 	4359
f 4370 	4374 	4053
f 4406 	4362 	4359
f 4373 	4318 	4371
f 3048 	3049 	4313
f 4377 	1565 	4376
f 4276 	4321 	4373
f 4406 	4359 	4015
f 3049 	3052 	4363
f 4363 	3052 	4364
f 4054 	4381 	4055
f 4380 	1565 	4377
f 3056 	4366 	4364
f 4374 	4381 	4054
f 1571 	4379 	4382
f 4367 	4366 	3059
f 3387 	3333 	4365
f 4346 	4370 	4334
f 4107 	4372 	4390
f 3878 	3909 	4384
f 4371 	4383 	4386
f 4370 	4385 	4374
f 3059 	3065 	4367
f 4367 	3065 	4368
f 4370 	4346 	4385
f 3741 	4322 	3704
f 4421 	4390 	4372
f 4373 	4371 	4386
f 4385 	4391 	4374
f 3741 	4389 	4322
f 4390 	4213 	4107
f 4286 	4373 	4386
f 4385 	4396 	4391
f 4384 	4340 	4389
f 4374 	4391 	4381
f 4384 	3909 	4340
f 4389 	4345 	4322
f 4379 	7092 	4382
f 4388 	7092 	4375
f 4378 	7092 	4379
f 4380 	7092 	4378
f 4386 	4383 	5188
f 4346 	4394 	4385
f 4377 	7092 	4380
f 3769 	3766 	4395
f 4368 	7525 	4369
f 5183 	5188 	4383
f 4360 	4394 	4346
f 4395 	3766 	4325
f 4394 	4396 	4385
f 4390 	4421 	4393
f 4397 	3769 	4395
f 4390 	4400 	4213
f 4396 	4399 	4391
f 4390 	4393 	4400
f 4375 	7092 	4376
f 3344 	3774 	4397
f 4376 	7092 	4377
f 7128 	4382 	7092
f 4263 	7092 	4387
f 4395 	4325 	4352
f 4401 	4349 	4398
f 4395 	3358 	4397
f 4398 	4415 	4418
f 4398 	4418 	4401
f 4387 	7092 	4388
f 4352 	3358 	4395
f 4401 	4353 	4349
f 4397 	3358 	3361
f 1551 	4403 	4404
f 4353 	4401 	4405
f 4450 	4399 	4396
f 1552 	4407 	4408
f 4401 	4422 	4405
f 4407 	1551 	4404
f 4365 	4362 	4409
f 4434 	3526 	4432
f 4405 	4358 	4353
f 2296 	2353 	4410
f 4393 	7261 	4400
f 4371 	4358 	4405
f 4406 	4409 	4362
f 1571 	4382 	4411
f 4409 	3387 	4365
f 4350 	2296 	4410
f 4412 	1548 	4411
f 4409 	3408 	3387
f 4403 	1548 	4402
f 4410 	4414 	4350
f 4015 	4040 	4406
f 4458 	4500 	4413
f 4406 	4040 	3405
f 4350 	4414 	4355
f 4406 	3405 	4409
f 4413 	4428 	4416
f 4404 	4403 	7061
f 4413 	4426 	4428
f 4409 	3405 	3408
f 4415 	5223 	4418
f 4440 	4360 	4417
f 2708 	4420 	2353
f 4416 	4421 	4466
f 4403 	4402 	7061
f 4419 	3286 	2879
f 7061 	4408 	4407
f 4422 	4401 	4418
f 2879 	3671 	4419
f 4383 	4371 	4405
f 3286 	4419 	4423
f 4410 	2353 	4420
f 4402 	4412 	7061
f 4405 	4422 	4383
f 4420 	4424 	4410
f 4412 	4411 	7061
f 4423 	3289 	3286
f 4410 	4424 	4414
f 3433 	3289 	4423
f 4414 	4427 	4417
f 4411 	4382 	7061
f 4418 	5228 	4422
f 4424 	4427 	4414
f 7128 	7061 	4382
f 4427 	4455 	4417
f 4416 	4428 	4392
f 5183 	4383 	4422
f 4407 	4404 	7061
f 4419 	3671 	3689
f 4408 	4432 	1552
f 4419 	3689 	4433
f 4417 	4455 	4440
f 4421 	4416 	4392
f 4419 	4433 	4423
f 3443 	3433 	4423
f 4421 	4392 	4393
f 3443 	4423 	4433
f 3689 	3756 	4436
f 4434 	4432 	7061
f 6562 	6564 	4420
f 4436 	4433 	3689
f 4428 	4426 	7485
f 4436 	3458 	4433
f 7061 	3555 	3548
f 4424 	6568 	4427
f 7061 	3553 	4434
f 3548 	3547 	7061
f 4436 	3466 	3458
f 4408 	7061 	4432
f 3312 	3466 	4436
f 4360 	4440 	4394
f 4396 	4394 	4443
f 4446 	7013 	4447
f 4440 	4443 	4394
f 4447 	7013 	4449
f 4443 	4450 	4396
f 6762 	3382 	4449
f 4526 	7013 	4452
f 4446 	4452 	7013
f 4439 	7492 	7494
f 4451 	952 	1006
f 4529 	7017 	4528
f 4528 	7017 	4526
f 4439 	7494 	4441
f 4448 	4472 	4453
f 4451 	4456 	952
f 7494 	7495 	4441
f 4455 	4459 	4440
f 4458 	4326 	4361
f 4431 	4093 	4457
f 955 	4461 	961
f 4543 	7030 	4542
f 4361 	4486 	4458
f 4472 	4484 	4453
f 4456 	4461 	955
f 4459 	4443 	4440
f 4495 	4462 	4454
f 4623 	7032 	4622
f 4443 	12 	4450
f 4454 	4462 	4464
f 4451 	4242 	4465
f 12 	4443 	4459
f 4628 	161 	4627
f 4466 	4327 	4463
f 4454 	4464 	4457
f 12 	81 	4450
f 4451 	4467 	4456
f 4096 	4333 	4372
f 4457 	4435 	4431
f 4468 	4444 	141
f 4455 	4427 	6605
f 4464 	4435 	4457
f 4372 	4333 	4466
f 4465 	4467 	4451
f 4467 	4470 	4456
f 4468 	4448 	4444
f 6609 	4459 	4455
f 4463 	4458 	4413
f 4468 	4472 	4448
f 6605 	6609 	4455
f 4456 	4470 	4461
f 4460 	4453 	4484
f 4462 	4469 	4473
f 318 	12 	4459
f 4463 	4413 	4416
f 4381 	4474 	4055
f 4463 	4416 	4466
f 4462 	4473 	4464
f 4464 	4473 	4437
f 141 	100 	4468
f 4466 	4421 	4372
f 4465 	4477 	4467
f 4265 	4476 	4266
f 4475 	4477 	4465
f 4464 	4437 	4435
f 4474 	4476 	4265
f 4467 	4479 	4470
f 4472 	4510 	4484
f 4476 	4480 	4266
f 4511 	172 	4558
f 4477 	4479 	4467
f 4468 	4504 	4472
f 4556 	4558 	172
f 4356 	4478 	4481
f 4356 	4481 	4357
f 4483 	4474 	4381
f 4485 	4106 	4259
f 173 	4815 	4471
f 4381 	4391 	4483
f 4486 	4357 	4481
f 4477 	4475 	4516
f 4515 	4516 	4475
f 4483 	4488 	4474
f 4818 	4819 	4555
f 4460 	4487 	4482
f 4816 	4818 	4471
f 4259 	4875 	4485
f 4460 	4484 	4487
f 4487 	4491 	4482
f 4547 	4492 	4478
f 4474 	4488 	4476
f 4476 	21 	4480
f 4489 	4578 	100
f 4495 	4114 	4108
f 4478 	4494 	4481
f 4488 	21 	4476
f 4108 	4490 	4495
f 4493 	4328 	987
f 4454 	4114 	4495
f 4478 	4492 	4494
f 21 	48 	4480
f 4481 	4494 	4498
f 4461 	4496 	4493
f 4399 	4483 	4391
f 4510 	4512 	4484
f 4485 	4875 	4497
f 4470 	4496 	4461
f 4484 	4512 	4487
f 4496 	4348 	4493
f 4485 	4499 	4490
f 4399 	30 	4483
f 4399 	76 	30
f 4481 	4498 	4486
f 4497 	4499 	4485
f 4486 	4498 	4500
f 4483 	30 	4488
f 4490 	4499 	4501
f 4493 	4348 	4328
f 4517 	4520 	4491
f 4488 	34 	21
f 30 	34 	4488
f 4470 	4479 	4502
f 4502 	4479 	4519
f 4458 	4486 	4500
f 100 	4578 	4504
f 4502 	4496 	4470
f 4480 	40 	4268
f 4502 	4430 	4496
f 4480 	48 	40
f 4468 	100 	4504
f 4507 	4494 	4492
f 4509 	5304 	4508
f 4268 	40 	4293
f 6465 	4430 	4502
f 4496 	4430 	4348
f 4492 	4585 	4507
f 4479 	4518 	4519
f 4494 	4507 	4439
f 4399 	4450 	76
f 4504 	4510 	4472
f 81 	76 	4450
f 4519 	6465 	4502
f 4507 	7492 	4439
f 4439 	4498 	4494
f 4558 	4650 	4511
f 4487 	4517 	4491
f 4242 	4258 	4465
f 4498 	4441 	4500
f 4258 	4270 	4475
f 4487 	4512 	4517
f 4498 	4439 	4441
f 4512 	4510 	4537
f 4465 	4258 	4475
f 4413 	4500 	4426
f 4441 	4426 	4500
f 4342 	4514 	4319
f 1014 	1011 	4566
f 4270 	4515 	4475
f 4514 	4324 	4319
f 4490 	4501 	4495
f 4477 	4518 	4479
f 4495 	4501 	4462
f 4516 	4518 	4477
f 4501 	4469 	4462
f 1192 	1019 	4573
f 4447 	7052 	4446
f 4449 	7052 	4447
f 4446 	7052 	4452
f 3382 	7052 	4449
f 4302 	4524 	4515
f 4523 	947 	946
f 4341 	4277 	4342
f 4515 	4524 	4516
f 4525 	4516 	4524
f 4497 	4527 	4499
f 4525 	4530 	4516
f 4497 	4522 	4527
f 946 	4521 	4523
f 4499 	4532 	4501
f 4523 	4534 	947
f 4499 	4527 	4532
f 4536 	7018 	4535
f 4523 	4549 	4534
f 4516 	4530 	4518
f 4530 	4540 	4519
f 7018 	4536 	4539
f 4501 	4532 	4469
f 947 	4534 	1011
f 4542 	7018 	4539
f 4519 	4518 	4530
f 4588 	4537 	4510
f 4534 	4566 	1011
f 4540 	4438 	4519
f 4512 	4537 	4544
f 4541 	4066 	4304
f 4545 	4523 	4521
f 4618 	4438 	4540
f 4522 	4599 	4527
f 4541 	4546 	4070
f 7030 	4543 	4548
f 4545 	4521 	3086
f 4527 	4599 	4532
f 4512 	4544 	4517
f 4517 	4567 	4520
f 4545 	4549 	4523
f 4538 	4570 	4547
f 4070 	4546 	4161
f 4544 	4567 	4517
f 4644 	4524 	4302
f 4549 	4566 	4534
f 4532 	4550 	4469
f 4532 	4553 	4550
f 4546 	4552 	4161
f 3086 	4551 	4545
f 4469 	4550 	4473
f 4554 	4473 	4550
f 4551 	3086 	3095
f 4554 	4442 	4473
f 4551 	4783 	4545
f 4161 	4552 	4162
f 4442 	4554 	4445
f 4437 	4473 	4442
f 4530 	4653 	4540
f 4538 	4565 	4570
f 4545 	4783 	4549
f 4553 	4557 	4550
f 4783 	4785 	4549
f 4554 	4550 	4560
f 4557 	4560 	4550
f 4547 	4570 	4492
f 4445 	4554 	4560
f 4304 	4654 	4541
f 4551 	3095 	3396
f 4546 	4541 	4658
f 4557 	4636 	4560
f 4531 	4565 	4538
f 4531 	4563 	4565
f 4471 	4818 	4555
f 4564 	4568 	4298
f 4564 	4580 	4568
f 1014 	4572 	1019
f 4565 	4583 	4570
f 4577 	4580 	4564
f 4571 	4559 	4520
f 4298 	4568 	4302
f 4555 	5189 	4556
f 4566 	4572 	1014
f 4644 	4302 	4568
f 4520 	4567 	4571
f 4572 	4573 	1019
f 4571 	4575 	4559
f 4562 	4577 	4564
f 4559 	4575 	4561
f 4576 	4563 	4612
f 4562 	4574 	4577
f 4563 	4576 	4579
f 4575 	4586 	4561
f 4549 	4581 	4566
f 4581 	4582 	4566
f 4579 	4565 	4563
f 4932 	4567 	4544
f 4489 	216 	4593
f 4567 	4595 	4571
f 4582 	4572 	4566
f 4489 	4775 	4578
f 4583 	4565 	4579
f 4582 	4584 	4572
f 4570 	4583 	4585
f 4775 	4489 	4593
f 4578 	4777 	4588
f 4572 	4584 	4573
f 4570 	4585 	4492
f 4777 	4578 	4775
f 4574 	4590 	4577
f 4588 	4504 	4578
f 4688 	4586 	4587
f 4581 	4549 	4785
f 7511 	4583 	4579
f 4504 	4588 	4510
f 4583 	7511 	7515
f 4786 	4790 	4582
f 4585 	4583 	7515
f 4571 	4600 	4575
f 4590 	4574 	4589
f 4592 	216 	113
f 113 	4513 	4592
f 4604 	4587 	4586
f 4592 	4593 	216
f 4591 	4603 	4608
f 4591 	4608 	4594
f 4313 	5304 	4312
f 4513 	4511 	4650
f 4363 	5304 	4313
f 1201 	4611 	4633
f 4599 	4522 	4569
f 1202 	1201 	4633
f 4598 	4590 	4589
f 4569 	4605 	4599
f 4594 	4608 	4612
f 4637 	1206 	1202
f 4600 	4571 	4595
f 4594 	4612 	4597
f 4586 	4575 	4601
f 4589 	4596 	4598
f 4553 	4532 	4599
f 1211 	1206 	4639
f 4600 	4601 	4575
f 4586 	4601 	4604
f 4602 	4569 	5136
f 4605 	4569 	4602
f 4553 	4599 	4607
f 4605 	4607 	4599
f 4607 	4557 	4553
f 4670 	2388 	1211
f 4596 	4606 	4610
f 1192 	4609 	1196
f 4600 	5314 	4601
f 4573 	4609 	1192
f 4609 	4611 	1196
f 4598 	4596 	4610
f 4620 	4608 	4603
f 4614 	4616 	4609
f 4609 	4616 	4611
f 4608 	4625 	4612
f 4528 	4526 	4619
f 4526 	4452 	4619
f 7260 	4619 	4452
f 4604 	4740 	4733
f 4533 	4529 	4619
f 4529 	4528 	4619
f 4535 	4533 	4619
f 4597 	4563 	4531
f 4584 	4614 	4573
f 4613 	4445 	4560
f 165 	160 	4482
f 4782 	4610 	4606
f 4543 	4542 	4619
f 4597 	4612 	4563
f 160 	4460 	4482
f 4539 	4536 	4619
f 4536 	4535 	4619
f 4542 	4539 	4619
f 4548 	4543 	4619
f 4614 	4609 	4573
f 165 	4617 	225
f 165 	4482 	4617
f 4603 	4615 	4620
f 4611 	4642 	4633
f 4653 	4618 	4540
f 4622 	7032 	4626
f 4548 	4626 	7030
f 4624 	225 	4617
f 4800 	4614 	4584
f 4625 	4608 	4620
f 161 	4630 	173
f 4631 	173 	4630
f 4653 	4632 	4618
f 4576 	4612 	4625
f 4628 	4630 	161
f 4643 	4646 	4624
f 4624 	4646 	4629
f 7509 	4576 	4625
f 4634 	4557 	4607
f 4632 	4702 	208
f 4631 	4638 	173
f 4815 	173 	4638
f 4636 	4557 	4634
f 1202 	4633 	4637
f 4816 	4471 	4815
f 4560 	4636 	4613
f 4657 	234 	4635
f 4482 	4491 	4617
f 4643 	4617 	4491
f 4634 	4641 	4636
f 4491 	4520 	4643
f 4634 	4640 	4641
f 5187 	4556 	5186
f 5189 	5186 	4556
f 4642 	4611 	4616
f 4636 	4641 	4621
f 4617 	4643 	4624
f 4642 	4645 	4633
f 4821 	4823 	4555
f 4644 	4647 	4524
f 4633 	4645 	4637
f 4656 	4660 	4644
f 4637 	4649 	4639
f 4644 	4660 	4647
f 4216 	4220 	5304
f 5197 	4650 	4558
f 4645 	4649 	4637
f 4667 	4635 	4629
f 4558 	5194 	5197
f 4524 	4647 	4525
f 4649 	4676 	4639
f 4647 	4651 	4525
f 4648 	4655 	4246
f 4647 	4663 	4651
f 4648 	4246 	4234
f 4643 	4559 	4646
f 4525 	4651 	4530
f 4659 	4707 	4552
f 4520 	4559 	4643
f 4651 	4653 	4530
f 4324 	4654 	4304
f 4645 	4810 	4649
f 4652 	4655 	4673
f 4568 	4580 	4656
f 4654 	4658 	4541
f 4652 	4693 	4655
f 4546 	4659 	4552
f 4656 	4644 	4568
f 4658 	4659 	4546
f 2307 	2388 	4671
f 4324 	4662 	4654
f 4671 	4675 	2307
f 4514 	4662 	4324
f 328 	4664 	333
f 4662 	4665 	4654
f 4661 	4664 	328
f 4660 	4663 	4647
f 4663 	4666 	4651
f 2310 	4683 	2315
f 4654 	4665 	4658
f 4658 	4668 	4659
f 4651 	4666 	4653
f 4629 	4646 	4667
f 4665 	4668 	4658
f 4635 	4667 	4669
f 4652 	4687 	4693
f 4632 	4653 	4666
f 1211 	4639 	4670
f 4656 	4580 	4679
f 4639 	4676 	4670
f 4246 	4655 	4696
f 4742 	4679 	4580
f 4635 	4669 	4657
f 4657 	4672 	4661
f 4669 	4672 	4657
f 4670 	4671 	2388
f 4661 	4674 	4664
f 5304 	4241 	4243
f 2517 	2513 	4673
f 4672 	4674 	4661
f 4660 	4681 	4663
f 4648 	3122 	2517
f 4674 	4998 	4664
f 4665 	4689 	4668
f 2517 	4673 	4648
f 2310 	4675 	4683
f 4234 	3122 	4648
f 4668 	4689 	4754
f 4670 	4678 	4671
f 4664 	4998 	4708
f 4676 	4678 	4670
f 4309 	4312 	5304
f 2285 	4272 	4341
f 4646 	4559 	4561
f 4652 	4673 	2805
f 4680 	4660 	4656
f 4652 	2805 	4677
f 4272 	4277 	4341
f 4561 	4667 	4646
f 4649 	5111 	4676
f 4667 	4688 	4669
f 4673 	4655 	4648
f 4679 	4680 	4656
f 4342 	4280 	4514
f 4561 	4688 	4667
f 4680 	4681 	4660
f 4678 	4676 	5115
f 4277 	4280 	4342
f 4280 	4682 	4514
f 4682 	4280 	655
f 4682 	4662 	4514
f 4679 	4684 	4680
f 4682 	4685 	4662
f 4686 	2315 	4683
f 4682 	4289 	4685
f 655 	4289 	4682
f 4662 	4685 	4665
f 4677 	4687 	4652
f 2315 	4686 	2363
f 4685 	4689 	4665
f 2363 	4690 	2365
f 4692 	4672 	4669
f 4686 	4690 	2363
f 4688 	4692 	4669
f 4671 	4694 	4675
f 4692 	4695 	4672
f 4678 	4694 	4671
f 4696 	4655 	4693
f 4683 	4675 	4697
f 4694 	4697 	4675
f 4246 	4696 	4271
f 4793 	4796 	4691
f 4672 	4695 	4674
f 4697 	4698 	4683
f 4700 	4666 	4663
f 4586 	4688 	4561
f 4683 	4698 	4686
f 4687 	4701 	4693
f 4681 	4700 	4663
f 4587 	4692 	4688
f 4700 	4702 	4666
f 4687 	4699 	4701
f 4693 	4701 	4703
f 4709 	4715 	4700
f 4701 	4712 	4703
f 4700 	4715 	4702
f 4162 	4552 	4704
f 4693 	4703 	4696
f 4713 	5035 	4695
f 4666 	4702 	4632
f 4696 	4279 	4271
f 4680 	4705 	4681
f 4696 	4703 	4279
f 4680 	4684 	4705
f 4709 	4681 	4705
f 4707 	4704 	4552
f 4710 	4701 	4699
f 4707 	4711 	4704
f 4699 	4706 	4710
f 4719 	4722 	4705
f 4705 	4722 	4709
f 4692 	4587 	4713
f 4712 	4701 	4710
f 4713 	4695 	4692
f 4681 	4709 	4700
f 3640 	4703 	4712
f 4659 	4668 	4716
f 4709 	4724 	4715
f 4587 	4733 	4713
f 4722 	4724 	4709
f 4728 	4690 	4686
f 4702 	4770 	208
f 4707 	4659 	4716
f 4715 	4770 	4702
f 4716 	4718 	4707
f 4754 	4716 	4668
f 4690 	4717 	2526
f 4719 	4705 	4684
f 4690 	4728 	4717
f 4707 	4718 	4711
f 4691 	4719 	4684
f 4717 	4720 	2526
f 4718 	4721 	4711
f 4301 	3640 	4712
f 2526 	4720 	2528
f 4711 	4721 	4714
f 4687 	4677 	4723
f 4721 	1950 	4714
f 4723 	4751 	4727
f 4698 	4728 	4686
f 4726 	4727 	4751
f 4723 	4727 	4699
f 5127 	4825 	4828
f 4729 	4698 	4697
f 5122 	4729 	4697
f 4699 	4727 	4706
f 4730 	4698 	4729
f 4704 	4163 	4162
f 4723 	4699 	4687
f 4704 	4731 	4163
f 4587 	4604 	4733
f 4704 	4711 	4731
f 4556 	5193 	4558
f 4728 	4698 	4730
f 4725 	4735 	4726
f 4730 	4737 	4728
f 4733 	4736 	4713
f 4725 	4732 	4735
f 4726 	4735 	4738
f 4717 	4728 	4737
f 4735 	4915 	4738
f 4739 	4604 	4601
f 4731 	4714 	4734
f 4711 	4714 	4731
f 4727 	4726 	4738
f 4798 	4801 	4722
f 4739 	4740 	4604
f 4714 	4747 	4734
f 4727 	4738 	4706
f 4801 	4724 	4722
f 4199 	4741 	4206
f 4741 	4199 	4734
f 4590 	4742 	4577
f 4740 	4743 	4733
f 4741 	1955 	4206
f 4577 	4742 	4580
f 4733 	4743 	4736
f 4744 	2490 	2528
f 4598 	4745 	4590
f 4912 	4735 	4732
f 4734 	4747 	4741
f 4720 	4744 	2528
f 4590 	4745 	4742
f 5592 	5593 	4739
f 4741 	1969 	1955
f 4745 	4746 	4742
f 4739 	5617 	4740
f 2867 	2905 	4748
f 1969 	4741 	4747
f 4717 	4749 	4720
f 4742 	4746 	4679
f 4737 	4749 	4717
f 4746 	4684 	4679
f 2867 	4748 	2825
f 4751 	2829 	2825
f 4714 	1950 	4747
f 4748 	4751 	2825
f 4750 	4744 	4720
f 4752 	4745 	4598
f 4723 	2829 	4751
f 4636 	4621 	4613
f 4610 	4752 	4598
f 4720 	4749 	4750
f 4752 	4755 	4745
f 4750 	1208 	4744
f 4748 	4726 	4751
f 4716 	4756 	4718
f 4753 	4757 	5037
f 4748 	4725 	4726
f 1225 	1208 	4750
f 4753 	4763 	4757
f 4755 	4746 	4745
f 4754 	4756 	4716
f 4791 	4641 	4640
f 4756 	4789 	4718
f 4755 	4691 	4746
f 1208 	2544 	4744
f 2544 	1208 	1210
f 4746 	4691 	4684
f 4753 	4736 	4762
f 4743 	4762 	4736
f 4602 	4760 	4764
f 4781 	4588 	4777
f 4762 	4763 	4753
f 4831 	4755 	4752
f 4757 	4766 	4759
f 4588 	4781 	4537
f 4827 	4831 	4752
f 4754 	4779 	4756
f 4761 	4994 	4765
f 4760 	4776 	4764
f 4761 	4989 	4994
f 4602 	4764 	4605
f 4605 	4764 	4768
f 4718 	4789 	4721
f 4764 	4780 	4768
f 4607 	4605 	4768
f 4771 	4685 	4289
f 4768 	4634 	4607
f 4771 	4689 	4685
f 4715 	4778 	4770
f 4737 	4773 	4749
f 4770 	4778 	277
f 4771 	4774 	4689
f 4773 	4737 	5255
f 4773 	1222 	4749
f 4776 	4760 	4772
f 4689 	4774 	4754
f 4724 	4778 	4715
f 4749 	1222 	4750
f 4780 	4764 	4776
f 1225 	4750 	1222
f 4768 	4640 	4634
f 4758 	4985 	4989
f 4774 	4779 	4754
f 4768 	4780 	4640
f 4758 	4989 	4761
f 4975 	3337 	4778
f 277 	4778 	3337
f 4772 	4822 	4776
f 4765 	4994 	4939
f 4784 	4513 	4650
f 4939 	4767 	4765
f 4771 	4289 	892
f 892 	4804 	4771
f 4610 	4782 	4827
f 4776 	4824 	4780
f 4513 	4784 	4592
f 4767 	4941 	4769
f 4771 	4804 	4774
f 4780 	4787 	4640
f 4779 	4774 	4817
f 4780 	4824 	4787
f 4610 	4827 	4752
f 4581 	4786 	4582
f 4784 	4836 	4592
f 4785 	4786 	4581
f 4640 	4787 	4791
f 4788 	2899 	2920
f 4787 	4794 	4797
f 4787 	4797 	4791
f 4721 	4789 	1991
f 2899 	4788 	4792
f 4790 	4584 	4582
f 4763 	4766 	4757
f 4857 	4777 	4775
f 1991 	1950 	4721
f 4755 	4831 	4793
f 4779 	4795 	4756
f 4794 	4787 	4824
f 4795 	4789 	4756
f 4793 	4808 	4796
f 4795 	1997 	4789
f 5654 	4763 	4762
f 4691 	4796 	4719
f 4795 	2033 	1997
f 4785 	4840 	4786
f 4784 	5273 	4836
f 4796 	4798 	4719
f 4789 	1997 	1991
f 4840 	4844 	4786
f 4786 	4844 	4790
f 2032 	4795 	4779
f 4722 	4719 	4798
f 4905 	4537 	4781
f 2032 	2033 	4795
f 4584 	4790 	4800
f 4544 	4537 	4905
f 4811 	4798 	4796
f 4614 	4802 	4616
f 4811 	4814 	4798
f 4800 	4802 	4614
f 4798 	4814 	4801
f 7263 	4638 	4619
f 4805 	4642 	4616
f 4817 	4774 	4804
f 4616 	4802 	4805
f 4801 	4975 	4724
f 892 	897 	4804
f 4807 	4804 	897
f 4805 	4806 	4642
f 4623 	4622 	4619
f 4622 	4626 	4619
f 4548 	4619 	4626
f 4812 	4803 	4799
f 4805 	4964 	4806
f 4804 	4807 	4817
f 4623 	4619 	4627
f 4627 	4619 	4628
f 4642 	4806 	4645
f 897 	906 	4807
f 4759 	4809 	4799
f 4759 	4766 	4809
f 4806 	4810 	4645
f 2065 	4807 	906
f 4630 	4619 	4631
f 4797 	4794 	5774
f 4809 	4812 	4799
f 4808 	4811 	4796
f 4631 	4619 	4638
f 5774 	4794 	4813
f 4812 	4834 	4803
f 4628 	4619 	4630
f 906 	2026 	2065
f 906 	925 	2026
f 5692 	4834 	5690
f 4821 	4555 	4819
f 5666 	4766 	5663
f 5189 	4555 	4823
f 5295 	4820 	4772
f 2032 	4779 	4817
f 4766 	5683 	4809
f 4817 	2042 	2032
f 4805 	4959 	4964
f 4808 	4860 	4811
f 5687 	4812 	4809
f 4807 	2042 	4817
f 5687 	4809 	5684
f 4807 	2065 	2042
f 4822 	4772 	4820
f 4824 	4776 	4822
f 4556 	5187 	5193
f 4812 	5688 	5690
f 4810 	4969 	5137
f 5194 	4558 	5193
f 4803 	4834 	4825
f 4551 	4826 	4783
f 4826 	4551 	3396
f 4826 	4832 	4783
f 7267 	767 	4863
f 4820 	4833 	4822
f 4820 	4829 	4833
f 4793 	4691 	4755
f 4826 	4851 	4832
f 4835 	4824 	4822
f 4848 	4851 	4826
f 4812 	5690 	4834
f 4592 	4836 	4593
f 4832 	4785 	4783
f 4838 	4828 	4825
f 4836 	4839 	4593
f 4832 	4840 	4785
f 4834 	4838 	4825
f 4838 	4841 	4828
f 4782 	4837 	4842
f 4593 	4839 	4775
f 5724 	4841 	5721
f 4828 	4841 	4830
f 4842 	4827 	4782
f 4775 	4839 	4857
f 4841 	4930 	4830
f 4843 	3040 	2958
f 4827 	4845 	4831
f 4843 	4852 	4846
f 4842 	4845 	4827
f 4849 	4852 	4843
f 4845 	4847 	4831
f 4781 	4777 	5224
f 3396 	3413 	4848
f 5696 	4834 	5695
f 5716 	4834 	4850
f 4831 	4847 	4793
f 4847 	4808 	4793
f 3396 	4848 	4826
f 4843 	2958 	4849
f 5716 	5718 	4838
f 4834 	5716 	4838
f 4838 	5719 	5721
f 4650 	5270 	4784
f 4838 	5721 	4841
f 4837 	4870 	4842
f 4851 	4854 	4832
f 4852 	4853 	4846
f 5724 	5727 	4841
f 4832 	4854 	4840
f 4836 	5284 	4839
f 4854 	4856 	4840
f 4822 	4833 	4835
f 4840 	4856 	4844
f 4794 	4824 	4835
f 4856 	4942 	4844
f 4847 	4858 	4808
f 4839 	5347 	4857
f 4858 	4860 	4808
f 3413 	3521 	4848
f 4852 	4962 	4853
f 4829 	4859 	4861
f 4987 	4814 	4811
f 5224 	4777 	4857
f 4859 	5499 	4861
f 4877 	4854 	4851
f 4858 	4862 	4860
f 4829 	4861 	4833
f 4863 	767 	3040
f 4833 	4861 	4864
f 4858 	4911 	4862
f 2899 	4792 	2901
f 4833 	4864 	4835
f 4835 	4813 	4794
f 2901 	4867 	2905
f 4835 	4864 	4813
f 4848 	3521 	4868
f 4792 	4867 	2901
f 4924 	5008 	4862
f 4863 	3040 	4843
f 2905 	4867 	4725
f 5499 	4859 	5494
f 4843 	4846 	4863
f 4732 	4725 	4867
f 4863 	4846 	4865
f 4861 	5502 	4864
f 4869 	4870 	4837
f 4846 	4882 	4865
f 4725 	4748 	2905
f 4861 	5499 	5502
f 4865 	4882 	4866
f 4869 	4880 	4870
f 4788 	4767 	4792
f 129 	5304 	126
f 4788 	4765 	4767
f 4842 	4872 	4845
f 4870 	4872 	4842
f 4792 	4769 	4867
f 4873 	4256 	4283
f 4792 	4767 	4769
f 4867 	4769 	4732
f 4848 	4868 	4851
f 4877 	4851 	4868
f 4874 	4888 	4876
f 4854 	4879 	4856
f 2928 	4761 	4878
f 4870 	4883 	4872
f 4879 	4854 	4877
f 4880 	4883 	4870
f 4846 	4853 	4882
f 4879 	4885 	4856
f 4873 	4884 	4875
f 2920 	4878 	4788
f 4873 	4881 	4884
f 4866 	4886 	4874
f 4882 	4886 	4866
f 4886 	4888 	4874
f 4887 	4890 	4880
f 3521 	3536 	4891
f 4888 	4927 	4876
f 2928 	4758 	4761
f 4878 	4761 	4765
f 4891 	4868 	3521
f 4878 	4765 	4788
f 4891 	4893 	4868
f 4880 	4890 	4883
f 4976 	4892 	4889
f 4882 	4855 	4886
f 5011 	3706 	4925
f 4853 	4855 	4882
f 4896 	4710 	4706
f 4855 	4899 	4886
f 4868 	4893 	4877
f 3699 	3706 	5011
f 4706 	4895 	4896
f 4886 	4899 	4888
f 4879 	4877 	4897
f 4296 	4710 	4896
f 3706 	3711 	4925
f 4893 	4897 	4877
f 4925 	3711 	4926
f 4894 	4982 	4898
f 4896 	4310 	4296
f 4497 	4875 	4884
f 4897 	4900 	4879
f 4710 	4296 	4712
f 4296 	4301 	4712
f 4871 	4901 	5363
f 4898 	4901 	4871
f 4879 	4900 	4885
f 4900 	4999 	4885
f 4845 	4903 	4847
f 5026 	5029 	4899
f 4899 	5029 	4902
f 5351 	5224 	5348
f 4872 	4903 	4845
f 3711 	3713 	4926
f 4903 	4858 	4847
f 4926 	3713 	4928
f 4895 	4351 	4306
f 4895 	4306 	4896
f 4881 	4907 	4884
f 4310 	4896 	4306
f 4928 	3717 	4929
f 4903 	4872 	4908
f 4910 	4732 	4769
f 4883 	4908 	4872
f 4901 	4898 	4992
f 3717 	4928 	3713
f 4769 	4941 	4910
f 4903 	4911 	4858
f 4912 	4732 	4910
f 4908 	4911 	4903
f 4992 	5972 	4901
f 5026 	4899 	4855
f 4800 	4790 	4913
f 4890 	4914 	4883
f 4915 	4735 	4912
f 4738 	4895 	4706
f 4790 	4844 	4913
f 4915 	4895 	4738
f 4913 	4919 	4800
f 4914 	4890 	4938
f 4910 	4953 	4920
f 4908 	4883 	4914
f 4942 	4946 	4913
f 4908 	4921 	4911
f 4910 	4920 	4912
f 4913 	4946 	4919
f 4912 	4923 	4915
f 4914 	4921 	4908
f 4912 	4920 	4923
f 4911 	4924 	4862
f 4800 	4919 	4802
f 4921 	4924 	4911
f 4915 	4351 	4895
f 4915 	4923 	4351
f 3533 	4917 	4916
f 4905 	4932 	4544
f 4830 	4930 	4918
f 4918 	4930 	4933
f 3533 	4916 	3695
f 4917 	3533 	3537
f 4932 	4595 	4567
f 4931 	4934 	5323
f 3537 	4214 	4917
f 4932 	4905 	5235
f 4930 	6020 	4933
f 4918 	4933 	4922
f 4933 	4935 	4922
f 4356 	4920 	4953
f 4920 	4357 	4923
f 4888 	4899 	4902
f 4920 	4356 	4357
f 6005 	6006 	4930
f 4923 	4361 	4351
f 4923 	4357 	4361
f 4937 	4890 	4887
f 6006 	6018 	4930
f 6005 	4930 	4841
f 4888 	4902 	4927
f 7263 	4815 	4638
f 4902 	4906 	4927
f 4937 	4938 	4890
f 4815 	7263 	4816
f 4818 	7263 	4819
f 6021 	4933 	6020
f 4927 	4906 	4931
f 4816 	7263 	4818
f 4881 	4904 	4907
f 4931 	4909 	4934
f 4884 	4907 	4522
f 4914 	4940 	4921
f 5134 	5136 	4904
f 4906 	4909 	4931
f 4941 	4767 	4939
f 4569 	4522 	4907
f 4909 	4943 	4934
f 4938 	4940 	4914
f 4844 	4942 	4913
f 4884 	4522 	4497
f 4943 	4936 	4934
f 4907 	4904 	5136
f 4939 	4945 	4948
f 4945 	4967 	4948
f 4949 	4282 	4951
f 4937 	4950 	4938
f 4939 	4948 	4941
f 4873 	4283 	4949
f 4941 	4948 	4953
f 4937 	5701 	4950
f 4950 	4956 	4938
f 4952 	4976 	4889
f 4988 	4946 	4942
f 3006 	3185 	4955
f 4988 	4991 	4946
f 4852 	4849 	4957
f 4935 	4944 	4922
f 4941 	4953 	4910
f 4940 	4938 	4956
f 4947 	4935 	4958
f 4944 	4935 	4947
f 4919 	4959 	4802
f 4947 	4961 	4952
f 4957 	4849 	4955
f 4958 	4961 	4947
f 4802 	4959 	4805
f 4961 	4963 	4952
f 4957 	4962 	4852
f 4951 	4965 	4949
f 4950 	4966 	4956
f 4967 	4945 	4960
f 4951 	4968 	4965
f 4806 	4969 	4810
f 4881 	4873 	4949
f 4964 	4969 	4806
f 4957 	4986 	4962
f 4949 	4965 	4881
f 4948 	4972 	4953
f 4919 	4971 	4959
f 4948 	4967 	4972
f 5188 	4970 	4954
f 4946 	4971 	4919
f 4971 	4974 	4959
f 4954 	4970 	4968
f 4356 	4953 	4972
f 4975 	4778 	4724
f 4970 	4981 	4968
f 4959 	4974 	4964
f 4954 	4968 	4951
f 3185 	4977 	4955
f 4979 	4894 	4892
f 4968 	4978 	4965
f 4980 	4975 	4801
f 4801 	4814 	4980
f 4976 	4979 	4892
f 4975 	3355 	3337
f 4981 	4978 	4968
f 4977 	3185 	3161
f 4979 	4982 	4894
f 4980 	3355 	4975
f 4965 	4978 	4904
f 4977 	4983 	4955
f 4976 	5956 	4979
f 4991 	4971 	4946
f 4971 	4995 	4974
f 4967 	4547 	4972
f 4991 	4995 	4971
f 4982 	4992 	4898
f 4972 	4478 	4356
f 4965 	4904 	4881
f 4972 	4547 	4478
f 4952 	4963 	4976
f 4983 	4957 	4955
f 4985 	4758 	7016
f 4983 	4986 	4957
f 4963 	5956 	4976
f 4942 	4856 	4885
f 4987 	4811 	4860
f 4985 	7016 	7134
f 4885 	4988 	4942
f 4981 	4970 	4984
f 4987 	3366 	4814
f 4885 	4999 	4988
f 4962 	4990 	4973
f 4986 	4990 	4962
f 3366 	4980 	4814
f 3695 	4916 	4929
f 4860 	4862 	4993
f 4988 	5006 	4991
f 3161 	3228 	5012
f 4860 	4993 	4987
f 4977 	3161 	5012
f 4993 	3375 	4987
f 7134 	4996 	4985
f 4987 	3375 	3366
f 4985 	4996 	5000
f 5002 	5304 	5001
f 4996 	5017 	5000
f 4985 	5000 	4989
f 3392 	3375 	4993
f 4999 	5006 	4988
f 4989 	5007 	4994
f 4993 	4862 	5008
f 4989 	5000 	5007
f 5003 	4708 	4998
f 4994 	4945 	4939
f 4994 	5007 	4945
f 4926 	5304 	4925
f 5008 	3392 	4993
f 4991 	5013 	4995
f 5008 	3564 	3392
f 3603 	3564 	5008
f 4983 	4977 	5015
f 7148 	5014 	4996
f 5006 	5013 	4991
f 4977 	5012 	5015
f 5010 	5032 	5016
f 5018 	4986 	4983
f 5031 	5032 	5010
f 5017 	4996 	5014
f 5000 	5017 	5019
f 5015 	5018 	4983
f 4924 	3603 	5008
f 5018 	5050 	4986
f 5002 	3894 	5004
f 5020 	4921 	4940
f 4998 	4674 	5023
f 5022 	5020 	4940
f 5000 	5019 	5007
f 4900 	5043 	4999
f 5020 	4924 	4921
f 5007 	4960 	4945
f 5027 	5003 	4998
f 5007 	5019 	4960
f 4999 	5045 	5006
f 5009 	5005 	3903
f 5031 	5010 	5003
f 3603 	4924 	5020
f 3228 	4018 	5012
f 5006 	5047 	5013
f 4018 	3228 	4016
f 4018 	4020 	5012
f 5009 	3903 	3699
f 5015 	5012 	4020
f 5009 	3699 	5011
f 5015 	4023 	5018
f 5021 	4891 	3536
f 4940 	4956 	5022
f 4020 	4023 	5015
f 5020 	3607 	3603
f 3715 	5021 	3536
f 4023 	4026 	5018
f 5017 	4597 	5019
f 5022 	3607 	5020
f 5021 	5024 	4891
f 5023 	4674 	4695
f 4956 	5025 	5022
f 5023 	5027 	4998
f 5035 	5023 	4695
f 4891 	5024 	4893
f 4855 	4973 	5026
f 5025 	4956 	4966
f 4893 	5028 	4897
f 5024 	5028 	4893
f 5025 	3617 	5022
f 4897 	5030 	4900
f 5014 	4591 	4594
f 5033 	5036 	5026
f 5026 	5036 	5029
f 5028 	5030 	4897
f 5027 	5031 	5003
f 5014 	4594 	5017
f 5022 	3617 	3607
f 4597 	5017 	4594
f 3715 	3728 	5021
f 5033 	5026 	4973
f 4960 	5019 	4531
f 4973 	4990 	5033
f 4966 	3655 	5025
f 4597 	4531 	5019
f 3817 	5052 	5034
f 4736 	5035 	4713
f 5025 	3657 	3617
f 4960 	4531 	4538
f 3655 	3657 	5025
f 4960 	4538 	4967
f 5023 	5037 	5027
f 5028 	5063 	5030
f 4967 	4538 	4547
f 5035 	5037 	5023
f 5027 	5039 	5031
f 5036 	5038 	5029
f 5037 	5039 	5027
f 5031 	5042 	5032
f 4997 	3817 	3820
f 5030 	5043 	4900
f 2553 	5044 	2555
f 5039 	5042 	5031
f 2553 	5040 	5044
f 5001 	3820 	3826
f 5042 	5103 	5032
f 5045 	4999 	5043
f 5001 	3826 	5002
f 5046 	2555 	5044
f 5030 	5085 	5043
f 5085 	5086 	5043
f 5043 	5086 	5045
f 5002 	3826 	3894
f 5045 	5047 	5006
f 5004 	3894 	3898
f 4753 	5037 	5035
f 5046 	4237 	2559
f 5004 	3898 	5005
f 5036 	5061 	5038
f 4736 	4753 	5035
f 3898 	3903 	5005
f 3092 	5088 	3096
f 5037 	4757 	5039
f 5042 	5039 	4759
f 5044 	5040 	5049
f 4757 	4759 	5039
f 5040 	5048 	5049
f 5045 	5090 	5047
f 5018 	4026 	5050
f 5042 	4799 	5103
f 5044 	5049 	5051
f 4759 	4799 	5042
f 4986 	5050 	4990
f 4990 	5054 	5033
f 5055 	5024 	5021
f 5050 	5054 	4990
f 5044 	5051 	5046
f 5056 	654 	653
f 5033 	5057 	5036
f 5021 	3728 	5055
f 5046 	5051 	4245
f 5055 	5058 	5024
f 5053 	5056 	653
f 5054 	5057 	5033
f 5057 	5061 	5036
f 5066 	5068 	5055
f 5055 	5068 	5058
f 5024 	5058 	5028
f 5048 	5059 	5064
f 5058 	5063 	5028
f 657 	5065 	663
f 5048 	5064 	5049
f 5060 	5065 	657
f 5052 	5083 	5034
f 5155 	663 	5065
f 5049 	5067 	5051
f 5066 	5055 	3728
f 5003 	5053 	4708
f 5049 	5064 	5067
f 5003 	5010 	5053
f 3728 	3755 	5066
f 5052 	3817 	4997
f 5051 	5067 	4264
f 5001 	4997 	3820
f 5053 	5010 	5056
f 4026 	4033 	5050
f 3176 	5185 	3182
f 5010 	5016 	5056
f 5050 	4033 	5054
f 5016 	5060 	5056
f 5069 	5063 	5058
f 5071 	5065 	5060
f 5057 	5054 	5070
f 5068 	5069 	5058
f 5196 	5062 	3183
f 4033 	5070 	5054
f 3183 	5191 	5196
f 5070 	5072 	5057
f 5060 	5016 	5071
f 5057 	5072 	5061
f 3755 	5493 	5066
f 3085 	5106 	3089
f 5072 	5149 	5061
f 5067 	5114 	4287
f 5067 	4287 	4264
f 4033 	4137 	5070
f 3089 	5106 	5112
f 5070 	4178 	5072
f 3092 	5112 	5088
f 4137 	4178 	5070
f 5084 	2591 	5082
f 5088 	5091 	3096
f 5085 	5030 	5063
f 5119 	5124 	5081
f 5091 	5094 	3099
f 3099 	5094 	3102
f 5084 	5040 	2593
f 4853 	4962 	4973
f 4853 	4973 	4855
f 5085 	5095 	5086
f 5071 	5102 	5075
f 5082 	5089 	5084
f 5086 	5090 	5045
f 5082 	5087 	5089
f 4906 	4902 	5092
f 5048 	5084 	5089
f 3099 	3096 	5091
f 5069 	5093 	5063
f 5085 	5063 	5093
f 5089 	5059 	5048
f 5092 	4902 	5029
f 5092 	5096 	4906
f 5084 	5048 	5040
f 5016 	5097 	5071
f 5093 	5095 	5085
f 5032 	5097 	5016
f 5094 	470 	3102
f 5095 	5100 	5086
f 4906 	5096 	4909
f 4943 	4909 	5181
f 5101 	5089 	5087
f 5181 	4909 	5096
f 5098 	5101 	5087
f 5097 	5102 	5071
f 5086 	5100 	5090
f 5059 	5089 	5101
f 5102 	5116 	5075
f 5038 	5092 	5029
f 5092 	5041 	5096
f 5104 	3085 	3084
f 5041 	5092 	5038
f 5103 	5097 	5032
f 5101 	5098 	5132
f 5131 	5132 	5098
f 5097 	5105 	5102
f 5104 	3084 	5062
f 5103 	5105 	5097
f 5059 	5101 	5107
f 5102 	5127 	5116
f 5106 	3085 	5104
f 5105 	5127 	5102
f 4936 	4943 	5108
f 5059 	5110 	5064
f 4799 	4803 	5103
f 5059 	5107 	5110
f 5111 	4649 	4810
f 5064 	5110 	5114
f 5105 	5103 	4803
f 4803 	4825 	5105
f 5064 	5114 	5067
f 5115 	4676 	5111
f 5104 	5204 	5117
f 5077 	5075 	5116
f 6624 	5078 	5076
f 5115 	5118 	4678
f 5144 	5115 	5111
f 5119 	5081 	5077
f 6624 	6630 	5078
f 5104 	5117 	5106
f 5132 	5120 	5107
f 4678 	5118 	4694
f 5106 	5117 	5121
f 6630 	5079 	5078
f 5116 	5119 	5077
f 4697 	4694 	5122
f 5120 	5123 	5110
f 5120 	5110 	5107
f 5110 	5125 	5114
f 5118 	5122 	4694
f 5110 	5123 	5125
f 5114 	4294 	4287
f 5106 	5121 	5112
f 5112 	5121 	5135
f 5114 	5125 	4294
f 4810 	5137 	5111
f 5112 	5135 	5088
f 4981 	5160 	4978
f 5130 	5139 	5126
f 5127 	5128 	5116
f 4828 	5128 	5127
f 5121 	5117 	5147
f 5129 	5041 	5038
f 5038 	5061 	5129
f 5130 	5126 	5041
f 5128 	5119 	5116
f 5166 	5159 	4984
f 5128 	5133 	5119
f 5107 	5101 	5132
f 5129 	5130 	5041
f 5119 	5133 	5124
f 5137 	4969 	5150
f 5088 	5141 	5091
f 4907 	5136 	4569
f 5131 	5138 	5132
f 5140 	5132 	5138
f 5132 	5140 	5120
f 5141 	5088 	5135
f 5143 	5094 	5091
f 5105 	4825 	5127
f 5091 	5141 	5143
f 5137 	5144 	5111
f 5134 	5142 	5136
f 5145 	5136 	5142
f 5094 	5143 	517
f 5136 	5145 	4602
f 5133 	5128 	4830
f 5148 	4969 	4964
f 5061 	5149 	5129
f 4964 	4974 	5148
f 4828 	4830 	5128
f 4830 	4918 	5133
f 5129 	5151 	5130
f 5148 	5150 	4969
f 5149 	5151 	5129
f 5137 	5173 	5144
f 5142 	5279 	5288
f 5152 	5120 	5140
f 5121 	5147 	5154
f 5130 	5153 	5139
f 5145 	5142 	5288
f 5155 	693 	663
f 4760 	4602 	5145
f 5120 	5156 	5123
f 5151 	5153 	5130
f 5157 	696 	693
f 5153 	5158 	5139
f 4981 	5159 	5160
f 5135 	5121 	5154
f 5120 	5152 	5156
f 5135 	5154 	5161
f 5155 	5157 	693
f 5123 	5156 	5163
f 5156 	5172 	5163
f 5139 	5158 	5146
f 5135 	5161 	5141
f 4904 	4978 	5134
f 5123 	5163 	5125
f 5118 	5115 	5164
f 5141 	5161 	5165
f 4978 	5160 	5134
f 4562 	5125 	5163
f 5144 	5164 	5115
f 5118 	5168 	5122
f 5159 	4981 	4984
f 5065 	5075 	5155
f 5075 	5065 	5071
f 5141 	5165 	5143
f 5164 	5168 	5118
f 5152 	5167 	5170
f 5159 	5169 	5160
f 529 	5143 	5165
f 5155 	5077 	5157
f 5075 	5077 	5155
f 5169 	5159 	5171
f 5165 	1052 	529
f 5077 	5081 	5157
f 5160 	5169 	5142
f 5152 	5170 	5156
f 5162 	5157 	5081
f 5150 	5173 	5137
f 5337 	5797 	5147
f 5160 	5142 	5134
f 5176 	5257 	5162
f 5172 	5156 	5170
f 5162 	5081 	5176
f 5144 	5174 	5164
f 5172 	4574 	5163
f 5081 	5124 	5176
f 5144 	5173 	5174
f 5172 	4589 	4574
f 5166 	5175 	5171
f 5174 	5256 	5164
f 5154 	5635 	5161
f 5163 	4574 	4562
f 5158 	2720 	5146
f 5166 	5171 	5159
f 5176 	5209 	5177
f 5171 	5307 	5308
f 5164 	5256 	5168
f 5171 	5308 	5169
f 2807 	2720 	5158
f 5227 	5172 	5170
f 3331 	5180 	3173
f 4819 	7263 	4821
f 5171 	5175 	5307
f 3173 	5180 	3176
f 5172 	5227 	4589
f 4943 	5181 	5182
f 5180 	5185 	3176
f 5096 	5041 	5126
f 5180 	5210 	5185
f 5126 	5181 	5096
f 5138 	5184 	5192
f 4286 	4386 	4954
f 5181 	5190 	5182
f 5208 	5173 	5150
f 3182 	5185 	5191
f 4386 	5188 	4954
f 5184 	5200 	5207
f 5126 	5190 	5181
f 5184 	5207 	5192
f 4650 	5197 	5198
f 5173 	5213 	5174
f 5228 	5195 	5183
f 5190 	5199 	5182
f 5138 	5192 	5140
f 5152 	5140 	5192
f 5183 	5195 	5201
f 5196 	5204 	5062
f 4974 	5203 	5148
f 5202 	5270 	4650
f 5198 	5202 	4650
f 5178 	5217 	5179
f 4974 	4995 	5203
f 5196 	5332 	5204
f 5148 	5206 	5150
f 5148 	5203 	5206
f 5183 	5201 	5188
f 5200 	5276 	5207
f 5277 	4836 	5278
f 5062 	5204 	5104
f 4970 	5188 	5201
f 5126 	5139 	5190
f 5190 	5146 	5199
f 5150 	5206 	5208
f 5278 	4836 	5274
f 5192 	5167 	5152
f 5209 	5176 	5124
f 5207 	5167 	5192
f 5281 	5284 	4836
f 5277 	5281 	4836
f 5238 	5211 	5195
f 5285 	4839 	5284
f 5209 	5212 	5177
f 5213 	5173 	5208
f 5276 	5200 	5272
f 5195 	5211 	5214
f 5208 	5237 	5213
f 5108 	4943 	5182
f 5195 	5214 	5201
f 4216 	5304 	4214
f 5215 	5167 	5207
f 5201 	4984 	4970
f 5177 	5212 	5178
f 5347 	5345 	4857
f 5182 	5216 	5108
f 4221 	5304 	4220
f 4995 	5013 	5218
f 5212 	5217 	5178
f 5201 	5214 	4984
f 5285 	5289 	4839
f 5215 	5207 	5276
f 5216 	5109 	5108
f 5211 	5251 	5214
f 5218 	5203 	4995
f 5167 	5215 	5220
f 4857 	5346 	5348
f 5216 	5219 	5109
f 5254 	5214 	5251
f 5218 	5221 	5203
f 5216 	5182 	5199
f 5166 	4984 	5214
f 5217 	5222 	5179
f 5219 	5113 	5109
f 5167 	5220 	5170
f 5206 	5203 	5221
f 5227 	5170 	5220
f 5226 	5209 	5124
f 5185 	5210 	5244
f 4781 	5224 	5229
f 5228 	4418 	5223
f 5221 	5230 	5206
f 5219 	5225 	5113
f 5183 	4422 	5228
f 5124 	5133 	5226
f 5226 	5234 	5209
f 4781 	5229 	4905
f 5871 	5233 	5223
f 5276 	5232 	5215
f 5253 	2727 	5225
f 5208 	5206 	5230
f 5244 	5191 	5185
f 5223 	5233 	5238
f 5215 	5236 	5220
f 5230 	5237 	5208
f 5241 	5243 	5233
f 5229 	5235 	4905
f 5212 	5209 	5234
f 5223 	5238 	5228
f 5215 	5232 	5236
f 5234 	5239 	5212
f 5240 	5220 	5236
f 5216 	5205 	5219
f 5228 	5238 	5195
f 5234 	4944 	5239
f 5216 	5199 	5205
f 5253 	5219 	5205
f 5218 	5333 	5338
f 5212 	5239 	5217
f 5240 	5227 	5220
f 5205 	2773 	5253
f 5239 	5242 	5217
f 5238 	5233 	5243
f 5225 	5219 	5253
f 5227 	5240 	4596
f 5218 	5338 	5221
f 4857 	5348 	5224
f 5231 	5225 	2727
f 5238 	5243 	5211
f 5217 	5242 	5222
f 4596 	5240 	4606
f 5227 	4596 	4589
f 4889 	5222 	5242
f 5190 	5139 	5146
f 5251 	5211 	5243
f 5199 	5261 	5205
f 5247 	5122 	5168
f 4918 	5226 	5133
f 5249 	5243 	5241
f 4918 	4922 	5226
f 5232 	5248 	5236
f 5261 	2773 	5205
f 5234 	5226 	4922
f 5235 	5302 	4932
f 5247 	4729 	5122
f 5241 	5246 	5249
f 5232 	5245 	5248
f 5235 	5554 	5302
f 4729 	5247 	5250
f 5251 	5243 	5249
f 5236 	5248 	5252
f 4932 	5302 	4595
f 5260 	5247 	5168
f 5249 	5264 	5251
f 4922 	4944 	5234
f 4944 	4947 	5239
f 4729 	5250 	4730
f 5239 	4947 	5242
f 4730 	5255 	4737
f 5236 	5252 	5240
f 5250 	5255 	4730
f 4947 	4952 	5242
f 5214 	5254 	5166
f 4606 	5240 	5252
f 5231 	2728 	7493
f 5242 	4952 	4889
f 4595 	5313 	4600
f 5166 	5254 	5175
f 5231 	2727 	2728
f 4916 	4917 	5304
f 4214 	5304 	4917
f 5313 	4595 	5302
f 2777 	5253 	2773
f 5246 	5259 	5262
f 5186 	7297 	5187
f 5261 	5199 	5146
f 5262 	5249 	5246
f 5168 	5256 	5260
f 5260 	5265 	5247
f 5258 	5263 	1009
f 4223 	5304 	4221
f 5264 	5249 	5262
f 5263 	5266 	1012
f 5261 	2790 	2773
f 5254 	5251 	5267
f 5264 	5267 	5251
f 5189 	7297 	5186
f 4823 	7297 	5189
f 4224 	5304 	4223
f 5245 	5327 	5248
f 5247 	5265 	5250
f 5175 	5254 	5267
f 5250 	5268 	5255
f 5248 	5330 	5252
f 5187 	7297 	5193
f 5266 	1017 	1012
f 5265 	5268 	5250
f 4224 	4184 	5304
f 5197 	7298 	5198
f 5266 	5339 	1017
f 2720 	5261 	5146
f 4773 	5255 	5269
f 5194 	7298 	5197
f 5304 	4184 	4186
f 5248 	5327 	5330
f 2720 	2790 	5261
f 5198 	7298 	5202
f 5176 	5177 	5257
f 5193 	7297 	5194
f 5268 	5269 	5255
f 5257 	5177 	5258
f 5258 	5178 	5263
f 5271 	4784 	5270
f 5408 	5264 	5262
f 5269 	1582 	4773
f 4178 	4182 	5072
f 5177 	5178 	5258
f 5267 	5264 	5411
f 5149 	5072 	4182
f 5274 	4836 	5273
f 1582 	5269 	1601
f 5263 	5179 	5266
f 4784 	5271 	5273
f 5263 	5178 	5179
f 5149 	5275 	5151
f 4773 	1582 	1222
f 5149 	4182 	5275
f 5279 	5142 	5169
f 5275 	5282 	5151
f 1063 	5339 	5280
f 5260 	5256 	5298
f 5279 	5169 	5308
f 5346 	4857 	5345
f 5151 	5282 	5153
f 5280 	5287 	1069
f 5293 	5158 	5153
f 5292 	5279 	5308
f 5282 	5293 	5153
f 5347 	4839 	5289
f 5296 	5299 	5280
f 5280 	5299 	5287
f 4182 	4197 	5275
f 5272 	5286 	5290
f 1073 	5291 	4005
f 5288 	4760 	5145
f 4197 	4218 	5275
f 5287 	5291 	1073
f 1596 	5269 	5268
f 5266 	5179 	5294
f 5272 	5290 	5276
f 5224 	5384 	5229
f 5279 	5292 	5295
f 5276 	5290 	5232
f 1596 	1601 	5269
f 5294 	5339 	5266
f 2807 	5158 	5293
f 5292 	5329 	5295
f 5385 	5229 	5384
f 4218 	5282 	5275
f 5279 	5295 	5288
f 5293 	5282 	2824
f 5339 	5296 	5280
f 5288 	4772 	4760
f 5232 	5290 	5245
f 4772 	5288 	5295
f 5294 	5296 	5339
f 5256 	5316 	5298
f 2824 	2827 	5293
f 5293 	2827 	2807
f 5304 	4929 	4916
f 5265 	5260 	5300
f 5283 	5297 	5301
f 5292 	5326 	5329
f 5287 	5303 	5291
f 2824 	5282 	4218
f 5299 	5303 	5287
f 5260 	5298 	5300
f 2824 	4218 	1943
f 5300 	5305 	5265
f 5301 	5286 	5283
f 5303 	5306 	5291
f 5307 	5311 	5312
f 5290 	5286 	5309
f 5307 	5312 	5308
f 7267 	4863 	4865
f 5222 	5294 	5179
f 5265 	5305 	5268
f 5286 	5301 	5309
f 5305 	1596 	5268
f 5290 	5309 	5245
f 5315 	5296 	5294
f 5310 	5175 	5267
f 5307 	5175 	5310
f 4874 	4876 	7273
f 5298 	5324 	5300
f 5322 	5324 	5298
f 4600 	5313 	5314
f 5300 	1640 	5305
f 4186 	4188 	5304
f 4190 	5304 	4188
f 5305 	1618 	1596
f 5222 	5315 	5294
f 5308 	5312 	5292
f 5372 	5309 	5301
f 1618 	5305 	1640
f 5302 	5579 	5313
f 4190 	4192 	5304
f 5174 	5316 	5256
f 5296 	5317 	5299
f 5213 	5316 	5174
f 4193 	4195 	5304
f 5315 	5317 	5296
f 5316 	5213 	5320
f 5317 	5321 	5299
f 5307 	5310 	5311
f 4195 	4135 	5304
f 4876 	4927 	5318
f 5237 	5320 	5213
f 5319 	5311 	5310
f 5320 	5322 	5316
f 5317 	4894 	5321
f 4135 	4138 	5304
f 5299 	5321 	5303
f 5271 	5270 	5341
f 5311 	5360 	5312
f 5298 	5316 	5322
f 5321 	4871 	5303
f 4138 	4140 	5304
f 7306 	5341 	5202
f 1640 	5300 	5324
f 5271 	5341 	5273
f 5274 	5273 	5341
f 4140 	4142 	5304
f 5303 	4871 	5306
f 4931 	5323 	5318
f 5325 	5245 	5309
f 5320 	5237 	5364
f 5318 	4927 	4931
f 5312 	5326 	5292
f 5327 	5245 	5325
f 5191 	5244 	5328
f 5312 	5360 	5326
f 4934 	7315 	5323
f 5222 	4889 	5315
f 5191 	5328 	5196
f 5329 	4820 	5295
f 5371 	5324 	5322
f 5284 	5281 	5341
f 5324 	1671 	1640
f 5328 	5332 	5196
f 5315 	4892 	5317
f 7315 	4934 	4936
f 5324 	5371 	1671
f 4889 	4892 	5315
f 5360 	5331 	5326
f 5317 	4892 	4894
f 5326 	5331 	5335
f 5277 	5278 	5341
f 5278 	5274 	5341
f 5333 	5218 	5013
f 5252 	5330 	5336
f 4936 	5108 	5334
f 5013 	5047 	5333
f 5204 	5337 	5117
f 5204 	5332 	5337
f 5326 	5335 	5329
f 4898 	5321 	4894
f 5337 	5147 	5117
f 5329 	4829 	4820
f 5321 	4898 	4871
f 5252 	5336 	4606
f 5329 	5335 	4829
f 4782 	4606 	5336
f 5285 	5284 	5341
f 5281 	5277 	5341
f 5341 	5289 	5285
f 5108 	5109 	5334
f 1069 	1063 	5280
f 5221 	5338 	5342
f 5210 	5357 	5244
f 5331 	5343 	5335
f 5244 	5358 	5328
f 5344 	5327 	5325
f 5221 	5342 	5230
f 5244 	5357 	5358
f 5340 	5343 	5331
f 5335 	5343 	4859
f 5327 	5344 	5349
f 5335 	4859 	4829
f 5109 	5113 	7427
f 5224 	5351 	5353
f 5457 	5333 	5047
f 5340 	5523 	5343
f 5330 	5327 	5349
f 5458 	5338 	5333
f 5330 	5349 	5356
f 5349 	5400 	5356
f 5225 	5355 	5113
f 5311 	5359 	5360
f 5330 	5356 	5336
f 5311 	5319 	5359
f 4837 	4782 	5336
f 5459 	5375 	5342
f 5355 	5225 	5231
f 5229 	5390 	5235
f 5350 	5393 	5352
f 5336 	5356 	4837
f 5551 	5235 	5549
f 5551 	5554 	5235
f 5230 	5361 	5237
f 5556 	5302 	5554
f 5342 	5361 	5230
f 5337 	5332 	5797
f 5361 	5364 	5237
f 4142 	4144 	5304
f 5306 	4871 	5363
f 4145 	4331 	5304
f 5349 	5399 	5400
f 5359 	5319 	5362
f 5320 	5367 	5322
f 5359 	5366 	5360
f 5356 	4869 	4837
f 4331 	4332 	5304
f 5368 	5366 	5359
f 5364 	5367 	5320
f 5360 	5366 	5331
f 5297 	5370 	5301
f 5322 	5367 	5371
f 4332 	4336 	5304
f 5365 	5369 	5453
f 5887 	1591 	1609
f 4336 	4337 	5304
f 4901 	5374 	5363
f 5301 	5370 	5372
f 4337 	4240 	5304
f 5345 	5341 	5346
f 5347 	5341 	5345
f 5325 	5309 	5372
f 5363 	5374 	5365
f 5347 	5289 	5341
f 5374 	5377 	5365
f 5362 	5373 	5368
f 4240 	4241 	5304
f 5348 	5341 	5351
f 5346 	5341 	5348
f 5375 	5361 	5342
f 5351 	5341 	5353
f 5365 	5377 	5369
f 1673 	5378 	1674
f 5362 	5368 	5359
f 5361 	5379 	5364
f 5368 	5382 	5383
f 5377 	5381 	5369
f 5376 	5378 	1673
f 5375 	5379 	5361
f 5353 	5384 	5224
f 5378 	5386 	1674
f 5364 	5379 	5387
f 5229 	5385 	5388
f 4901 	5972 	5374
f 5370 	5380 	5389
f 5370 	5389 	5372
f 5364 	5387 	5367
f 5383 	5366 	5368
f 5372 	5391 	5325
f 5367 	5387 	5392
f 5366 	5383 	5340
f 638 	5406 	5376
f 5372 	5389 	5391
f 4308 	4309 	5304
f 5344 	5325 	5391
f 5631 	5147 	5797
f 5633 	5154 	5147
f 5366 	5340 	5331
f 5393 	5350 	5369
f 5409 	5412 	5378
f 5369 	5381 	5393
f 5394 	5373 	5448
f 5380 	5429 	5389
f 5395 	5354 	5352
f 5368 	5373 	5382
f 5357 	5800 	5805
f 5373 	5394 	5382
f 5393 	5395 	5352
f 4363 	4364 	5304
f 6365 	5354 	5395
f 5357 	5805 	5358
f 5398 	5344 	5391
f 5477 	1929 	1664
f 4364 	4366 	5304
f 4366 	4367 	5304
f 5391 	5431 	5398
f 1676 	5422 	1685
f 5344 	5399 	5349
f 4367 	4368 	5304
f 5398 	5399 	5344
f 1676 	5386 	5422
f 3329 	3326 	5413
f 4368 	4369 	5304
f 5396 	1685 	5424
f 5415 	3329 	5413
f 4369 	4425 	5304
f 5424 	5427 	5396
f 5431 	5403 	5398
f 3329 	5415 	3331
f 5262 	5259 	5402
f 5404 	5262 	5402
f 5401 	5405 	4048
f 4425 	4429 	5304
f 5415 	5419 	3331
f 5398 	5403 	5407
f 5408 	5262 	5404
f 5402 	5420 	5404
f 5376 	5409 	5378
f 4429 	4503 	5304
f 5403 	5416 	5407
f 5406 	5409 	5376
f 5398 	5407 	5399
f 3334 	5437 	5397
f 5405 	5410 	4051
f 4503 	4505 	5304
f 4505 	4506 	5304
f 5378 	5412 	5386
f 5411 	5264 	5408
f 5352 	5401 	5445
f 5352 	5354 	5401
f 5400 	5469 	4869
f 5310 	5267 	5411
f 4506 	4508 	5304
f 5401 	5354 	5405
f 3326 	5397 	5413
f 5310 	5411 	5319
f 5354 	5414 	5405
f 4509 	17 	5304
f 5405 	5414 	5410
f 5414 	5418 	5410
f 17 	22 	5304
f 5402 	5969 	5417
f 5413 	5506 	5415
f 5543 	5546 	5409
f 5180 	3331 	5419
f 22 	28 	5304
f 5417 	5420 	5402
f 5419 	5210 	5180
f 5404 	5420 	5421
f 5414 	352 	5418
f 28 	86 	5304
f 5418 	354 	500
f 5437 	5442 	5397
f 5404 	5421 	5408
f 352 	354 	5418
f 1685 	5422 	5424
f 5410 	3321 	4051
f 5408 	5423 	5411
f 86 	89 	5304
f 5408 	5421 	5423
f 5416 	5647 	5649
f 89 	90 	5304
f 5319 	5411 	5423
f 5410 	5425 	3321
f 5477 	5396 	5427
f 5425 	5428 	3324
f 500 	5428 	5425
f 91 	95 	5304
f 5429 	5380 	5426
f 5422 	5386 	5430
f 5417 	5466 	5420
f 5412 	5430 	5386
f 496 	3417 	5428
f 5389 	5429 	5431
f 5410 	5418 	5425
f 5440 	5429 	5426
f 5422 	5432 	5424
f 5418 	500 	5425
f 5429 	5444 	5431
f 5430 	5432 	5422
f 5389 	5431 	5391
f 121 	123 	5304
f 5432 	5433 	5424
f 6365 	5414 	5354
f 3332 	3371 	5434
f 5414 	6365 	352
f 123 	124 	5304
f 5434 	3334 	3332
f 5423 	5362 	5319
f 5436 	4005 	5291
f 5435 	5426 	5530
f 5291 	5306 	5436
f 5424 	5433 	5427
f 124 	126 	5304
f 5420 	5438 	5421
f 5426 	5435 	5440
f 3334 	5434 	5437
f 129 	130 	5304
f 5420 	5466 	5438
f 3939 	3936 	5441
f 5443 	5421 	5438
f 130 	427 	5304
f 3936 	5439 	5441
f 5367 	5392 	5371
f 5444 	5429 	5440
f 5443 	5423 	5421
f 5441 	5445 	3939
f 1680 	1671 	5371
f 428 	429 	5304
f 5447 	5440 	5435
f 5371 	5392 	1680
f 5362 	5423 	5443
f 5430 	5604 	5432
f 5445 	3943 	3939
f 5401 	3943 	5445
f 429 	431 	5304
f 5403 	5431 	5444
f 5487 	5387 	5379
f 5466 	5446 	5438
f 431 	433 	5304
f 4048 	3943 	5401
f 5438 	5448 	5443
f 5483 	5487 	5379
f 5438 	5446 	5448
f 5443 	5373 	5362
f 433 	435 	5304
f 1693 	5392 	5387
f 5443 	5448 	5373
f 5435 	5557 	5447
f 5306 	5450 	5436
f 5440 	5447 	5452
f 1693 	5387 	5487
f 5436 	5450 	5439
f 1693 	1697 	5392
f 5439 	5453 	5441
f 5450 	5453 	5439
f 1929 	5454 	1917
f 5446 	5451 	5455
f 5445 	5441 	5350
f 5440 	5452 	5444
f 1917 	5454 	1919
f 5453 	5350 	5441
f 5444 	5456 	5403
f 5444 	5452 	5456
f 5446 	5455 	5448
f 5350 	5352 	5445
f 5464 	1919 	5454
f 5090 	5457 	5047
f 5394 	5448 	5455
f 5450 	5306 	5363
f 5457 	5458 	5333
f 5456 	5416 	5403
f 460 	462 	5304
f 5462 	5465 	5457
f 1664 	5396 	5477
f 5457 	5465 	5458
f 5363 	5365 	5450
f 5450 	5365 	5453
f 463 	505 	5304
f 5453 	5369 	5350
f 5338 	5459 	5342
f 5458 	5459 	5338
f 5478 	1929 	5477
f 506 	508 	5304
f 5090 	5462 	5457
f 508 	510 	5304
f 5100 	5462 	5090
f 5461 	5472 	5463
f 5461 	5470 	5472
f 510 	512 	5304
f 5356 	5400 	4869
f 5466 	5417 	5463
f 512 	513 	5304
f 5458 	5467 	5459
f 513 	5872 	5304
f 5465 	5467 	5458
f 5468 	5400 	5399
f 5399 	5407 	5468
f 5454 	1929 	5478
f 5400 	5468 	5469
f 5469 	4880 	4869
f 5407 	5416 	5473
f 5916 	5918 	5304
f 5463 	5472 	5474
f 55 	26 	5490
f 5473 	5468 	5407
f 5472 	5485 	5474
f 5918 	5920 	5304
f 5468 	5475 	5469
f 5468 	5473 	5475
f 5463 	5474 	5466
f 5469 	4887 	4880
f 5920 	5922 	5304
f 6954 	55 	5476
f 5466 	5474 	5446
f 5475 	4887 	5469
f 5446 	5474 	5451
f 5922 	5893 	5304
f 5473 	5416 	5649
f 5467 	5479 	5459
f 5893 	5895 	5304
f 5478 	5481 	5454
f 247 	274 	5482
f 5459 	5479 	5375
f 6019 	5480 	5470
f 5895 	5897 	5304
f 5479 	5483 	5375
f 5484 	5472 	5470
f 247 	5482 	249
f 5470 	5480 	5484
f 5653 	5656 	5475
f 5479 	5743 	5483
f 5454 	5481 	5464
f 5897 	5900 	5304
f 5375 	5483 	5379
f 4887 	5475 	5656
f 249 	5482 	5486
f 5485 	5472 	5484
f 5481 	5529 	5464
f 5900 	5901 	5304
f 5451 	5474 	5485
f 5477 	5489 	5478
f 5471 	249 	5486
f 5901 	5844 	5304
f 5471 	5486 	5490
f 5479 	5741 	5743
f 5480 	5636 	5484
f 5413 	5397 	5442
f 5844 	5846 	5304
f 5483 	5745 	5487
f 5484 	5640 	5485
f 5490 	26 	5471
f 5488 	5498 	5503
f 5847 	5849 	5304
f 5506 	5413 	5442
f 5488 	5503 	5491
f 5370 	5297 	5491
f 5482 	274 	5496
f 274 	5492 	5496
f 5066 	5497 	5068
f 5818 	5820 	5304
f 5486 	5482 	5500
f 5493 	5497 	5066
f 5599 	5437 	5434
f 5497 	5501 	5068
f 5482 	5496 	5500
f 5486 	5500 	5504
f 5427 	5489 	5477
f 5489 	5505 	5478
f 5510 	5489 	5427
f 4813 	4864 	5781
f 5068 	5501 	5069
f 5510 	5514 	5489
f 4864 	5502 	5781
f 5491 	5380 	5370
f 5486 	5504 	5490
f 5489 	5514 	5505
f 5478 	5505 	5481
f 5490 	5504 	5476
f 5491 	5503 	5380
f 5501 	5559 	5069
f 5415 	5507 	5419
f 5508 	5493 	4148
f 5510 	5427 	5433
f 5415 	5506 	5507
f 5490 	5476 	55
f 5507 	5511 	5419
f 5433 	5946 	5510
f 4148 	4226 	5508
f 5508 	5512 	5493
f 5494 	5509 	5513
f 5508 	5522 	5512
f 5492 	5571 	5496
f 5494 	5513 	5499
f 5511 	5210 	5419
f 5496 	5573 	5500
f 5493 	5512 	5497
f 5511 	5357 	5210
f 5510 	5949 	5514
f 5496 	5571 	5573
f 5946 	5949 	5510
f 5512 	5515 	5497
f 5512 	5525 	5515
f 5437 	5516 	5442
f 5522 	5525 	5512
f 5497 	5515 	5501
f 5514 	5517 	5505
f 5498 	5530 	5503
f 5437 	5599 	5516
f 5516 	5518 	5442
f 4226 	4233 	5519
f 4233 	5660 	5519
f 5503 	5426 	5380
f 5519 	5508 	4226
f 5506 	5442 	5518
f 5519 	5522 	5508
f 5523 	5340 	5520
f 5506 	5524 	5507
f 5495 	5786 	5521
f 5343 	5494 	4859
f 77 	66 	5544
f 5506 	5518 	5524
f 5495 	5521 	5526
f 5544 	5558 	5460
f 5523 	5494 	5343
f 77 	5544 	5460
f 5495 	5526 	5498
f 5820 	5821 	5304
f 5520 	5528 	5523
f 5520 	5527 	5528
f 5530 	5498 	5526
f 5523 	5528 	5509
f 5821 	5822 	5304
f 5481 	5532 	5529
f 5503 	5530 	5426
f 5505 	5532 	5481
f 5822 	5824 	5304
f 5521 	5574 	5534
f 5523 	5509 	5494
f 5574 	5587 	5534
f 5517 	5532 	5505
f 5521 	5535 	5526
f 5476 	5504 	5533
f 5824 	5825 	5304
f 5521 	5534 	5535
f 5533 	66 	5476
f 5532 	5517 	6355
f 5527 	5572 	5580
f 5526 	5536 	5530
f 5825 	5826 	5304
f 5527 	5580 	5528
f 5526 	5535 	5536
f 5826 	5099 	5304
f 5435 	5530 	5536
f 5538 	5531 	5573
f 5540 	5382 	5539
f 5382 	5394 	5539
f 3550 	3778 	5542
f 5099 	5073 	5304
f 5531 	5541 	5533
f 5074 	5076 	5304
f 5542 	5406 	3550
f 5538 	5541 	5531
f 5382 	5540 	5383
f 5533 	5541 	5544
f 5542 	5543 	5406
f 5542 	5565 	5543
f 5383 	5540 	5520
f 5076 	5078 	5304
f 5406 	5543 	5409
f 5533 	5544 	66
f 5545 	5535 	5534
f 5546 	5412 	5409
f 3371 	1279 	5434
f 5078 	5079 	5304
f 5383 	5520 	5340
f 5535 	5545 	5547
f 5548 	5394 	5455
f 5388 	5390 	5229
f 5079 	5080 	5304
f 5519 	5664 	5522
f 5548 	5539 	5394
f 5549 	5235 	5390
f 5080 	5083 	5304
f 5537 	5550 	5538
f 5553 	5539 	5552
f 5536 	5535 	5547
f 5555 	5541 	5538
f 5548 	5552 	5539
f 5536 	5547 	5557
f 5538 	5550 	5555
f 5083 	5052 	5304
f 5576 	5313 	5579
f 5577 	5313 	5576
f 5541 	5558 	5544
f 5559 	5093 	5069
f 4997 	5001 	5304
f 5579 	5302 	5560
f 5302 	5556 	5560
f 5540 	5539 	5553
f 5540 	5527 	5520
f 5536 	5557 	5435
f 5541 	5555 	5558
f 5577 	5581 	5313
f 5093 	5561 	5095
f 5540 	5553 	5527
f 5002 	5004 	5304
f 5546 	5543 	5566
f 5559 	5561 	5093
f 5004 	5005 	5304
f 5561 	5563 	5095
f 5548 	5562 	5552
f 5388 	5385 	7270
f 5005 	5009 	5304
f 5353 	7270 	5384
f 5567 	5553 	5552
f 3778 	5564 	5542
f 5100 	5095 	5563
f 3778 	3797 	5564
f 5553 	5572 	5527
f 5009 	5011 	5304
f 5553 	5567 	5572
f 5563 	5693 	5100
f 5551 	5549 	7270
f 5549 	5390 	7270
f 5557 	5547 	5833
f 5011 	4925 	5304
f 5564 	5565 	5542
f 5565 	5566 	5543
f 5390 	5388 	7270
f 5385 	5384 	7270
f 4926 	4928 	5304
f 5558 	5673 	5675
f 5693 	5462 	5100
f 7270 	5556 	5554
f 5570 	5567 	5552
f 5556 	7270 	5560
f 5501 	5568 	5559
f 4928 	4929 	5304
f 5571 	5492 	5607
f 3797 	3807 	5575
f 5515 	5568 	5501
f 5568 	5578 	5559
f 5531 	5504 	5500
f 5574 	5521 	5786
f 5575 	5564 	3797
f 5575 	5582 	5564
f 5578 	5561 	5559
f 5500 	5573 	5531
f 5561 	5584 	5563
f 5531 	5533 	5504
f 5565 	5564 	5582
f 5578 	5584 	5561
f 5569 	5583 	5587
f 5565 	5586 	5566
f 5577 	5576 	5611
f 5584 	5710 	5563
f 5576 	5579 	5611
f 5579 	5560 	5611
f 5582 	5586 	5565
f 5562 	5585 	5570
f 7270 	5611 	5560
f 5586 	5632 	5566
f 5569 	5587 	5574
f 5571 	5537 	5573
f 5573 	5537 	5538
f 5562 	5570 	5552
f 5563 	5710 	5693
f 5588 	5313 	5581
f 5591 	5314 	5588
f 5313 	5588 	5314
f 5605 	563 	560
f 5515 	5589 	5568
f 5592 	5314 	5591
f 5492 	563 	5607
f 5515 	5525 	5589
f 5617 	4739 	5594
f 5583 	5595 	5587
f 5605 	5607 	563
f 5583 	5590 	5595
f 5575 	5685 	5582
f 5599 	5434 	1279
f 5587 	5598 	5534
f 5314 	4739 	4601
f 5587 	5595 	5598
f 5545 	5534 	5598
f 5600 	5550 	5537
f 4739 	5314 	5592
f 1313 	5599 	1279
f 5593 	5594 	4739
f 5619 	4740 	5617
f 5546 	5601 	5412
f 5795 	5600 	5597
f 5600 	5759 	5550
f 5412 	5601 	5430
f 5603 	5599 	1313
f 560 	670 	5605
f 5590 	5888 	5595
f 5451 	5602 	5606
f 5599 	5603 	5516
f 5589 	5596 	5568
f 5601 	5604 	5430
f 5602 	5615 	5606
f 5604 	5608 	5432
f 5827 	5545 	5598
f 5606 	5455 	5451
f 5651 	4762 	5652
f 668 	678 	5622
f 5548 	5455 	5606
f 5568 	5596 	5578
f 668 	5622 	670
f 5432 	5608 	5433
f 5609 	5447 	5557
f 5605 	670 	5624
f 5612 	5584 	5578
f 5611 	5591 	5588
f 5611 	5588 	5581
f 5581 	5577 	5611
f 5613 	5452 	5447
f 5615 	5602 	5610
f 5596 	5612 	5578
f 5611 	5593 	5592
f 5591 	5611 	5592
f 5546 	5614 	5601
f 5605 	5626 	5607
f 5611 	5594 	5593
f 5610 	5665 	5615
f 5605 	5624 	5626
f 5447 	5609 	5613
f 5546 	5566 	5614
f 5613 	5616 	5452
f 5614 	5618 	5601
f 5606 	5615 	5562
f 5613 	5722 	5616
f 678 	5637 	5622
f 5616 	5456 	5452
f 5606 	5562 	5548
f 5604 	5601 	5618
f 4743 	4740 	5620
f 4743 	5620 	5621
f 4740 	5619 	5620
f 5618 	5625 	5604
f 5624 	670 	5622
f 5635 	5154 	5633
f 5639 	5161 	5635
f 5616 	5722 	5726
f 5161 	5639 	5165
f 5604 	5625 	5608
f 5610 	5662 	5665
f 4743 	5652 	4762
f 5652 	4743 	5628
f 5623 	5628 	4743
f 5621 	5623 	4743
f 5607 	5626 	5629
f 5615 	5585 	5562
f 5650 	5654 	4762
f 5609 	5627 	5634
f 5607 	5629 	5571
f 5566 	5632 	5614
f 5147 	5631 	5633
f 4763 	5657 	4766
f 5629 	5537 	5571
f 5636 	5480 	5630
f 5618 	5614 	5643
f 5613 	5609 	5634
f 5630 	5645 	5636
f 5618 	5644 	5625
f 5722 	5613 	5634
f 5643 	5644 	5618
f 5622 	5638 	5624
f 5617 	5611 	5619
f 5622 	5637 	5638
f 5619 	5611 	5620
f 5611 	5617 	5594
f 5624 	5638 	5641
f 5640 	5484 	5636
f 7365 	5628 	5611
f 5485 	5640 	5602
f 5621 	5611 	5623
f 1052 	5165 	5639
f 5624 	5641 	5626
f 5451 	5485 	5602
f 5626 	5597 	5629
f 5730 	5634 	5627
f 5614 	5632 	5643
f 5626 	5641 	5597
f 5629 	5600 	5537
f 5630 	5812 	5645
f 5629 	5597 	5600
f 5625 	5644 	5646
f 5616 	5647 	5456
f 5636 	5648 	5640
f 5636 	5645 	5648
f 5623 	5611 	5628
f 5610 	5602 	5640
f 5647 	5416 	5456
f 5620 	5611 	5621
f 5640 	5648 	5610
f 5650 	4762 	5651
f 5632 	5747 	5643
f 5831 	5641 	5638
f 5653 	5475 	5473
f 5643 	5750 	5644
f 5612 	5677 	5775
f 5655 	4763 	5654
f 5653 	5473 	5649
f 698 	710 	5658
f 4233 	4285 	5660
f 5659 	4766 	5657
f 4997 	5304 	5052
f 5655 	5657 	4763
f 5637 	678 	5658
f 4766 	5661 	5663
f 5648 	5662 	5610
f 4766 	5659 	5661
f 5575 	5681 	5685
f 4937 	4887 	5656
f 5637 	5658 	5858
f 5683 	4766 	5666
f 5658 	5856 	5858
f 5660 	5664 	5519
f 5616 	5726 	5647
f 5664 	5667 	5522
f 5585 	5615 	5665
f 5664 	132 	5667
f 5726 	5668 	5647
f 6221 	5585 	5665
f 5522 	5667 	5525
f 5675 	125 	116
f 5647 	5668 	5649
f 5631 	5642 	5669
f 5649 	5668 	5670
f 4285 	1 	5660
f 5631 	5669 	5633
f 5654 	5650 	7252
f 128 	5664 	5660
f 5635 	5633 	5671
f 5649 	5670 	5653
f 265 	99 	5708
f 5633 	5669 	5671
f 5672 	2423 	3895
f 128 	132 	5664
f 5635 	5671 	5674
f 132 	143 	5667
f 5558 	5675 	5460
f 5672 	3920 	2423
f 5525 	5676 	5589
f 5651 	5652 	7252
f 5652 	5628 	7252
f 116 	5460 	5675
f 7365 	7252 	5628
f 5635 	5674 	5639
f 5667 	5676 	5525
f 3920 	5672 	3893
f 5650 	5651 	7252
f 5639 	5674 	1085
f 5676 	146 	5589
f 5589 	146 	5596
f 5686 	2423 	3920
f 5655 	5654 	7252
f 5663 	5661 	7252
f 5639 	1085 	1052
f 5738 	5678 	5668
f 5596 	5677 	5612
f 5673 	5689 	5675
f 5661 	5659 	7252
f 5666 	5663 	7252
f 146 	5677 	5596
f 5675 	5689 	125
f 5670 	5668 	5678
f 5679 	2591 	2573
f 5691 	5698 	5586
f 5670 	5678 	5704
f 5657 	5655 	7252
f 5659 	5657 	7252
f 5775 	5677 	153
f 2591 	5679 	5082
f 3807 	3907 	5681
f 91 	5304 	90
f 5679 	4093 	4431
f 3807 	5681 	5575
f 5676 	145 	146
f 5082 	5679 	4431
f 5684 	4809 	5683
f 5680 	5703 	5682
f 143 	145 	5676
f 4812 	5687 	5688
f 95 	96 	5304
f 3920 	3928 	5686
f 5761 	5682 	5673
f 149 	5677 	146
f 5689 	5673 	5682
f 96 	121 	5304
f 149 	153 	5677
f 5582 	5691 	5586
f 5670 	5694 	5653
f 5692 	5695 	4834
f 5685 	5691 	5582
f 5686 	3928 	5697
f 5696 	4850 	4834
f 5653 	5694 	5656
f 5462 	5699 	5465
f 5697 	2598 	5686
f 5694 	5701 	5656
f 5697 	2612 	2598
f 5698 	5632 	5586
f 5693 	5699 	5462
f 5694 	5707 	5701
f 5699 	5702 	5465
f 5703 	5680 	5700
f 4937 	5656 	5701
f 5684 	5683 	7252
f 5697 	3928 	4064
f 5681 	5714 	5685
f 5465 	5702 	5467
f 5697 	4064 	5705
f 5694 	5670 	5704
f 5702 	5741 	5467
f 5682 	5706 	5689
f 5697 	5705 	2612
f 5682 	5703 	5706
f 5690 	5688 	7252
f 5666 	7252 	5683
f 5689 	5706 	5708
f 5707 	5694 	5704
f 5707 	5709 	5701
f 5687 	7252 	5688
f 5684 	7252 	5687
f 5705 	4087 	2573
f 5689 	5708 	125
f 5698 	5755 	5747
f 5701 	5709 	4950
f 3907 	3932 	5711
f 5709 	4966 	4950
f 5712 	5699 	5693
f 4087 	5679 	2573
f 5710 	5712 	5693
f 5681 	3907 	5711
f 3888 	4129 	3883
f 5699 	5713 	5702
f 5700 	5731 	5703
f 3888 	4132 	4129
f 5678 	5748 	5704
f 5703 	5731 	5735
f 5712 	5713 	5699
f 5711 	5714 	5681
f 3883 	4133 	3889
f 5695 	7252 	5696
f 5690 	7252 	5692
f 5692 	7252 	5695
f 5703 	5735 	5706
f 5714 	5715 	5685
f 4129 	4133 	3883
f 5696 	7252 	4850
f 5707 	5704 	5752
f 5728 	5714 	5711
f 5714 	5733 	5715
f 3889 	4133 	4136
f 5728 	5733 	5714
f 3889 	4136 	3892
f 5685 	5715 	5691
f 5691 	5717 	5698
f 5719 	4838 	5718
f 5584 	5612 	5720
f 3892 	5672 	3895
f 5715 	5717 	5691
f 5737 	5744 	279
f 5720 	5710 	5584
f 3892 	4136 	5672
f 3893 	5672 	4136
f 5720 	5725 	5710
f 5723 	5711 	3932
f 3941 	5723 	3932
f 6005 	4841 	5727
f 5723 	5728 	5711
f 3901 	4012 	4143
f 5710 	5725 	5712
f 4143 	4132 	3901
f 5725 	5729 	5712
f 5730 	5627 	5866
f 6016 	4930 	6018
f 5722 	5634 	5732
f 5712 	5729 	5713
f 5731 	5700 	5776
f 4157 	4008 	4025
f 5715 	5734 	5717
f 5634 	5730 	5732
f 4012 	4008 	4160
f 5729 	5763 	5713
f 5722 	5732 	5736
f 5776 	5740 	5731
f 5733 	5734 	5715
f 4933 	6025 	4935
f 5612 	5775 	5720
f 5722 	5736 	5726
f 5706 	5737 	5708
f 5706 	5735 	5737
f 5726 	5738 	5668
f 5726 	5736 	5738
f 5737 	265 	5708
f 5725 	5778 	5788
f 5739 	4025 	4022
f 5788 	5729 	5725
f 4022 	4034 	5739
f 5730 	5771 	5732
f 5730 	5770 	5771
f 5731 	5740 	5742
f 5739 	4157 	4025
f 5479 	5467 	5741
f 5740 	5987 	5742
f 5731 	5742 	5735
f 4329 	4034 	4030
f 5744 	5737 	5735
f 5749 	4329 	4030
f 5744 	5735 	5742
f 5739 	4034 	4330
f 5743 	5745 	5483
f 4329 	4330 	4034
f 5678 	5738 	5746
f 5739 	4300 	4157
f 5745 	1877 	5487
f 4330 	4300 	5739
f 1877 	5745 	1881
f 5632 	5698 	5747
f 5757 	1881 	5745
f 5487 	1877 	1693
f 5713 	5751 	5702
f 5748 	5678 	5746
f 5763 	5751 	5713
f 5747 	5750 	5643
f 4335 	5749 	300
f 5752 	5704 	5748
f 5740 	5984 	5987
f 5749 	4338 	4329
f 5644 	5753 	5646
f 5749 	4335 	4338
f 5702 	5751 	5741
f 5750 	5753 	5644
f 5751 	5754 	5741
f 4431 	4435 	5087
f 5989 	5744 	5742
f 5698 	5717 	5755
f 5707 	5756 	5709
f 5741 	5754 	5743
f 5707 	5752 	5756
f 5087 	5082 	4431
f 5743 	5757 	5745
f 5758 	5750 	5747
f 5098 	5087 	4435
f 5754 	5757 	5743
f 5098 	4435 	4437
f 5755 	5758 	5747
f 5758 	5760 	5750
f 5761 	5555 	5550
f 4437 	4442 	5098
f 5131 	5098 	4442
f 4442 	4445 	5138
f 4442 	5138 	5131
f 5550 	5759 	5761
f 5555 	5673 	5558
f 5746 	5762 	5748
f 5750 	5760 	5753
f 5748 	5765 	5752
f 5184 	4445 	4613
f 5751 	5764 	5754
f 5555 	5761 	5673
f 5200 	5184 	4613
f 5748 	5762 	5765
f 5184 	5138 	4445
f 5795 	5811 	5759
f 5763 	5764 	5751
f 5761 	5759 	5680
f 5734 	5766 	5717
f 5764 	1893 	5754
f 4613 	4621 	5200
f 5680 	5759 	5811
f 5717 	5766 	5755
f 5761 	5680 	5682
f 4621 	5768 	5272
f 5766 	5767 	5755
f 1918 	1893 	5764
f 5272 	5200 	4621
f 4641 	5768 	4621
f 5754 	1893 	5757
f 5755 	5767 	5758
f 4791 	5768 	4641
f 1893 	1897 	5757
f 5811 	5769 	5700
f 6142 	5758 	5767
f 5283 	5768 	4791
f 5286 	5272 	5768
f 428 	5304 	427
f 5768 	5283 	5286
f 5773 	5736 	5732
f 5283 	4791 	4797
f 5732 	5771 	5773
f 5769 	5772 	5776
f 5283 	4797 	5297
f 5736 	5773 	5777
f 451 	5304 	435
f 4797 	5774 	5297
f 5773 	5793 	5777
f 5774 	4813 	5488
f 1139 	1085 	5674
f 5778 	5725 	5720
f 451 	453 	5304
f 5773 	5787 	5793
f 5769 	5776 	5700
f 5777 	5738 	5736
f 453 	455 	5304
f 5775 	5778 	5720
f 5774 	5488 	5491
f 5774 	5491 	5297
f 5642 	5779 	5669
f 5669 	5779 	5783
f 4813 	5781 	5488
f 5772 	5785 	5776
f 5770 	5784 	5771
f 5779 	5876 	5783
f 5786 	5502 	5499
f 5304 	455 	459
f 5772 	5782 	5785
f 5773 	5771 	5787
f 5499 	5513 	5786
f 5771 	5784 	5787
f 153 	156 	5775
f 459 	460 	5304
f 5669 	5783 	5671
f 5495 	5781 	5502
f 5776 	5785 	5740
f 5775 	156 	5778
f 5783 	5868 	5671
f 463 	5304 	462
f 5786 	5495 	5502
f 5778 	167 	5788
f 5781 	5498 	5488
f 506 	5304 	505
f 156 	167 	5778
f 5781 	5495 	5498
f 5513 	5509 	5569
f 5763 	5729 	5789
f 5786 	5513 	5574
f 5782 	6083 	5785
f 5789 	5729 	5788
f 5784 	5801 	5787
f 5569 	5574 	5513
f 5789 	5790 	5763
f 5789 	5802 	5790
f 5777 	5746 	5738
f 5763 	5790 	5764
f 5328 	5794 	5332
f 5790 	1918 	5764
f 5509 	5792 	5569
f 5795 	5597 	5791
f 5794 	5328 	5358
f 5793 	5796 	5777
f 5792 	5583 	5569
f 5332 	5794 	5797
f 5790 	1936 	1918
f 6188 	5583 	5792
f 5791 	5808 	5795
f 5528 	5792 	5509
f 5793 	5804 	5807
f 5528 	5580 	5792
f 5793 	5807 	5796
f 5777 	5796 	5746
f 5759 	5600 	5795
f 167 	5798 	5788
f 5796 	5762 	5746
f 5800 	5357 	5511
f 5798 	5789 	5788
f 5572 	6185 	5580
f 5800 	5511 	6059
f 5580 	6185 	6188
f 5798 	5802 	5789
f 5793 	5787 	5804
f 5792 	5580 	6188
f 5802 	1936 	5790
f 5799 	5814 	5803
f 5787 	5801 	5804
f 5802 	2145 	1936
f 5803 	5791 	5831
f 6216 	5567 	5570
f 5808 	5791 	5803
f 5358 	5805 	5809
f 167 	259 	5798
f 5803 	5816 	5808
f 259 	263 	5798
f 5803 	5814 	5816
f 5796 	5810 	5762
f 5806 	5570 	5585
f 263 	5802 	5798
f 5796 	5807 	5810
f 5794 	5358 	5809
f 5795 	5808 	5811
f 5813 	5797 	5794
f 5802 	263 	2145
f 5813 	5794 	5809
f 5797 	5813 	5642
f 5801 	580 	548
f 5801 	548 	5804
f 5813 	5850 	5642
f 5804 	551 	5807
f 5797 	5642 	5631
f 5074 	5304 	5073
f 548 	551 	5804
f 5815 	1216 	5817
f 5811 	5808 	5769
f 1216 	1226 	5817
f 5810 	5807 	956
f 5769 	5808 	5816
f 1226 	1233 	5819
f 5810 	956 	958
f 5700 	5680 	5811
f 5819 	5817 	1226
f 5665 	6262 	6221
f 5827 	5598 	5891
f 5809 	5835 	5842
f 5823 	5648 	5645
f 5809 	5842 	5813
f 5662 	5648 	5823
f 5823 	6257 	5662
f 5772 	5769 	5816
f 5819 	1233 	1264
f 5828 	5547 	5545
f 5829 	5638 	5637
f 300 	6039 	4335
f 1264 	6008 	5819
f 5545 	5827 	5828
f 5800 	5830 	5805
f 5833 	5547 	5828
f 5827 	5848 	5828
f 5855 	5833 	5828
f 5831 	5638 	5829
f 1263 	1269 	5834
f 5828 	5848 	5855
f 6039 	5832 	4349
f 5805 	5830 	5835
f 5831 	5791 	5641
f 6724 	5821 	5820
f 5609 	5557 	5833
f 4335 	6039 	4349
f 5597 	5641 	5791
f 5839 	5834 	1269
f 5827 	5840 	5848
f 5799 	5829 	5865
f 5832 	4398 	4349
f 5831 	5829 	5799
f 5832 	5837 	4398
f 6736 	5826 	5825
f 5833 	5627 	5609
f 5831 	5799 	5803
f 5809 	5805 	5835
f 5833 	5855 	5627
f 5826 	6698 	5099
f 5839 	1269 	1562
f 5836 	5838 	5843
f 5827 	5891 	5840
f 5847 	5304 	5846
f 5836 	5843 	5837
f 5845 	5814 	5799
f 4415 	5837 	5843
f 5852 	5304 	5851
f 5304 	5849 	5851
f 6092 	6043 	5834
f 5813 	5842 	5850
f 5840 	5859 	5848
f 5853 	1562 	1569
f 5779 	5642 	5850
f 5304 	5852 	5818
f 5841 	5913 	5845
f 4415 	4398 	5837
f 5845 	5894 	5814
f 5853 	5839 	1562
f 5845 	5913 	5894
f 710 	1411 	5856
f 6796 	5847 	5846
f 5853 	1569 	5881
f 5867 	5843 	5838
f 5859 	5840 	5857
f 5847 	6798 	5849
f 5829 	5637 	5858
f 1411 	1427 	5860
f 1623 	5881 	1569
f 5860 	5856 	1411
f 5850 	5873 	5779
f 5856 	5863 	5858
f 5848 	5861 	5855
f 1591 	5864 	1583
f 5838 	6056 	5862
f 5856 	5860 	5863
f 5848 	5859 	5861
f 5858 	5865 	5829
f 5855 	5861 	5866
f 5858 	5863 	5865
f 5838 	5862 	5867
f 1425 	1698 	5869
f 5862 	5875 	5879
f 5783 	5878 	5868
f 5862 	5879 	5867
f 5671 	5868 	5674
f 5855 	5866 	5627
f 5843 	5871 	4415
f 1591 	5887 	5864
f 5674 	5868 	1139
f 1427 	5870 	5860
f 5843 	5867 	5871
f 5871 	5223 	4415
f 5872 	5874 	5304
f 5914 	5304 	5874
f 1427 	5869 	5870
f 5860 	5870 	5877
f 5876 	5779 	5873
f 5839 	5853 	6108
f 5860 	5877 	5863
f 5875 	5886 	5879
f 5876 	5878 	5783
f 6108 	6092 	5839
f 5868 	5878 	5880
f 5877 	5841 	5863
f 5867 	5882 	5871
f 5867 	5879 	5882
f 5868 	5880 	1139
f 5880 	1161 	1139
f 5871 	5882 	5233
f 1623 	5864 	5883
f 5863 	5841 	5865
f 5845 	5799 	5865
f 5881 	1623 	5883
f 5865 	5841 	5845
f 6360 	5869 	1698
f 5888 	5590 	5884
f 5886 	5875 	5885
f 5884 	5902 	5888
f 5879 	5886 	5890
f 5876 	5929 	5878
f 5884 	5899 	5902
f 5883 	5864 	5889
f 5864 	5887 	5889
f 5880 	1331 	1161
f 5595 	5888 	5891
f 5933 	1331 	5880
f 5879 	5890 	5882
f 5882 	5890 	5241
f 5830 	5892 	5835
f 5595 	5891 	5598
f 5854 	5892 	5830
f 5246 	5241 	5890
f 5892 	5896 	5835
f 5882 	5241 	5233
f 1609 	6295 	5887
f 5884 	6380 	5899
f 6295 	6298 	5887
f 5898 	5816 	5814
f 5886 	5885 	5928
f 6298 	5889 	5887
f 5842 	5835 	5896
f 5814 	5894 	5898
f 5896 	5903 	5842
f 5772 	5816 	5898
f 5888 	5904 	5891
f 5898 	5782 	5772
f 5931 	5890 	5886
f 5903 	5850 	5842
f 5246 	5890 	5931
f 5888 	5902 	5904
f 5943 	5817 	5819
f 5903 	5873 	5850
f 5840 	5891 	5904
f 5854 	6009 	5892
f 5894 	5932 	5780
f 5896 	5892 	6012
f 5894 	5780 	5898
f 6043 	1264 	5834
f 5782 	5898 	5780
f 5896 	6014 	5903
f 5875 	5905 	5906
f 5905 	5875 	5862
f 5899 	5907 	5911
f 5913 	5841 	5909
f 2384 	5912 	5906
f 5875 	5906 	5885
f 5304 	5914 	5916
f 5910 	5917 	2323
f 5903 	5915 	5873
f 5885 	5906 	5912
f 5899 	5911 	5902
f 5910 	5934 	5917
f 5902 	5911 	5919
f 5903 	6014 	5915
f 5912 	5926 	5885
f 5873 	5915 	5921
f 5912 	5923 	5926
f 5872 	1240 	5874
f 5902 	5919 	5904
f 5925 	5908 	5815
f 5873 	5921 	5876
f 5904 	5857 	5840
f 5909 	5927 	5913
f 1240 	1243 	5874
f 5929 	5876 	5921
f 5817 	5925 	5815
f 5904 	5919 	5857
f 5928 	5885 	5926
f 5925 	5930 	5908
f 5909 	5924 	5927
f 5874 	1243 	5914
f 5921 	5939 	5929
f 5886 	5928 	5931
f 5913 	5927 	5932
f 1407 	5916 	5914
f 5878 	5933 	5880
f 5930 	5910 	5908
f 1243 	1407 	5914
f 5878 	5929 	5933
f 5907 	5955 	5911
f 5913 	5932 	5894
f 5916 	1407 	1410
f 5907 	5954 	5955
f 5916 	1410 	5918
f 5930 	5934 	5910
f 5923 	5935 	5937
f 5936 	5915 	6014
f 5959 	5919 	5911
f 5921 	5915 	5938
f 5934 	5930 	5948
f 5915 	5936 	5938
f 5923 	5937 	5926
f 5924 	6301 	5927
f 5937 	5940 	5928
f 5937 	5928 	5926
f 5928 	5941 	5931
f 5857 	5942 	5859
f 5928 	5940 	5941
f 5939 	5921 	5938
f 5943 	5925 	5817
f 6305 	5932 	5927
f 5931 	5941 	5246
f 5259 	5246 	5941
f 5929 	5939 	5944
f 5927 	6301 	6305
f 4961 	6120 	4963
f 5993 	5861 	5859
f 5925 	5945 	5930
f 5932 	6077 	5780
f 5943 	5945 	5925
f 5608 	5946 	5433
f 5945 	5948 	5930
f 5950 	5870 	5869
f 5869 	6360 	5950
f 5514 	5951 	5517
f 5966 	5940 	5937
f 5952 	5877 	5870
f 5949 	5951 	5514
f 5950 	5952 	5870
f 5941 	5402 	5259
f 5877 	5952 	5909
f 5953 	5957 	6094
f 5909 	5841 	5877
f 5819 	6008 	5943
f 5911 	5955 	5959
f 6360 	6366 	5950
f 2409 	2571 	5958
f 6066 	4982 	4979
f 5608 	5960 	5946
f 5975 	5955 	5954
f 5962 	5952 	5950
f 5958 	5963 	5935
f 5608 	5625 	5960
f 5955 	5979 	5959
f 5950 	6366 	5962
f 5955 	5975 	5979
f 6008 	5945 	5943
f 5952 	5924 	5909
f 6011 	6013 	5945
f 5964 	5953 	5947
f 5962 	5924 	5952
f 5963 	5937 	5935
f 6013 	5948 	5945
f 5919 	5959 	5965
f 5937 	5963 	5966
f 5978 	5963 	5958
f 5962 	6366 	6296
f 5964 	5947 	5961
f 5963 	5982 	5966
f 2327 	5967 	2329
f 5951 	5949 	5981
f 5962 	6300 	5924
f 5953 	5964 	5968
f 5963 	5978 	5982
f 5967 	2327 	5917
f 5962 	6296 	6300
f 5919 	5965 	5857
f 5965 	5942 	5857
f 5940 	5969 	5941
f 6166 	6168 	5956
f 5934 	5971 	5917
f 5625 	5646 	5960
f 5940 	5966 	5969
f 6171 	6066 	5956
f 5953 	5968 	5957
f 5744 	5970 	279
f 5969 	5402 	5941
f 294 	279 	5970
f 5917 	5971 	5967
f 5957 	5973 	2061
f 5957 	5968 	5973
f 5946 	5977 	5949
f 5973 	2080 	2061
f 5374 	5972 	5976
f 5970 	6002 	304
f 5946 	5960 	5977
f 5958 	5974 	5978
f 5948 	5980 	5934
f 5977 	5981 	5949
f 5948 	6013 	5980
f 6115 	5965 	5959
f 5971 	5934 	5980
f 5964 	5961 	4183
f 5959 	5979 	6115
f 5966 	5982 	5983
f 5980 	5996 	5971
f 5968 	5964 	4187
f 5972 	6138 	5976
f 5964 	4183 	4187
f 6138 	6140 	5976
f 5966 	5983 	5969
f 5417 	5969 	5983
f 5985 	2329 	5967
f 5973 	4139 	2080
f 5985 	5986 	2616
f 5990 	5985 	5967
f 5985 	5991 	5986
f 5990 	5991 	5985
f 5929 	5944 	5933
f 5971 	5990 	5967
f 5933 	5944 	1346
f 5989 	5742 	5987
f 5974 	6000 	5978
f 5770 	5730 	5866
f 5744 	5989 	5970
f 1346 	5944 	1370
f 5984 	5994 	5987
f 5993 	5859 	5942
f 5861 	5993 	5995
f 5996 	5990 	5971
f 6093 	5994 	5984
f 5987 	5994 	5998
f 5727 	5724 	7385
f 5718 	7384 	5719
f 5716 	7384 	5718
f 7385 	5719 	7384
f 5996 	5999 	5990
f 5995 	5866 	5861
f 5983 	5463 	5417
f 5721 	7385 	5724
f 5719 	7385 	5721
f 5866 	5995 	5770
f 5987 	5998 	5989
f 5939 	5938 	6322
f 5990 	5999 	5991
f 5989 	6002 	5970
f 5989 	5998 	6002
f 6003 	5982 	5978
f 5999 	5996 	6058
f 6003 	5978 	6000
f 5996 	6057 	6058
f 5461 	5982 	6003
f 5944 	6326 	1370
f 6017 	5942 	5965
f 6093 	6004 	5994
f 5988 	6001 	5961
f 5461 	6003 	5470
f 5942 	6017 	6022
f 5994 	6007 	5998
f 5993 	5942 	6022
f 5994 	6004 	6007
f 4180 	5961 	6001
f 5998 	6010 	6002
f 5945 	6008 	6011
f 5988 	5961 	5947
f 5992 	6177 	6202
f 5998 	6007 	6010
f 5770 	5995 	6029
f 5982 	5461 	5983
f 5892 	6009 	6012
f 5463 	5983 	5461
f 6014 	5896 	6012
f 6019 	6003 	6000
f 6000 	6015 	6019
f 4930 	6016 	6020
f 6001 	5997 	4173
f 5470 	6003 	6019
f 6004 	6032 	6007
f 4180 	6001 	4173
f 6024 	4935 	6023
f 6023 	4935 	6025
f 6004 	6030 	6032
f 6009 	6033 	6012
f 4180 	4183 	5961
f 6021 	6025 	4933
f 5992 	4168 	5997
f 5993 	6027 	5995
f 6130 	4935 	6028
f 4935 	6024 	6028
f 6007 	6037 	6010
f 6015 	6026 	6019
f 5993 	6022 	6027
f 5480 	6019 	6026
f 6112 	4958 	6130
f 6014 	6036 	5936
f 4168 	4173 	5997
f 6029 	5995 	6027
f 4935 	6130 	4958
f 6029 	5784 	5770
f 4958 	6118 	4961
f 6026 	5630 	5480
f 6017 	6134 	6034
f 6009 	6031 	6033
f 4958 	6113 	6118
f 6014 	6012 	6036
f 6017 	6034 	6022
f 5630 	6026 	6088
f 6007 	6032 	6037
f 6120 	6124 	4963
f 6012 	6033 	6036
f 6011 	6049 	6013
f 6166 	5956 	6165
f 4963 	6163 	6165
f 5980 	6013 	6040
f 6057 	5996 	6040
f 5836 	6010 	6037
f 1264 	6043 	6008
f 6002 	6010 	6047
f 6022 	6046 	6027
f 6011 	6008 	6048
f 6043 	6048 	6008
f 6047 	304 	6002
f 6048 	6049 	6011
f 6022 	6034 	6046
f 6027 	6046 	6052
f 6040 	6013 	6050
f 6049 	6050 	6013
f 6039 	304 	5832
f 6031 	6045 	6053
f 5832 	304 	6047
f 6031 	6053 	6033
f 6027 	6052 	6029
f 6010 	5836 	6047
f 6043 	6096 	6048
f 6047 	5837 	5832
f 6033 	6277 	6036
f 6029 	6060 	5784
f 3684 	6374 	6054
f 6048 	6099 	6049
f 6047 	5836 	5837
f 6029 	6052 	6060
f 6051 	6054 	6374
f 6096 	6099 	6048
f 6054 	2149 	3684
f 6060 	5801 	5784
f 6085 	6038 	6035
f 6041 	6055 	4992
f 6034 	564 	6046
f 5836 	6037 	5838
f 6055 	6138 	5972
f 6034 	561 	564
f 5980 	6040 	5996
f 6037 	6056 	5838
f 570 	6052 	6046
f 5507 	5524 	6059
f 6046 	564 	570
f 6069 	5905 	6056
f 6059 	5511 	5507
f 5905 	5862 	6056
f 6050 	6061 	6040
f 6057 	6040 	6061
f 6062 	5518 	5516
f 2373 	5906 	5905
f 6057 	6061 	6058
f 6063 	6058 	6061
f 6205 	6055 	6041
f 6062 	5516 	5603
f 570 	575 	6052
f 6062 	6065 	5518
f 2373 	2384 	5906
f 5912 	2384 	2392
f 5912 	2392 	5923
f 5524 	5518 	6065
f 6030 	6044 	6069
f 6066 	4979 	5956
f 5986 	6070 	2622
f 5524 	6068 	6059
f 6066 	6041 	4982
f 2622 	6070 	2708
f 2392 	2401 	5923
f 6069 	6032 	6030
f 6065 	6068 	5524
f 2401 	2409 	5923
f 5935 	5923 	2409
f 6059 	6068 	6072
f 6037 	6032 	6056
f 2409 	5958 	5935
f 6066 	6203 	6041
f 5986 	6073 	6070
f 6056 	6032 	6069
f 6071 	6035 	6403
f 4982 	6041 	4992
f 5991 	6073 	5986
f 5977 	5960 	6074
f 6073 	6571 	6070
f 2571 	2579 	5974
f 5646 	6074 	5960
f 6074 	6075 	5977
f 4963 	6165 	5956
f 6044 	2373 	6069
f 2571 	5974 	5958
f 2372 	2373 	6044
f 6076 	6073 	5991
f 6123 	6064 	6525
f 5999 	6076 	5991
f 5905 	6069 	2373
f 6075 	5981 	5977
f 2609 	2634 	6079
f 6075 	6078 	5981
f 6058 	6080 	5999
f 6126 	6067 	6064
f 6081 	5782 	5780
f 5999 	6080 	6076
f 6079 	6026 	6015
f 2634 	348 	6079
f 5972 	4992 	6055
f 6080 	6639 	6076
f 348 	6088 	6079
f 6082 	6080 	6058
f 6081 	5780 	6077
f 5646 	5753 	6105
f 6071 	6132 	6135
f 6079 	6088 	6026
f 6083 	5782 	6081
f 2579 	6084 	5974
f 5646 	6105 	6074
f 6071 	6135 	6035
f 2579 	2597 	6084
f 6081 	6091 	6083
f 6063 	6082 	6058
f 5974 	6084 	6000
f 2609 	6084 	2597
f 6107 	6075 	6074
f 5785 	5984 	5740
f 2609 	6015 	6084
f 5785 	6083 	5984
f 6038 	6086 	6042
f 6084 	6015 	6000
f 6079 	6015 	2609
f 6085 	6086 	6038
f 6042 	6086 	6089
f 5517 	5951 	6090
f 6077 	6087 	6081
f 5834 	5839 	6092
f 348 	359 	6088
f 6088 	359 	5812
f 6095 	6090 	5951
f 6042 	6089 	6051
f 5630 	6088 	5812
f 6091 	6081 	6087
f 6083 	6091 	6093
f 6051 	6089 	6094
f 990 	6479 	6273
f 5981 	6095 	5951
f 7385 	7295 	5727
f 6092 	6096 	6043
f 6051 	6094 	6054
f 6184 	2028 	2174
f 6083 	6093 	5984
f 6054 	6097 	2149
f 6054 	6094 	6097
f 6078 	6095 	5981
f 6049 	6100 	6050
f 6091 	6087 	6102
f 6078 	6413 	6095
f 6099 	6100 	6049
f 6098 	6102 	6087
f 6086 	6085 	5988
f 6100 	6136 	6050
f 6091 	6102 	6104
f 6089 	6086 	5947
f 2301 	6101 	6103
f 6103 	6106 	2183
f 5988 	5947 	6086
f 6050 	6136 	6061
f 6021 	6020 	7295
f 6005 	5727 	7295
f 6089 	5947 	5953
f 6091 	6104 	6093
f 2183 	6106 	2187
f 6089 	5953 	6094
f 6016 	6018 	7295
f 6018 	6006 	7295
f 6006 	6005 	7295
f 6093 	6104 	6004
f 6105 	6107 	6074
f 6097 	6094 	5957
f 6023 	7295 	6024
f 6025 	7295 	6023
f 6021 	7295 	6025
f 6107 	6110 	6075
f 6092 	6109 	6096
f 6052 	575 	6060
f 6028 	6024 	7295
f 6020 	6016 	7295
f 6108 	6109 	6092
f 6060 	575 	580
f 2061 	6097 	5957
f 6109 	6111 	6096
f 6110 	6078 	6075
f 5801 	6060 	580
f 6101 	6320 	6103
f 4961 	6114 	6116
f 6110 	6117 	6078
f 6096 	6111 	6099
f 4961 	6118 	6114
f 6099 	6119 	6100
f 6017 	5965 	6115
f 6111 	6119 	6099
f 4961 	6116 	6120
f 6163 	4963 	6124
f 4272 	2285 	6122
f 5753 	6125 	6105
f 5760 	6125 	5753
f 6121 	6127 	5975
f 5853 	6156 	6108
f 6128 	6107 	6105
f 2187 	6129 	2197
f 6156 	6161 	6108
f 6123 	6126 	6064
f 5975 	6127 	5979
f 6125 	6128 	6105
f 6108 	6161 	6109
f 6067 	6126 	6132
f 6106 	6129 	2187
f 6113 	4958 	6112
f 5979 	6131 	6115
f 6129 	6133 	2197
f 6126 	6139 	6132
f 6127 	6131 	5979
f 6115 	6131 	6134
f 6067 	6132 	6071
f 6171 	5956 	6168
f 6131 	742 	6134
f 6066 	6174 	6173
f 6174 	6066 	6171
f 6134 	6017 	6115
f 6173 	6176 	6066
f 6098 	6214 	6102
f 6204 	6041 	6203
f 6206 	6055 	6205
f 6135 	6085 	6035
f 6697 	731 	6121
f 6041 	6204 	6205
f 6061 	6137 	6063
f 6121 	732 	6127
f 6123 	6263 	6126
f 6137 	6061 	6136
f 6055 	6209 	6138
f 6121 	731 	732
f 6104 	6030 	6004
f 6127 	732 	738
f 6131 	6127 	738
f 6142 	5760 	5758
f 742 	6131 	738
f 6100 	6143 	6136
f 6132 	6139 	6145
f 6211 	6138 	6209
f 6134 	742 	561
f 6142 	6146 	5760
f 6144 	6087 	6077
f 6119 	6143 	6100
f 6143 	6147 	6136
f 6206 	6207 	6055
f 6134 	561 	6034
f 6138 	6242 	6140
f 6125 	5760 	6146
f 6211 	6215 	6138
f 6132 	6145 	6135
f 6141 	6149 	6144
f 5709 	6150 	4966
f 6247 	6244 	6406
f 6135 	6145 	6151
f 6137 	6136 	6147
f 5709 	5756 	6150
f 6243 	6247 	6140
f 6148 	6149 	6141
f 4966 	6150 	3655
f 6144 	6149 	6098
f 5800 	6059 	6072
f 5830 	5800 	6072
f 6118 	7295 	6114
f 6154 	3966 	5756
f 6152 	6062 	5603
f 6151 	6085 	6135
f 6369 	6373 	6129
f 6120 	7295 	6124
f 6113 	7295 	6118
f 7387 	6124 	7295
f 6373 	6133 	6129
f 3966 	6150 	5756
f 6062 	6153 	6065
f 6151 	5988 	6085
f 6150 	3967 	3655
f 2197 	6133 	6122
f 6116 	7295 	6120
f 6890 	5767 	5766
f 6122 	647 	4272
f 5752 	6154 	5756
f 6133 	647 	6122
f 6114 	7295 	6116
f 6151 	6001 	5988
f 5767 	6890 	6893
f 5765 	6154 	5752
f 5767 	6893 	6142
f 3974 	3966 	6154
f 6139 	5992 	6145
f 3966 	3967 	6150
f 2335 	6155 	2322
f 6107 	6128 	6157
f 2335 	2318 	6155
f 6113 	6112 	7295
f 6130 	7295 	6112
f 6145 	5992 	5997
f 5765 	6172 	6158
f 2322 	6155 	6186
f 6028 	7295 	6130
f 6157 	6110 	6107
f 5765 	6158 	6154
f 6151 	6145 	5997
f 5853 	5881 	6156
f 6160 	6110 	6157
f 6151 	5997 	6001
f 6157 	6183 	6160
f 2318 	6159 	6162
f 6154 	6158 	3974
f 6156 	6178 	6161
f 6172 	6412 	6158
f 6109 	6167 	6111
f 6162 	6155 	2318
f 6158 	6312 	3974
f 6161 	6167 	6109
f 5765 	5762 	6172
f 6125 	6170 	6128
f 6167 	6212 	6111
f 5762 	5810 	6172
f 6175 	6156 	5881
f 6125 	6146 	6170
f 5881 	5883 	6175
f 6203 	6066 	6176
f 5810 	958 	6172
f 6170 	6179 	6128
f 6263 	6169 	6177
f 6177 	5992 	6139
f 958 	6412 	6172
f 6178 	6156 	6175
f 6178 	6181 	6161
f 6157 	6128 	6179
f 6180 	5572 	5567
f 6055 	6207 	6209
f 6182 	6184 	2174
f 6161 	6181 	6167
f 6243 	6140 	6242
f 6179 	6183 	6157
f 6185 	5572 	6180
f 6183 	6187 	6160
f 6242 	6138 	6215
f 6062 	6152 	6153
f 6065 	6153 	6189
f 6196 	6185 	6180
f 2322 	6186 	6182
f 6164 	6197 	6169
f 6186 	6190 	6182
f 6189 	6068 	6065
f 6194 	6198 	6186
f 6186 	6198 	6190
f 6182 	6190 	6184
f 5883 	5889 	6192
f 6072 	6068 	6191
f 6189 	6191 	6068
f 6072 	6191 	5854
f 6192 	6175 	5883
f 6194 	6186 	6155
f 6180 	6193 	6196
f 6072 	5854 	5830
f 6178 	6175 	6195
f 6162 	6194 	6155
f 6168 	6166 	7387
f 6192 	6195 	6175
f 6164 	6222 	6197
f 6124 	7387 	6163
f 6195 	6199 	6178
f 6165 	7387 	6166
f 6163 	7387 	6165
f 6152 	6210 	6153
f 6185 	6200 	6188
f 6169 	6197 	6201
f 6153 	6213 	6189
f 6174 	7387 	6173
f 6153 	6210 	6213
f 6181 	6178 	6199
f 6196 	6200 	6185
f 6188 	6200 	5590
f 6174 	6171 	7387
f 6199 	6253 	6181
f 6169 	6201 	6177
f 6162 	6291 	6194
f 7387 	7412 	6176
f 6168 	7387 	6171
f 5889 	6303 	6192
f 6144 	6098 	6087
f 6177 	6201 	6202
f 6192 	6434 	6195
f 5590 	6200 	5884
f 6201 	4211 	6202
f 1351 	5603 	1313
f 6173 	7387 	6176
f 6188 	5590 	5583
f 1351 	6152 	5603
f 6148 	6255 	6149
f 5992 	6202 	4168
f 6379 	6196 	6193
f 6193 	6377 	6379
f 6219 	6210 	6152
f 6201 	6197 	4209
f 6214 	6098 	6208
f 6111 	6212 	6119
f 6200 	6380 	5884
f 4209 	4211 	6201
f 6213 	6232 	6189
f 6191 	6189 	6232
f 6181 	6230 	6167
f 5854 	6191 	6234
f 6181 	6253 	6230
f 5570 	5806 	6216
f 6202 	3519 	4168
f 6234 	6191 	6232
f 6167 	6230 	6212
f 6245 	6406 	6244
f 6102 	6217 	6104
f 6230 	6233 	6212
f 5806 	6225 	6216
f 6210 	6238 	6213
f 6214 	6217 	6102
f 1351 	1368 	6219
f 6030 	6104 	6217
f 6180 	5567 	6216
f 6219 	6152 	1351
f 6325 	6222 	6164
f 6119 	6212 	6223
f 6325 	6220 	6222
f 5806 	5585 	6221
f 6212 	6233 	6223
f 6223 	6143 	6119
f 5806 	6224 	6225
f 6204 	6203 	7413
f 6143 	6227 	6147
f 6219 	6271 	6210
f 6226 	6208 	6255
f 6223 	6227 	6143
f 6271 	6238 	6210
f 6218 	6228 	6220
f 6271 	6219 	1395
f 6203 	6176 	7413
f 6205 	6204 	7413
f 6208 	6226 	6229
f 2560 	6228 	6218
f 7422 	7413 	6176
f 6220 	6228 	6231
f 6216 	6193 	6180
f 6208 	6229 	6214
f 6225 	6193 	6216
f 6211 	6209 	7413
f 6220 	6231 	6222
f 6214 	6235 	6217
f 6206 	6205 	7413
f 6234 	6009 	5854
f 6223 	6237 	6227
f 6235 	6214 	6229
f 6197 	6222 	4227
f 6224 	5806 	6221
f 6233 	6237 	6223
f 6217 	6235 	6044
f 6222 	6231 	4227
f 6237 	6239 	6227
f 6207 	6206 	7413
f 6221 	6236 	6224
f 4209 	6197 	4227
f 6232 	6213 	6240
f 6209 	6207 	7413
f 6228 	2560 	320
f 6217 	6044 	6030
f 6228 	325 	6231
f 6213 	6238 	6240
f 6531 	6225 	6224
f 6232 	6240 	6241
f 6211 	7413 	6215
f 6256 	6240 	6238
f 6225 	6377 	6193
f 6228 	320 	325
f 6229 	6226 	2420
f 6231 	3520 	4227
f 2416 	2420 	6226
f 6232 	6241 	6234
f 6230 	6254 	6233
f 6229 	2420 	2425
f 6253 	6254 	6230
f 6241 	6031 	6234
f 6235 	6229 	2425
f 6259 	6237 	6233
f 2372 	6044 	6235
f 6235 	2425 	2372
f 6031 	6009 	6234
f 6339 	5812 	359
f 6251 	6408 	6248
f 6268 	6408 	6251
f 6268 	6269 	6408
f 5812 	6339 	6342
f 6255 	6148 	6249
f 5645 	5812 	6342
f 6238 	6250 	6256
f 6342 	5823 	5645
f 6244 	7413 	6245
f 6250 	6345 	6256
f 6149 	6208 	6098
f 6254 	6259 	6233
f 6149 	6255 	6208
f 6243 	7413 	6247
f 6240 	6260 	6241
f 5662 	6257 	6262
f 6240 	6256 	6260
f 6241 	6045 	6031
f 6237 	6264 	6239
f 6263 	6123 	6258
f 6249 	6265 	6255
f 6241 	6260 	6045
f 6139 	6126 	6263
f 6259 	6264 	6237
f 5662 	6262 	5665
f 6249 	6261 	6265
f 6242 	7413 	6243
f 7431 	6251 	7413
f 7413 	6242 	6215
f 6247 	7413 	6244
f 6325 	6252 	6246
f 6248 	7413 	6251
f 6245 	7413 	6248
f 6253 	6449 	6451
f 6252 	6164 	6258
f 6253 	6451 	6254
f 6256 	6348 	6260
f 6252 	6325 	6164
f 6267 	1078 	1053
f 6258 	6164 	6169
f 6660 	6045 	6260
f 6267 	6270 	6159
f 6260 	6348 	6660
f 6258 	6169 	6263
f 15 	6170 	6146
f 15 	16 	6170
f 6177 	6139 	6263
f 6159 	6270 	6162
f 6170 	16 	6179
f 6063 	6137 	6272
f 16 	19 	6179
f 6271 	1395 	1422
f 6271 	6250 	6238
f 6179 	19 	6183
f 6063 	6272 	6082
f 6271 	1422 	6250
f 6183 	25 	6187
f 6272 	6687 	6082
f 19 	25 	6183
f 6426 	6269 	7431
f 6274 	6293 	6276
f 6147 	6278 	6137
f 6251 	7431 	6268
f 6267 	1053 	6275
f 6053 	6277 	6033
f 6267 	6279 	6270
f 6160 	6117 	6110
f 6278 	6272 	6137
f 6281 	6036 	6277
f 6275 	6279 	6267
f 6282 	6117 	6160
f 6160 	6187 	6282
f 6281 	5936 	6036
f 6147 	6283 	6278
f 5936 	6281 	6288
f 6414 	6286 	6287
f 6227 	6283 	6147
f 6285 	6286 	6414
f 6280 	6246 	6252
f 6476 	6414 	6290
f 6287 	6290 	6414
f 6280 	6252 	6289
f 6265 	6226 	6255
f 6187 	6851 	6282
f 6289 	6123 	6525
f 6239 	6283 	6227
f 6282 	6851 	6836
f 6270 	6291 	6162
f 6265 	6261 	2464
f 6194 	6292 	6198
f 6261 	2460 	2464
f 6274 	6344 	6293
f 6265 	2464 	2416
f 6291 	6292 	6194
f 6276 	6246 	6280
f 6265 	2416 	6226
f 6292 	6420 	6198
f 3876 	3872 	6491
f 1609 	5449 	6295
f 6276 	6293 	6246
f 6294 	6478 	6297
f 6270 	6299 	6291
f 6279 	6299 	6270
f 6299 	6302 	6291
f 6289 	6252 	6258
f 6440 	6304 	218
f 6301 	5924 	6300
f 6298 	6303 	5889
f 6440 	6297 	6304
f 3937 	6558 	3941
f 6258 	6123 	6289
f 6302 	6292 	6291
f 5449 	5464 	6307
f 6305 	6077 	5932
f 6558 	6563 	3941
f 5529 	6307 	5464
f 5723 	3941 	6563
f 6306 	6308 	222
f 6321 	6246 	6293
f 6307 	6295 	5449
f 6296 	6375 	6309
f 6307 	6310 	6295
f 6585 	6306 	6304
f 6412 	6422 	6312
f 6523 	6527 	6299
f 6306 	6590 	6308
f 6296 	6309 	6300
f 6299 	6527 	6302
f 6300 	6309 	6314
f 6295 	6310 	6298
f 3974 	6312 	6315
f 78 	224 	6308
f 2028 	6184 	6317
f 6298 	6316 	6303
f 6300 	6314 	6301
f 6591 	6594 	6308
f 6301 	6141 	6305
f 6310 	6316 	6298
f 6317 	6101 	2028
f 6314 	6141 	6301
f 6317 	6320 	6101
f 6144 	6077 	6305
f 6480 	6297 	6478
f 6288 	5938 	5936
f 6317 	6328 	6320
f 6297 	6483 	6304
f 6483 	6481 	6304
f 6103 	6323 	6106
f 6480 	6483 	6297
f 6322 	5938 	6288
f 6320 	6323 	6103
f 6486 	6304 	6482
f 5939 	6322 	6326
f 6257 	6324 	6262
f 6585 	6589 	6306
f 6321 	6325 	6246
f 6327 	6317 	6184
f 6257 	6319 	6324
f 6184 	6190 	6327
f 6262 	6324 	6236
f 6588 	6590 	6306
f 5939 	6326 	5944
f 6591 	6308 	6590
f 6311 	2761 	6313
f 6540 	6236 	6324
f 6311 	2758 	2761
f 6053 	6554 	6277
f 6262 	6236 	6221
f 6315 	3978 	3974
f 6329 	6310 	6307
f 78 	6617 	183
f 6329 	6307 	5529
f 6318 	6218 	6321
f 6329 	6331 	6310
f 2554 	6218 	6318
f 6305 	6141 	6144
f 6281 	6557 	6507
f 6321 	6220 	6325
f 6315 	6312 	6448
f 6332 	352 	6365
f 6281 	6507 	6288
f 6321 	6218 	6220
f 6422 	6448 	6312
f 6448 	6381 	6315
f 6365 	6330 	6332
f 245 	352 	6332
f 6309 	6334 	6314
f 6723 	6324 	6319
f 3978 	6335 	3982
f 6315 	6335 	3978
f 3982 	6337 	3995
f 6333 	6334 	6309
f 6322 	6514 	6326
f 6335 	6337 	3982
f 6314 	6334 	6148
f 6326 	1871 	1370
f 6514 	1871 	6326
f 3995 	6340 	3999
f 6314 	6148 	6141
f 359 	383 	6339
f 6337 	6340 	3995
f 6340 	6343 	3999
f 6339 	6352 	6342
f 6310 	6331 	6316
f 6389 	6340 	6337
f 6333 	6350 	6334
f 6327 	6328 	6317
f 6329 	5529 	6346
f 6328 	6347 	6320
f 6249 	6148 	6334
f 6357 	6328 	6327
f 5529 	5532 	6346
f 6348 	6256 	6345
f 7103 	2730 	6336
f 6329 	6349 	6331
f 6336 	2733 	6338
f 6320 	6347 	6323
f 6346 	6349 	6329
f 6350 	6333 	18
f 383 	397 	6351
f 2733 	6336 	2730
f 6331 	6349 	6364
f 6338 	2733 	6311
f 6351 	6339 	383
f 2733 	2758 	6311
f 6350 	6249 	6334
f 6338 	6311 	6341
f 18 	32 	6354
f 6341 	6313 	6344
f 6353 	6327 	6190
f 6341 	6311 	6313
f 6354 	6350 	18
f 6352 	6339 	6351
f 5532 	6355 	6346
f 6198 	6353 	6190
f 6350 	6354 	6261
f 6344 	6318 	6293
f 6342 	6352 	6356
f 6353 	6357 	6327
f 6437 	414 	245
f 6344 	6313 	6318
f 6350 	6261 	6249
f 6321 	6293 	6318
f 6342 	6356 	5823
f 6354 	32 	2457
f 6347 	6328 	6358
f 6356 	6257 	5823
f 6328 	6357 	6358
f 397 	406 	6359
f 6313 	2761 	2554
f 5377 	5976 	6394
f 6346 	6368 	6349
f 406 	6767 	6359
f 6354 	2457 	2460
f 6318 	6313 	2554
f 5377 	6394 	5381
f 6354 	2460 	6261
f 6198 	6420 	6353
f 6359 	6351 	397
f 6351 	6359 	6361
f 6355 	5517 	6090
f 1698 	1762 	6360
f 1762 	6362 	6360
f 6352 	6351 	6361
f 6360 	6362 	6366
f 6266 	6356 	6352
f 6355 	6368 	6346
f 6370 	5393 	5381
f 6266 	6352 	6361
f 6369 	6129 	6106
f 5393 	6370 	5395
f 6356 	6266 	6319
f 6356 	6319 	6257
f 6365 	5395 	6330
f 6323 	6369 	6106
f 6349 	6368 	6372
f 6370 	6330 	5395
f 6362 	6393 	6366
f 6376 	6400 	6369
f 6369 	6400 	6373
f 6393 	6296 	6366
f 6349 	6372 	6364
f 6372 	6522 	6364
f 3809 	6371 	3811
f 6374 	3811 	6371
f 6373 	733 	6133
f 6347 	6376 	6323
f 6369 	6323 	6376
f 6367 	6363 	6038
f 6405 	6378 	6375
f 6368 	6355 	6385
f 6042 	6367 	6038
f 6333 	6309 	6375
f 6367 	6042 	6371
f 6375 	6378 	6333
f 6196 	6380 	6200
f 6345 	6666 	6348
f 6371 	6042 	6051
f 6348 	6671 	6660
f 6196 	6379 	6380
f 6348 	6666 	6671
f 6371 	6051 	6374
f 6378 	10 	18
f 6378 	18 	6333
f 1422 	1440 	6383
f 1772 	2095 	6384
f 6381 	6335 	6315
f 6335 	6386 	6337
f 1422 	6383 	6250
f 6090 	6385 	6355
f 6381 	6386 	6335
f 6384 	1776 	1772
f 6383 	6345 	6250
f 6387 	6372 	6368
f 6377 	6382 	6390
f 6385 	6387 	6368
f 6387 	6549 	6372
f 6386 	6389 	6337
f 6388 	1776 	6384
f 6370 	6399 	6330
f 6393 	6362 	6388
f 6389 	6392 	6340
f 6377 	6390 	6379
f 6379 	6390 	6395
f 6340 	6392 	6343
f 5381 	6397 	6370
f 6402 	6385 	6090
f 6402 	6404 	6385
f 6379 	6395 	6380
f 6394 	6397 	5381
f 6385 	6404 	6387
f 2095 	6398 	6384
f 6397 	6399 	6370
f 6380 	6395 	5899
f 6384 	6398 	6401
f 6402 	6090 	6095
f 6407 	6376 	6347
f 6432 	6330 	6399
f 6389 	6386 	6457
f 6394 	5976 	6140
f 6071 	6403 	6396
f 6384 	6401 	6388
f 6140 	6406 	6394
f 6400 	748 	6373
f 6095 	6413 	6402
f 6388 	6405 	6393
f 6394 	6406 	6397
f 6388 	6401 	6405
f 6397 	6408 	6399
f 6387 	6409 	6549
f 6393 	6405 	6375
f 6406 	6408 	6397
f 6407 	6347 	6358
f 6404 	6409 	6387
f 6407 	6411 	6376
f 6399 	6410 	6432
f 6408 	6410 	6399
f 6376 	6411 	6400
f 6393 	6375 	6296
f 6312 	6158 	6412
f 6400 	784 	748
f 6410 	6414 	6432
f 6416 	958 	956
f 6411 	784 	6400
f 6424 	6410 	6423
f 6415 	6398 	2099
f 6424 	6284 	6410
f 6413 	6417 	6402
f 6403 	6035 	6363
f 6285 	6414 	6410
f 2099 	2116 	6415
f 6416 	956 	970
f 6407 	6446 	6411
f 6398 	6415 	6418
f 6038 	6363 	6035
f 958 	6416 	6419
f 6402 	6417 	6404
f 6407 	6445 	6446
f 6140 	6247 	6406
f 6245 	6248 	6406
f 6398 	6418 	6401
f 6248 	6408 	6406
f 6401 	6418 	6421
f 6419 	6422 	6412
f 6353 	6425 	6357
f 6418 	110 	6421
f 6423 	6410 	6426
f 6408 	6426 	6410
f 6420 	6425 	6353
f 6357 	6427 	6358
f 6078 	6117 	6413
f 6269 	6426 	6408
f 6425 	6427 	6357
f 6417 	6413 	6823
f 6405 	6401 	6421
f 6285 	6410 	6284
f 970 	6441 	6416
f 6405 	6421 	6378
f 6292 	6428 	6420
f 6302 	6428 	6292
f 6117 	6823 	6413
f 6378 	6421 	10
f 6420 	6430 	6425
f 6414 	6476 	6294
f 6421 	110 	10
f 6428 	6430 	6420
f 970 	6438 	6441
f 6431 	6427 	6425
f 6432 	6332 	6330
f 6430 	6431 	6425
f 101 	6415 	2116
f 6433 	245 	6332
f 5034 	6429 	6435
f 6415 	101 	107
f 6192 	6303 	6434
f 6432 	6433 	6332
f 6415 	107 	6418
f 6433 	6437 	245
f 6195 	6436 	6199
f 6433 	6294 	6437
f 6302 	46 	6428
f 6436 	6195 	6434
f 6418 	107 	110
f 6435 	3817 	5034
f 6428 	49 	6430
f 6439 	3820 	3817
f 46 	49 	6428
f 6440 	414 	6437
f 49 	54 	6430
f 6442 	6416 	6441
f 6430 	54 	6431
f 3817 	6435 	6439
f 6303 	6316 	6443
f 6416 	6442 	6419
f 6422 	6419 	6461
f 3820 	6439 	6444
f 54 	88 	6431
f 6443 	6434 	6303
f 6419 	6442 	6461
f 6414 	6433 	6432
f 6427 	6445 	6358
f 6407 	6358 	6445
f 6441 	6462 	6442
f 6414 	6294 	6433
f 6441 	6780 	6462
f 6294 	6297 	6437
f 6444 	3826 	3820
f 6437 	6297 	6440
f 6316 	6488 	6443
f 6444 	6447 	3826
f 6316 	6331 	6488
f 6446 	837 	6411
f 5976 	5377 	5374
f 837 	6446 	846
f 6453 	6448 	6422
f 6436 	6449 	6199
f 6411 	837 	784
f 6431 	6450 	6427
f 6454 	6456 	6381
f 6381 	6456 	6386
f 6449 	6253 	6199
f 6445 	6427 	6450
f 6450 	6452 	6445
f 6453 	6422 	6461
f 6454 	6381 	6448
f 6445 	6452 	6446
f 7431 	7438 	6284
f 6453 	6454 	6448
f 6435 	6396 	6403
f 6455 	6259 	6254
f 6452 	846 	6446
f 6439 	6435 	6403
f 6451 	6455 	6254
f 6444 	6439 	6363
f 6386 	6456 	6457
f 88 	6450 	6431
f 6403 	6363 	6439
f 6461 	6468 	6453
f 88 	93 	6450
f 6444 	6367 	6447
f 6453 	6471 	6454
f 6468 	6471 	6453
f 6450 	93 	6452
f 6458 	6456 	6454
f 6286 	6285 	7438
f 6452 	954 	846
f 6285 	6284 	7438
f 6363 	6367 	6444
f 6454 	6471 	6458
f 93 	954 	6452
f 6447 	6367 	6371
f 6371 	3809 	6447
f 6434 	6459 	6436
f 6443 	6459 	6434
f 4328 	4348 	6493
f 6423 	6426 	7431
f 6290 	6287 	7438
f 6460 	6449 	6436
f 6459 	6460 	6436
f 6460 	6464 	6449
f 6466 	6442 	6462
f 6424 	6423 	7431
f 6465 	3 	4430
f 6442 	6466 	6461
f 6466 	6468 	6461
f 6449 	6464 	6451
f 4519 	4438 	6465
f 6284 	6424 	7431
f 6451 	6469 	6455
f 6464 	6469 	6451
f 3464 	6466 	6462
f 6469 	6884 	6455
f 6268 	7431 	6269
f 6793 	6468 	6466
f 2 	6465 	4438
f 4438 	4618 	154
f 6287 	6286 	7438
f 154 	2 	4438
f 6458 	6471 	6475
f 6618 	183 	6617
f 6459 	6443 	6492
f 6488 	6492 	6443
f 6468 	6474 	6471
f 6622 	186 	183
f 4618 	168 	154
f 6468 	6793 	6474
f 4618 	4632 	168
f 6471 	6474 	6475
f 6477 	6294 	6476
f 4632 	208 	168
f 6496 	6542 	6460
f 6477 	6478 	6294
f 6464 	6545 	6469
f 6482 	6304 	6481
f 990 	4328 	6479
f 6479 	6485 	6273
f 6484 	4003 	6343
f 6583 	6304 	6486
f 6484 	6495 	6487
f 6273 	6485 	6275
f 6489 	3871 	6487
f 6470 	6506 	6472
f 6588 	6306 	6589
f 6275 	6490 	6279
f 6487 	6497 	6489
f 6331 	6364 	6488
f 6485 	6490 	6275
f 6473 	6472 	6509
f 6491 	3872 	6489
f 6484 	6343 	6494
f 6509 	6472 	6506
f 6343 	6392 	6494
f 78 	6308 	6594
f 6473 	6509 	6391
f 6493 	6479 	4328
f 6494 	6495 	6484
f 6492 	6496 	6459
f 6495 	6497 	6487
f 6493 	6498 	6479
f 6473 	6391 	6429
f 1440 	1457 	6499
f 6512 	6515 	6492
f 6429 	6391 	6396
f 6497 	6500 	6489
f 6479 	6498 	6485
f 6499 	6383 	1440
f 6485 	6502 	6490
f 6429 	6396 	6435
f 6498 	6502 	6485
f 6459 	6496 	6460
f 6544 	6501 	6382
f 1457 	1481 	6499
f 6502 	6534 	6490
f 6489 	6500 	6491
f 6504 	6493 	4348
f 6382 	6501 	6505
f 4348 	4430 	6504
f 6508 	6498 	6493
f 6460 	6542 	6464
f 6322 	6288 	6510
f 6390 	6382 	6505
f 6504 	6508 	6493
f 6508 	6513 	6498
f 6488 	6364 	6512
f 6390 	6511 	6395
f 6512 	6364 	6522
f 6510 	6288 	6507
f 6528 	6494 	6392
f 6514 	6322 	6510
f 6494 	6533 	6495
f 6505 	6511 	6390
f 6512 	6492 	6488
f 6498 	6513 	6502
f 6395 	6511 	5907
f 6512 	6526 	6515
f 6522 	6526 	6512
f 4430 	3 	6504
f 6496 	6492 	6515
f 6395 	5907 	5899
f 6515 	6517 	6496
f 3 	6508 	6504
f 6519 	6510 	6507
f 6507 	6516 	6519
f 6520 	6514 	6510
f 6510 	6519 	6520
f 6503 	6521 	6506
f 6392 	6389 	6524
f 6490 	6523 	6279
f 6503 	6518 	6521
f 6514 	6520 	1882
f 6506 	6521 	6525
f 6505 	6582 	6511
f 6523 	6299 	6279
f 5954 	5907 	6511
f 1882 	6520 	1900
f 6524 	6528 	6392
f 6523 	6537 	6527
f 6514 	1882 	1871
f 6531 	6224 	6530
f 6515 	6529 	6517
f 6506 	6525 	6509
f 6526 	6529 	6515
f 6509 	6064 	6391
f 6527 	46 	6302
f 6529 	6896 	6517
f 6509 	6525 	6064
f 6490 	6534 	6523
f 6528 	6533 	6494
f 6516 	6532 	6535
f 6067 	6396 	6391
f 6536 	6497 	6495
f 6391 	6064 	6067
f 6534 	6537 	6523
f 6516 	6535 	6519
f 6527 	59 	46
f 6067 	6071 	6396
f 6533 	6536 	6495
f 6377 	6225 	6531
f 6537 	59 	6527
f 6536 	6596 	6497
f 6520 	6519 	6538
f 6539 	6534 	6502
f 6522 	6550 	6526
f 6518 	6280 	6521
f 6519 	6535 	6538
f 6513 	6539 	6502
f 1900 	6520 	6538
f 6224 	6236 	6530
f 6539 	6541 	6534
f 6497 	6596 	6500
f 6496 	6517 	6542
f 6236 	6540 	6530
f 6521 	6280 	6289
f 6544 	6530 	6543
f 6521 	6289 	6525
f 6542 	6545 	6464
f 6534 	6541 	6537
f 6541 	69 	6537
f 6633 	6528 	6524
f 6548 	6556 	6543
f 6539 	27 	6541
f 6542 	6911 	6545
f 6530 	6544 	6531
f 6533 	6528 	6636
f 6633 	6636 	6528
f 6542 	6517 	6911
f 6531 	6382 	6377
f 6537 	69 	59
f 6531 	6544 	6382
f 6517 	6896 	6911
f 6372 	6549 	6522
f 23 	27 	6539
f 6540 	6543 	6530
f 3876 	6491 	6552
f 6551 	6053 	6045
f 6549 	6550 	6522
f 27 	119 	6541
f 6540 	6548 	6543
f 6491 	6567 	6552
f 6045 	6660 	6551
f 6543 	6553 	6544
f 6552 	3935 	3876
f 6541 	119 	69
f 3935 	6555 	3937
f 6553 	6543 	6556
f 6465 	2 	3
f 6554 	6053 	6551
f 6552 	6555 	3935
f 6277 	6557 	6281
f 7145 	6549 	6409
f 6544 	6553 	6501
f 3 	6559 	6508
f 6549 	7145 	6550
f 6277 	6554 	6557
f 6546 	6597 	6547
f 6559 	8 	6508
f 6 	6559 	3
f 6555 	6558 	3937
f 6559 	7 	8
f 4420 	2708 	6562
f 6 	7 	6559
f 6660 	6561 	6551
f 6508 	8 	6513
f 6547 	6600 	6463
f 2708 	6070 	6562
f 6558 	6574 	6563
f 23 	6539 	6513
f 6548 	6560 	6556
f 6572 	6574 	6558
f 4420 	6564 	4424
f 8 	23 	6513
f 6551 	6561 	6566
f 6565 	6467 	6463
f 6561 	6576 	6579
f 6561 	6579 	6566
f 6564 	6568 	4424
f 6551 	6566 	6554
f 6467 	6565 	6503
f 6567 	6491 	6500
f 6554 	6566 	6569
f 6567 	6570 	6552
f 6476 	6290 	7425
f 6565 	6518 	6503
f 6554 	6569 	6557
f 6552 	6570 	6555
f 6467 	6503 	6470
f 6570 	6572 	6555
f 7438 	7425 	6290
f 6557 	6569 	6516
f 6070 	6571 	6562
f 6478 	6477 	7425
f 6477 	6476 	7425
f 6506 	6470 	6503
f 6516 	6569 	6532
f 7425 	6482 	6481
f 6483 	7425 	6481
f 6564 	6562 	6573
f 6480 	6478 	7425
f 6558 	6555 	6572
f 6556 	6560 	6637
f 7425 	6486 	6482
f 6557 	6516 	6507
f 6571 	6573 	6562
f 6483 	6480 	7425
f 6573 	6577 	6564
f 6575 	6501 	6553
f 6622 	6619 	186
f 6578 	6505 	6501
f 6564 	6577 	6568
f 6568 	6612 	6605
f 183 	6618 	6622
f 6501 	6575 	6578
f 6500 	6599 	6567
f 6577 	6612 	6568
f 6621 	6626 	186
f 6576 	6607 	6579
f 6582 	6505 	6578
f 6576 	6604 	6607
f 6649 	189 	6648
f 6581 	6571 	6073
f 6578 	6610 	6582
f 6569 	6566 	6584
f 6073 	6076 	6581
f 6570 	6603 	6572
f 6585 	6304 	6583
f 6581 	6586 	6571
f 6566 	6579 	6584
f 6581 	6640 	6586
f 6511 	6582 	5954
f 6532 	6569 	6584
f 6571 	6586 	6573
f 6608 	6574 	6572
f 6573 	6592 	6577
f 6594 	6595 	78
f 6573 	6586 	6592
f 6617 	78 	6616
f 6598 	6616 	78
f 6595 	6598 	78
f 6578 	6606 	6610
f 6076 	6639 	6581
f 6500 	6596 	6599
f 6597 	6546 	6593
f 6547 	6597 	6600
f 6581 	6639 	6640
f 7462 	6598 	7425
f 6567 	6601 	6570
f 6599 	6601 	6567
f 7425 	6583 	6486
f 6565 	6463 	6600
f 7046 	7051 	6580
f 6603 	6570 	6601
f 6568 	6605 	4427
f 6575 	6606 	6578
f 6603 	6608 	6572
f 6575 	6602 	6606
f 4459 	6609 	318
f 6583 	7425 	6585
f 322 	318 	6609
f 6582 	6611 	5954
f 6596 	6663 	6599
f 6585 	7425 	6589
f 6596 	6661 	6663
f 6582 	6610 	6611
f 6625 	6532 	6584
f 6611 	5975 	5954
f 6589 	7425 	6588
f 6597 	7020 	6600
f 6612 	6614 	6605
f 6627 	6535 	6532
f 6647 	6613 	6602
f 6590 	7425 	6591
f 6588 	7425 	6590
f 6603 	6601 	6670
f 6615 	6606 	6602
f 6594 	7425 	6595
f 6591 	7425 	6594
f 6602 	6613 	6615
f 6595 	7425 	6598
f 6605 	6614 	6609
f 6614 	322 	6609
f 6615 	6694 	6606
f 6621 	186 	6619
f 6524 	6389 	6457
f 6456 	6458 	6623
f 6577 	6620 	6612
f 6610 	6697 	6611
f 6648 	186 	6626
f 6121 	5975 	6611
f 6623 	6457 	6456
f 6620 	6577 	6592
f 6620 	6629 	6612
f 6697 	6121 	6611
f 6628 	6524 	6457
f 6532 	6625 	6627
f 6655 	87 	6654
f 6631 	5080 	5079
f 6535 	6627 	6632
f 6457 	6623 	6628
f 6612 	6629 	6614
f 84 	6652 	6654
f 6628 	6633 	6524
f 6629 	332 	6614
f 6631 	5079 	6630
f 6535 	6632 	6538
f 6634 	5080 	6631
f 6629 	339 	332
f 1965 	1900 	6538
f 6538 	6632 	1965
f 6617 	6616 	7462
f 6619 	6622 	7463
f 6614 	332 	322
f 6556 	6635 	6553
f 6618 	6617 	7462
f 6620 	6592 	6668
f 6622 	6618 	7463
f 7462 	7463 	6618
f 6635 	6556 	6637
f 6625 	2933 	2937
f 6636 	6638 	6533
f 343 	6629 	6668
f 6634 	5083 	5080
f 6633 	6701 	6636
f 6575 	6553 	6635
f 2937 	6627 	6625
f 6634 	5034 	5083
f 6627 	2942 	6632
f 6536 	6533 	6638
f 6629 	343 	339
f 6621 	6619 	7463
f 6627 	2937 	2942
f 6632 	2942 	1968
f 6638 	6661 	6536
f 6632 	1968 	1965
f 6607 	6642 	6579
f 6638 	6718 	6661
f 6630 	6472 	6631
f 6579 	6642 	6584
f 6640 	6643 	6592
f 6473 	6631 	6472
f 6596 	6536 	6661
f 6625 	6584 	6642
f 6592 	6586 	6640
f 6631 	6473 	6634
f 6604 	6644 	6607
f 6560 	6641 	6637
f 6429 	5034 	6634
f 6657 	6643 	6640
f 6641 	6646 	6637
f 6657 	6677 	6643
f 6616 	6598 	7462
f 6719 	6644 	6604
f 6634 	6473 	6429
f 6607 	6644 	2961
f 6080 	6082 	6645
f 6637 	6646 	6647
f 6080 	6645 	6639
f 6645 	6653 	6639
f 6607 	2961 	6642
f 84 	6654 	87
f 6642 	2933 	6625
f 6642 	2961 	2933
f 6639 	6653 	6640
f 87 	6682 	94
f 6653 	6657 	6640
f 6647 	6635 	6637
f 6644 	6719 	3014
f 6647 	6602 	6635
f 6644 	3014 	3018
f 6644 	3018 	2961
f 6687 	6645 	6082
f 6635 	6602 	6575
f 6626 	7451 	6648
f 6383 	6499 	6662
f 6649 	6648 	7451
f 6651 	7451 	6652
f 6649 	7451 	6651
f 6383 	6662 	6345
f 6665 	6601 	6599
f 6690 	6657 	6653
f 6654 	7451 	6655
f 6652 	7451 	6654
f 6666 	6345 	6662
f 6646 	6641 	6664
f 6663 	6665 	6599
f 6643 	6668 	6592
f 6655 	7451 	6658
f 6665 	6670 	6601
f 6667 	6669 	6646
f 6620 	6668 	6629
f 6603 	6676 	6608
f 94 	6673 	7442
f 6677 	6668 	6643
f 6670 	6676 	6603
f 6561 	6660 	6671
f 6683 	94 	6682
f 343 	6668 	6679
f 6677 	6679 	6668
f 6679 	344 	343
f 87 	6658 	6682
f 6647 	6646 	6669
f 6630 	6624 	6470
f 6681 	6662 	6499
f 6647 	6669 	6613
f 6662 	6684 	6666
f 6472 	6630 	6470
f 6681 	6684 	6662
f 6666 	6685 	6671
f 6666 	6684 	6685
f 6677 	6715 	6679
f 6674 	6673 	7451
f 6672 	7451 	6673
f 7212 	6680 	7451
f 6671 	6576 	6561
f 6663 	6725 	6665
f 6674 	7451 	6675
f 400 	344 	6679
f 6671 	6685 	6576
f 6678 	7451 	6680
f 6467 	6470 	6624
f 400 	6679 	6715
f 6239 	6264 	6756
f 6664 	6667 	6646
f 6664 	6686 	6667
f 6675 	7451 	6678
f 6688 	6653 	6645
f 6689 	6623 	6458
f 6683 	6682 	7451
f 5822 	6729 	6730
f 7451 	6682 	6658
f 6687 	6688 	6645
f 6681 	6499 	1481
f 6683 	7451 	6672
f 6475 	6689 	6458
f 6688 	6690 	6653
f 6623 	6689 	6691
f 6711 	6681 	1481
f 6606 	6694 	6610
f 6693 	6684 	6681
f 6623 	6691 	6628
f 5825 	6733 	6736
f 6691 	6696 	6628
f 6697 	6610 	6694
f 6705 	6690 	6688
f 6736 	6698 	5826
f 6684 	6693 	6699
f 6650 	5073 	5099
f 6628 	6696 	6633
f 6706 	6699 	6693
f 6700 	6687 	6272
f 6696 	6701 	6633
f 6707 	6696 	6691
f 6699 	6685 	6684
f 6667 	1144 	1145
f 6696 	6708 	6701
f 6278 	6700 	6272
f 5099 	6698 	6650
f 6707 	6708 	6696
f 6604 	6685 	6699
f 6700 	6702 	6687
f 6667 	6686 	1144
f 6650 	6656 	5073
f 6669 	6667 	1145
f 6638 	6636 	6703
f 5073 	6656 	5074
f 6701 	6703 	6636
f 6604 	6576 	6685
f 6768 	1773 	6692
f 6687 	6702 	6688
f 6659 	5076 	5074
f 6718 	6638 	6703
f 6613 	6669 	1044
f 3751 	6475 	6474
f 1044 	6669 	1145
f 6613 	1044 	1046
f 6659 	5074 	6656
f 6702 	6705 	6688
f 6693 	6704 	6706
f 6613 	1046 	6615
f 5076 	6659 	6624
f 6705 	6717 	6690
f 6704 	6739 	6706
f 6705 	6702 	6740
f 6740 	6770 	6705
f 6615 	1047 	6694
f 6705 	6770 	6717
f 6615 	1046 	1047
f 6698 	6876 	6546
f 6694 	1047 	1049
f 6278 	6734 	6700
f 6694 	1049 	6697
f 6697 	1049 	731
f 6704 	6726 	6739
f 6698 	6546 	6650
f 6693 	6681 	6711
f 1157 	1144 	6686
f 6656 	6650 	6547
f 6690 	6714 	6657
f 6804 	3856 	6707
f 6714 	6677 	6657
f 6711 	6704 	6693
f 6546 	6547 	6650
f 6711 	6712 	6704
f 6712 	1498 	1518
f 6714 	6715 	6677
f 6656 	6547 	6463
f 6713 	6716 	6266
f 6656 	6463 	6659
f 6624 	6659 	6467
f 6699 	6719 	6604
f 6717 	6714 	6690
f 6659 	6463 	6467
f 6706 	6719 	6699
f 6716 	6319 	6266
f 6714 	6720 	6715
f 6722 	6663 	6661
f 6723 	6319 	6716
f 6717 	6720 	6714
f 6735 	6716 	6713
f 6720 	403 	6715
f 6718 	6722 	6661
f 6719 	6706 	3097
f 6706 	6739 	3097
f 6722 	6725 	6663
f 6715 	403 	400
f 1518 	6726 	6712
f 6540 	6324 	6723
f 6728 	6670 	6665
f 6726 	6704 	6712
f 6770 	6771 	6717
f 6725 	6728 	6665
f 6717 	6771 	6720
f 6728 	6731 	6670
f 6720 	411 	403
f 1518 	1535 	6741
f 5824 	6730 	6733
f 411 	6720 	6771
f 6769 	6732 	6713
f 6278 	6283 	6734
f 6733 	5825 	5824
f 6726 	3100 	6739
f 6670 	6731 	6676
f 6821 	6824 	7415
f 6713 	6732 	6735
f 6716 	6737 	6723
f 6734 	6738 	6700
f 6716 	6735 	6737
f 6718 	6757 	6722
f 6700 	6738 	6702
f 6723 	6737 	6548
f 6738 	6740 	6702
f 6737 	6755 	6560
f 6741 	6726 	1518
f 6721 	6898 	6724
f 6548 	6737 	6560
f 6734 	6283 	6744
f 6723 	6548 	6540
f 6283 	6239 	6744
f 6726 	6741 	3100
f 6734 	6749 	6738
f 6739 	3100 	3103
f 6750 	7450 	6746
f 6739 	3103 	3097
f 6762 	7013 	6731
f 6744 	6749 	6734
f 6749 	6751 	6738
f 6732 	6748 	6752
f 3109 	6741 	1535
f 6753 	6703 	6701
f 3109 	1535 	1555
f 6748 	6808 	6752
f 6701 	6708 	6753
f 6741 	3109 	3112
f 6754 	6703 	6753
f 3112 	3100 	6741
f 6733 	6872 	6736
f 6732 	6752 	6735
f 6738 	6751 	6740
f 6737 	6735 	6755
f 6718 	6703 	6754
f 6736 	6876 	6698
f 7212 	7208 	6680
f 6744 	6239 	6756
f 6755 	6735 	6752
f 6743 	6680 	7208
f 6754 	6757 	6718
f 5846 	5844 	6794
f 3109 	1555 	3126
f 6745 	6747 	7208
f 6747 	6742 	7208
f 6742 	6743 	7208
f 6758 	6749 	6744
f 6641 	6560 	6755
f 6796 	5846 	6794
f 6746 	6745 	7208
f 6750 	6746 	7208
f 6756 	6758 	6744
f 6722 	6759 	6725
f 6758 	6760 	6749
f 6757 	6759 	6722
f 6725 	6761 	6728
f 2567 	2572 	3667
f 6749 	6760 	6751
f 3667 	3656 	2567
f 6759 	6761 	6725
f 6798 	6800 	5849
f 6761 	6762 	6728
f 5851 	6800 	6802
f 6752 	6810 	6755
f 6949 	6756 	6264
f 1757 	6768 	6867
f 5852 	5851 	6802
f 6728 	6762 	6731
f 404 	443 	6765
f 6765 	406 	404
f 6764 	6768 	6692
f 406 	6765 	6767
f 6769 	6361 	6359
f 5820 	5818 	6721
f 6359 	6767 	6769
f 6713 	6266 	6361
f 5820 	6721 	6724
f 6361 	6769 	6713
f 6729 	5822 	5821
f 6729 	5821 	6724
f 3912 	6757 	6754
f 6695 	7254 	6777
f 5822 	6730 	5824
f 6783 	6767 	6765
f 6764 	6695 	6860
f 6695 	6777 	6860
f 3914 	6759 	6757
f 6740 	6774 	6770
f 3916 	3918 	6759
f 6767 	6773 	6769
f 6751 	6774 	6740
f 6769 	6773 	6732
f 3381 	6761 	3918
f 6759 	3918 	6761
f 6860 	6861 	6764
f 6770 	6775 	6771
f 565 	568 	6772
f 5920 	5918 	1416
f 6774 	6775 	6770
f 6775 	6776 	6771
f 5918 	1410 	1416
f 1416 	1421 	5920
f 599 	3395 	966
f 1421 	5922 	5920
f 6771 	6776 	411
f 3395 	6438 	966
f 6438 	3395 	3402
f 1447 	5893 	1421
f 5922 	1421 	5893
f 6790 	6776 	6775
f 6765 	443 	6778
f 5893 	6828 	5895
f 6780 	6438 	3402
f 6828 	5893 	1447
f 443 	464 	6778
f 6438 	6780 	6441
f 6765 	6778 	6783
f 3402 	3459 	6780
f 6751 	6782 	6774
f 6778 	6789 	6783
f 6778 	6786 	6789
f 3459 	3461 	6780
f 6760 	6782 	6751
f 6783 	6773 	6767
f 3461 	6462 	6780
f 6782 	6785 	6774
f 464 	476 	6786
f 6786 	6778 	464
f 6462 	3461 	3464
f 3464 	6793 	6466
f 6775 	6774 	6785
f 6788 	6777 	7254
f 6773 	6783 	6791
f 6783 	6789 	6791
f 6785 	6790 	6775
f 5901 	6847 	5844
f 6791 	6748 	6773
f 6803 	6781 	6779
f 3464 	3662 	6793
f 3662 	3665 	6793
f 6781 	6803 	6806
f 6792 	7021 	6795
f 6784 	6781 	6806
f 6791 	6805 	6748
f 6984 	6976 	6792
f 6793 	3665 	6474
f 6773 	6748 	6732
f 6853 	6786 	476
f 6787 	4603 	4591
f 6474 	3665 	3751
f 6796 	6798 	5847
f 6801 	6475 	3751
f 5851 	5849 	6800
f 6782 	6970 	6785
f 3751 	3824 	6801
f 6475 	6801 	6689
f 6803 	6779 	6799
f 6856 	6791 	6789
f 6689 	6804 	6691
f 7050 	6790 	6785
f 6799 	6813 	6803
f 6805 	6791 	6856
f 6801 	6804 	6689
f 6707 	6691 	6804
f 6801 	3824 	3825
f 3751 	3823 	3824
f 6710 	6882 	6788
f 6776 	6790 	466
f 5852 	6807 	5818
f 6788 	6948 	6777
f 456 	6776 	466
f 3854 	6707 	3856
f 6788 	6882 	6948
f 6784 	6809 	6787
f 5852 	6802 	6807
f 6808 	6748 	6805
f 6784 	6806 	6809
f 6810 	6752 	6808
f 3855 	3858 	6707
f 6727 	6983 	6792
f 5818 	6807 	6721
f 6787 	6809 	4603
f 6707 	3879 	6708
f 6808 	6822 	6810
f 6708 	3884 	6753
f 6404 	6417 	6812
f 6812 	6409 	6404
f 6811 	6813 	6799
f 6641 	6755 	6810
f 6815 	6806 	6803
f 6753 	3886 	6754
f 3887 	6754 	3886
f 6812 	6814 	6409
f 3885 	3886 	6753
f 6813 	6815 	6803
f 6815 	6818 	6806
f 6417 	6823 	6825
f 6796 	6964 	6967
f 3912 	6754 	3891
f 3887 	3891 	6754
f 6805 	6817 	6808
f 7547 	6818 	6815
f 6812 	6417 	6825
f 6805 	6816 	6817
f 3916 	6759 	3915
f 3914 	3915 	6759
f 6822 	6808 	6817
f 6814 	6812 	6826
f 6806 	6818 	6809
f 6818 	4615 	6809
f 6916 	7419 	6919
f 7415 	6824 	6919
f 6761 	3378 	6762
f 3379 	6762 	3378
f 6664 	6641 	6810
f 6761 	3381 	3378
f 6809 	4615 	4603
f 6810 	6822 	6664
f 6823 	6836 	6825
f 6802 	6915 	6807
f 7388 	6979 	6727
f 6894 	6721 	6807
f 5723 	6833 	5728
f 6894 	6807 	6915
f 6984 	6792 	6983
f 6825 	6826 	6812
f 6811 	519 	6813
f 6816 	6887 	6827
f 6813 	625 	6815
f 7450 	6750 	6829
f 6827 	6817 	6816
f 5895 	6830 	5897
f 6833 	5723 	6563
f 6817 	6827 	6834
f 5895 	6828 	6830
f 6831 	7453 	6829
f 6117 	6282 	6823
f 6818 	7549 	4615
f 6830 	6838 	5897
f 6820 	7455 	6819
f 5728 	6839 	5733
f 6817 	6834 	6822
f 6823 	6282 	6836
f 5897 	6838 	5900
f 6822 	6686 	6664
f 6825 	6836 	6841
f 6833 	6839 	5728
f 6842 	6766 	6763
f 6839 	6844 	5733
f 6822 	6834 	6686
f 6820 	7208 	6821
f 6837 	7208 	6819
f 6819 	7208 	6820
f 6843 	5901 	6845
f 5900 	6845 	5901
f 6821 	7208 	6824
f 6842 	6763 	6840
f 6838 	6845 	5900
f 6825 	6841 	6826
f 6846 	6766 	6842
f 6843 	6847 	5901
f 6841 	6848 	6826
f 7223 	6824 	7208
f 5733 	6844 	5734
f 6835 	7208 	6837
f 6832 	6831 	7208
f 6827 	1322 	6834
f 5844 	6847 	6794
f 6831 	6829 	7208
f 6750 	7208 	6829
f 6563 	6849 	6833
f 473 	489 	6850
f 6832 	7208 	6835
f 1447 	1574 	6828
f 6563 	6574 	6849
f 6850 	476 	473
f 1574 	1622 	6828
f 6849 	6852 	6833
f 6857 	6859 	6840
f 6853 	476 	6850
f 6854 	6789 	6786
f 6840 	6859 	6842
f 6839 	6833 	6852
f 6852 	6855 	6839
f 6854 	6786 	6853
f 6866 	6846 	6842
f 6861 	6867 	6768
f 6846 	6799 	6779
f 6856 	6789 	6854
f 6848 	6841 	6865
f 6839 	6855 	6844
f 6865 	6870 	6848
f 6855 	6858 	6844
f 6851 	6187 	137
f 3963 	3965 	1759
f 6574 	6608 	6874
f 137 	4444 	6851
f 6875 	6856 	6854
f 6874 	6849 	6574
f 6856 	6875 	6816
f 6873 	6878 	6857
f 6768 	6764 	6861
f 6847 	6963 	6794
f 6857 	6878 	6859
f 6856 	6816 	6805
f 6836 	6863 	6841
f 6851 	6863 	6836
f 6863 	6865 	6841
f 6842 	6859 	6866
f 6902 	6850 	489
f 6863 	4448 	6865
f 6846 	6866 	6799
f 6850 	6868 	6853
f 6869 	6733 	6864
f 6730 	6864 	6733
f 6853 	6868 	6871
f 1757 	3963 	1759
f 6873 	6857 	6995
f 1757 	6867 	3963
f 6853 	6871 	6854
f 6870 	139 	6848
f 6872 	6733 	6869
f 6870 	160 	139
f 6772 	6873 	6995
f 6876 	6736 	6872
f 6849 	6877 	6852
f 6874 	6877 	6849
f 6875 	6854 	6871
f 4444 	6863 	6851
f 6879 	6855 	6852
f 6861 	6860 	6940
f 6877 	6879 	6852
f 6859 	6880 	6866
f 6875 	6887 	6816
f 6863 	4444 	4448
f 6855 	6879 	6881
f 4448 	4453 	6865
f 6878 	6880 	6859
f 6880 	6811 	6866
f 6867 	3976 	3963
f 6865 	4453 	6870
f 6855 	6881 	6858
f 4453 	4460 	6870
f 6898 	7165 	6862
f 6868 	6910 	6871
f 4460 	160 	6870
f 6866 	6811 	6799
f 6259 	6455 	6883
f 6772 	568 	6873
f 6873 	571 	6878
f 6883 	6264 	6259
f 568 	571 	6873
f 6874 	6945 	6877
f 6878 	573 	6880
f 6877 	6946 	6879
f 6875 	6885 	6887
f 6580 	6872 	6869
f 571 	573 	6878
f 6880 	515 	6811
f 6881 	6879 	6947
f 6580 	6587 	6872
f 6455 	6884 	6883
f 6871 	6885 	6875
f 515 	6880 	573
f 6872 	6587 	6876
f 6777 	6951 	6860
f 6884 	6886 	6883
f 6876 	6593 	6546
f 6888 	5766 	5734
f 6876 	6587 	6593
f 5734 	6844 	6888
f 6903 	6884 	6469
f 6903 	6906 	6884
f 6885 	1312 	6887
f 6888 	6890 	5766
f 1310 	1312 	6885
f 6884 	6906 	6886
f 6887 	1312 	1316
f 6901 	6890 	6888
f 6901 	6905 	6890
f 6895 	6889 	6920
f 6890 	6905 	6893
f 1316 	6827 	6887
f 6529 	7143 	6896
f 1322 	6827 	1316
f 6898 	6721 	6894
f 6889 	6897 	6891
f 6142 	6899 	6146
f 6710 	6709 	6900
f 6893 	6899 	6142
f 6889 	6895 	6897
f 6891 	6897 	6763
f 6834 	1322 	1157
f 6900 	6709 	6797
f 6844 	6858 	6888
f 6862 	6729 	6724
f 6834 	1157 	6686
f 6710 	6900 	6882
f 6858 	6901 	6888
f 6529 	7140 	7143
f 6862 	6724 	6898
f 6891 	6763 	7221
f 6902 	6868 	6850
f 6763 	6766 	7221
f 6862 	6864 	6729
f 521 	6904 	6902
f 6864 	6730 	6729
f 6545 	6903 	6469
f 536 	6904 	521
f 6902 	6904 	6907
f 6893 	6908 	6899
f 6905 	6908 	6893
f 6895 	6980 	6897
f 6902 	6907 	6868
f 6898 	6894 	7161
f 6908 	6909 	6899
f 6795 	6997 	7001
f 6840 	6763 	6897
f 7003 	6797 	7001
f 3316 	3348 	6913
f 6795 	7001 	6797
f 6910 	6868 	6907
f 6913 	3478 	3316
f 6899 	6909 	15
f 6797 	7004 	7006
f 6885 	6871 	6910
f 6909 	35 	15
f 6907 	1423 	6910
f 6545 	6914 	6903
f 6858 	6881 	6927
f 6885 	6910 	1310
f 7006 	6900 	6797
f 6910 	1423 	1310
f 6545 	6911 	6914
f 6901 	6858 	6927
f 6914 	6918 	6903
f 6920 	6889 	6913
f 6901 	6931 	6905
f 3348 	6920 	6913
f 536 	531 	1408
f 6927 	6931 	6901
f 1408 	1413 	536
f 6903 	6918 	6906
f 6915 	6912 	7151
f 1413 	6904 	536
f 3363 	6892 	6920
f 6925 	7388 	6924
f 6918 	6923 	6906
f 6904 	1420 	6907
f 3363 	3374 	6892
f 6915 	7151 	7156
f 6920 	6892 	6895
f 6907 	1420 	1423
f 6894 	6915 	7156
f 6896 	6926 	6911
f 6727 	6981 	6983
f 6911 	6926 	6914
f 6914 	6928 	6918
f 6971 	6892 	3374
f 6926 	6928 	6914
f 70 	80 	6929
f 6929 	73 	70
f 6924 	6922 	6936
f 73 	6929 	3418
f 6929 	80 	6937
f 6916 	6919 	6936
f 6919 	6824 	6936
f 6864 	6862 	7167
f 7223 	6936 	6824
f 6921 	6917 	6936
f 6917 	6916 	6936
f 6869 	6864 	7167
f 6931 	6973 	6961
f 6936 	6925 	6924
f 77 	5460 	6935
f 6922 	6921 	6936
f 6957 	6934 	6930
f 6580 	6869 	7046
f 77 	6935 	80
f 6926 	7172 	6928
f 6933 	6934 	6957
f 6934 	6938 	6930
f 6828 	1622 	6830
f 6935 	6937 	80
f 6968 	6927 	6947
f 6881 	6947 	6927
f 6939 	3418 	6929
f 6929 	6937 	6939
f 6930 	6938 	6932
f 6951 	4037 	6940
f 6939 	3431 	3418
f 1622 	6989 	6830
f 6918 	6941 	6923
f 6838 	6991 	6845
f 6931 	6969 	6973
f 6867 	6861 	3971
f 5460 	116 	6935
f 6918 	6928 	6941
f 6942 	6993 	6938
f 6937 	6935 	118
f 6941 	6943 	6923
f 6944 	6608 	6676
f 6942 	6772 	6993
f 116 	118 	6935
f 6861 	6940 	3971
f 6937 	118 	120
f 6991 	6994 	6845
f 6608 	6944 	6874
f 6939 	6937 	120
f 6923 	6943 	7026
f 6845 	6994 	6843
f 6944 	6945 	6874
f 3971 	3976 	6867
f 3969 	3431 	6939
f 6939 	120 	3969
f 4037 	4035 	6940
f 6941 	7187 	6943
f 634 	639 	6933
f 6940 	4036 	4041
f 6945 	6946 	6877
f 6847 	6996 	6963
f 639 	6934 	6933
f 6879 	6946 	6947
f 6934 	643 	6938
f 6950 	13 	6992
f 6951 	6777 	6948
f 6992 	57 	6950
f 639 	643 	6934
f 6796 	6794 	6964
f 6944 	6676 	6999
f 6950 	6952 	13
f 643 	645 	6942
f 643 	6942 	6938
f 6956 	6950 	57
f 6949 	6264 	6883
f 6942 	565 	6772
f 6676 	6731 	6999
f 6949 	6953 	6756
f 6952 	3731 	13
f 565 	6942 	645
f 6952 	3668 	3731
f 6940 	6860 	6951
f 6756 	6953 	6758
f 6798 	6796 	6967
f 5476 	66 	6954
f 6758 	6955 	6760
f 6954 	57 	55
f 6953 	6955 	6758
f 6954 	6956 	57
f 6949 	6883 	6886
f 6958 	6952 	6950
f 6949 	6959 	6953
f 6886 	6959 	6949
f 7004 	6797 	7003
f 6972 	6912 	6800
f 6950 	6956 	6958
f 6930 	3393 	6957
f 6952 	6958 	6960
f 6802 	6800 	6912
f 6905 	6931 	6961
f 6933 	6957 	3410
f 7007 	6900 	7006
f 3422 	6933 	3410
f 6912 	6915 	6802
f 6905 	6961 	6908
f 6952 	6960 	3668
f 6900 	7033 	6882
f 6961 	6962 	6908
f 6961 	6978 	6962
f 3422 	3417 	496
f 7009 	6959 	7005
f 634 	6933 	3422
f 6909 	6908 	6962
f 6954 	66 	67
f 6794 	6963 	6964
f 6882 	7038 	6948
f 3422 	496 	634
f 6909 	68 	35
f 6954 	67 	6956
f 6955 	6965 	6760
f 68 	6909 	6962
f 6958 	6956 	70
f 6760 	6965 	6782
f 67 	70 	6956
f 6966 	3374 	3370
f 6970 	6782 	6965
f 6958 	70 	73
f 6927 	6969 	6931
f 6966 	6971 	3374
f 6955 	6988 	6965
f 6798 	6972 	6800
f 6966 	6932 	6971
f 6958 	73 	6960
f 6927 	6968 	6969
f 6798 	6967 	6972
f 3759 	6960 	73
f 6960 	3759 	3686
f 6975 	320 	316
f 6892 	6974 	6895
f 7000 	6795 	7021
f 316 	20 	6975
f 6792 	6976 	6977
f 6892 	6971 	6974
f 6925 	6979 	7388
f 6895 	6974 	6980
f 6981 	6727 	6979
f 7204 	6964 	6963
f 6982 	320 	6975
f 6974 	6995 	6980
f 6973 	6978 	6961
f 6978 	6985 	6962
f 6953 	6986 	6955
f 6998 	6795 	7000
f 6982 	325 	320
f 6959 	6986 	6953
f 325 	6982 	6987
f 6840 	6897 	6980
f 6962 	6985 	68
f 6955 	6986 	6988
f 108 	68 	6985
f 6840 	6980 	6857
f 6986 	7015 	6988
f 7147 	6912 	6972
f 6987 	3520 	325
f 6830 	6989 	6838
f 6968 	7041 	6969
f 6930 	6966 	3393
f 7228 	6977 	6936
f 20 	43 	6975
f 6970 	6965 	6990
f 6992 	6982 	6975
f 6966 	6930 	6932
f 6991 	6838 	6989
f 6990 	6965 	6988
f 6993 	6971 	6932
f 7042 	7044 	6973
f 6990 	7057 	6970
f 6992 	6975 	43
f 7044 	6978 	6973
f 6974 	6971 	6993
f 6936 	6983 	6981
f 6936 	6979 	6925
f 6982 	6992 	13
f 6979 	6936 	6981
f 6991 	7199 	6994
f 6984 	6936 	6976
f 6983 	6936 	6984
f 6993 	6995 	6974
f 6843 	6996 	6847
f 6982 	13 	6987
f 6987 	3731 	3712
f 6843 	6994 	6996
f 6995 	6857 	6980
f 6987 	13 	3731
f 6976 	6936 	6977
f 6932 	6938 	6993
f 43 	57 	6992
f 1622 	1937 	6989
f 6986 	7009 	7015
f 6772 	6995 	6993
f 7019 	6990 	6988
f 6999 	7002 	6944
f 6944 	7002 	6945
f 6991 	7195 	7199
f 3874 	7127 	7062
f 3830 	3874 	7062
f 7005 	6886 	6906
f 3861 	3830 	7062
f 6906 	6923 	7005
f 6994 	7200 	6996
f 6959 	6886 	7005
f 6994 	7199 	7200
f 6946 	7024 	6947
f 7010 	6900 	7007
f 7033 	6900 	7010
f 7036 	6948 	7038
f 7037 	6948 	7036
f 7013 	7017 	6999
f 6923 	7026 	7005
f 7005 	7026 	7009
f 7002 	7017 	7018
f 6959 	7009 	6986
f 6882 	7034 	7038
f 6999 	6731 	7013
f 7002 	6999 	7017
f 6948 	4002 	6951
f 7015 	7019 	6988
f 6762 	4449 	7013
f 7028 	7015 	7009
f 7020 	6597 	7014
f 4006 	4037 	6951
f 4004 	4006 	6951
f 7013 	4526 	7017
f 6997 	6795 	6998
f 4529 	4533 	7017
f 7008 	7133 	7012
f 7017 	4533 	7018
f 6792 	6977 	7021
f 4535 	7018 	4533
f 7012 	7133 	7134
f 7004 	7003 	7216
f 7002 	7022 	6945
f 7012 	7134 	7016
f 6998 	7000 	7216
f 7000 	7021 	7216
f 7001 	6997 	7216
f 7023 	6565 	6600
f 6945 	7022 	6946
f 6946 	7022 	7024
f 7003 	7001 	7216
f 6997 	6998 	7216
f 6600 	7020 	7023
f 7023 	6518 	6565
f 7006 	7216 	7007
f 7004 	7216 	7006
f 6947 	7027 	6968
f 6947 	7024 	7027
f 7010 	7007 	7216
f 7027 	7041 	6968
f 7022 	7002 	7018
f 7026 	7028 	7009
f 7030 	7022 	7018
f 7021 	6977 	7216
f 7022 	7030 	7024
f 7228 	7216 	6977
f 7030 	7032 	7024
f 7015 	7031 	7019
f 7025 	7035 	7039
f 7025 	7039 	7029
f 7024 	7032 	7027
f 7015 	7028 	7031
f 7032 	161 	7027
f 6882 	7033 	7034
f 7018 	4542 	7030
f 7030 	4626 	7032
f 6948 	7037 	4001
f 6948 	4001 	4002
f 4623 	4627 	7032
f 7032 	4627 	161
f 4004 	6951 	4002
f 7026 	7040 	7028
f 7042 	6973 	6969
f 7026 	6943 	7040
f 7041 	7042 	6969
f 4001 	7216 	4002
f 7029 	7039 	7043
f 7042 	4471 	7044
f 6518 	6276 	6280
f 6985 	6978 	7045
f 7046 	6869 	7167
f 7044 	7045 	6978
f 7045 	172 	6985
f 7031 	7028 	7082
f 7045 	4556 	172
f 6985 	172 	108
f 172 	4511 	108
f 7033 	7216 	7034
f 161 	7041 	7027
f 7033 	7010 	7216
f 173 	7041 	161
f 173 	7042 	7041
f 7036 	7216 	7037
f 7038 	7216 	7036
f 7072 	4006 	7216
f 7082 	7040 	365
f 7034 	7216 	7038
f 7042 	173 	4471
f 7189 	365 	7040
f 4471 	4555 	7044
f 6785 	6970 	7050
f 7044 	4555 	7045
f 7167 	7048 	7046
f 7049 	7046 	7048
f 6970 	7057 	7050
f 4555 	4556 	7045
f 7046 	7049 	7051
f 6899 	15 	6146
f 7177 	7043 	7039
f 7260 	4452 	7052
f 6790 	7053 	466
f 6790 	7050 	7053
f 7053 	735 	466
f 6580 	7055 	6587
f 6580 	7051 	7055
f 6587 	7055 	7011
f 7056 	7016 	7058
f 7059 	7053 	7050
f 3850 	7058 	2928
f 7057 	7059 	7050
f 6587 	7011 	6593
f 7059 	7060 	7053
f 6593 	7014 	6597
f 7054 	7008 	7012
f 7014 	6593 	7011
f 7054 	7012 	7056
f 7053 	7060 	735
f 7016 	7056 	7012
f 7058 	7016 	4758
f 4758 	2928 	7058
f 3808 	3775 	7175
f 7057 	6990 	7067
f 7067 	7070 	7057
f 4046 	4043 	7076
f 7057 	7070 	7059
f 7127 	7025 	7029
f 7060 	7059 	7101
f 7127 	7029 	7062
f 7051 	7095 	7055
f 7059 	7070 	7101
f 7062 	7063 	3861
f 7062 	7029 	7063
f 3861 	7063 	7054
f 7043 	7063 	7029
f 7048 	7047 	7121
f 3808 	7175 	7065
f 755 	7107 	759
f 7063 	7043 	7008
f 3858 	7065 	7066
f 7008 	7054 	7063
f 7049 	7048 	7125
f 7256 	7064 	7069
f 7067 	6990 	7019
f 7068 	3448 	7086
f 7076 	7078 	4079
f 7068 	7088 	7080
f 7083 	7084 	4079
f 7019 	7031 	7071
f 7068 	7086 	7088
f 7097 	7011 	7055
f 7071 	7067 	7019
f 7011 	7097 	7075
f 7067 	7074 	7070
f 7073 	3667 	2572
f 7011 	7075 	7014
f 3866 	3667 	7073
f 7071 	7074 	7067
f 7074 	7077 	7070
f 7073 	3441 	7068
f 7075 	7079 	7014
f 7084 	7089 	4079
f 7068 	7080 	7073
f 7075 	6341 	7079
f 4150 	7104 	7081
f 7073 	7080 	3866
f 7020 	7014 	7079
f 7072 	7240 	7076
f 7028 	7040 	7082
f 7244 	7078 	7076
f 7083 	4079 	7078
f 6274 	7020 	7079
f 4149 	4159 	7096
f 7079 	6344 	6274
f 7031 	7085 	7071
f 7110 	7112 	7081
f 6274 	7023 	7020
f 7031 	7082 	7085
f 7085 	7087 	7071
f 6276 	7023 	6274
f 7023 	6276 	6518
f 7244 	7245 	7083
f 7244 	7083 	7078
f 7245 	7084 	7083
f 7074 	7071 	7087
f 4150 	4149 	7096
f 7086 	7093 	7088
f 7079 	6341 	6344
f 7090 	7093 	7086
f 7093 	7025 	7088
f 7091 	7089 	7246
f 7084 	7245 	7089
f 7093 	7035 	7025
f 7246 	7089 	7245
f 7094 	7095 	7051
f 367 	7085 	7082
f 7110 	7081 	7105
f 367 	371 	7085
f 7055 	7095 	7097
f 7085 	371 	7087
f 7112 	7113 	7092
f 371 	394 	7087
f 7096 	7091 	7100
f 7090 	7102 	7093
f 7070 	7077 	7101
f 7090 	7099 	7102
f 7094 	2823 	7103
f 7077 	7111 	7101
f 7246 	7100 	7091
f 7096 	7104 	4150
f 7094 	7103 	7095
f 7035 	7093 	7102
f 7105 	7081 	7104
f 7095 	6336 	7097
f 7106 	755 	7060
f 7120 	7122 	7092
f 7101 	7106 	7060
f 755 	7106 	7107
f 7128 	7129 	7061
f 6336 	7095 	7103
f 7097 	6336 	6338
f 7106 	7116 	7107
f 7105 	7104 	7108
f 7097 	6338 	7075
f 7100 	7104 	7096
f 7107 	773 	759
f 6341 	7075 	6338
f 7100 	7108 	7104
f 3446 	3460 	7109
f 3446 	7109 	3448
f 7120 	7092 	7113
f 3448 	7109 	7086
f 7128 	7092 	7122
f 7106 	7101 	7111
f 7115 	7109 	3460
f 3460 	3471 	7115
f 7113 	7112 	7118
f 7108 	7118 	7112
f 7116 	7106 	7111
f 7109 	7115 	7090
f 7108 	7112 	7110
f 7108 	7110 	7105
f 7116 	444 	7107
f 7130 	7116 	7111
f 7115 	7098 	7099
f 444 	7116 	452
f 7115 	7099 	7090
f 7130 	452 	7116
f 7109 	7090 	7086
f 773 	7107 	444
f 3471 	3478 	7098
f 7135 	7061 	7129
f 7074 	7123 	7077
f 7135 	7136 	7061
f 7047 	7119 	7121
f 3471 	7098 	7115
f 7120 	7113 	7124
f 7048 	7121 	7125
f 7118 	7124 	7113
f 7087 	7123 	7074
f 7124 	7122 	7120
f 7206 	7098 	3478
f 7126 	7077 	7123
f 7080 	7088 	7127
f 7080 	7127 	3874
f 7123 	398 	7126
f 7049 	7125 	7094
f 7127 	7088 	7025
f 7077 	7126 	7111
f 7125 	2823 	7094
f 7126 	7130 	7111
f 7051 	7049 	7094
f 7124 	7131 	7128
f 7124 	7128 	7122
f 7131 	7129 	7128
f 7136 	7139 	7061
f 3555 	7141 	3618
f 7114 	2851 	2854
f 7133 	7008 	7132
f 7117 	7114 	2854
f 394 	7123 	7087
f 394 	398 	7123
f 7117 	2859 	7119
f 3555 	7061 	7139
f 7117 	2854 	2859
f 7119 	2859 	2821
f 399 	7130 	7126
f 7136 	7135 	7137
f 398 	399 	7126
f 7119 	2821 	7121
f 7121 	2822 	7125
f 7129 	7131 	7135
f 7137 	7135 	7131
f 2822 	7121 	2821
f 7140 	6529 	6526
f 7153 	3624 	7141
f 7139 	7141 	3555
f 6526 	6550 	7140
f 7132 	7138 	7142
f 7125 	2822 	2823
f 3708 	3703 	7162
f 7138 	7154 	7159
f 7170 	6896 	7143
f 7138 	7159 	7142
f 6409 	6814 	7145
f 7132 	7142 	7133
f 7133 	7142 	7148
f 7141 	7139 	7146
f 7140 	6550 	7149
f 7142 	7163 	7148
f 7145 	7149 	6550
f 7140 	7150 	7143
f 7133 	7148 	7134
f 7139 	7136 	7146
f 7149 	7150 	7140
f 7137 	7146 	7136
f 7134 	7148 	4996
f 7150 	7152 	7143
f 7151 	6912 	7147
f 7185 	7154 	7138
f 7168 	7169 	3775
f 6814 	7157 	7145
f 7145 	7157 	7149
f 7158 	7153 	7146
f 7149 	7160 	7150
f 7157 	7160 	7149
f 7155 	7153 	7158
f 7141 	7146 	7153
f 7161 	6894 	7156
f 7151 	7239 	7156
f 7168 	3775 	7164
f 7164 	3775 	7162
f 7160 	7179 	7150
f 7163 	7142 	7159
f 7175 	7176 	7065
f 7148 	7163 	5014
f 4591 	5014 	7163
f 7165 	6898 	7161
f 6862 	7165 	7167
f 7162 	7155 	7166
f 7158 	7166 	7155
f 7166 	7164 	7162
f 6781 	7154 	7194
f 7175 	3775 	7169
f 6896 	7170 	6926
f 7170 	7172 	6926
f 4591 	7163 	6787
f 7170 	7201 	7172
f 7152 	7201 	7170
f 7237 	7151 	7147
f 7169 	7168 	7171
f 7035 	7102 	7173
f 7164 	7166 	7168
f 7171 	7168 	7166
f 7174 	7039 	7035
f 7170 	7143 	7152
f 7035 	7173 	7174
f 7177 	7039 	7174
f 7161 	7047 	7165
f 7150 	7179 	7152
f 7165 	7048 	7167
f 7179 	7180 	7152
f 7175 	7169 	7178
f 7043 	7177 	7132
f 7048 	7165 	7047
f 7132 	7177 	7138
f 7201 	7152 	7180
f 7171 	7178 	7169
f 7008 	7043 	7132
f 7178 	7176 	7175
f 7176 	7182 	7065
f 7065 	7188 	7066
f 7190 	7191 	7066
f 7173 	7183 	7174
f 4 	5 	7180
f 7173 	7181 	7183
f 7177 	7174 	7185
f 7237 	7147 	7233
f 7186 	6941 	6928
f 7174 	7183 	7185
f 7184 	7182 	7178
f 6928 	7172 	7186
f 7138 	7177 	7185
f 7178 	7182 	7176
f 7161 	7156 	7241
f 7187 	6941 	7186
f 7182 	7188 	7065
f 7187 	7189 	6943
f 7190 	7066 	7188
f 7191 	7196 	7066
f 7181 	6766 	7192
f 6766 	6846 	7192
f 7189 	7040 	6943
f 7047 	7161 	7241
f 7181 	7192 	7183
f 7183 	7192 	7194
f 7191 	7190 	7193
f 7188 	7184 	7190
f 7184 	7188 	7182
f 7195 	6991 	6989
f 7193 	7190 	7184
f 7201 	7203 	7172
f 7183 	7194 	7185
f 7172 	7203 	7186
f 7195 	6989 	1937
f 7185 	7194 	7154
f 7197 	7052 	7196
f 7196 	7191 	7198
f 7197 	7196 	7198
f 7192 	6779 	7194
f 7207 	7189 	7187
f 7192 	6846 	6779
f 7193 	7198 	7191
f 7207 	190 	7189
f 7064 	7052 	7197
f 190 	365 	7189
f 7197 	7198 	7064
f 7069 	7064 	7198
f 6996 	7202 	6963
f 7194 	6779 	6781
f 7154 	6781 	6784
f 6996 	7200 	7202
f 7159 	7154 	6784
f 7204 	6963 	7202
f 7163 	7159 	6787
f 6787 	7159 	6784
f 7186 	7205 	7187
f 7203 	7205 	7186
f 7205 	7207 	7187
f 7204 	7209 	6964
f 7206 	3478 	6913
f 7098 	7206 	7210
f 7206 	6891 	7210
f 6964 	7209 	6967
f 7201 	7211 	7203
f 7210 	7099 	7098
f 7144 	6972 	6967
f 7099 	7210 	7213
f 7180 	7211 	7201
f 7211 	7214 	7203
f 7144 	6967 	7209
f 7144 	7147 	6972
f 7195 	1937 	2020
f 7213 	7102 	7099
f 7173 	7102 	7213
f 7212 	7217 	7208
f 7203 	7214 	7205
f 7223 	7208 	7220
f 194 	7205 	7214
f 7215 	7218 	7212
f 6913 	6889 	7206
f 7218 	7217 	7212
f 7205 	194 	7207
f 7199 	7249 	7200
f 7217 	7219 	7208
f 7207 	197 	190
f 7219 	7220 	7208
f 194 	197 	7207
f 6891 	7206 	6889
f 7250 	7202 	7200
f 7210 	6891 	7221
f 7200 	7249 	7250
f 5 	7211 	7180
f 7251 	7202 	7250
f 7220 	7219 	7222
f 7218 	7219 	7217
f 7211 	5 	176
f 7218 	7222 	7219
f 7221 	7213 	7210
f 7204 	7202 	7251
f 7214 	7211 	176
f 6936 	7223 	7224
f 7213 	7221 	7181
f 7224 	7225 	6936
f 7225 	7228 	6936
f 252 	194 	7214
f 7216 	7228 	7230
f 176 	252 	7214
f 7181 	7221 	6766
f 7213 	7181 	7173
f 6814 	7227 	7157
f 7224 	7223 	7226
f 7222 	7223 	7220
f 7222 	7226 	7223
f 7226 	7225 	7224
f 6814 	6826 	7227
f 7209 	7231 	7144
f 7227 	7229 	7157
f 7209 	7253 	7231
f 7227 	139 	7229
f 6848 	139 	7227
f 7226 	7232 	7228
f 7157 	7229 	7160
f 7233 	7144 	7231
f 7226 	7228 	7225
f 14 	7160 	7229
f 7232 	7230 	7228
f 7247 	7243 	1704
f 7230 	7234 	7216
f 7243 	7235 	1704
f 7147 	7144 	7233
f 1704 	1708 	7247
f 14 	7179 	7160
f 1700 	7247 	1708
f 7227 	6826 	6848
f 7234 	7230 	7236
f 7232 	7236 	7230
f 7238 	7216 	7234
f 7235 	1773 	1736
f 7229 	140 	14
f 7235 	1736 	1704
f 7238 	7072 	7216
f 139 	140 	7229
f 7239 	7151 	7237
f 7265 	3945 	4400
f 7156 	7239 	7241
f 7180 	7179 	4
f 7236 	7238 	7234
f 14 	4 	7179
f 7236 	7240 	7238
f 7072 	7238 	7240
f 7258 	7233 	7231
f 7242 	7235 	7243
f 7244 	7076 	7240
f 7233 	7259 	7237
f 7233 	7258 	7259
f 7247 	3951 	7243
f 1700 	3956 	7247
f 7262 	4619 	7260
f 7239 	7117 	7241
f 7241 	7119 	7047
f 7241 	7117 	7119
f 7195 	7248 	7199
f 2020 	7248 	7195
f 5270 	5202 	5341
f 7249 	7199 	7248
f 7282 	1773 	7235
f 7384 	4850 	7252
f 7209 	7204 	7253
f 7204 	7251 	7253
f 4619 	7274 	7263
f 2945 	2947 	7248
f 2955 	7251 	7250
f 7064 	7255 	7052
f 7260 	7052 	7255
f 6695 	6764 	7291
f 2020 	2945 	7248
f 7306 	5202 	7298
f 7248 	2947 	7249
f 7249 	2947 	2951
f 7249 	2951 	7250
f 7064 	7256 	7255
f 2955 	7250 	2951
f 6788 	7254 	7314
f 2910 	7253 	7251
f 2910 	2915 	7253
f 6788 	7314 	6710
f 7231 	7253 	2915
f 2915 	7258 	7231
f 7237 	7259 	7114
f 2851 	7114 	7259
f 7237 	7114 	7239
f 7257 	7269 	7272
f 7257 	7272 	7261
f 7239 	7114 	7117
f 7258 	2915 	2927
f 7258 	2927 	2929
f 4400 	7261 	7265
f 7259 	7258 	2929
f 7260 	7256 	7262
f 7256 	7260 	7255
f 7242 	3945 	7265
f 7264 	7262 	7256
f 2851 	7259 	2929
f 7267 	7283 	822
f 822 	767 	7267
f 7268 	4866 	7271
f 4865 	4866 	7268
f 7269 	7290 	7272
f 7262 	7274 	4619
f 7276 	7263 	7274
f 4823 	4821 	7263
f 7277 	7285 	7263
f 7276 	7277 	7263
f 7261 	7272 	7278
f 7275 	5318 	7279
f 7261 	7278 	7265
f 7265 	7282 	7242
f 7268 	7267 	4865
f 7265 	7278 	7282
f 7264 	7281 	7274
f 7264 	7274 	7262
f 7235 	7242 	7282
f 7281 	7276 	7274
f 7281 	7277 	7276
f 7271 	4874 	7273
f 4866 	4874 	7271
f 7289 	7269 	7266
f 7275 	7273 	4876
f 5554 	5551 	7270
f 7275 	4876 	5318
f 5318 	5323 	7279
f 5611 	7355 	7365
f 1362 	822 	7283
f 4823 	7263 	7285
f 6692 	1773 	7282
f 7283 	7268 	7284
f 7267 	7268 	7283
f 7268 	7271 	7284
f 7285 	7277 	7288
f 7281 	7288 	7277
f 7271 	7286 	7284
f 7273 	7286 	7271
f 7286 	7273 	7287
f 7290 	7269 	7289
f 7275 	7287 	7273
f 7272 	7290 	7291
f 7254 	7290 	7289
f 7290 	6695 	7291
f 7290 	7254 	6695
f 7272 	7291 	7278
f 6692 	7278 	7291
f 7294 	7293 	7280
f 7285 	7297 	4823
f 7280 	7302 	7294
f 7291 	6764 	6692
f 7298 	5194 	7297
f 7309 	5341 	7306
f 7278 	6692 	7282
f 7275 	7292 	7287
f 7275 	7279 	7292
f 7279 	7293 	7292
f 7279 	7280 	7293
f 5323 	7280 	7279
f 7299 	7298 	7288
f 7280 	7315 	7302
f 7297 	7288 	7298
f 7288 	7297 	7285
f 7296 	7294 	7302
f 7296 	7303 	7301
f 7302 	7303 	7296
f 7303 	7304 	7301
f 7300 	7330 	7266
f 7300 	7328 	7330
f 7320 	5341 	7309
f 7321 	7332 	5341
f 7309 	7306 	7312
f 7317 	7304 	7303
f 7305 	7319 	7308
f 7314 	7254 	7289
f 7299 	7312 	7306
f 7299 	7306 	7298
f 5323 	7315 	7280
f 7315 	7316 	7302
f 7302 	7316 	7303
f 7316 	7317 	7303
f 7315 	4936 	7316
f 7316 	5334 	7317
f 7304 	7318 	7305
f 7317 	7318 	7304
f 7318 	7319 	7305
f 7313 	6710 	7314
f 7320 	7321 	5341
f 7316 	4936 	5334
f 7340 	7342 	7270
f 5334 	7427 	7317
f 7427 	7318 	7317
f 7427 	7428 	7318
f 7319 	7318 	7428
f 5334 	5109 	7427
f 7324 	7321 	7312
f 7320 	7312 	7321
f 7326 	1171 	1027
f 7498 	7323 	7325
f 7309 	7312 	7320
f 7326 	7364 	7327
f 7327 	7367 	7329
f 7266 	7330 	7289
f 4850 	7384 	5716
f 7322 	7331 	7323
f 7422 	6176 	7412
f 7323 	7331 	7307
f 5353 	5341 	7332
f 7340 	7270 	7333
f 7333 	7270 	7332
f 5353 	7332 	7270
f 7331 	7347 	7307
f 7326 	1177 	1171
f 7342 	7354 	7270
f 7325 	7323 	7307
f 7326 	7327 	1177
f 7379 	7384 	7252
f 7325 	7307 	7311
f 7325 	7311 	7328
f 7328 	7313 	7330
f 7328 	7311 	7313
f 7330 	7314 	7289
f 7333 	7332 	7334
f 7330 	7313 	7314
f 7321 	7324 	7332
f 7324 	7334 	7332
f 6709 	7313 	7311
f 6709 	6710 	7313
f 7347 	7344 	6792
f 7327 	7329 	7337
f 7337 	7329 	7338
f 7338 	7335 	7339
f 6795 	7347 	6792
f 7329 	7335 	7338
f 7362 	7410 	7344
f 7341 	7343 	7502
f 7343 	7350 	7345
f 7344 	7331 	7362
f 7347 	7331 	7344
f 7337 	1177 	7327
f 7348 	7311 	7307
f 7334 	7346 	7342
f 7342 	7340 	7334
f 7334 	7340 	7333
f 7348 	7307 	7347
f 7339 	7336 	7341
f 7348 	6709 	7311
f 7339 	7335 	7336
f 7336 	7349 	7341
f 7349 	7343 	7341
f 7349 	7350 	7343
f 7348 	7347 	6795
f 7348 	6795 	6797
f 5611 	7270 	7354
f 7348 	6797 	6709
f 7354 	7355 	5611
f 7346 	7360 	7354
f 7346 	7354 	7342
f 7360 	7355 	7354
f 7349 	7375 	7350
f 7375 	7377 	7350
f 7350 	7377 	7351
f 7351 	7389 	7352
f 7351 	7377 	7389
f 7331 	7322 	7362
f 7363 	1027 	1367
f 1027 	7363 	7326
f 7404 	7358 	7356
f 7363 	7364 	7326
f 7406 	7359 	7358
f 7252 	7365 	7366
f 7367 	7327 	7364
f 7367 	7368 	7329
f 7335 	7329 	7368
f 7372 	7336 	7335
f 7366 	7365 	7369
f 7360 	7365 	7355
f 7360 	7369 	7365
f 7363 	1367 	7284
f 7363 	7286 	7364
f 7284 	7286 	7363
f 7286 	7287 	7364
f 7367 	7364 	7287
f 7367 	7292 	7368
f 7292 	7367 	7287
f 7292 	7293 	7368
f 7368 	7372 	7335
f 7368 	7293 	7372
f 7336 	7374 	7349
f 7336 	7372 	7374
f 7374 	7375 	7349
f 7366 	7378 	7252
f 7378 	7379 	7252
f 7386 	7295 	7385
f 7293 	7294 	7372
f 7372 	7294 	7374
f 7294 	7296 	7374
f 7379 	7369 	7381
f 7374 	7296 	7375
f 7375 	7301 	7377
f 7369 	7379 	7378
f 7369 	7378 	7366
f 7296 	7301 	7375
f 6626 	6621 	7463
f 7393 	7389 	7377
f 7463 	7451 	6626
f 7370 	7471 	7474
f 7370 	7474 	7371
f 7373 	7477 	7478
f 7478 	7376 	7373
f 7408 	7382 	7357
f 7376 	7478 	7480
f 7408 	7409 	7382
f 7380 	7376 	7480
f 7382 	7409 	7383
f 7396 	7295 	7386
f 7416 	7569 	7383
f 7295 	7397 	7387
f 7380 	7434 	7356
f 7352 	7389 	7390
f 7381 	7391 	7384
f 7389 	7394 	7390
f 7381 	7384 	7379
f 7393 	7394 	7389
f 7384 	7391 	7385
f 7391 	7386 	7385
f 6727 	6792 	7344
f 7394 	7395 	7390
f 7390 	7395 	7392
f 6917 	7419 	6916
f 7377 	7301 	7393
f 7301 	7304 	7393
f 7396 	7397 	7295
f 7399 	7392 	7395
f 6673 	94 	6672
f 6675 	7442 	6674
f 6678 	7442 	6675
f 7398 	7396 	7391
f 7304 	7305 	7393
f 7305 	7394 	7393
f 7391 	7396 	7386
f 7398 	7397 	7396
f 7395 	7394 	7308
f 7394 	7305 	7308
f 6745 	6746 	7450
f 7450 	6747 	6745
f 7457 	7462 	7425
f 6832 	7453 	6831
f 7397 	7402 	7387
f 7310 	7399 	7395
f 7395 	7308 	7310
f 7399 	7310 	7403
f 7399 	7403 	7400
f 7400 	7458 	7401
f 6837 	6819 	7455
f 7403 	7458 	7400
f 7458 	7459 	7401
f 7397 	7398 	7402
f 7407 	7361 	7359
f 7390 	7353 	7352
f 7405 	7402 	7398
f 7390 	7392 	7353
f 7392 	7357 	7353
f 7407 	7359 	7406
f 7392 	7408 	7357
f 7361 	7407 	7410
f 7392 	7399 	7408
f 7402 	7411 	7387
f 7411 	7412 	7387
f 7410 	7362 	7361
f 7440 	7425 	7438
f 7408 	7400 	7409
f 7399 	7400 	7408
f 7409 	7416 	7383
f 7412 	7411 	7414
f 7405 	7414 	7411
f 7402 	7405 	7411
f 7404 	7415 	7419
f 7409 	7401 	7416
f 7401 	7409 	7400
f 7401 	7420 	7416
f 7404 	7419 	7406
f 7401 	7459 	7420
f 7416 	7420 	7417
f 7406 	7419 	7421
f 7417 	7423 	7418
f 7429 	7413 	7424
f 7413 	7422 	7424
f 7420 	7423 	7417
f 7423 	7466 	7418
f 7429 	7431 	7413
f 7406 	7421 	7407
f 7407 	7421 	7388
f 6924 	7388 	7421
f 7422 	7414 	7426
f 7407 	7388 	7410
f 7410 	6727 	7344
f 7403 	7310 	7439
f 7412 	7414 	7422
f 7410 	7388 	6727
f 7426 	7424 	7422
f 7455 	6820 	7415
f 6821 	7415 	6820
f 7415 	6919 	7419
f 7319 	7428 	7430
f 7430 	7435 	7432
f 7419 	6917 	6921
f 6922 	7421 	6921
f 7419 	6921 	7421
f 7427 	5113 	7428
f 6924 	7421 	6922
f 5113 	5355 	7428
f 5355 	7430 	7428
f 5355 	7435 	7430
f 7435 	7436 	7432
f 7404 	7356 	7434
f 7426 	7433 	7429
f 7426 	7429 	7424
f 7415 	7404 	7434
f 7435 	5355 	5231
f 7431 	7429 	7433
f 7435 	5231 	7493
f 7358 	7404 	7406
f 7437 	7308 	7319
f 7319 	7430 	7437
f 7308 	7437 	7310
f 7437 	7439 	7310
f 7449 	7425 	7440
f 206 	7442 	7471
f 7464 	7451 	7463
f 206 	94 	7442
f 7430 	7432 	7437
f 7437 	7432 	7439
f 7445 	7441 	7439
f 7432 	7445 	7439
f 7471 	7442 	7443
f 7445 	7446 	7441
f 7443 	6743 	7447
f 7440 	7438 	7444
f 7438 	7433 	7444
f 7431 	7433 	7438
f 7443 	6680 	6743
f 7456 	7425 	7449
f 7432 	7436 	7445
f 7436 	7452 	7445
f 7456 	7457 	7425
f 6742 	7447 	6743
f 7447 	6747 	7450
f 7447 	6742 	6747
f 7454 	7449 	7444
f 7445 	7452 	7446
f 7446 	2866 	7448
f 7452 	2866 	7446
f 7480 	7455 	7434
f 7440 	7444 	7449
f 2866 	2869 	7448
f 7480 	7453 	7455
f 7455 	7415 	7434
f 7452 	3107 	2866
f 6674 	7442 	6673
f 6680 	7443 	6678
f 7442 	6678 	7443
f 7457 	7456 	7460
f 7454 	7456 	7449
f 7454 	7460 	7456
f 7403 	7441 	7458
f 7467 	7451 	7464
f 7441 	7403 	7439
f 7458 	7441 	7479
f 7467 	7468 	7451
f 7458 	7479 	7459
f 7459 	7481 	7461
f 7459 	7479 	7481
f 7450 	6829 	7453
f 7482 	7472 	7461
f 7464 	7463 	7465
f 7460 	7465 	7463
f 7460 	7462 	7457
f 7453 	6832 	6835
f 7462 	7460 	7463
f 7453 	6835 	7455
f 6837 	7455 	6835
f 7468 	7212 	7451
f 7587 	7466 	7469
f 7470 	7467 	7465
f 7420 	7459 	7461
f 7471 	7370 	7560
f 7420 	7461 	7423
f 7472 	7466 	7423
f 7468 	7467 	7470
f 7464 	7465 	7467
f 7472 	7423 	7461
f 7471 	7560 	206
f 7466 	7473 	7469
f 7472 	7473 	7466
f 7473 	7475 	7469
f 7215 	7212 	7470
f 7212 	7468 	7470
f 7469 	7475 	923
f 7476 	926 	923
f 7373 	7371 	7477
f 7475 	7476 	923
f 7476 	943 	926
f 7473 	7472 	7483
f 7100 	7246 	7193
f 7198 	7218 	7069
f 7193 	7218 	7198
f 7193 	7184 	7100
f 7184 	7178 	7100
f 7178 	7171 	7100
f 7171 	7166 	7100
f 7166 	7158 	7100
f 7158 	7146 	7100
f 7146 	7137 	7100
f 7137 	7131 	7100
f 7108 	7100 	7131
f 7124 	7118 	7131
f 7108 	7131 	7118
f 7482 	7483 	7472
f 7371 	7474 	7477
f 7218 	7193 	7222
f 7222 	7193 	7226
f 7215 	7069 	7218
f 7232 	7226 	7193
f 7246 	7245 	7193
f 7245 	7244 	7193
f 7244 	7240 	7193
f 7240 	7236 	7193
f 7236 	7232 	7193
f 7441 	7446 	7479
f 7460 	7069 	7465
f 7470 	7465 	7069
f 7215 	7470 	7069
f 7069 	7460 	7454
f 7069 	7454 	7444
f 7069 	7444 	7433
f 7069 	7433 	7426
f 7069 	7426 	7414
f 7069 	7414 	7405
f 7069 	7405 	7398
f 7069 	7398 	7391
f 7069 	7391 	7381
f 7069 	7381 	7369
f 7069 	7369 	7360
f 7069 	7360 	7346
f 7069 	7346 	7334
f 7069 	7334 	7324
f 7069 	7324 	7312
f 7069 	7312 	7299
f 7288 	7264 	7299
f 7281 	7264 	7288
f 7256 	7299 	7264
f 7069 	7299 	7256
f 7481 	7482 	7461
f 7448 	7481 	7479
f 7434 	7380 	7480
f 7473 	7484 	7475
f 7483 	7484 	7473
f 7443 	7474 	7471
f 7484 	7489 	7475
f 7474 	7443 	7447
f 7484 	3076 	7489
f 7476 	7475 	7489
f 7474 	7447 	7477
f 7446 	7448 	7479
f 7447 	7450 	7477
f 7478 	7477 	7450
f 7487 	7481 	7448
f 7480 	7478 	7453
f 7478 	7450 	7453
f 943 	7490 	946
f 7481 	7487 	7482
f 7488 	7482 	7487
f 7486 	4392 	4428
f 7482 	7488 	7483
f 4428 	7485 	7486
f 4392 	7486 	7257
f 7488 	3029 	7483
f 2869 	7487 	7448
f 7269 	7257 	7486
f 7488 	7487 	3033
f 2869 	3033 	7487
f 3033 	3039 	7488
f 7257 	4393 	4392
f 7488 	3039 	3029
f 7257 	7261 	4393
f 7476 	7490 	943
f 7476 	7489 	7490
f 4521 	946 	7490
f 7485 	7300 	7266
f 3029 	7484 	7483
f 7486 	7485 	7266
f 3029 	3076 	7484
f 7266 	7269 	7486
f 3076 	3081 	7489
f 7489 	3081 	7490
f 3081 	3086 	7490
f 7490 	3086 	4521
f 7491 	4507 	4585
f 7436 	7435 	7493
f 7493 	3105 	7436
f 7436 	3105 	7452
f 7492 	4507 	7491
f 3105 	3107 	7452
f 2868 	7337 	2870
f 2868 	1177 	7337
f 2870 	7337 	7338
f 4426 	4441 	7495
f 7495 	7485 	4426
f 7499 	7338 	7339
f 7491 	7496 	7497
f 7512 	7505 	7345
f 7491 	7497 	7492
f 7492 	7498 	7494
f 7492 	7497 	7498
f 7494 	7498 	7501
f 7499 	7339 	7500
f 7339 	7341 	7500
f 7494 	7501 	7495
f 7500 	7341 	7502
f 7485 	7495 	7300
f 7495 	7501 	7300
f 7499 	2870 	7338
f 7530 	7362 	7322
f 7497 	7496 	7322
f 7497 	7322 	7323
f 7503 	7345 	7504
f 7497 	7323 	7498
f 7498 	7325 	7501
f 7501 	7325 	7328
f 7501 	7328 	7300
f 7503 	7502 	7343
f 7343 	7345 	7503
f 7504 	7345 	7505
f 4576 	7509 	7510
f 7506 	7505 	7513
f 7505 	7512 	7513
f 7514 	7506 	7513
f 7513 	7353 	7514
f 7507 	7516 	7508
f 7514 	7516 	7507
f 4585 	7515 	7491
f 7345 	7350 	7512
f 7351 	7512 	7350
f 7351 	7352 	7512
f 7512 	7352 	7513
f 7513 	7352 	7353
f 7509 	7518 	7519
f 7514 	7357 	7516
f 7353 	7357 	7514
f 7357 	7382 	7516
f 7516 	7382 	7517
f 7509 	7519 	7510
f 7382 	7383 	7517
f 7511 	7510 	7520
f 7510 	7519 	7520
f 7511 	7521 	7515
f 7506 	7514 	7507
f 7511 	7520 	7521
f 7515 	7521 	7496
f 7508 	7516 	7517
f 7517 	7383 	7522
f 7515 	7496 	7491
f 7522 	7523 	7557
f 7520 	7529 	7521
f 7523 	7570 	7524
f 7496 	7521 	7530
f 7525 	4368 	3065
f 3059 	7500 	3065
f 7518 	7527 	7519
f 3059 	7499 	7500
f 7500 	7502 	3065
f 7525 	3065 	7502
f 7544 	7527 	7518
f 7502 	7503 	7525
f 7525 	7503 	7526
f 7519 	7527 	7528
f 7526 	7504 	7533
f 7503 	7504 	7526
f 7533 	7504 	7535
f 7505 	7535 	7504
f 7519 	7528 	7520
f 7535 	7505 	7506
f 7529 	7520 	7528
f 7530 	7521 	7529
f 7530 	7322 	7496
f 7528 	7527 	7358
f 7356 	7358 	7527
f 7528 	7358 	7529
f 7359 	7529 	7358
f 7529 	7359 	7361
f 7529 	7361 	7530
f 7530 	7361 	7362
f 625 	534 	7531
f 4369 	7526 	4425
f 7531 	7547 	625
f 7525 	7526 	4369
f 7526 	7533 	4425
f 7536 	7518 	7553
f 7536 	7544 	7518
f 7553 	7518 	7509
f 7537 	7507 	7538
f 7531 	7541 	7532
f 7536 	7543 	7544
f 7537 	7535 	7506
f 7540 	7531 	534
f 7506 	7507 	7537
f 534 	554 	7540
f 7538 	7508 	7539
f 7507 	7508 	7538
f 7541 	7531 	7540
f 7532 	7541 	7542
f 7533 	4429 	4425
f 7533 	7535 	4429
f 7532 	7542 	7534
f 7543 	7534 	7542
f 4503 	4429 	7535
f 7542 	7376 	7543
f 7534 	7543 	7536
f 4506 	7538 	7539
f 7540 	554 	7370
f 7541 	7540 	7371
f 7540 	7370 	7371
f 7541 	7371 	7373
f 7373 	7542 	7541
f 4508 	7539 	7545
f 7376 	7542 	7373
f 7543 	7376 	7380
f 7543 	7380 	7544
f 7544 	7356 	7527
f 7544 	7380 	7356
f 6815 	625 	7547
f 7549 	6818 	7547
f 4615 	7549 	7551
f 7551 	4620 	4615
f 4620 	7551 	7553
f 7551 	7536 	7553
f 7553 	4625 	4620
f 7509 	4625 	7553
f 4579 	4576 	7510
f 7557 	7546 	7545
f 4579 	7510 	7511
f 7546 	7559 	7548
f 7547 	7531 	7532
f 7549 	7547 	7532
f 7551 	7549 	7534
f 7549 	7532 	7534
f 7536 	7551 	7534
f 7556 	7545 	7539
f 7508 	7556 	7539
f 7554 	202 	7555
f 7557 	7545 	7556
f 545 	7555 	7558
f 7555 	204 	7558
f 7556 	7522 	7557
f 7558 	549 	545
f 549 	7560 	554
f 549 	7558 	7560
f 7559 	7546 	7557
f 7370 	554 	7560
f 41 	180 	7554
f 202 	7554 	180
f 7508 	7517 	7556
f 204 	7555 	202
f 7558 	206 	7560
f 7517 	7522 	7556
f 7558 	204 	206
f 7523 	7559 	7557
f 649 	488 	9
f 488 	33 	9
f 7523 	7524 	7559
f 7524 	7561 	7559
f 7575 	7563 	7562
f 7550 	7548 	7561
f 7548 	7559 	7561
f 7550 	7561 	7562
f 7562 	7552 	7550
f 7562 	7563 	7552
f 7563 	45 	7552
f 7563 	7564 	45
f 53 	7565 	7566
f 7566 	7567 	60
f 7566 	7579 	7567
f 7564 	7563 	7576
f 7568 	7562 	7561
f 7561 	7524 	7568
f 7522 	7569 	7523
f 7569 	7522 	7383
f 7570 	7523 	7569
f 7571 	7568 	7524
f 7524 	7570 	7571
f 7571 	7572 	7568
f 7569 	7417 	7570
f 7416 	7417 	7569
f 7570 	7418 	7571
f 7571 	7587 	7572
f 7575 	7562 	7568
f 7576 	7563 	7575
f 7573 	7576 	7575
f 7577 	7564 	7576
f 7574 	7577 	7576
f 7568 	7572 	7575
f 7572 	7573 	7575
f 7576 	7573 	7574
f 7574 	7582 	7577
f 7564 	7577 	7565
f 7577 	7578 	7565
f 7578 	7566 	7565
f 7566 	7578 	7579
f 7567 	7580 	179
f 7580 	7567 	7579
f 7580 	7581 	179
f 7583 	7579 	7578
f 7586 	754 	7581
f 7577 	7582 	7578
f 7582 	7583 	7578
f 7579 	7584 	7580
f 7584 	7579 	7583
f 7584 	7585 	7580
f 7584 	963 	7585
f 7580 	7585 	7581
f 7585 	7586 	7581
f 7590 	7582 	7574
f 7586 	974 	792
f 7418 	7570 	7417
f 7418 	7587 	7571
f 7418 	7466 	7587
f 7572 	7588 	7573
f 7587 	7588 	7572
f 7573 	7589 	7574
f 7588 	7589 	7573
f 7589 	7590 	7574
f 923 	7589 	7588
f 7590 	918 	7582
f 7590 	930 	918
f 7469 	7588 	7587
f 7469 	923 	7588
f 7589 	926 	7590
f 7589 	923 	926
f 926 	930 	7590
f 918 	7583 	7582
f 7583 	960 	7584
f 7583 	918 	960
f 963 	7584 	960
f 963 	967 	7585
f 7586 	7585 	967
f 967 	974 	7586
f 974 	1050 	792
f 4505 	4503 	7537
f 4503 	7535 	7537
f 7537 	7538 	4505
f 7538 	4506 	4505
f 4506 	7539 	4508
f 7545 	4509 	4508
f 7546 	17 	4509
f 7546 	4509 	7545
f 7546 	7548 	17
f 17 	7548 	22
f 7548 	7550 	22
f 22 	7550 	28
f 28 	7550 	86
f 7552 	86 	7550
f 86 	45 	89
f 7552 	45 	86
# 15176 faces

 #end of obj_0

