# Object Export From Tinkercad Server 2015

mtllib obj.mtl

o obj_0
v -104.146 		120.302 		0
v -37.693 		156.108 		11.967
v -104.336 		120.018 		0
v -104.561 		119.761 		0
v -104.819 		119.535 		0
v -105.103 		119.345 		0
v -105.41 		119.194 		0
v -105.735 		119.084 		0
v -106.07 		119.017 		0
v -106.3343 		119 		0
v -48.8187 		158.8932 		10.001
v -106.3343 		189 		0
v -106.07 		188.983 		0
v -105.735 		188.916 		0
v -105.41 		188.806 		0
v -105.103 		188.655 		0
v -104.819 		188.465 		0
v -37.493 		155.847 		11.379
v -104.561 		188.239 		0
v -104.336 		187.982 		0
v -104.146 		187.698 		0
v -39.524 		163.04 		10
v -45.608 		146.817 		14.677
v -39.086 		162.819 		10
v -111 		189 		0
v -48.9746 		158.7334 		10.001
v -39.973 		163.239 		10
v -111 		119 		0
v -37.5809 		150.7371 		10.001
v -37.7003 		150.4806 		10.001
v -103.8 		124 		0
v -40.431 		163.415 		10
v -103.8 		121.5323 		0
v -103.817 		121.268 		0
v -103.884 		120.933 		0
v -37.4495 		150.9523 		10.001
v -37.5047 		150.858 		10.001
v -37.631 		155.806 		12.264
v -103.994 		120.609 		0
v -40.897 		163.569 		10
v -103.994 		187.391 		0
v -103.884 		187.067 		0
v -103.817 		186.732 		0
v -103.8 		186.4677 		0
v -48.657 		146.44 		14.316
v -103.8 		132 		0
v -49.1318 		158.56 		10.001
v -103.8 		164.003 		0
v -40.299 		160.064 		10
v -103.8 		144.003 		0
v -48.796 		158.771 		10.236
v -48.563 		159.003 		10.236
v -48.6856 		159.0257 		10.001
v -111 		122.998 		11
v -33.992 		155.951 		10
v -111 		123.057 		10.086
v -111 		123.236 		9.188
v -47.797 		146.17 		15.998
v -111 		123.531 		8.32
v -34.1 		156.43 		10
v -50.675 		153.34 		10.236
v -50.795 		153.4834 		10.001
v -48.661 		146.669 		15.998
v -111 		125.048 		15.952
v -111 		124.445 		15.263
v -111 		123.936 		14.501
v -48.319 		159.225 		10.236
v -111 		123.531 		13.68
v -48.066 		159.434 		10.236
v -47.802 		159.632 		10.236
v -111 		123.236 		12.812
v -111 		123.057 		11.914
v -47.913 		147.069 		15.998
v -37.831 		156.383 		12.264
v -50.636 		153.013 		10.236
v -50.582 		152.688 		10.236
v -50.736 		152.948 		10.001
v -38.354 		149.721 		10.236
v -48.3302 		159.3489 		10.001
v -47.367 		145.749 		14.367
v -50.6976 		152.7169 		10.001
v -37.571 		150.976 		10.236
v -48.1856 		159.4683 		10.001
v -48.0349 		159.5814 		10.001
v -37.422 		151.0323 		10.001
v -37.3639 		151.1994 		10.001
v -48.5463 		159.1525 		10.001
v -53.642 		155.13 		14.88
v -38.1797 		149.7753 		10.001
v -53.686 		154.029 		14.898
v -38.2999 		149.6146 		10.001
v -37.8437 		150.2148 		10.001
v -53.611 		152.932 		14.918
v -48.051 		146.079 		12.341
v -34.231 		156.903 		10
v -111 		136.469 		8.32
v -34.385 		157.369 		10
v -111 		136.764 		9.188
v -111 		136.943 		10.086
v -34.561 		157.827 		10
v -111 		137.003 		11
v -53.773 		153.527 		13.012
v -111 		136.943 		11.914
v -34.76 		158.276 		10
v -111 		136.764 		12.812
v -111 		136.469 		13.68
v -34.981 		158.714 		10
v -53.738 		154.96 		12.97
v -111 		136.064 		14.501
v -111 		135.555 		15.263
v -35.223 		159.141 		10
v -53.714 		152.813 		13.033
v -111 		134.952 		15.952
v -35.485 		159.556 		10
v -38.564 		149.468 		10.236
v -38.785 		149.224 		10.236
v -111 		134.263 		16.555
v -111 		133.501 		17.064
v -111 		132.68 		17.469
v -111 		131.812 		17.764
v -39.537 		159.555 		10
v -45.328 		144.445 		15.123
v -111 		130.914 		17.943
v -111 		130 		18.003
v -111 		129.086 		17.943
v -38.848 		158.951 		10
v -111 		128.188 		17.764
v -38.8954 		148.9683 		10.001
v -111 		127.32 		17.469
v -111 		126.499 		17.064
v -38.245 		158.263 		10
v -111 		125.737 		16.555
v -45.662 		144.812 		14.808
v -37.736 		157.501 		10
v -111 		122.998 		49
v -46.504 		144.694 		15.103
v -111 		123.057 		48.086
v -111 		123.236 		47.188
v -37.331 		156.68 		10
v -111 		123.531 		46.32
v -111 		123.936 		45.499
v -38.4492 		149.4348 		10.001
v -38.6064 		149.2613 		10.001
v -111 		124.445 		44.737
v -37.036 		155.812 		10
v -111 		125.048 		44.048
v -38.7623 		149.1013 		10.001
v -111 		125.737 		43.445
v -111 		126.499 		42.936
v -53.787 		153.997 		10.995
v -53.789 		153.997 		10.993
v -111 		127.32 		42.531
v -111 		128.188 		42.236
v -111 		129.086 		42.057
v -111 		130 		41.998
v -111 		122.998 		41.998
v -53.705 		152.707 		11.039
v -111 		130.914 		42.057
v -53.507 		151.689 		11.072
v -111 		131.812 		42.236
v -111 		132.68 		42.531
v -111 		133.501 		42.936
v -45.281 		145.331 		15.998
v -111 		134.263 		43.445
v -39.018 		148.991 		10.236
v -111 		134.952 		44.048
v -111 		135.555 		44.737
v -111 		136.064 		45.499
v -111 		136.469 		46.32
v -39.779 		148.363 		10.236
v -111 		136.764 		47.188
v -111 		136.943 		48.086
v -40.477 		147.928 		10.236
v -111 		137.003 		49
v -40.1785 		147.9902 		10.001
v -40.4196 		147.823 		10.001
v -111 		130.914 		55.943
v -111 		130 		56.003
v -111 		129.086 		55.943
v -45.381 		145.152 		14.441
v -111 		128.188 		55.764
v -40.6906 		147.7106 		10.001
v -111 		127.32 		55.469
v -111 		126.499 		55.064
v -111 		125.737 		54.555
v -111 		125.048 		53.952
v -111 		124.445 		53.263
v -111 		123.936 		52.501
v -111 		123.531 		51.68
v -111 		123.236 		50.812
v -111 		123.057 		49.914
v -111 		136.943 		49.914
v -39.515 		148.56 		10.236
v -111 		136.764 		50.812
v -111 		136.469 		51.68
v -111 		136.064 		52.501
v -111 		135.555 		53.263
v -111 		134.952 		53.952
v -111 		134.263 		54.555
v -46.883 		144.493 		13.4
v -111 		133.501 		55.064
v -111 		132.68 		55.469
v -45.786 		144.203 		13.437
v -111 		131.812 		55.764
v -103.8 		144 		7.973
v -53.688 		155.416 		10.944
v -111 		170.998 		11
v -111 		171.057 		10.086
v -111 		171.236 		9.188
v -111 		171.531 		8.32
v -45.494 		145.17 		12.437
v -111 		173.049 		15.952
v -111 		172.445 		15.263
v -111 		171.936 		14.501
v -111 		171.531 		13.68
v -111 		171.236 		12.812
v -111 		171.057 		11.914
v -46.106 		145.315 		12.415
v -35.768 		159.957 		4.003
v -103.8 		164 		7.973
v -46.464 		145.033 		12.771
v -35.7967 		159.9938 		4.003
v -35.7967 		159.9938 		4
v -35.964 		160.2081 		4
v -35.964 		160.2081 		4.003
v -33.7907 		154.5315 		10.001
v -36.07 		160.344 		4.003
v -33.7907 		153.6443 		10.001
v -36.39 		160.716 		4.003
v -36.6277 		160.9649 		4.003
v -36.6277 		160.9649 		4
v -36.729 		161.071 		4
v -36.844 		161.1805 		4
v -36.844 		161.1805 		4.003
v -33.8 		153.9271 		4
v -33.8 		153.9271 		0
v -33.8 		154.0789 		0
v -33.8 		154.0789 		4
v -33.8 		154 		4
v -37.084 		161.409 		4.003
v -53.8058 		153.8945 		10.001
v -47.996 		145.245 		15.08
v -37.456 		161.73 		4.003
v -53.8089 		153.9924 		10.001
v -53.301 		153.997 		10.509
v -37.5881 		161.8331 		4.003
v -53.8089 		153.9993 		10.001
v -37.5881 		161.8331 		4
v -37.8145 		162.0098 		4
v -37.8145 		162.0098 		4.003
v -53.8084 		154.0061 		10.001
v -37.843 		162.032 		4.003
v -37.819 		157.076 		10.801
v -38.244 		162.315 		4.003
v -38.659 		162.577 		4.003
v -38.6933 		162.5965 		4.003
v -43.3283 		143.9967 		10.001
v -38.6933 		162.5965 		4
v -38.9439 		162.7384 		4
v -38.9439 		162.7384 		4.003
v -44.036 		143.9835 		10.001
v -39.086 		162.819 		4.003
v -37.616 		156.642 		10.801
v -47.679 		144.795 		13.371
v -39.524 		163.04 		4.003
v -43.9095 		164.017 		10.001
v -39.8329 		163.1769 		4.003
v -39.8329 		163.1769 		4
v -39.973 		163.239 		4
v -37.515 		156.17 		11.09
v -43.9026 		164.0168 		10.001
v -40.1303 		163.2995 		4
v -40.1303 		163.2995 		4.003
v -40.431 		163.415 		4.003
v -40.897 		163.569 		4.003
v -40.697 		162.229 		15.998
v -40.299 		160.064 		4
v -39.261 		148.77 		10.236
v -38.12 		160.727 		15.998
v -37.171 		159.794 		15.998
v -48.296 		145.824 		10.681
v -48.993 		145.464 		11.325
v -38.627 		160.18 		15.998
v -39.3954 		148.5261 		10.001
v -39.5461 		148.4136 		10.001
v -39.7799 		148.2386 		10.001
v -39.068 		161.402 		15.998
v -38.5353 		158.6484 		10.001
v -39.671 		160.92 		15.998
v -39.0341 		148.842 		10.001
v -38.742 		158.8546 		10.001
v -40.819 		161.485 		15.998
v -39.2503 		148.6461 		10.001
v -33.992 		155.951 		4.003
v -34.1 		156.43 		4.003
v -34.1841 		156.7337 		4
v -34.1841 		156.7337 		4.003
v -34.1135 		156.4786 		4.003
v -38.564 		158.527 		10.236
v -34.1135 		156.4786 		4
v -34.231 		156.903 		4.003
v -34.385 		157.369 		4.003
v -34.561 		157.827 		4
v -34.5121 		157.6997 		4.003
v -34.5121 		157.6997 		4
v -38.354 		158.273 		10.236
v -34.6179 		157.9553 		4
v -34.6179 		157.9553 		4.003
v -47.19 		144.599 		11.383
v -38.3496 		158.4232 		10.001
v -38.2296 		158.2782 		10.001
v -34.76 		158.276 		4.003
v -34.981 		158.714 		4.003
v -35.964 		155.901 		15.998
v -35.2014 		159.1028 		4
v -35.2014 		159.1028 		4.003
v -35.069 		158.8693 		4.003
v -46.264 		144.316 		11.414
v -35.069 		158.8693 		4
v -35.223 		159.141 		4.003
v -35.485 		159.556 		4.003
v -35.36 		156.457 		15.998
v -35.743 		157.556 		15.998
v -38.1171 		158.1274 		10.001
v -39.537 		159.555 		4
v -38.848 		158.951 		4
v -38.245 		158.263 		4
v -36.364 		157.117 		15.998
v -37.736 		157.501 		4
v -37.331 		156.68 		4
v -37.036 		155.812 		4
v -41.71 		147.971 		12.86
v -36.952 		158.254 		15.998
v -38.157 		158.009 		10.236
v -42.271 		147.806 		12.86
v -41.453 		148.078 		13.634
v -42.532 		147.759 		13.634
v -46.171 		145.007 		10.719
v -37.502 		159.042 		15.998
v -37.9533 		157.8855 		10.001
v -111 		184.469 		8.32
v -41.0408 		163.6088 		4.003
v -111 		184.764 		9.188
v -41.0408 		163.6088 		4
v -41.3493 		163.6943 		4
v -41.3493 		163.6943 		4.003
v -111 		184.943 		10.086
v -111 		185.003 		11
v -41.37 		163.7 		4.003
v -41.37 		163.7 		10
v -111 		184.943 		11.914
v -53.6767 		152.405 		10.001
v -53.6541 		152.3004 		10.001
v -111 		184.764 		12.812
v -111 		184.469 		13.68
v -41.849 		163.808 		4.003
v -41.849 		163.808 		10
v -39.779 		159.632 		10.236
v -111 		184.064 		14.501
v -111 		183.555 		15.263
v -39.6752 		159.691 		10.001
v -111 		182.952 		15.952
v -45.751 		163.808 		4
v -45.751 		163.808 		10
v -39.4359 		159.4858 		10.001
v -47.305 		145.37 		10.698
v -111 		182.263 		16.555
v -46.23 		163.7 		4
v -46.23 		163.7 		10
v -111 		181.501 		17.064
v -46.703 		163.569 		4
v -111 		180.68 		17.469
v -46.703 		163.569 		10
v -111 		179.812 		17.764
v -39.0614 		159.2002 		10.001
v -47.169 		163.415 		4
v -47.169 		163.415 		10
v -111 		178.914 		17.943
v -111 		178 		18.003
v -111 		177.086 		17.943
v -47.627 		163.239 		4
v -47.627 		163.239 		10
v -41.647 		162.532 		15.998
v -111 		176.188 		17.764
v -111 		175.32 		17.469
v -48.076 		163.04 		4
v -48.076 		163.04 		10
v -111 		174.499 		17.064
v -111 		173.737 		16.555
v -48.514 		162.819 		4
v -48.514 		162.819 		10
v -45.896 		147.411 		10.236
v -111 		170.998 		49
v -46.1171 		147.3766 		10.001
v -111 		171.057 		48.086
v -48.941 		162.577 		4
v -48.941 		162.577 		10
v -111 		171.236 		47.188
v -111 		171.531 		46.32
v -111 		171.936 		45.499
v -111 		172.445 		44.737
v -42.673 		161.975 		15.998
v -41.73 		161.792 		15.998
v -48.752 		158.951 		4
v -111 		173.049 		44.048
v -48.752 		158.951 		10
v -111 		173.737 		43.445
v -111 		174.499 		42.936
v -111 		175.32 		42.531
v -48.063 		159.555 		4
v -45.099 		147.205 		10.236
v -48.063 		159.555 		10
v -111 		176.188 		42.236
v -45.4721 		147.1956 		10.001
v -45.9273 		147.3132 		10.001
v -111 		177.086 		42.057
v -111 		178 		41.998
v -47.301 		160.064 		4
v -111 		178.914 		42.057
v -47.301 		160.064 		10
v -43.291 		162.777 		15.998
v -111 		179.812 		42.236
v -44.621 		162.752 		15.998
v -46.48 		160.469 		4
v -46.48 		160.469 		10
v -111 		180.68 		42.531
v -111 		181.501 		42.936
v -45.612 		160.764 		4
v -45.612 		160.764 		10
v -111 		182.263 		43.445
v -44.909 		161.982 		15.998
v -111 		182.952 		44.048
v -111 		183.555 		44.737
v -44.714 		160.943 		4
v -44.714 		160.943 		10
v -111 		184.064 		45.499
v -111 		184.469 		46.32
v -45.1899 		147.1201 		10.001
v -111 		184.764 		47.188
v -43.8 		161.002 		4
v -43.8 		161.002 		10
v -111 		184.943 		48.086
v -111 		184.5434 		41.998
v -111 		185.003 		49
v -42.886 		160.943 		4
v -42.886 		160.943 		10
v -111 		179.812 		55.764
v -39.1417 		159.2836 		10.001
v -111 		178.914 		55.943
v -45.609 		162.607 		15.998
v -46.571 		162.34 		15.998
v -111 		178 		56.003
v -41.988 		160.764 		4
v -41.988 		160.764 		10
v -111 		177.086 		55.943
v -111 		176.188 		55.764
v -41.12 		160.469 		4
v -111 		175.32 		55.469
v -41.12 		160.469 		10
v -111 		174.499 		55.064
v -111 		173.737 		54.555
v -111 		173.049 		53.952
v -111 		172.445 		53.263
v -45.1879 		144.0818 		10.001
v -111 		171.936 		52.501
v -111 		171.531 		51.68
v -46.2887 		144.2963 		10.001
v -45.3265 		144.1097 		10.001
v -111 		171.236 		50.812
v -37.155 		155.946 		10.236
v -111 		171.057 		49.914
v -111 		184.943 		49.914
v -111 		184.764 		50.812
v -111 		184.469 		51.68
v -46.4221 		144.3316 		10.001
v -34.1 		151.57 		10
v -111 		184.064 		52.501
v -47.3665 		144.6525 		10.001
v -111 		183.555 		53.263
v -33.992 		152.049 		10
v -111 		182.952 		53.952
v -47.6188 		144.7448 		10.001
v -33.908 		152.533 		10
v -111 		182.263 		54.555
v -111 		181.501 		55.064
v -48.5655 		145.1961 		10.001
v -48.4464 		145.1397 		10.001
v -33.848 		153.02 		10
v -111 		180.68 		55.469
v -37.0032 		155.7625 		10.001
v -33.812 		153.509 		10
v -37.0787 		156.0446 		10.001
v -44.094 		147.618 		12.561
v -33.8 		154 		10
v -111 		170.998 		60
v -48.6808 		145.2597 		10.001
v -33.812 		154.491 		10
v -43.368 		147.647 		13.159
v -48.7921 		145.3302 		10.001
v -47.797 		161.825 		15.998
v -33.848 		154.98 		10
v -111 		189 		60
v -111 		189 		8
v -33.908 		155.467 		10
v -46.159 		161.704 		15.998
v -36.857 		154.914 		10
v -49.849 		161.942 		12.709
v -43.088 		147.672 		13.634
v -36.798 		154 		10
v -37.7205 		157.5396 		10.001
v -36.857 		153.086 		10
v -111 		119 		8
v -111 		119 		60
v -37.036 		152.188 		10
v -49.199 		162.402 		12.683
v -37.1567 		156.3071 		10.001
v -106.3343 		119 		60
v -37.3849 		156.887 		10.001
v -37.3278 		156.7649 		10.001
v -36.07 		147.656 		10
v -37.5401 		157.2198 		10.001
v -43.931 		147.641 		13.634
v -35.768 		148.043 		10
v -106.3343 		189 		60
v -35.485 		148.444 		10
v -35.223 		148.859 		10
v -34.981 		149.286 		10
v -50.533 		159.967 		15.786
v -49.835 		160.652 		15.733
v -49.613 		160.897 		15.764
v -42.745 		163.102 		15.633
v -34.76 		149.724 		10
v -41.132 		162.592 		15.403
v -34.561 		150.173 		10
v -41.632 		162.924 		15.611
v -34.385 		150.631 		10
v -34.231 		151.097 		10
v -50.186 		160.041 		15.998
v -49.456 		160.722 		15.998
v -37.331 		151.32 		10
v -37.736 		150.499 		10
v -38.245 		149.737 		10
v -51.086 		160.224 		15.171
v -38.848 		149.048 		10
v -39.537 		148.445 		10
v -40.299 		147.936 		10
v -41.427 		163.709 		14.422
v -41.941 		162.797 		15.432
v -50.583 		161.329 		14.732
v -45.049 		147.759 		13.159
v -49.196 		159.97 		15.998
v -41.403 		163.693 		12.422
v -50.519 		161.386 		12.736
v -49.598 		160.854 		13.721
v -51.054 		159.961 		13.371
v -42.844 		162.94 		13.464
v -34.1 		151.57 		4.003
v -33.992 		152.049 		4.003
v -33.908 		152.533 		4.003
v -33.8989 		152.6069 		4.003
v -33.8989 		152.6069 		4
v -33.8732 		152.8155 		4
v -33.8732 		152.8155 		4.003
v -50.53 		159.947 		13.768
v -41.71 		162.745 		13.423
v -33.848 		153.02 		4.003
v -33.812 		153.509 		4.003
v -33.8028 		153.884 		4.003
v -33.8028 		153.884 		4
v -44.772 		147.709 		13.634
v -42.021 		163.343 		13.955
v -33.8031 		154.1255 		4
v -33.8031 		154.1255 		4.003
v -33.812 		154.491 		4.003
v -33.848 		154.98 		4.003
v -33.8723 		155.1776 		4.003
v -33.8723 		155.1776 		4
v -33.9008 		155.4087 		4
v -33.9008 		155.4087 		4.003
v -33.908 		155.467 		4.003
v -36.857 		154.914 		4
v -44.786 		163.072 		15.669
v -44.863 		162.921 		15.536
v -36.798 		154 		4
v -36.857 		153.086 		4
v -37.036 		152.188 		4
v -41.792 		147.746 		11.379
v -44.184 		163.126 		15.659
v -42.872 		147.61 		11.967
v -42.548 		147.551 		11.379
v -49.163 		161.716 		14.1
v -36.07 		147.656 		4.003
v -35.9286 		147.8372 		4.003
v -35.9286 		147.8372 		4
v -35.8199 		147.9764 		4
v -35.8199 		147.9764 		4.003
v -51.529 		160.32 		14.78
v -35.768 		148.043 		4.003
v -43.816 		162.986 		15.499
v -35.485 		148.444 		4.003
v -35.223 		148.859 		4.003
v -35.1827 		148.9301 		4.003
v -35.1827 		148.9301 		4
v -35.0885 		149.0964 		4
v -35.0885 		149.0964 		4.003
v -34.981 		149.286 		4.003
v -34.76 		149.724 		4.003
v -34.561 		150.173 		4
v -34.5921 		150.1028 		4.003
v -34.5921 		150.1028 		4
v -34.5294 		150.2553 		4
v -34.5294 		150.2553 		4.003
v -34.385 		150.631 		4.003
v -51.357 		160.512 		12.771
v -34.231 		151.097 		4.003
v -34.117 		151.5085 		4
v -34.117 		151.5085 		4.003
v -34.1765 		151.2939 		4.003
v -34.1765 		151.2939 		4
v -42.576 		147.693 		12.264
v -41.372 		147.955 		11.673
v -37.331 		151.32 		4
v -37.736 		150.499 		4
v -42.269 		147.726 		11.967
v -53.6931 		152.5105 		10.001
v -103.884 		120.933 		58.067
v -103.817 		121.268 		57.732
v -49.274 		162.359 		10.674
v -103.8 		121.5323 		57.4677
v -53.7964 		153.7924 		10.001
v -50.186 		160.314 		11.749
v -50.391 		161.508 		10.72
v -50.033 		161.809 		10.704
v -43.783 		162.993 		13.498
v -51.063 		160.859 		10.752
v -51.376 		160.512 		10.769
v -53.789 		153.997 		10.021
v -41.68 		147.899 		11.967
v -106.07 		119.017 		59.983
v -51.951 		159.776 		10.801
v -105.735 		119.084 		59.916
v -42.532 		160.235 		13.634
v -105.41 		119.194 		59.806
v -105.103 		119.345 		59.655
v -104.819 		119.535 		59.465
v -104.561 		119.761 		59.239
v -53.689 		155.41 		10.021
v -41.124 		148.158 		12.264
v -104.336 		120.018 		58.982
v -53.709 		155.4114 		10.001
v -38.245 		149.737 		4
v -104.146 		120.302 		58.698
v -38.848 		149.048 		4
v -103.994 		120.609 		58.391
v -39.537 		148.445 		4
v -40.299 		147.936 		4
v -47.057 		161.361 		15.998
v -53.7073 		155.4203 		10.001
v -41.71 		160.023 		12.86
v -48.661 		161.326 		15.998
v -34.569 		155.645 		15.429
v -34.401 		154.116 		15.404
v -48.182 		160.751 		15.998
v -49.277 		150.775 		13.634
v -41.417 		159.926 		12.561
v -46.48 		147.531 		4
v -46.48 		147.531 		10
v -47.301 		147.936 		4
v -47.301 		147.936 		10
v -35.048 		154.994 		15.998
v -35.761 		154.637 		15.998
v -48.063 		148.445 		4
v -48.063 		148.445 		10
v -33.804 		154.32 		14.004
v -34.343 		154.367 		14.544
v -48.752 		149.048 		4
v -48.752 		149.048 		10
v -35.736 		153.677 		15.998
v -41.12 		147.531 		4
v -41.12 		147.531 		10
v -35.837 		152.721 		15.998
v -51.087 		150.585 		15.998
v -35.048 		153 		15.998
v -50.304 		150.472 		14.677
v -49.99 		149.946 		14.677
v -40.999 		147.885 		10.801
v -36.783 		150.012 		15.998
v -34.796 		153.846 		12.992
v -36.488 		150.582 		15.998
v -41.453 		159.916 		13.634
v -41.745 		147.599 		10.801
v -52.739 		149.931 		14.968
v -41.985 		160.1 		13.634
v -51.63 		149.59 		14.161
v -41.679 		161.09 		14.677
v -42.225 		147.543 		11.09
v -52.078 		151.059 		15.998
v -42.571 		161.303 		14.677
v -51.603 		160.228 		10.021
v -43.18 		147.606 		12.264
v -51.6215 		160.2367 		10.001
v -44.402 		161.379 		14.677
v -52 		150.336 		14.131
v -43.79 		161.404 		14.677
v -51.6158 		160.2439 		10.001
v -50.644 		161.269 		10.021
v -52.929 		149.967 		13.13
v -50.6621 		161.2791 		10.001
v -52.302 		151.116 		14.102
v -44.772 		160.285 		13.634
v -50.6589 		161.2824 		10.001
v -50.652 		161.2885 		10.001
v -49.549 		162.165 		10.021
v -44.414 		147.462 		11.379
v -49.5631 		162.1795 		10.001
v -49.5593 		162.1822 		10.001
v -34.859 		154.975 		15.033
v -49.5555 		162.1846 		10.001
v -51.182 		147.586 		15.012
v -43.79 		147.577 		12.264
v -51.135 		159.191 		15.802
v -51.156 		159.618 		15.518
v -36.14 		151.477 		15.998
v -51.0895 		159.2677 		15.7834
v -51.07 		159.2681 		15.7992
v -51.0779 		159.2552 		15.799
v -36.204 		149.552 		15.998
v -35.422 		151.382 		15.998
v -51.182 		149.282 		15.998
v -50.825 		159.273 		15.998
v -40.897 		144.431 		4.003
v -40.897 		144.431 		10
v -45.005 		147.693 		12.264
v -40.431 		144.585 		4.003
v -40.431 		144.585 		10
v -40.0172 		144.744 		4.003
v -40.0172 		144.744 		4
v -39.973 		144.761 		4
v -39.973 		144.761 		10
v -39.933 		144.7787 		4
v -39.933 		144.7787 		4.003
v -39.524 		144.96 		4.003
v -39.524 		144.96 		10
v -39.086 		145.181 		4.003
v -39.086 		145.181 		10
v -50.454 		149.472 		15.998
v -38.7429 		145.3754 		4
v -38.7429 		145.3754 		4.003
v -38.8759 		145.3001 		4.003
v -38.8759 		145.3001 		4
v -38.659 		145.423 		4.003
v -38.659 		145.423 		10
v -49.437 		149.214 		14.677
v -38.244 		145.685 		4.003
v -38.244 		145.685 		10
v -49.873 		148.707 		15.998
v -37.843 		145.968 		4.003
v -37.843 		145.968 		10
v -34.821 		154.68 		13.022
v -49.434 		148.24 		15.998
v -37.6398 		146.1266 		4
v -37.6398 		146.1266 		4.003
v -37.7702 		146.0248 		4.003
v -37.7702 		146.0248 		4
v -49.437 		158.78 		14.677
v -49.873 		159.288 		15.998
v -37.456 		146.27 		4.003
v -37.456 		146.27 		10
v -37.084 		146.59 		4.003
v -37.084 		146.59 		10
v -49.99 		158.048 		14.677
v -36.729 		146.929 		4
v -36.7756 		146.8845 		4.003
v -36.7756 		146.8845 		4
v -50.793 		157.979 		15.998
v -40.9818 		147.5515 		10.001
v -36.729 		146.929 		10
v -36.6815 		146.9788 		4
v -36.6815 		146.9788 		4.003
v -41.1915 		147.4711 		10.001
v -36.39 		147.284 		4.003
v -36.39 		147.284 		10
v -36.397 		154.303 		14.677
v -50.123 		147.614 		14.249
v -36.548 		155.516 		14.677
v -48.806 		150.063 		12.86
v -48.992 		150.293 		12.561
v -52.283 		159.244 		14.815
v -50.689 		148.225 		14.22
v -43.309 		144.012 		10
v -48.624 		149.859 		13.634
v -43.8 		144 		10
v -42.82 		144.048 		10
v -53.019 		157.697 		14.841
v -42.333 		144.108 		10
v -44.094 		160.376 		12.561
v -41.849 		144.192 		10
v -41.37 		144.3 		10
v -52.585 		158.698 		14.825
v -44.78 		144.048 		10
v -38.627 		147.815 		15.998
v -44.291 		144.012 		10
v -43.427 		160.378 		12.712
v -44.714 		147.057 		10
v -43.8 		146.997 		10
v -37.923 		148.469 		15.998
v -37.312 		149.21 		15.998
v -41.988 		147.236 		10
v -37.399 		147.958 		15.998
v -42.886 		147.057 		10
v -48.941 		145.423 		10
v -48.704 		147.614 		15.998
v -52.096 		159.553 		12.806
v -52.5 		158.897 		12.83
v -48.514 		145.181 		10
v -48.076 		144.96 		10
v -47.627 		144.761 		10
v -47.169 		144.585 		10
v -46.703 		144.431 		10
v -38.383 		147.063 		15.998
v -52.882 		158.135 		12.859
v -46.23 		144.3 		10
v -40.819 		146.509 		15.998
v -45.751 		144.192 		10
v -45.267 		144.108 		10
v -34.477 		152.578 		15.375
v -43.65 		160.36 		13.634
v -45.612 		147.236 		10
v -39.671 		147.075 		15.998
v -43.183 		160.355 		12.561
v -52.144 		158.295 		14.255
v -40.094 		146.046 		15.998
v -51.55 		158.523 		13.83
v -43.088 		160.322 		13.634
v -33.91 		152.513 		13.951
v -44.909 		146.013 		15.998
v -43.951 		145.943 		15.998
v -42.673 		146.019 		15.998
v -33.809 		153.512 		13.98
v -41.73 		146.203 		15.998
v -42.299 		145.325 		15.998
v -44.29 		145.211 		15.998
v -47.057 		146.633 		15.998
v -49.931 		155.667 		13.634
v -45.849 		146.209 		15.998
v -49.759 		156.203 		13.634
v -46.571 		145.655 		15.998
v -49.277 		157.22 		13.634
v -41.449 		163.716 		10.416
v -43.754 		144.0011 		4.003
v -48.971 		150.302 		13.634
v -43.309 		144.012 		4.003
v -42.82 		144.048 		4.003
v -44.186 		162.979 		11.511
v -42.5806 		144.0775 		4.003
v -42.5806 		144.0775 		4
v -42.4314 		144.0959 		4
v -42.4314 		144.0959 		4.003
v -44.421 		163.379 		11.11
v -42.333 		144.108 		4.003
v -41.849 		144.192 		4.003
v -34.949 		152.37 		14.94
v -41.37 		144.3 		4.003
v -41.2733 		144.3268 		4.003
v -41.2733 		144.3268 		4
v -41.1353 		144.365 		4
v -41.1353 		144.365 		4.003
v -44.78 		144.048 		4
v -44.291 		144.012 		4
v -43.8525 		144.0013 		4.003
v -43.903 		144.0025 		4.003
v -45.324 		147.821 		13.634
v -43.9227 		144.003 		4
v -43.8 		146.997 		4
v -44.714 		147.057 		4
v -41.988 		147.236 		4
v -42.886 		147.057 		4
v -34.828 		153.301 		14.973
v -46.387 		148.187 		13.634
v -43.346 		162.973 		11.482
v -45.879 		147.962 		12.561
v -43.903 		144.0046 		4.003
v -51.335 		156.819 		15.998
v -51.623 		155.903 		15.998
v -51.832 		157.554 		15.998
v -52.276 		156.3 		15.998
v -48.941 		145.423 		4
v -36.611 		152.179 		14.677
v -45.864 		147.981 		13.634
v -48.514 		145.181 		4
v -52.589 		153.997 		15.998
v -48.076 		144.96 		4
v -51.75 		155.274 		15.998
v -47.627 		144.761 		4
v -36.41 		153.386 		14.677
v -51.839 		154.318 		15.998
v -47.169 		144.585 		4
v -46.703 		144.431 		4
v -46.23 		144.3 		4
v -45.751 		144.192 		4
v -51.535 		151.784 		15.998
v -51.75 		152.72 		15.998
v -43.108 		163.336 		11.849
v -45.267 		144.108 		4
v -45.612 		147.236 		4
v -52.426 		152.343 		15.998
v -49.356 		162.315 		10
v -34.851 		153.014 		12.963
v -49.757 		162.032 		10
v -34.986 		152.188 		12.933
v -50.144 		161.73 		10
v -50.516 		161.409 		10
v -42.509 		162.891 		11.452
v -50.871 		161.071 		10
v -51.21 		160.716 		10
v -51.53 		160.344 		10
v -51.832 		159.957 		10
v -52.115 		159.556 		10
v -52.377 		159.141 		10
v -41.378 		162.653 		11.411
v -52.619 		158.714 		10
v -52.84 		158.276 		10
v -53.039 		157.827 		10
v -53.215 		157.369 		10
v -53.369 		156.903 		10
v -53.5 		156.43 		10
v -47.378 		148.696 		12.413
v -50.572 		156.973 		14.677
v -49.575 		147.389 		15.998
v -47.369 		148.735 		13.634
v -42.528 		163.905 		14.455
v -42.277 		160.236 		12.264
v -41.973 		160.189 		11.967
v -50.97 		155.815 		14.677
v -44.058 		163.978 		14.503
v -51.193 		148.884 		14.19
v -42.877 		160.352 		12.264
v -44.156 		163.985 		12.511
v -42.935 		163.948 		12.474
v -42.569 		160.334 		11.967
v -48.24 		149.448 		13.634
v -51.46 		147.909 		15.005
v -52.095 		149.414 		14.647
v -51.723 		148.243 		14.998
v -43.294 		163.982 		10.474
v -34.308 		153.646 		11.486
v -33.867 		155.173 		12.037
v -44.921 		163.933 		10.531
v -34.357 		154.672 		11.5
v -44.225 		163.985 		10.506
v -48.806 		148.548 		14.677
v -47.315 		147.483 		14.677
v -34.816 		154.565 		11.023
v -41.372 		160.04 		11.673
v -44.968 		163.921 		10.021
v -51.778 		147.99 		13.206
v -42.548 		160.443 		11.379
v -44.974 		163.9404 		10.001
v -52.42 		156.516 		13.907
v -42.365 		163.892 		10.444
v -41.941 		160.296 		11.379
v -52.419 		148.972 		13.168
v -44.9695 		163.941 		10.001
v -52.856 		156.492 		14.321
v -43.909 		163.997 		10.021
v -44.9627 		163.9414 		10.001
v -52.13 		157.342 		13.876
v -49.609 		150.638 		10.801
v -49.832 		151.062 		10.801
v -42.845 		160.572 		11.09
v -49.55 		150.852 		11.379
v -53.608 		155.951 		10
v -41.618 		160.274 		11.09
v -50.564 		155.812 		10
v -49.956 		151.529 		11.09
v -42.225 		160.452 		11.09
v -50.269 		156.68 		10
v -49.864 		157.501 		10
v -49.355 		158.263 		10
v -34.904 		155.385 		11.047
v -49.349 		150.787 		12.264
v -34.212 		154.906 		10.398
v -49.629 		151.33 		12.264
v -33.952 		152.264 		11.943
v -33.825 		153.294 		11.979
v -34.796 		153.431 		11.003
v -49.043 		150.064 		11.379
v -49.356 		162.315 		4
v -49.757 		162.032 		4
v -50.144 		161.73 		4
v -48.809 		149.648 		11.09
v -50.516 		161.409 		4
v -52.8 		151.111 		10.559
v -50.871 		161.071 		4
v -51.21 		160.716 		4
v -51.53 		160.344 		4
v -51.832 		159.957 		4
v -42.495 		163.913 		10.021
v -52.115 		159.556 		4
v -42.4964 		163.9332 		10.001
v -52.377 		159.141 		4
v -52.619 		158.714 		4
v -52.84 		158.276 		4
v -53.039 		157.827 		4
v -42.4919 		163.9328 		10.001
v -53.215 		157.369 		4
v -53.369 		156.903 		4
v -42.4851 		163.9315 		10.001
v -53.5 		156.43 		4
v -53.608 		155.951 		4
v -48.667 		149.771 		11.967
v -50.564 		155.812 		4
v -50.269 		156.68 		4
v -49.864 		157.501 		4
v -49.355 		158.263 		4
v -53.692 		155.467 		10
v -53.752 		154.98 		10
v -53.788 		154.491 		10
v -46.658 		148.094 		11.379
v -46.209 		147.955 		11.673
v -53.8 		154 		10
v -53.788 		153.509 		10
v -53.752 		153.02 		10
v -53.692 		152.533 		10
v -43.177 		160.421 		11.967
v -43.167 		160.532 		11.379
v -53.608 		152.049 		10
v -43.79 		160.506 		11.673
v -45.755 		147.852 		11.967
v -52.803 		149.688 		11.136
v -53.5 		151.57 		10
v -53.162 		150.526 		11.109
v -50.564 		152.188 		10
v -36.517 		159.777 		15.507
v -50.743 		153.086 		10
v -52.057 		150.462 		12.126
v -50.803 		154 		10
v -45.185 		147.585 		11.379
v -50.743 		154.914 		10
v -35.624 		159.753 		14.193
v -36.312 		160.623 		14.225
v -53.369 		151.097 		10
v -53.215 		150.631 		10
v -53.039 		150.173 		10
v -52.84 		149.724 		10
v -52.619 		149.286 		10
v -52.377 		148.859 		10
v -52.115 		148.444 		10
v -51.832 		148.043 		10
v -46.581 		147.885 		10.801
v -51.53 		147.656 		10
v -49.355 		149.737 		10
v -50.797 		147.743 		10.628
v -49.864 		150.499 		10
v -51.866 		148.139 		11.195
v -36.183 		160.486 		10.214
v -45.64 		147.699 		11.379
v -50.269 		151.32 		10
v -34.965 		152.022 		10.977
v -47 		148.438 		12.264
v -46.457 		148.158 		12.264
v -45.033 		160.443 		11.379
v -33.8019 		154.7145 		10.001
v -33.8165 		154.9394 		10.001
v -44.401 		160.388 		12.264
v -44.709 		160.385 		11.967
v -52.892 		158.138 		10.859
v -45.005 		160.301 		12.264
v -52.212 		159.387 		10.816
v -52.574 		158.774 		10.838
v -47.598 		148.65 		11.379
v -51.684 		158.311 		11.838
v -47.279 		148.568 		11.967
v -44.414 		160.532 		11.379
v -48.089 		149.036 		11.379
v -47.779 		148.925 		11.967
v -36.7681 		153.7012 		10.001
v -36.8175 		154.7976 		10.001
v -36.7699 		154.2146 		10.001
v -36.765 		154.0874 		10.001
v -36.8305 		154.9476 		10.001
v -44.736 		160.572 		11.09
v -36.8017 		153.3165 		10.001
v -36.856 		152.9474 		10.001
v -36.808 		153.2009 		10.001
v -36.8154 		153.0987 		10.001
v -53.692 		155.467 		4
v -53.752 		154.98 		4
v -53.788 		154.491 		4
v -53.8 		154 		4
v -33.8018 		153.2835 		10.001
v -53.788 		153.509 		4
v -53.752 		153.02 		4
v -33.9552 		152.1773 		10.001
v -43.471 		160.709 		10.801
v -53.692 		152.533 		4
v -34.0088 		151.8278 		10.001
v -53.608 		152.049 		4
v -34.0515 		151.6561 		10.001
v -44.11 		160.709 		10.801
v -53.5 		151.57 		4
v -48.541 		149.467 		11.379
v -51.309 		149.084 		12.182
v -50.564 		152.188 		4
v -37.585 		155.503 		12.561
v -50.743 		153.086 		4
v -50.803 		154 		4
v -37.483 		154.84 		13.634
v -50.743 		154.914 		4
v -47.994 		149.145 		12.264
v -53.369 		151.097 		4
v -53.215 		150.631 		4
v -53.039 		150.173 		4
v -52.84 		149.724 		4
v -37.582 		155.394 		13.634
v -50.059 		147.547 		12.252
v -52.619 		149.286 		4
v -52.377 		148.859 		4
v -52.115 		148.444 		4
v -51.832 		148.043 		4
v -51.53 		147.656 		4
v -50.626 		148.159 		12.222
v -49.355 		149.737 		4
v -37.434 		154.279 		13.634
v -49.864 		150.499 		4
v -50.269 		151.32 		4
v -37.47 		154.906 		12.561
v -51.21 		147.284 		4
v -51.21 		147.284 		10
v -50.871 		146.929 		4
v -50.871 		146.929 		10
v -50.516 		146.59 		4
v -50.516 		146.59 		10
v -50.144 		146.27 		4
v -50.144 		146.27 		10
v -49.757 		145.968 		4
v -49.757 		145.968 		10
v -49.356 		145.685 		4
v -49.356 		145.685 		10
v -48.373 		149.19 		11.09
v -47.381 		148.41 		11.09
v -43.7261 		164.003 		4
v -43.878 		164.003 		4
v -43.903 		164.0014 		4
v -43.8 		164 		4
v -42.496 		163.922 		4
v -42.6689 		163.9334 		4
v -42.3645 		163.8959 		4
v -43.61 		163.9954 		4
v -35.863 		160.093 		4
v -47.896 		148.776 		11.09
v -36.726 		161.077 		4
v -106.07 		188.983 		59.983
v -37.71 		161.94 		4
v -51.618 		148.763 		10.604
v -105.735 		188.916 		59.916
v -38.799 		162.667 		4
v -105.41 		188.806 		59.806
v -105.103 		188.655 		59.655
v -39.973 		163.246 		4
v -104.819 		188.465 		59.465
v -34.136 		156.592 		4
v -51.971 		149.315 		10.592
v -50.751 		159.692 		11.779
v -34.557 		157.832 		4
v -35.136 		159.005 		4
v -49.993 		156.144 		11.379
v -41.212 		163.667 		4
v -33.881 		152.697 		4
v -33.881 		155.309 		4
v -104.561 		188.239 		59.239
v -104.336 		187.982 		58.982
v -104.146 		187.698 		58.698
v -35.863 		147.912 		4
v -103.994 		187.391 		58.391
v -35.136 		149 		4
v -103.884 		187.067 		58.067
v -34.557 		150.174 		4
v -41.108 		163.631 		10.021
v -103.817 		186.732 		57.732
v -103.8 		186.4677 		57.4677
v -50.0518 		150.8055 		10.001
v -50.1145 		150.9247 		10.001
v -35.612 		159.75 		10.185
v -46.812 		147.777 		10.236
v -46.7684 		147.6368 		10.001
v -46.9865 		147.7517 		10.001
v -50.3071 		151.3747 		10.001
v -37.412 		153.693 		12.561
v -36.25 		160.539 		10.021
v -49.227 		149.721 		10.236
v -34.136 		151.413 		4
v -48.066 		148.56 		10.236
v -49.7373 		150.2148 		10.001
v -49.4013 		149.7753 		10.001
v -48.1856 		148.5261 		10.001
v -39.973 		144.759 		4
v -48.3302 		148.6461 		10.001
v -49.2811 		149.6146 		10.001
v -38.799 		145.338 		4
v -37.71 		146.065 		4
v -36.726 		146.928 		4
v -48.563 		148.991 		10.236
v -48.319 		148.77 		10.236
v -49.8807 		150.4806 		10.001
v -42.496 		144.083 		4
v -41.212 		144.339 		4
v -95.763 		164.003 		4
v -48.5463 		148.842 		10.001
v -48.6856 		148.9683 		10.001
v -95.763 		144.003 		4
v -37.458 		153.435 		13.634
v -48.796 		149.224 		10.236
v -43.903 		164.003 		4
v -37.582 		152.601 		13.634
v -44.291 		163.988 		4
v -36.2373 		160.5548 		10.001
v -36.2422 		160.5595 		10.001
v -44.78 		163.952 		4
v -45.267 		163.892 		4
v -36.2342 		160.5514 		10.001
v -49.017 		149.468 		10.236
v -37.585 		152.492 		12.561
v -36.23 		160.546 		10.001
v -49.1318 		149.4348 		10.001
v -48.8187 		149.1013 		10.001
v -38.842 		161.794 		15.56
v -48.9746 		149.2613 		10.001
v -37.971 		162.117 		14.299
v -38.672 		162.581 		14.328
v -37.937 		162.098 		12.298
v -47.802 		148.363 		10.236
v -48.0349 		148.4136 		10.001
v -53.2053 		150.642 		10.001
v -41.1058 		163.651 		10.001
v -37.73 		152.057 		13.634
v -41.0991 		163.6492 		10.001
v -52.0253 		148.2992 		10.001
v -52.1615 		148.4942 		10.001
v -41.528 		160.534 		10.236
v -52.4556 		148.9732 		10.001
v -52.5135 		149.0747 		10.001
v -41.842 		160.634 		10.236
v -41.3523 		160.5826 		10.001
v -42.482 		160.789 		10.236
v -53.298 		151.423 		14.944
v -41.5278 		160.6527 		10.001
v -42.412 		160.8858 		10.001
v -42.2736 		160.8521 		10.001
v -41.7733 		160.7309 		10.001
v -53.383 		151.246 		13.084
v -47.552 		148.0864 		10.001
v -47.8677 		148.2707 		10.001
v -37.52 		155.519 		11.967
v -47.7708 		148.2074 		10.001
v -40.282 		162.513 		15.586
v -39.325 		161.798 		15.332
v -37.487 		155.212 		12.264
v -49.629 		156.664 		12.264
v -49.982 		155.815 		11.967
v -37.345 		155.24 		11.379
v -43.754 		144.0011 		0
v -43.8 		144 		0
v -43.8525 		144.0013 		0
v -43.903 		144.0025 		0
v -43.9227 		144.003 		0
v -40.35 		162.31 		15.373
v -36.581 		147.079 		11.758
v -43.7261 		164.003 		0
v -42.496 		163.922 		0
v -43.903 		164.0014 		0
v -43.878 		164.003 		0
v -41.212 		163.667 		0
v -39.973 		163.246 		0
v -38.799 		162.667 		0
v -36.591 		147.069 		13.751
v -37.71 		161.94 		0
v -36.726 		161.077 		0
v -35.863 		160.093 		0
v -35.136 		159.005 		0
v -34.557 		157.832 		0
v -34.136 		156.592 		0
v -33.881 		152.697 		0
v -34.136 		151.413 		0
v -34.557 		150.174 		0
v -35.136 		149 		0
v -35.863 		147.912 		0
v -33.881 		155.309 		0
v -40.446 		163.412 		14.393
v -36.726 		146.928 		0
v -37.71 		146.065 		0
v -38.799 		145.338 		0
v -39.973 		144.759 		0
v -41.212 		144.339 		0
v -42.496 		144.083 		0
v -43.903 		144.0046 		0
v -43.903 		164.003 		0
v -49.349 		157.207 		12.264
v -36.4232 		147.2145 		10.001
v -36.5333 		147.0919 		10.001
v -36.7747 		146.8683 		10.001
v -38.942 		162.726 		12.333
v -49.407 		157.329 		11.526
v -40.515 		163.44 		12.39
v -42.97 		160.863 		10.236
v -37.401 		154.607 		12.264
v -40.903 		162.509 		13.393
v -37.379 		154.303 		12.264
v -37.256 		154.621 		11.379
v -37.338 		153.997 		11.967
v -42.759 		160.9384 		10.001
v -42.957 		160.972 		10.001
v -49.956 		156.466 		11.09
v -50.163 		155.868 		11.09
v -39.739 		162.018 		13.349
v -49.832 		156.932 		10.801
v -49.609 		157.357 		10.801
v -44.775 		160.844 		10.236
v -44.9048 		160.935 		10.001
v -38.207 		161.027 		15.284
v -37.12 		147.205 		15.274
v -37.973 		147.141 		14.722
v -37.935 		161.156 		15.543
v -38.042 		146.379 		15.252
v -37.101 		160.42 		15.524
v -53.2544 		150.7418 		10.001
v -53.5056 		151.546 		10.001
v -53.3974 		151.2357 		10.001
v -103.8 		164.003 		4
v -103.8 		164 		4
v -99.8129 		164 		4
v -103.768 		164 		7.493
v -103.665 		164 		6.978
v -103.496 		164 		6.48
v -103.264 		164 		6.008
v -37.389 		146.326 		13.719
v -102.972 		164 		5.571
v -102.625 		164 		5.175
v -49.172 		146.8 		14.294
v -49.419 		146.047 		15.054
v -102.229 		164 		4.828
v -101.792 		164 		4.536
v -50.102 		146.558 		15.039
v -101.32 		164 		4.304
v -100.822 		164 		4.135
v -100.307 		164 		4.032
v -38.185 		145.722 		13.69
v -98.245 		125.931 		0
v -98.157 		125.8 		0
v -98.087 		125.658 		0
v -98.036 		125.508 		0
v -98.005 		125.353 		0
v -98 		125.274 		0
v -98.8861 		126.362 		0
v -98.742 		126.313 		0
v -98.6 		126.243 		0
v -98.469 		126.155 		0
v -98.35 		126.05 		0
v -98 		125.126 		0
v -98.005 		125.047 		0
v -37.418 		160.336 		15.247
v -98.036 		124.892 		0
v -98.087 		124.742 		0
v -98.157 		124.6 		0
v -98.245 		124.469 		0
v -37.345 		153.69 		11.967
v -49.186 		145.589 		13.313
v -98.35 		124.35 		0
v -98.469 		124.245 		0
v -98.6 		124.157 		0
v -98.742 		124.087 		0
v -50.837 		146.909 		13.248
v -98.892 		124.036 		0
v -99.047 		124.005 		0
v -99.126 		124 		0
v -50.095 		146.246 		13.277
v -100.282 		126.066 		0
v -100.034 		126.15 		0
v -99.799 		126.266 		0
v -99.6553 		126.362 		0
v -37.234 		154.31 		11.379
v -37.23 		153.841 		11.379
v -51.331 		147.438 		13.227
v -98.087 		131.258 		0
v -98.036 		131.108 		0
v -98.245 		131.531 		0
v -98.157 		131.4 		0
v -99.126 		132 		0
v -99.047 		131.995 		0
v -98.892 		131.964 		0
v -98.742 		131.913 		0
v -98.6 		131.843 		0
v -36.89 		161.228 		14.251
v -98.469 		131.755 		0
v -98.35 		131.65 		0
v -98.005 		130.953 		0
v -98 		130.874 		0
v -98 		130.7265 		0
v -98.005 		130.647 		0
v -98.036 		130.492 		0
v -98.087 		130.342 		0
v -98.157 		130.2 		0
v -98.245 		130.069 		0
v -38.652 		161.374 		13.304
v -98.8861 		129.638 		0
v -98.35 		129.95 		0
v -98.469 		129.845 		0
v -98.6 		129.757 		0
v -98.742 		129.687 		0
v -99.6553 		129.638 		0
v -99.799 		129.734 		0
v -52.082 		157.464 		11.872
v -100.034 		129.85 		0
v -100.282 		129.934 		0
v -100.8 		125.998 		0
v -100.539 		126.015 		0
v -102.389 		126.781 		0
v -102.216 		126.584 		0
v -102.019 		126.411 		0
v -101.801 		126.266 		0
v -101.567 		126.15 		0
v -101.319 		126.066 		0
v -101.062 		126.015 		0
v -102.534 		129.001 		0
v -102.65 		128.766 		0
v -52.455 		156.379 		11.912
v -37.072 		153.997 		10.801
v -102.734 		128.518 		0
v -102.785 		128.261 		0
v -102.803 		128 		0
v -102.785 		127.739 		0
v -102.734 		127.482 		0
v -102.65 		127.234 		0
v -39.74 		160.198 		14.677
v -102.534 		126.999 		0
v -100.539 		129.985 		0
v -40.266 		160.511 		14.677
v -40.816 		160.78 		14.677
v -37.337 		155.563 		11.09
v -37.887 		147.212 		12.725
v -49.7373 		157.7802 		10.001
v -37.102 		154.636 		10.801
v -49.227 		158.273 		10.236
v -39.902 		163.21 		10.369
v -39.168 		162.856 		10.344
v -49.4013 		158.2189 		10.001
v -49.2811 		158.3794 		10.001
v -38.262 		162.33 		10.309
v -37.881 		162.064 		10.293
v -53.033 		157.794 		10.021
v -40.816 		147.214 		14.677
v -53.0537 		157.7956 		10.001
v -53.0522 		157.8 		10.001
v -38.976 		146.397 		14.678
v -53.0504 		157.8042 		10.001
v -39.376 		145.502 		15.225
v -53.0484 		157.8083 		10.001
v -40.457 		145.646 		14.619
v -53.0461 		157.8123 		10.001
v -37.412 		152.45 		11.379
v -43.626 		160.91 		10.236
v -53.0436 		157.8161 		10.001
v -37.54 		151.999 		11.379
v -100.8 		130.003 		0
v -101.062 		129.985 		0
v -101.319 		129.934 		0
v -101.567 		129.85 		0
v -101.801 		129.734 		0
v -50.326 		156.26 		10.236
v -102.019 		129.589 		0
v -102.216 		129.416 		0
v -44.284 		160.895 		10.236
v -102.389 		129.219 		0
v -49.8807 		157.5137 		10.001
v -44.6446 		160.9628 		10.001
v -37.319 		152.909 		11.379
v -44.7527 		160.9605 		10.001
v -50.426 		155.946 		10.236
v -98 		125.274 		8
v -98.005 		125.353 		8
v -98.036 		125.508 		8
v -98.087 		125.658 		8
v -98.157 		125.8 		8
v -98.245 		125.931 		8
v -50.86 		146.938 		11.25
v -98.8861 		126.362 		8
v -98.35 		126.05 		8
v -98.469 		126.155 		8
v -98.6 		126.243 		8
v -98.742 		126.313 		8
v -50.086 		146.238 		11.284
v -50.5926 		155.7228 		10.001
v -43.4234 		161.0054 		10.001
v -98.005 		125.047 		8
v -98 		125.126 		8
v -43.7237 		161.0195 		10.001
v -50.5435 		155.9044 		10.001
v -49.438 		146.994 		12.281
v -98.245 		124.469 		8
v -98.157 		124.6 		8
v -98.087 		124.742 		8
v -98.036 		124.892 		8
v -44.3642 		160.9919 		10.001
v -99.126 		124 		8
v -99.047 		124.005 		8
v -98.892 		124.036 		8
v -98.742 		124.087 		8
v -98.6 		124.157 		8
v -98.469 		124.245 		8
v -98.35 		124.35 		8
v -44.1915 		161.0089 		10.001
v -100.282 		126.066 		8
v -50.3071 		156.6193 		10.001
v -50.1145 		157.0693 		10.001
v -100.034 		126.15 		8
v -99.799 		126.266 		8
v -99.6553 		126.362 		8
v -50.3976 		156.3616 		10.001
v -98.036 		131.108 		8
v -98.087 		131.258 		8
v -98.157 		131.4 		8
v -98.245 		131.531 		8
v -98.35 		131.65 		8
v -98.469 		131.755 		8
v -98.6 		131.843 		8
v -98.742 		131.913 		8
v -98.892 		131.964 		8
v -99.047 		131.995 		8
v -99.126 		132 		8
v -46.932 		162.529 		15.704
v -98 		130.874 		8
v -98.005 		130.953 		8
v -46.696 		162.514 		15.603
v -45.775 		162.88 		15.685
v -37.724 		151.898 		12.264
v -98.245 		130.069 		8
v -98.157 		130.2 		8
v -98.087 		130.342 		8
v -98.036 		130.492 		8
v -98.005 		130.647 		8
v -98 		130.7265 		8
v -98.8861 		129.638 		8
v -39.353 		161.824 		11.333
v -98.742 		129.687 		8
v -98.6 		129.757 		8
v -98.469 		129.845 		8
v -98.35 		129.95 		8
v -99.6553 		129.638 		8
v -99.799 		129.734 		8
v -37.455 		152.776 		11.967
v -100.034 		129.85 		8
v -100.282 		129.934 		8
v -100.539 		126.015 		8
v -100.8 		125.998 		8
v -37.631 		152.189 		12.264
v -102.389 		126.781 		8
v -102.216 		126.584 		8
v -102.019 		126.411 		8
v -101.801 		126.266 		8
v -101.567 		126.15 		8
v -101.319 		126.066 		8
v -101.062 		126.015 		8
v -40.194 		162.238 		11.367
v -102.534 		129.001 		8
v -102.65 		128.766 		8
v -102.734 		128.518 		8
v -45.69 		162.787 		15.566
v -102.785 		128.261 		8
v -102.803 		128 		8
v -102.785 		127.739 		8
v -102.734 		127.482 		8
v -102.65 		127.234 		8
v -102.534 		126.999 		8
v -100.539 		129.985 		8
v -37.159 		161.481 		10.261
v -100.8 		130.003 		8
v -101.062 		129.985 		8
v -46.661 		163.567 		14.594
v -101.319 		129.934 		8
v -101.567 		129.85 		8
v -101.801 		129.734 		8
v -50.0518 		157.1888 		10.001
v -102.019 		129.589 		8
v -38.414 		161.711 		10.895
v -102.216 		129.416 		8
v -102.389 		129.219 		8
v -45.853 		163.776 		14.566
v -50.4864 		156.0838 		10.001
v -103.8 		124 		8
v -103.8 		132 		8
v -37.14 		153.041 		10.801
v -37.227 		152.569 		10.801
v -46.113 		163.718 		12.568
v -47.075 		162.362 		13.617
v -36.969 		161.3 		12.261
v -38.183 		161.66 		11.796
v -38.65 		161.378 		11.304
v -46.275 		162.633 		13.587
v -53.453 		156.532 		12.918
v -45.455 		162.83 		13.557
v -53.501 		156.054 		14.866
v -48.006 		162.023 		15.726
v -37.378 		160.293 		11.244
v -53.387 		156.805 		10.9
v -48.484 		162.823 		14.655
v -47.968 		161.959 		15.652
v -53.477 		156.451 		10.021
v -36.952 		159.83 		11.222
v -53.4965 		156.4556 		10.001
v -47.713 		163.186 		14.63
v -37.069 		155.628 		10.236
v -36.9541 		155.5808 		10.001
v -53.4953 		156.46 		10.001
v -36.945 		154.982 		10.236
v -36.878 		154.162 		10.236
v -50.141 		153.716 		13.634
v -50.158 		154.29 		12.86
v -36.999 		155.306 		10.236
v -36.8689 		155.1779 		10.001
v -40.712 		159.97 		10.801
v -48.037 		163.04 		12.637
v -36.9141 		155.3969 		10.001
v -39.249 		146.243 		12.666
v -47.452 		162.717 		13.158
v -40.826 		144.869 		15.201
v -39.879 		145.25 		15.216
v -36.882 		153.668 		10.236
v -40.103 		163.286 		10.021
v -36.925 		153.176 		10.236
v -40.0997 		163.3061 		10.001
v -39.627 		145.359 		14.049
v -40.0954 		163.3045 		10.001
v -36.9182 		152.5768 		10.001
v -38.92 		145.274 		13.663
v -46.387 		159.807 		13.634
v -40.038 		144.739 		13.622
v -40.847 		144.447 		13.592
v -45.879 		160.032 		12.561
v -37.034 		152.527 		10.236
v -37.155 		152.049 		10.236
v -36.9684 		152.3636 		10.001
v -40.109 		144.704 		11.614
v -37.0375 		152.0906 		10.001
v -45.296 		160.204 		12.561
v -37.255 		151.735 		10.236
v -37.1834 		151.6329 		10.001
v -37.954 		145.885 		11.696
v -37.0946 		151.9113 		10.001
v -39.059 		145.197 		11.651
v -45.864 		160.014 		13.634
v -37.78 		147.11 		10.877
v -34.583 		150.111 		13.874
v -34.132 		151.441 		13.919
v -49.67 		146.711 		10.655
v -49.9394 		146.0972 		10.001
v -39.512 		145.874 		10.837
v -50.0427 		146.1717 		10.001
v -34.9 		150.782 		15.343
v -35.195 		150.04 		15.331
v -50.188 		146.2959 		10.001
v -35.687 		150.102 		14.855
v -35.257 		151.163 		14.896
v -51.1301 		147.1898 		10.001
v -51.2601 		147.3204 		10.001
v -51.3395 		147.4143 		10.001
v -43.309 		163.988 		10
v -43.8 		164 		10
v -42.333 		163.892 		10
v -42.82 		163.952 		10
v -44.291 		163.988 		10
v -44.78 		163.952 		10
v -45.267 		163.892 		10
v -50.054 		155.118 		13.634
v -50.061 		155.206 		12.561
v -40.0891 		163.3017 		10.001
v -45.309 		161.24 		14.677
v -38.828 		162.672 		10.021
v -46.195 		161.003 		14.677
v -38.8212 		162.691 		10.001
v -38.8152 		162.6877 		10.001
v -37.933 		162.101 		10.021
v -49.071 		161.268 		15.698
v -50.129 		154.56 		13.634
v -48.844 		161.508 		15.745
v -37.9251 		162.1198 		10.001
v -37.9213 		162.1172 		10.001
v -37.916 		162.1129 		10.001
v -47.315 		160.511 		14.677
v -48.339 		159.842 		14.677
v -37.374 		161.666 		10.021
v -48.58 		161.61 		13.676
v -37.3601 		161.6803 		10.001
v -35.196 		151.375 		12.903
v -40.769 		160.217 		10.236
v -46.296 		163.678 		10.578
v -46.968 		163.476 		10.6
v -37.843 		162.032 		10
v -38.244 		162.315 		10
v -38.659 		162.577 		10
v -47.618 		162.135 		11.638
v -37.084 		161.409 		10
v -47.625 		163.233 		10.62
v -35.479 		150.584 		12.874
v -48.877 		162.606 		10.66
v -40.8126 		160.3572 		10.001
v -37.456 		161.73 		10
v -40.5001 		160.187 		10.001
v -36.39 		160.716 		10
v -40.678 		145.336 		10.815
v -40.192 		159.902 		10.236
v -36.729 		161.071 		10
v -36.07 		160.344 		10
v -40.1706 		160.0071 		10.001
v -35.768 		159.957 		10
v -39.9689 		159.8829 		10.001
v -37.2674 		146.396 		10.001
v -38.8168 		145.3235 		10.001
v -38.6929 		145.4188 		10.001
v -38.9461 		145.2359 		10.001
v -34.721 		158.189 		14.139
v -39.0807 		145.1564 		10.001
v -39.363 		145.0228 		10.001
v -40.3177 		144.602 		10.001
v -51.133 		154.913 		14.677
v -45.841 		163.785 		10.563
v -35.678 		158.58 		15.48
v -51.196 		153.997 		14.677
v -35.948 		159.011 		15.489
v -52.73 		155.025 		13.961
v -47.541 		162.692 		12.104
v -36.015 		158.52 		15.166
v -46.246 		162.653 		11.586
v -36.471 		159.219 		15.195
v -45.812 		160.322 		11.09
v -46.581 		160.109 		10.801
v -46.287 		160.235 		10.801
v -40.4613 		144.5494 		10.001
v -35.079 		158.895 		14.164
v -49.851 		152.057 		13.159
v -36.814 		159.676 		13.215
v -49.759 		151.791 		13.634
v -35.988 		158.465 		13.163
v -44.706 		146.654 		14.677
v -50.061 		152.789 		12.561
v -43.179 		146.616 		14.677
v -50.098 		153.155 		13.159
v -41.679 		146.904 		14.677
v -42.571 		146.691 		14.677
v -35.952 		148.646 		15.306
v -36.312 		148.141 		15.296
v -35.699 		157.904 		13.141
v -36.809 		148.34 		14.781
v -43.79 		146.59 		14.677
v -35.862 		147.918 		13.786
v -36.145 		149.281 		14.822
v -35.228 		148.853 		13.825
v -34.028 		156.129 		14.066
v -34.336 		157.237 		14.106
v -36.737 		148.415 		12.785
v -36.252 		149.096 		12.814
v -34.561 		156.021 		13.526
v -35.152 		157.532 		15.46
v -34.845 		156.709 		15.446
v -45.901 		160.096 		11.967
v -45.608 		160.189 		11.967
v -35.361 		150.661 		10.95
v -34.52 		150.271 		11.872
v -35.475 		148.456 		11.811
v -35.189 		156.615 		15.092
v -35.976 		147.768 		11.786
v -34.987 		155.804 		15.062
v -42.468 		144.465 		15.174
v -110.598 		122.998 		11
v -110.598 		123.057 		10.086
v -110.598 		123.236 		9.188
v -42.89 		145.056 		14.53
v -110.598 		123.531 		8.32
v -41.462 		144.679 		15.191
v -110.598 		125.048 		15.952
v -110.598 		124.445 		15.263
v -110.598 		123.936 		14.501
v -110.598 		123.531 		13.68
v -110.598 		123.236 		12.812
v -110.598 		123.057 		11.914
v -110.598 		136.469 		8.32
v -110.598 		136.764 		9.188
v -110.598 		136.943 		10.086
v -110.598 		137.003 		11
v -110.598 		136.943 		11.914
v -110.598 		136.764 		12.812
v -110.598 		136.469 		13.68
v -110.598 		136.064 		14.501
v -110.598 		135.555 		15.263
v -110.598 		134.952 		15.952
v -110.598 		134.263 		16.555
v -35.591 		157.687 		15.132
v -110.598 		133.501 		17.064
v -110.598 		132.68 		17.469
v -110.598 		131.812 		17.764
v -110.598 		130.914 		17.943
v -110.598 		130 		18.003
v -36.143 		149.069 		10.92
v -110.598 		129.086 		17.943
v -110.598 		128.188 		17.764
v -110.598 		127.32 		17.469
v -110.598 		126.499 		17.064
v -110.598 		125.737 		16.555
v -110.598 		122.998 		49
v -110.598 		123.057 		48.086
v -110.598 		123.236 		47.188
v -110.598 		123.531 		46.32
v -110.598 		123.936 		45.499
v -110.598 		124.445 		44.737
v -110.598 		125.048 		44.048
v -36.786 		156.402 		14.677
v -110.598 		125.737 		43.445
v -110.598 		126.499 		42.936
v -110.598 		127.32 		42.531
v -110.598 		128.188 		42.236
v -42.745 		144.063 		13.528
v -34.3852 		150.5863 		10.001
v -110.598 		129.086 		42.057
v -34.499 		150.2598 		10.001
v -110.598 		130 		41.998
v -35.2141 		148.8473 		10.001
v -35.1441 		149.0009 		10.001
v -110.598 		130.914 		42.057
v -35.293 		148.6984 		10.001
v -110.598 		131.812 		42.236
v -41.619 		144.245 		13.565
v -110.598 		132.68 		42.531
v -35.4775 		148.4163 		10.001
v -35.24 		156.729 		13.096
v -35.5824 		148.2843 		10.001
v -42.384 		145.112 		12.548
v -38.771 		150.049 		12.561
v -46.457 		159.837 		12.264
v -37.925 		151.529 		13.634
v -41.567 		145.284 		12.577
v -38.115 		151.071 		12.561
v -38.451 		150.535 		13.634
v -46.658 		159.9 		11.379
v -46.209 		160.04 		11.673
v -110.598 		133.501 		42.936
v -44.308 		144.356 		15.141
v -110.598 		134.263 		43.445
v -110.598 		134.952 		44.048
v -110.598 		135.555 		44.737
v -110.598 		136.064 		45.499
v -110.598 		136.469 		46.32
v -110.598 		136.764 		47.188
v -44.898 		144.07 		13.464
v -44.038 		145.013 		14.489
v -37.008 		151.022 		14.677
v -48.893 		161.394 		11.69
v -43.819 		144.002 		13.495
v -48.337 		162.896 		10.021
v -43.834 		144.999 		12.496
v -48.3502 		162.9116 		10.001
v -37.434 		150.209 		14.677
v -48.342 		162.9158 		10.001
v -50.054 		152.877 		13.634
v -47.035 		163.449 		10.021
v -47.0472 		163.4657 		10.001
v -47.0429 		163.4675 		10.001
v -44.874 		145.073 		12.459
v -47.0364 		163.4695 		10.001
v -51.095 		152.778 		14.677
v -46.015 		163.746 		10.021
v -50.795 		151.592 		14.677
v -46.022 		163.7648 		10.001
v -43.478 		147.44 		11.379
v -43.152 		147.308 		10.801
v -46.0153 		163.7663 		10.001
v -42.845 		147.423 		11.09
v -103.768 		144 		7.493
v -103.665 		144 		6.978
v -103.496 		144 		6.48
v -103.264 		144 		6.008
v -102.972 		144 		5.571
v -102.625 		144 		5.175
v -103.8 		144 		4
v -53.134 		153.336 		14.395
v -102.229 		144 		4.828
v -101.792 		144 		4.536
v -101.32 		144 		4.304
v -100.822 		144 		4.135
v -46.3038 		160.5386 		10.001
v -100.307 		144 		4.032
v -52.635 		152.433 		14.054
v -99.8129 		144 		4
v -35.263 		158.117 		11.617
v -103.8 		144.003 		4
v -99.8129 		144.003 		4
v -35.884 		158.279 		11.156
v -47.104 		160.066 		10.236
v -36.382 		159.078 		11.189
v -44.11 		147.285 		10.801
v -44.103 		147.44 		11.379
v -35.572 		159.684 		12.192
v -45.421 		160.719 		10.236
v -46.0642 		160.6315 		10.001
v -46.1586 		160.6068 		10.001
v -52.772 		153.572 		14.013
v -46.1901 		160.5934 		10.001
v -46.1764 		160.5992 		10.001
v -43.79 		147.355 		11.09
v -45.099 		160.789 		10.236
v -110.598 		136.943 		48.086
v -45.1581 		160.892 		10.001
v -45.4099 		160.8373 		10.001
v -44.736 		147.423 		11.09
v -50.349 		153.919 		11.379
v -47.4025 		160.0042 		10.001
v -47.8011 		159.7564 		10.001
v -50.287 		154.931 		11.379
v -34.899 		158.553 		12.146
v -47.1583 		160.1655 		10.001
v -42.697 		144.063 		11.536
v -41.287 		145.127 		10.804
v -41.238 		144.332 		11.58
v -50.202 		153.692 		12.264
v -50.243 		153.997 		11.967
v -48.806 		157.931 		12.86
v -42.306 		144.641 		12.071
v -38.956 		149.859 		13.159
v -48.24 		158.547 		13.634
v -48.624 		158.136 		13.634
v -48.971 		157.692 		13.634
v -42.228 		144.906 		10.789
v -38.961 		149.863 		13.634
v -50.028 		155.511 		12.264
v -50.126 		155.219 		11.967
v -43.95 		144.003 		11.495
v -43.185 		144.772 		10.774
v -44.728 		144.05 		11.468
v -47.378 		159.298 		12.413
v -50.214 		154.611 		11.967
v -37.365 		147.713 		14.752
v -47.369 		159.259 		13.634
v -50.169 		155.545 		11.379
v -35.001 		155.915 		11.066
v -50.401 		154.629 		11.09
v -44.044 		144.741 		10.759
v -45.008 		144.804 		10.741
v -110.598 		137.003 		49
v -38.342 		148.981 		14.677
v -110.598 		130.914 		55.943
v -110.598 		130 		56.003
v -37.946 		149.448 		14.677
v -50.312 		155.254 		11.09
v -34.022 		156.089 		12.063
v -110.598 		129.086 		55.943
v -42.97 		147.131 		10.236
v -42.482 		147.205 		10.236
v -42.3478 		147.1203 		10.001
v -40.266 		147.483 		14.677
v -39.74 		147.797 		14.677
v -35.129 		156.437 		11.085
v -39.242 		148.152 		14.677
v -52.747 		154.733 		11.971
v -42.6064 		147.0802 		10.001
v -53.187 		153.824 		11.595
v -42.8851 		147.0379 		10.001
v -42.4907 		147.0823 		10.001
v -35.289 		156.949 		11.104
v -34.292 		157.102 		12.094
v -110.598 		128.188 		55.764
v -110.598 		127.32 		55.469
v -110.598 		126.499 		55.064
v -110.598 		125.737 		54.555
v -40.215 		148.74 		13.634
v -110.598 		125.048 		53.952
v -110.598 		124.445 		53.263
v -110.598 		123.936 		52.501
v -52.638 		155.562 		11.942
v -110.598 		123.531 		51.68
v -39.547 		149.255 		13.634
v -110.598 		123.236 		50.812
v -110.598 		123.057 		49.914
v -110.598 		136.943 		49.914
v -110.598 		136.764 		50.812
v -110.598 		136.469 		51.68
v -110.598 		136.064 		52.501
v -110.598 		135.555 		53.263
v -50.287 		153.063 		11.379
v -110.598 		134.952 		53.952
v -110.598 		134.263 		54.555
v -110.598 		133.501 		55.064
v -110.598 		132.68 		55.469
v -110.598 		131.812 		55.764
v -50.214 		153.384 		11.967
v -42.16 		147.275 		10.236
v -50.126 		152.776 		11.967
v -35.353 		159.364 		10.172
v -42.0961 		147.1751 		10.001
v -41.6518 		147.3376 		10.001
v -35.485 		159.565 		10.021
v -35.4692 		159.5773 		10.001
v -50.028 		152.484 		12.264
v -34.892 		158.558 		10.145
v -39.341 		149.448 		13.159
v -49.982 		152.179 		11.967
v -43.461 		147.088 		10.236
v -34.947 		158.65 		10.021
v -43.1029 		147.0152 		10.001
v -39.384 		149.375 		12.561
v -110.598 		170.998 		11
v -110.598 		171.057 		10.086
v -34.9305 		158.6616 		10.001
v -34.9342 		158.6674 		10.001
v -110.598 		171.236 		9.188
v -110.598 		171.531 		8.32
v -110.598 		173.049 		15.952
v -34.9284 		158.6575 		10.001
v -110.598 		172.445 		15.263
v -40.338 		148.625 		12.561
v -110.598 		171.936 		14.501
v -110.598 		171.531 		13.68
v -40.211 		148.735 		13.159
v -110.598 		171.236 		12.812
v -39.843 		148.977 		12.561
v -110.598 		171.057 		11.914
v -110.598 		184.469 		8.32
v -110.598 		184.764 		9.188
v -110.598 		184.943 		10.086
v -110.598 		185.003 		11
v -34.9257 		158.6512 		10.001
v -110.598 		184.943 		11.914
v -110.598 		184.764 		12.812
v -110.598 		184.469 		13.68
v -110.598 		184.064 		14.501
v -110.598 		183.555 		15.263
v -48.806 		159.447 		14.677
v -34.345 		157.277 		10.104
v -110.598 		182.952 		15.952
v -110.598 		182.263 		16.555
v -34.497 		157.687 		10.021
v -110.598 		181.501 		17.064
v -110.598 		180.68 		17.469
v -110.598 		179.812 		17.764
v -34.4781 		157.6935 		10.001
v -110.598 		178.914 		17.943
v -110.598 		178 		18.003
v -110.598 		177.086 		17.943
v -34.069 		156.338 		10.021
v -110.598 		176.188 		17.764
v -110.598 		175.32 		17.469
v -110.598 		174.499 		17.064
v -110.598 		173.737 		16.555
v -34.0503 		156.3455 		10.001
v -110.598 		170.998 		49
v -34.0525 		156.352 		10.001
v -110.598 		171.057 		48.086
v -110.598 		171.236 		47.188
v -110.598 		171.531 		46.32
v -40.864 		148.321 		12.561
v -47 		159.557 		12.264
v -34.0492 		156.341 		10.001
v -43.7598 		146.9907 		10.001
v -34.0484 		156.3365 		10.001
v -43.3834 		146.9907 		10.001
v -34.0478 		156.332 		10.001
v -48.089 		158.958 		11.379
v -44.611 		147.131 		10.236
v -44.7766 		147.0442 		10.001
v -44.9112 		147.0778 		10.001
v -37.82 		151.27 		11.379
v -37.956 		150.989 		11.379
v -44.6245 		147.0186 		10.001
v -50.169 		152.45 		11.379
v -44.424 		147.0079 		10.001
v -47.279 		159.426 		11.967
v -44.12 		147.088 		10.236
v -44.0749 		146.9773 		10.001
v -47.994 		158.849 		12.264
v -38.599 		157.697 		12.86
v -47.779 		159.07 		11.967
v -38.315 		150.478 		11.673
v -38.778 		157.918 		13.634
v -37.952 		151.33 		12.264
v -110.598 		171.936 		45.499
v -110.598 		172.445 		44.737
v -110.598 		173.049 		44.048
v -110.598 		173.737 		43.445
v -110.598 		174.499 		42.936
v -47.598 		159.345 		11.379
v -110.598 		175.32 		42.531
v -110.598 		176.188 		42.236
v -110.598 		177.086 		42.057
v -110.598 		178 		41.998
v -110.598 		178.914 		42.057
v -110.598 		179.812 		42.236
v -38.144 		158.78 		14.677
v -49.046 		157.741 		11.967
v -37.591 		158.048 		14.677
v -110.598 		180.68 		42.531
v -48.667 		158.223 		11.967
v -110.598 		181.501 		42.936
v -38.775 		159.447 		14.677
v -38.537 		150.064 		11.379
v -110.598 		182.263 		43.445
v -110.598 		182.952 		44.048
v -110.598 		183.555 		44.737
v -110.598 		184.064 		45.499
v -110.598 		184.469 		46.32
v -110.598 		184.764 		47.188
v -110.598 		184.943 		48.086
v -110.598 		185.003 		49
v -110.598 		179.812 		55.764
v -48.541 		158.527 		11.379
v -110.598 		178.914 		55.943
v -110.598 		178 		56.003
v -38.718 		150.008 		11.967
v -110.598 		177.086 		55.943
v -49.993 		151.85 		11.379
v -110.598 		176.188 		55.764
v -110.598 		175.32 		55.469
v -38.231 		150.787 		12.264
v -110.598 		174.499 		55.064
v -110.598 		173.737 		54.555
v -110.598 		173.049 		53.952
v -110.598 		172.445 		53.263
v -110.598 		171.936 		52.501
v -38.534 		150.254 		11.967
v -48.373 		158.804 		11.09
v -110.598 		171.531 		51.68
v -110.598 		171.236 		50.812
v -110.598 		171.057 		49.914
v -110.598 		184.943 		49.914
v -110.598 		184.764 		50.812
v -110.598 		184.469 		51.68
v -110.598 		184.064 		52.501
v -110.598 		183.555 		53.263
v -110.598 		182.952 		53.952
v -48.809 		158.347 		11.09
v -110.598 		182.263 		54.555
v -110.598 		181.501 		55.064
v -110.598 		180.68 		55.469
v -40.962 		144.3871 		10.001
v -37.749 		151.062 		10.801
v -42.0271 		144.1407 		10.001
v -41.7394 		144.217 		10.001
v -42.1739 		144.1158 		10.001
v -50.163 		152.126 		11.09
v -37.625 		151.529 		11.09
v -42.9631 		144.0179 		10.001
v -43.1087 		144.0022 		10.001
v -50.312 		152.74 		11.09
v -45.048 		144.0625 		10.001
v -44.8363 		144.0507 		10.001
v -37.972 		150.638 		10.801
v -46.589 		145.449 		14.397
v -47.381 		159.585 		11.09
v -47.896 		159.218 		11.09
v -40.864 		159.674 		12.561
v -38.771 		149.648 		11.09
v -40.338 		159.37 		12.561
v -39.145 		149.567 		12.264
v -38.914 		149.771 		11.967
v -39.609 		158.824 		12.561
v -49.017 		158.527 		10.236
v -40.939 		159.687 		13.634
v -39.982 		159.096 		13.634
v -37.175 		147.712 		10.893
v -111 		123.936 		7.499
v -111 		124.445 		6.737
v -111 		125.048 		6.048
v -111 		125.737 		5.445
v -111 		126.499 		4.936
v -111 		127.32 		4.531
v -111 		128.188 		4.236
v -111 		129.086 		4.057
v -111 		130 		3.998
v -39.492 		149.036 		11.379
v -111 		130.914 		4.057
v -111 		131.812 		4.236
v -39.144 		158.345 		13.634
v -39.04 		149.467 		11.379
v -111 		132.68 		4.531
v -111 		133.501 		4.936
v -111 		134.263 		5.445
v -111 		134.952 		6.048
v -111 		135.555 		6.737
v -111 		136.064 		7.499
v -111 		134.337 		3.998
v -111 		171.936 		7.499
v -111 		172.445 		6.737
v -111 		173.049 		6.048
v -111 		173.737 		5.445
v -111 		174.499 		4.936
v -111 		175.32 		4.531
v -111 		176.188 		4.236
v -111 		177.086 		4.057
v -111 		178 		3.998
v -111 		178.914 		4.057
v -111 		179.812 		4.236
v -111 		180.68 		4.531
v -111 		181.501 		4.936
v -111 		182.263 		5.445
v -111 		182.952 		6.048
v -111 		183.555 		6.737
v -111 		184.064 		7.499
v -39.338 		149.327 		11.967
v -52.972 		151.674 		10.55
v -40.302 		148.568 		11.967
v -52.737 		153.069 		12.03
v -39.983 		148.65 		11.379
v -39.802 		148.925 		11.967
v -38.419 		157.45 		12.561
v -40.581 		148.438 		12.264
v -40.509 		148.312 		11.379
v -38.451 		157.459 		13.634
v -40.783 		148.162 		11.379
v -38.166 		156.974 		13.634
v -39.208 		149.19 		11.09
v -40.2 		148.41 		11.09
v -40.572 		148.101 		10.801
v -110.598 		123.936 		7.499
v -110.598 		124.445 		6.737
v -110.598 		125.048 		6.048
v -110.598 		125.737 		5.445
v -110.598 		126.499 		4.936
v -110.598 		127.32 		4.531
v -110.598 		128.188 		4.236
v -110.598 		129.086 		4.057
v -110.598 		130 		3.998
v -110.598 		130.914 		4.057
v -37.756 		156.086 		12.561
v -110.598 		131.812 		4.236
v -110.598 		132.68 		4.531
v -110.598 		133.501 		4.936
v -110.598 		134.263 		5.445
v -110.598 		134.952 		6.048
v -110.598 		135.555 		6.737
v -110.598 		136.064 		7.499
v -110.598 		171.936 		7.499
v -110.598 		172.445 		6.737
v -110.598 		173.049 		6.048
v -37.73 		155.937 		13.634
v -110.598 		173.737 		5.445
v -110.598 		174.499 		4.936
v -110.598 		175.32 		4.531
v -110.598 		176.188 		4.236
v -110.598 		177.086 		4.057
v -110.598 		178 		3.998
v -110.598 		178.914 		4.057
v -110.598 		179.812 		4.236
v -110.598 		180.68 		4.531
v -110.598 		181.501 		4.936
v -110.598 		182.263 		5.445
v -110.598 		182.952 		6.048
v -110.598 		183.555 		6.737
v -110.598 		184.064 		7.499
v -52.656 		152.452 		12.052
v -47.002 		145.608 		12.381
v -46.195 		146.992 		14.677
v -52.524 		151.843 		12.075
v -53.158 		152.536 		10.534
v -39.685 		148.776 		11.09
v -50.699 		153.668 		10.236
v -50.675 		154.655 		10.236
v -50.762 		154.162 		10.099
v -50.636 		154.982 		10.236
v -50.8059 		154.2136 		10.001
v -50.8103 		154.1448 		10.001
v -50.512 		155.628 		10.236
v -50.582 		155.306 		10.236
v -50.76 		154.8479 		10.001
v -50.7256 		155.0686 		10.001
v -37.008 		156.973 		14.677
v -37.277 		157.522 		14.677
v -50.7877 		154.6154 		10.001
v -50.6948 		155.2537 		10.001
v -38.83 		158.296 		11.379
v -38.57 		158.103 		11.09
v -50.6548 		155.4376 		10.001
v -50.326 		151.735 		10.236
v -50.426 		152.049 		10.236
v -50.512 		152.366 		10.236
v -38.718 		157.986 		11.967
v -50.6479 		152.488 		10.001
v -50.3976 		151.6329 		10.001
v -50.5926 		152.2717 		10.001
v -50.5435 		152.0906 		10.001
v -40.509 		159.682 		11.379
v -50.4864 		151.9113 		10.001
v -39.858 		159.251 		11.379
v -50.7637 		153.1804 		10.001
v -50.7904 		153.3677 		10.001
v -39.261 		158.748 		11.379
v -39.492 		158.958 		11.379
v -40.302 		159.426 		11.967
v -39.361 		158.643 		12.264
v -39.822 		159.044 		12.264
v -40.2 		159.585 		11.09
v -39.272 		158.968 		10.801
v -38.984 		158.581 		11.09
v -38.356 		157.676 		11.379
v -38.085 		156.939 		12.264
v -37.888 		156.865 		11.379
v -42.333 		163.892 		4.003
v -42.3645 		163.8959 		4.003
v -42.6689 		163.9334 		4.003
v -42.82 		163.952 		4.003
v -43.309 		163.988 		4.003
v -43.61 		163.9954 		4.003
# 2307 vertices

g group_0_15277357

usemtl color_15277357
s 0

f 39 	1 	33
f 5 	6 	33
f 4 	5 	33
f 6 	7 	33
f 7 	8 	33
f 8 	9 	33
f 9 	10 	33
f 3 	4 	33
f 14 	44 	13
f 15 	44 	14
f 16 	44 	15
f 17 	44 	16
f 19 	44 	17
f 20 	44 	19
f 41 	44 	21
f 13 	44 	12
f 48 	50 	25
f 50 	46 	28
f 1430 	1431 	28
f 31 	33 	10
f 12 	48 	25
f 25 	50 	28
f 33 	34 	35
f 35 	39 	33
f 2 	38 	2229
f 1 	3 	33
f 20 	21 	44
f 44 	41 	42
f 43 	44 	42
f 48 	12 	44
f 1823 	1826 	36
f 36 	85 	1823
f 46 	1428 	28
f 459 	457 	49
f 11 	53 	51
f 52 	51 	53
f 59 	512 	57
f 47 	1447 	705
f 701 	705 	1447
f 66 	156 	65
f 64 	65 	156
f 68 	156 	66
f 72 	512 	71
f 54 	512 	72
f 76 	77 	75
f 76 	81 	77
f 83 	84 	69
f 70 	69 	84
f 85 	36 	82
f 1645 	86 	82
f 67 	52 	87
f 79 	67 	87
f 86 	85 	82
f 80 	45 	264
f 81 	353 	77
f 67 	83 	69
f 85 	86 	1823
f 86 	1646 	1823
f 67 	79 	83
f 78 	89 	91
f 1367 	264 	45
f 87 	53 	708
f 11 	26 	708
f 26 	47 	705
f 89 	1834 	91
f 92 	1834 	89
f 30 	1826 	92
f 91 	142 	78
f 18 	270 	470
f 891 	88 	90
f 1367 	94 	264
f 400 	401 	113
f 113 	117 	400
f 37 	1826 	29
f 168 	169 	399
f 73 	952 	812
f 169 	171 	398
f 167 	168 	399
f 395 	398 	171
f 119 	161 	118
f 171 	172 	395
f 115 	143 	116
f 130 	156 	129
f 64 	156 	132
f 71 	512 	68
f 138 	156 	137
f 512 	513 	156
f 141 	156 	140
f 143 	115 	142
f 144 	156 	141
f 138 	140 	156
f 146 	156 	144
f 147 	116 	143
f 148 	156 	146
f 128 	116 	147
f 153 	154 	125
f 122 	136 	133
f 124 	125 	154
f 143 	142 	1299
f 154 	155 	124
f 155 	158 	124
f 148 	149 	156
f 115 	78 	142
f 1712 	1714 	225
f 147 	143 	1299
f 142 	91 	1299
f 1834 	1299 	91
f 163 	847 	136
f 161 	120 	160
f 158 	160 	123
f 163 	136 	122
f 398 	399 	169
f 466 	469 	192
f 471 	393 	174
f 465 	466 	192
f 463 	465 	192
f 174 	192 	471
f 173 	175 	176
f 170 	175 	173
f 256 	260 	1699
f 22 	24 	265
f 262 	265 	24
f 122 	133 	180
f 150 	157 	1963
f 27 	22 	267
f 265 	267 	22
f 173 	176 	182
f 133 	136 	180
f 185 	513 	184
f 27 	273 	32
f 274 	275 	40
f 274 	40 	32
f 183 	184 	513
f 186 	513 	185
f 2207 	157 	159
f 188 	513 	187
f 190 	513 	189
f 175 	1718 	176
f 170 	193 	285
f 60 	55 	295
f 199 	495 	198
f 201 	495 	199
f 60 	297 	95
f 295 	298 	60
f 198 	495 	197
f 200 	203 	180
f 95 	301 	97
f 302 	97 	301
f 177 	495 	204
f 204 	495 	202
f 245 	157 	150
f 97 	304 	100
f 302 	304 	97
f 303 	308 	100
f 178 	513 	177
f 495 	177 	513
f 183 	513 	181
f 179 	181 	513
f 186 	187 	513
f 188 	189 	513
f 191 	513 	190
f 179 	513 	178
f 313 	107 	104
f 123 	124 	158
f 152 	153 	125
f 123 	160 	120
f 162 	118 	161
f 164 	118 	162
f 166 	118 	164
f 149 	152 	125
f 156 	149 	125
f 156 	125 	127
f 127 	129 	156
f 130 	132 	156
f 313 	317 	107
f 107 	317 	111
f 206 	150 	1963
f 111 	320 	114
f 321 	114 	320
f 219 	114 	321
f 206 	151 	150
f 1852 	1853 	180
f 327 	131 	126
f 101 	103 	217
f 134 	131 	329
f 329 	131 	327
f 207 	208 	101
f 217 	207 	101
f 329 	330 	134
f 139 	134 	330
f 99 	101 	208
f 98 	99 	208
f 150 	151 	245
f 145 	139 	331
f 331 	139 	330
f 581 	145 	331
f 203 	200 	211
f 211 	221 	218
f 222 	223 	224
f 222 	224 	225
f 221 	2256 	218
f 227 	1712 	225
f 230 	231 	232
f 1086 	1085 	1091
f 1852 	203 	211
f 232 	1711 	230
f 1711 	1708 	230
f 221 	211 	200
f 237 	239 	236
f 238 	239 	237
f 235 	236 	239
f 1711 	232 	234
f 240 	1701 	234
f 2256 	221 	200
f 233 	234 	232
f 637 	244 	241
f 1706 	240 	243
f 637 	247 	244
f 246 	248 	249
f 246 	249 	250
f 136 	242 	2153
f 252 	1697 	250
f 250 	1697 	246
f 243 	246 	1706
f 658 	2269 	650
f 242 	80 	2153
f 45 	80 	242
f 242 	136 	847
f 251 	650 	2273
f 2265 	2266 	251
f 847 	58 	242
f 256 	258 	259
f 256 	259 	260
f 58 	63 	242
f 24 	1699 	260
f 262 	24 	260
f 625 	2259 	630
f 267 	268 	269
f 264 	200 	2153
f 270 	18 	2
f 269 	27 	267
f 269 	272 	273
f 274 	32 	273
f 269 	273 	27
f 176 	1722 	182
f 116 	128 	165
f 128 	290 	165
f 121 	49 	325
f 277 	325 	49
f 246 	234 	233
f 246 	233 	248
f 263 	518 	519
f 253 	518 	263
f 256 	250 	249
f 256 	249 	258
f 278 	193 	2260
f 267 	260 	259
f 267 	259 	268
f 516 	263 	519
f 243 	240 	246
f 234 	246 	240
f 284 	285 	193
f 250 	256 	255
f 254 	252 	255
f 250 	255 	252
f 2 	74 	270
f 286 	175 	170
f 265 	262 	267
f 260 	267 	262
f 273 	342 	274
f 285 	286 	170
f 290 	128 	1301
f 230 	225 	224
f 230 	224 	231
f 309 	94 	282
f 278 	165 	290
f 283 	287 	289
f 229 	227 	230
f 225 	230 	227
f 279 	287 	283
f 290 	293 	278
f 281 	486 	487
f 294 	295 	55
f 1300 	1301 	147
f 1299 	1300 	147
f 296 	297 	298
f 296 	298 	300
f 366 	281 	487
f 287 	276 	289
f 403 	292 	276
f 297 	60 	298
f 301 	95 	297
f 284 	193 	293
f 278 	293 	193
f 299 	291 	288
f 303 	304 	305
f 303 	100 	304
f 286 	1718 	175
f 307 	308 	303
f 128 	147 	1301
f 311 	306 	310
f 299 	310 	306
f 312 	104 	308
f 104 	100 	308
f 288 	310 	299
f 312 	313 	104
f 315 	316 	317
f 315 	317 	319
f 320 	111 	316
f 317 	316 	111
f 280 	333 	323
f 322 	328 	314
f 334 	306 	324
f 318 	309 	338
f 326 	121 	325
f 126 	121 	326
f 218 	318 	211
f 126 	326 	327
f 1866 	211 	318
f 323 	328 	322
f 310 	288 	1218
f 311 	324 	306
f 2276 	306 	334
f 339 	333 	280
f 279 	283 	280
f 339 	280 	283
f 281 	366 	309
f 304 	297 	296
f 304 	296 	305
f 309 	282 	281
f 317 	308 	307
f 317 	307 	319
f 337 	336 	335
f 315 	222 	316
f 328 	323 	333
f 294 	580 	295
f 580 	579 	295
f 297 	304 	302
f 297 	302 	301
f 308 	317 	313
f 308 	313 	312
f 321 	320 	219
f 219 	320 	222
f 316 	222 	320
f 342 	344 	345
f 342 	345 	346
f 324 	340 	334
f 347 	503 	343
f 341 	343 	503
f 503 	347 	348
f 349 	350 	346
f 342 	346 	350
f 350 	40 	342
f 275 	342 	40
f 1217 	1221 	310
f 1218 	1217 	310
f 349 	356 	357
f 349 	357 	350
f 359 	443 	355
f 366 	478 	338
f 360 	443 	359
f 362 	443 	360
f 2266 	62 	630
f 443 	503 	355
f 358 	361 	365
f 363 	368 	369
f 363 	369 	364
f 367 	443 	362
f 338 	309 	366
f 368 	371 	373
f 368 	373 	369
f 372 	443 	370
f 371 	376 	377
f 371 	377 	373
f 378 	443 	374
f 382 	377 	381
f 376 	381 	377
f 336 	332 	335
f 383 	403 	276
f 381 	386 	387
f 381 	387 	382
f 487 	482 	366
f 212 	408 	389
f 105 	106 	215
f 215 	216 	105
f 386 	390 	391
f 386 	391 	387
f 390 	396 	397
f 390 	397 	391
f 106 	109 	407
f 415 	394 	392
f 907 	397 	396
f 407 	408 	106
f 409 	388 	408
f 464 	468 	2066
f 213 	214 	106
f 380 	384 	413
f 413 	416 	380
f 392 	411 	414
f 392 	414 	415
f 410 	406 	404
f 412 	406 	410
f 379 	380 	416
f 403 	383 	402
f 417 	379 	416
f 418 	412 	410
f 420 	412 	418
f 420 	418 	424
f 420 	424 	425
f 2066 	2070 	464
f 648 	332 	336
f 428 	429 	424
f 425 	424 	429
f 383 	421 	402
f 426 	378 	422
f 432 	443 	430
f 427 	378 	426
f 402 	421 	431
f 433 	443 	432
f 423 	431 	421
f 429 	428 	434
f 429 	434 	435
f 436 	443 	433
f 430 	443 	427
f 437 	443 	436
f 423 	450 	431
f 439 	443 	437
f 441 	435 	440
f 434 	440 	435
f 442 	443 	439
f 411 	438 	414
f 375 	1218 	291
f 292 	289 	276
f 445 	446 	440
f 441 	440 	446
f 2150 	464 	2070
f 449 	502 	447
f 361 	1692 	365
f 446 	445 	453
f 446 	453 	454
f 288 	291 	1218
f 448 	1692 	375
f 365 	1692 	448
f 457 	454 	453
f 459 	454 	457
f 1655 	499 	1654
f 334 	340 	253
f 461 	495 	460
f 1655 	1255 	499
f 277 	49 	457
f 521 	253 	510
f 462 	495 	461
f 337 	1748 	1747
f 272 	344 	273
f 342 	273 	344
f 338 	467 	468
f 469 	471 	192
f 399 	400 	117
f 338 	475 	467
f 1747 	336 	337
f 475 	338 	478
f 275 	274 	342
f 346 	2303 	349
f 263 	470 	270
f 478 	366 	482
f 484 	502 	481
f 558 	559 	480
f 485 	502 	484
f 700 	498 	337
f 496 	486 	281
f 489 	447 	502
f 263 	516 	470
f 496 	1187 	486
f 485 	489 	502
f 452 	495 	449
f 455 	495 	452
f 458 	495 	456
f 455 	456 	495
f 458 	460 	495
f 462 	463 	495
f 393 	395 	174
f 109 	110 	405
f 502 	449 	495
f 451 	505 	450
f 431 	450 	505
f 281 	499 	496
f 419 	379 	417
f 422 	378 	419
f 443 	378 	427
f 409 	413 	384
f 442 	502 	443
f 379 	419 	378
f 214 	215 	106
f 384 	385 	409
f 385 	388 	409
f 389 	408 	388
f 508 	337 	498
f 501 	576 	504
f 575 	576 	501
f 348 	351 	503
f 351 	354 	503
f 354 	355 	503
f 370 	443 	367
f 374 	443 	372
f 502 	503 	443
f 502 	442 	444
f 502 	444 	472
f 502 	472 	473
f 477 	502 	474
f 473 	474 	502
f 502 	477 	479
f 479 	481 	502
f 55 	504 	580
f 294 	55 	580
f 438 	2067 	468
f 467 	475 	414
f 415 	414 	475
f 478 	415 	475
f 482 	1186 	478
f 487 	1186 	482
f 486 	1187 	487
f 499 	1187 	496
f 470 	492 	490
f 405 	407 	109
f 408 	212 	106
f 212 	213 	106
f 103 	105 	216
f 216 	217 	103
f 208 	209 	98
f 96 	98 	209
f 210 	96 	209
f 401 	405 	110
f 110 	113 	401
f 117 	118 	399
f 118 	166 	399
f 166 	167 	399
f 120 	161 	119
f 172 	174 	395
f 495 	463 	192
f 495 	192 	194
f 495 	194 	195
f 196 	495 	195
f 197 	495 	196
f 202 	495 	201
f 513 	191 	135
f 137 	156 	513
f 156 	68 	512
f 56 	512 	54
f 56 	57 	512
f 135 	137 	513
f 340 	1999 	510
f 492 	470 	516
f 516 	2053 	492
f 521 	510 	2011
f 518 	253 	521
f 2011 	2010 	521
f 508 	498 	522
f 525 	600 	526
f 2010 	2015 	521
f 601 	602 	526
f 528 	530 	529
f 537 	536 	613
f 538 	528 	730
f 557 	476 	617
f 539 	530 	528
f 538 	539 	528
f 531 	421 	383
f 383 	535 	531
f 545 	655 	546
f 529 	543 	722
f 558 	480 	476
f 483 	480 	559
f 493 	1912 	1038
f 548 	535 	533
f 559 	560 	483
f 488 	483 	563
f 531 	535 	548
f 529 	549 	597
f 567 	491 	488
f 567 	488 	566
f 547 	548 	533
f 567 	568 	491
f 494 	491 	568
f 239 	573 	494
f 575 	501 	497
f 576 	579 	504
f 506 	145 	581
f 495 	513 	517
f 517 	524 	495
f 502 	495 	524
f 506 	581 	584
f 506 	584 	509
f 511 	509 	584
f 529 	597 	543
f 511 	585 	514
f 530 	1682 	529
f 513 	512 	517
f 529 	1682 	549
f 782 	592 	520
f 592 	593 	520
f 523 	520 	593
f 1605 	549 	1682
f 525 	523 	600
f 600 	523 	598
f 601 	526 	600
f 695 	403 	402
f 526 	605 	527
f 527 	606 	532
f 607 	532 	606
f 1743 	1753 	522
f 607 	609 	532
f 522 	1753 	1745
f 534 	612 	536
f 765 	551 	766
f 586 	622 	514
f 623 	541 	540
f 651 	542 	541
f 651 	541 	623
f 553 	554 	507
f 544 	542 	651
f 655 	545 	544
f 570 	522 	550
f 656 	546 	655
f 552 	565 	1307
f 680 	546 	656
f 679 	680 	656
f 537 	618 	476
f 557 	558 	476
f 560 	561 	562
f 560 	562 	563
f 554 	555 	564
f 566 	488 	563
f 563 	483 	560
f 565 	552 	556
f 568 	569 	239
f 570 	550 	872
f 239 	494 	568
f 556 	571 	565
f 239 	572 	573
f 574 	497 	573
f 497 	494 	573
f 574 	575 	497
f 576 	577 	578
f 576 	578 	579
f 580 	504 	579
f 570 	1743 	522
f 10 	517 	512
f 584 	585 	511
f 586 	514 	585
f 564 	549 	554
f 560 	617 	561
f 568 	563 	562
f 568 	562 	569
f 576 	573 	572
f 576 	572 	577
f 298 	579 	578
f 531 	599 	588
f 559 	557 	560
f 558 	557 	559
f 617 	560 	557
f 549 	591 	554
f 582 	423 	588
f 563 	568 	567
f 563 	567 	566
f 575 	574 	576
f 573 	576 	574
f 1605 	591 	549
f 298 	295 	579
f 423 	421 	588
f 1691 	507 	554
f 421 	531 	588
f 1691 	554 	591
f 593 	594 	595
f 593 	595 	596
f 596 	523 	593
f 598 	523 	596
f 599 	583 	582
f 582 	588 	599
f 602 	603 	604
f 602 	604 	605
f 935 	583 	599
f 606 	527 	605
f 602 	605 	526
f 503 	502 	524
f 608 	609 	610
f 599 	531 	548
f 608 	534 	609
f 534 	532 	609
f 611 	612 	608
f 613 	536 	612
f 608 	612 	534
f 613 	615 	537
f 616 	617 	618
f 616 	618 	619
f 554 	553 	614
f 335 	620 	337
f 615 	618 	537
f 617 	476 	618
f 555 	554 	614
f 431 	702 	402
f 540 	514 	622
f 540 	622 	623
f 702 	704 	402
f 1676 	702 	431
f 620 	335 	624
f 505 	1676 	431
f 564 	597 	549
f 206 	637 	151
f 337 	620 	700
f 245 	241 	630
f 631 	633 	632
f 151 	637 	245
f 628 	633 	631
f 620 	589 	700
f 620 	590 	589
f 631 	635 	636
f 587 	621 	686
f 587 	624 	638
f 624 	335 	332
f 332 	638 	624
f 245 	637 	241
f 621 	587 	638
f 631 	632 	635
f 637 	206 	647
f 650 	251 	647
f 637 	647 	251
f 651 	653 	544
f 544 	653 	655
f 647 	658 	650
f 647 	1607 	658
f 500 	657 	451
f 637 	251 	247
f 663 	657 	500
f 505 	451 	657
f 602 	596 	595
f 602 	595 	603
f 53 	11 	708
f 609 	605 	604
f 609 	604 	610
f 618 	612 	611
f 618 	611 	619
f 617 	616 	561
f 642 	695 	698
f 596 	602 	601
f 600 	598 	601
f 596 	601 	598
f 2289 	77 	625
f 244 	247 	2266
f 2273 	2265 	251
f 247 	251 	2266
f 606 	605 	609
f 606 	609 	607
f 615 	613 	618
f 612 	618 	613
f 500 	660 	663
f 667 	666 	668
f 669 	667 	668
f 669 	668 	672
f 669 	672 	673
f 676 	677 	672
f 677 	673 	672
f 322 	314 	670
f 314 	671 	670
f 659 	954 	665
f 676 	1123 	677
f 674 	1757 	675
f 659 	642 	933
f 621 	332 	648
f 621 	638 	332
f 671 	678 	670
f 670 	678 	683
f 678 	681 	683
f 728 	683 	681
f 728 	681 	723
f 664 	684 	685
f 590 	1875 	589
f 691 	686 	780
f 632 	706 	635
f 776 	780 	686
f 693 	659 	690
f 2214 	2218 	686
f 690 	695 	693
f 621 	2214 	686
f 693 	642 	659
f 631 	553 	507
f 10 	639 	517
f 695 	292 	403
f 631 	636 	1164
f 402 	698 	695
f 553 	631 	614
f 620 	624 	696
f 587 	696 	624
f 698 	402 	704
f 587 	691 	696
f 590 	620 	696
f 587 	686 	691
f 1164 	614 	631
f 699 	636 	635
f 693 	695 	642
f 699 	640 	636
f 632 	633 	706
f 1890 	709 	1246
f 699 	705 	701
f 699 	635 	706
f 705 	699 	708
f 706 	708 	699
f 703 	692 	709
f 706 	711 	708
f 692 	1246 	709
f 703 	709 	707
f 628 	1704 	713
f 713 	633 	628
f 633 	713 	706
f 706 	712 	711
f 674 	688 	759
f 759 	1757 	674
f 715 	712 	713
f 706 	713 	712
f 713 	716 	715
f 662 	717 	661
f 713 	718 	716
f 1771 	661 	717
f 1704 	1857 	713
f 1857 	718 	713
f 670 	661 	322
f 670 	662 	661
f 715 	716 	1915
f 1918 	1914 	1859
f 718 	1859 	1914
f 716 	718 	1915
f 1914 	1915 	718
f 493 	720 	1899
f 724 	725 	726
f 1771 	717 	1757
f 721 	725 	724
f 721 	726 	725
f 498 	700 	720
f 725 	528 	529
f 726 	725 	529
f 723 	689 	728
f 727 	728 	689
f 689 	687 	727
f 721 	528 	725
f 522 	498 	720
f 725 	726 	730
f 725 	730 	721
f 493 	522 	720
f 730 	528 	721
f 493 	1038 	733
f 731 	734 	735
f 731 	735 	732
f 726 	721 	724
f 736 	737 	738
f 726 	529 	724
f 722 	724 	529
f 738 	739 	736
f 739 	735 	736
f 734 	736 	735
f 721 	724 	722
f 740 	741 	738
f 742 	743 	741
f 743 	739 	741
f 738 	741 	739
f 742 	744 	745
f 742 	745 	743
f 684 	682 	746
f 1912 	493 	714
f 747 	748 	749
f 747 	749 	750
f 685 	684 	746
f 748 	752 	749
f 751 	752 	748
f 752 	745 	749
f 744 	749 	745
f 746 	753 	685
f 751 	754 	755
f 751 	755 	752
f 675 	1757 	717
f 753 	746 	756
f 754 	757 	758
f 754 	758 	755
f 730 	726 	885
f 726 	724 	885
f 753 	756 	760
f 761 	762 	763
f 761 	763 	764
f 522 	493 	733
f 768 	758 	762
f 767 	768 	762
f 763 	762 	758
f 757 	763 	758
f 550 	522 	733
f 767 	769 	770
f 767 	770 	768
f 851 	685 	753
f 765 	766 	771
f 772 	773 	774
f 771 	766 	775
f 772 	777 	773
f 777 	770 	773
f 769 	773 	770
f 778 	779 	772
f 781 	782 	779
f 782 	777 	779
f 772 	779 	777
f 182 	1722 	776
f 780 	1997 	691
f 592 	782 	781
f 719 	789 	784
f 783 	678 	671
f 780 	776 	1723
f 785 	783 	671
f 749 	741 	740
f 749 	740 	750
f 763 	748 	747
f 763 	747 	764
f 773 	762 	761
f 773 	761 	774
f 664 	786 	787
f 778 	593 	779
f 731 	867 	734
f 741 	749 	744
f 741 	744 	742
f 757 	751 	763
f 754 	751 	757
f 748 	763 	751
f 722 	788 	721
f 769 	767 	773
f 762 	773 	767
f 543 	597 	788
f 781 	779 	592
f 593 	592 	779
f 722 	543 	788
f 853 	855 	793
f 710 	1068 	1065
f 807 	727 	687
f 799 	788 	831
f 597 	564 	788
f 788 	564 	833
f 1074 	796 	1065
f 820 	809 	801
f 796 	710 	1065
f 727 	807 	809
f 807 	806 	809
f 806 	801 	809
f 724 	788 	885
f 788 	724 	721
f 810 	877 	805
f 814 	564 	813
f 564 	555 	813
f 4 	649 	646
f 614 	813 	555
f 801 	829 	820
f 899 	824 	822
f 787 	981 	664
f 825 	904 	868
f 814 	813 	1072
f 710 	796 	827
f 803 	827 	796
f 670 	683 	826
f 704 	710 	827
f 662 	670 	826
f 830 	642 	803
f 829 	823 	832
f 832 	820 	829
f 853 	793 	790
f 794 	831 	967
f 793 	855 	795
f 564 	814 	833
f 814 	967 	833
f 860 	861 	795
f 797 	795 	861
f 642 	834 	803
f 798 	797 	863
f 863 	797 	861
f 642 	698 	834
f 863 	864 	798
f 833 	967 	831
f 878 	662 	826
f 878 	717 	662
f 799 	831 	794
f 869 	802 	800
f 803 	834 	827
f 802 	871 	792
f 788 	833 	831
f 675 	839 	674
f 823 	840 	832
f 841 	832 	840
f 679 	876 	680
f 698 	827 	834
f 810 	808 	877
f 877 	808 	876
f 840 	838 	841
f 710 	704 	702
f 877 	874 	805
f 838 	837 	841
f 842 	841 	837
f 827 	698 	704
f 675 	717 	839
f 892 	816 	815
f 817 	816 	894
f 894 	816 	892
f 817 	894 	818
f 897 	818 	894
f 819 	818 	897
f 847 	163 	845
f 163 	842 	836
f 845 	163 	836
f 899 	822 	819
f 73 	812 	63
f 825 	824 	904
f 847 	843 	58
f 73 	58 	843
f 845 	843 	847
f 63 	58 	73
f 760 	929 	812
f 837 	836 	842
f 828 	905 	667
f 786 	664 	851
f 766 	551 	538
f 839 	688 	674
f 664 	685 	851
f 660 	539 	663
f 852 	790 	850
f 790 	792 	850
f 786 	851 	791
f 852 	853 	790
f 855 	856 	857
f 855 	857 	858
f 908 	688 	835
f 860 	795 	858
f 855 	858 	795
f 839 	835 	688
f 864 	865 	866
f 864 	866 	867
f 539 	538 	551
f 663 	539 	551
f 1662 	862 	826
f 731 	732 	867
f 732 	798 	867
f 864 	867 	798
f 775 	766 	730
f 800 	825 	868
f 826 	683 	728
f 868 	869 	800
f 870 	792 	871
f 854 	880 	859
f 871 	802 	873
f 869 	873 	802
f 804 	805 	875
f 874 	875 	805
f 538 	730 	766
f 905 	828 	875
f 808 	680 	876
f 775 	730 	885
f 878 	826 	862
f 855 	850 	856
f 864 	858 	857
f 864 	857 	865
f 866 	737 	867
f 736 	867 	737
f 850 	855 	853
f 850 	853 	852
f 835 	878 	862
f 858 	864 	863
f 861 	860 	863
f 858 	863 	860
f 883 	775 	885
f 839 	878 	835
f 736 	734 	867
f 871 	882 	870
f 717 	878 	839
f 885 	886 	883
f 896 	893 	891
f 887 	890 	815
f 815 	811 	887
f 733 	889 	550
f 890 	892 	815
f 889 	872 	550
f 884 	883 	886
f 895 	888 	681
f 897 	898 	819
f 681 	678 	895
f 898 	899 	819
f 884 	886 	893
f 891 	893 	886
f 783 	895 	678
f 900 	824 	899
f 938 	939 	854
f 824 	900 	904
f 854 	903 	880
f 828 	804 	875
f 891 	906 	902
f 896 	891 	902
f 902 	906 	901
f 901 	906 	697
f 872 	1743 	570
f 666 	667 	905
f 1593 	854 	1732
f 879 	889 	881
f 854 	939 	903
f 984 	908 	910
f 984 	985 	908
f 697 	682 	901
f 920 	1444 	849
f 995 	916 	915
f 846 	934 	844
f 756 	746 	729
f 945 	880 	913
f 913 	880 	903
f 879 	2257 	889
f 23 	889 	2257
f 697 	729 	682
f 729 	929 	756
f 872 	889 	23
f 920 	913 	552
f 746 	682 	729
f 1743 	872 	23
f 771 	775 	928
f 63 	812 	929
f 760 	756 	929
f 928 	775 	883
f 547 	931 	548
f 642 	932 	933
f 931 	935 	599
f 642 	830 	937
f 930 	927 	1110
f 599 	548 	931
f 937 	932 	642
f 848 	771 	928
f 848 	928 	846
f 846 	928 	934
f 934 	1673 	844
f 939 	913 	903
f 835 	910 	908
f 939 	552 	913
f 939 	634 	556
f 941 	930 	1110
f 939 	938 	634
f 556 	552 	939
f 851 	753 	791
f 940 	932 	937
f 1653 	1693 	910
f 719 	942 	789
f 931 	556 	634
f 703 	943 	692
f 944 	936 	789
f 935 	931 	634
f 931 	571 	556
f 547 	571 	931
f 694 	944 	943
f 634 	1600 	935
f 944 	692 	943
f 952 	879 	930
f 942 	944 	789
f 960 	945 	913
f 703 	694 	943
f 859 	948 	854
f 957 	940 	937
f 719 	729 	942
f 946 	949 	947
f 729 	944 	942
f 791 	941 	786
f 880 	950 	859
f 986 	949 	946
f 753 	760 	951
f 944 	729 	692
f 945 	950 	880
f 812 	951 	760
f 729 	697 	692
f 952 	951 	812
f 950 	948 	859
f 955 	948 	950
f 954 	659 	933
f 694 	936 	944
f 1673 	934 	1724
f 643 	7 	644
f 960 	913 	920
f 962 	956 	694
f 849 	960 	920
f 707 	962 	703
f 821 	967 	814
f 950 	945 	965
f 965 	955 	950
f 955 	963 	958
f 694 	956 	936
f 962 	694 	703
f 956 	962 	1103
f 266 	966 	965
f 955 	965 	966
f 965 	271 	266
f 945 	998 	965
f 932 	961 	933
f 1000 	271 	998
f 271 	1000 	1493
f 959 	794 	967
f 955 	966 	963
f 945 	960 	998
f 1601 	794 	964
f 964 	794 	959
f 971 	968 	969
f 973 	933 	961
f 947 	759 	688
f 971 	969 	975
f 688 	985 	947
f 968 	1182 	969
f 6 	645 	644
f 976 	1243 	961
f 932 	940 	976
f 940 	957 	976
f 1245 	976 	957
f 968 	1194 	1205
f 909 	907 	989
f 1205 	1182 	968
f 909 	989 	911
f 990 	911 	989
f 980 	949 	953
f 961 	932 	976
f 912 	911 	992
f 990 	992 	911
f 971 	787 	987
f 992 	994 	912
f 971 	975 	981
f 995 	915 	914
f 981 	787 	971
f 916 	995 	996
f 917 	916 	997
f 996 	997 	916
f 1245 	957 	970
f 983 	981 	975
f 953 	1063 	982
f 917 	997 	999
f 664 	981 	983
f 918 	917 	999
f 999 	1001 	919
f 999 	919 	918
f 921 	919 	1002
f 1001 	1002 	919
f 921 	1002 	922
f 1003 	922 	1002
f 947 	985 	946
f 957 	937 	970
f 923 	922 	1004
f 1003 	1004 	922
f 924 	923 	1006
f 1006 	923 	1004
f 1183 	969 	1182
f 970 	937 	1025
f 1006 	1007 	925
f 1006 	925 	924
f 926 	925 	1009
f 1007 	1009 	925
f 986 	946 	985
f 972 	926 	1010
f 1009 	1010 	926
f 953 	949 	986
f 791 	753 	941
f 969 	1183 	1188
f 941 	753 	951
f 1012 	977 	974
f 985 	984 	986
f 930 	941 	951
f 1014 	978 	977
f 688 	908 	985
f 952 	930 	951
f 1014 	1015 	978
f 979 	978 	1015
f 879 	952 	2257
f 406 	979 	1015
f 396 	988 	907
f 987 	968 	971
f 988 	989 	907
f 914 	912 	994
f 994 	995 	914
f 998 	960 	849
f 933 	973 	954
f 965 	998 	271
f 998 	1005 	1000
f 998 	1008 	1005
f 787 	786 	987
f 1087 	972 	1010
f 1011 	786 	941
f 1496 	1511 	271
f 1312 	1493 	1000
f 1008 	1312 	1005
f 1493 	1496 	271
f 987 	786 	1011
f 1012 	1013 	977
f 583 	935 	1587
f 938 	854 	1593
f 977 	1013 	1014
f 1593 	634 	938
f 1011 	991 	987
f 406 	1015 	404
f 1725 	948 	955
f 1029 	889 	733
f 1030 	1032 	993
f 1032 	1030 	1036
f 1012 	974 	1109
f 1036 	962 	707
f 1057 	733 	1038
f 1036 	1030 	1103
f 733 	1057 	1029
f 1043 	1113 	1044
f 1036 	1103 	962
f 411 	392 	1038
f 1113 	1114 	1044
f 889 	1029 	881
f 993 	2205 	1328
f 1020 	1029 	392
f 1020 	392 	1050
f 1050 	1019 	1020
f 1029 	1057 	392
f 1055 	1155 	1053
f 953 	986 	228
f 886 	794 	1601
f 392 	1057 	1038
f 886 	885 	794
f 885 	799 	794
f 986 	984 	1059
f 885 	788 	799
f 803 	796 	1028
f 986 	1091 	228
f 1028 	1026 	803
f 934 	928 	883
f 883 	884 	934
f 1025 	803 	1026
f 1091 	986 	1094
f 1073 	927 	1060
f 1059 	1094 	986
f 927 	930 	1060
f 937 	830 	1025
f 830 	803 	1025
f 1020 	1061 	881
f 1059 	1099 	1097
f 1020 	1019 	1061
f 881 	1029 	1020
f 226 	1063 	953
f 953 	228 	226
f 930 	879 	1060
f 1064 	982 	1063
f 710 	1644 	1068
f 879 	881 	1061
f 1060 	879 	1061
f 1083 	1077 	1091
f 1085 	1083 	1091
f 1072 	1069 	1070
f 1067 	1072 	1070
f 1016 	972 	1087
f 1068 	1066 	1065
f 1087 	1088 	1017
f 1087 	1017 	1016
f 1088 	1089 	1017
f 1068 	1062 	1066
f 1018 	1089 	1021
f 1069 	1072 	640
f 1092 	1022 	1090
f 1021 	1090 	1022
f 1092 	1093 	1022
f 1072 	1164 	640
f 1024 	1023 	1093
f 636 	640 	1164
f 1027 	1024 	1098
f 1096 	1098 	1024
f 1066 	1062 	1082
f 1098 	1031 	1027
f 640 	1450 	1069
f 1035 	1033 	1106
f 1106 	1033 	1104
f 1107 	1037 	1106
f 1035 	1106 	1037
f 1039 	1037 	1109
f 1109 	1037 	1107
f 34 	627 	35
f 1039 	1109 	974
f 796 	1074 	1100
f 33 	629 	34
f 1028 	796 	1100
f 1043 	1042 	1112
f 1112 	1113 	1043
f 2059 	2061 	1622
f 2051 	2059 	1622
f 1045 	1044 	1114
f 1065 	1066 	1082
f 1114 	1117 	1046
f 1114 	1046 	1045
f 1046 	1117 	1047
f 1118 	1047 	1117
f 1065 	1082 	1074
f 1048 	1047 	1119
f 1118 	1119 	1047
f 1119 	1120 	1049
f 1119 	1049 	1048
f 2063 	1064 	1619
f 1619 	1622 	2063
f 2061 	2063 	1622
f 1120 	1121 	1049
f 652 	1 	654
f 1052 	677 	1123
f 1052 	1123 	1054
f 1125 	1054 	1123
f 1074 	1082 	1318
f 1083 	1085 	1629
f 1058 	1054 	1125
f 1081 	1619 	1064
f 1078 	1081 	1064
f 970 	1025 	1026
f 1063 	226 	1079
f 1079 	1078 	1063
f 1064 	1063 	1078
f 1018 	1017 	1089
f 645 	5 	646
f 1090 	1021 	1089
f 1071 	927 	1073
f 1023 	1022 	1093
f 1059 	1097 	1094
f 1096 	1024 	1093
f 1151 	1075 	1076
f 1098 	1101 	1031
f 626 	35 	627
f 1101 	1111 	1031
f 1030 	1163 	1055
f 627 	34 	629
f 1084 	1086 	1094
f 1091 	1094 	1086
f 1097 	1633 	1094
f 1099 	1641 	1097
f 639 	9 	641
f 1030 	1055 	1103
f 1110 	1076 	1075
f 927 	1076 	1110
f 1042 	1031 	1111
f 1110 	1075 	1140
f 1111 	1112 	1042
f 1105 	1254 	1258
f 1105 	1108 	1115
f 654 	39 	626
f 1011 	941 	1110
f 991 	1011 	1102
f 1110 	1102 	1011
f 1051 	1049 	1121
f 1103 	1055 	1122
f 1121 	1128 	1051
f 1124 	1108 	1127
f 1122 	956 	1103
f 1125 	1126 	1058
f 1104 	1033 	1126
f 1058 	1126 	1033
f 649 	3 	652
f 1129 	1051 	1128
f 1128 	1130 	1131
f 1128 	1131 	1129
f 1132 	1133 	1131
f 1132 	1131 	1130
f 1122 	1116 	1383
f 1133 	1132 	1135
f 1134 	1135 	1132
f 1383 	1116 	1372
f 1135 	1134 	1137
f 1136 	1137 	1134
f 1138 	1139 	1137
f 1138 	1137 	1136
f 1654 	1053 	1663
f 1138 	811 	1139
f 887 	811 	1138
f 1163 	1030 	993
f 1144 	1145 	1143
f 1142 	1143 	1145
f 1147 	1148 	1146
f 1145 	1149 	1142
f 223 	1150 	224
f 927 	1071 	1151
f 1 	652 	3
f 231 	1152 	232
f 232 	1152 	233
f 1076 	927 	1151
f 1154 	249 	248
f 1157 	259 	258
f 1665 	1053 	1238
f 1160 	269 	268
f 1155 	1238 	1053
f 1160 	272 	269
f 1412 	821 	814
f 1102 	1110 	1140
f 1412 	814 	1072
f 300 	1162 	296
f 1155 	1055 	1163
f 1165 	303 	305
f 1165 	307 	303
f 1241 	1239 	1163
f 1072 	813 	614
f 1166 	315 	319
f 614 	1164 	1072
f 330 	666 	331
f 329 	668 	330
f 327 	668 	329
f 326 	672 	327
f 277 	326 	325
f 344 	1168 	345
f 1095 	1028 	1100
f 1074 	1318 	1472
f 1100 	1472 	1095
f 1074 	1472 	1100
f 326 	277 	457
f 326 	457 	453
f 326 	453 	445
f 326 	445 	440
f 326 	440 	434
f 1169 	562 	561
f 1102 	1140 	1213
f 239 	569 	235
f 238 	572 	239
f 1028 	1095 	1026
f 577 	1170 	578
f 1095 	1461 	1305
f 783 	1108 	1124
f 1305 	1026 	1095
f 1185 	1141 	1019
f 1108 	783 	785
f 1108 	785 	1115
f 586 	585 	584
f 622 	586 	584
f 1174 	595 	594
f 1141 	1071 	1073
f 1073 	1060 	1141
f 1176 	604 	603
f 1061 	1019 	1141
f 1163 	1242 	1241
f 1141 	1060 	1061
f 1190 	1575 	1056
f 993 	1234 	1163
f 1186 	1187 	1185
f 1241 	1242 	1205
f 392 	394 	1185
f 1186 	1185 	394
f 2283 	2278 	1188
f 394 	478 	1186
f 415 	478 	394
f 1182 	1205 	1242
f 1185 	1050 	392
f 1185 	1019 	1050
f 1178 	608 	610
f 1222 	1191 	991
f 1178 	611 	608
f 1192 	616 	619
f 1186 	487 	1187
f 1195 	968 	1191
f 1194 	968 	1195
f 1151 	1071 	1193
f 655 	584 	656
f 653 	584 	655
f 651 	584 	653
f 623 	584 	651
f 622 	584 	623
f 679 	656 	584
f 968 	987 	1191
f 1193 	1204 	1151
f 991 	1191 	987
f 874 	877 	584
f 581 	331 	905
f 1104 	1126 	326
f 1197 	738 	737
f 1222 	1225 	1191
f 1193 	1196 	1198
f 1197 	740 	738
f 1200 	747 	750
f 1191 	1199 	1195
f 1201 	761 	764
f 1199 	1238 	1195
f 1212 	783 	1124
f 774 	1202 	772
f 1204 	1209 	1203
f 1202 	778 	772
f 1203 	1075 	1204
f 1206 	857 	856
f 1195 	1238 	1194
f 1207 	866 	865
f 1193 	1198 	1204
f 876 	584 	877
f 679 	584 	876
f 1210 	1203 	1209
f 1205 	1194 	1241
f 1204 	1198 	1209
f 1242 	1234 	1183
f 1183 	1182 	1242
f 1239 	1241 	1194
f 1075 	1151 	1204
f 1056 	1184 	1190
f 517 	1153 	524
f 1212 	1124 	1189
f 1089 	1208 	1090
f 1211 	1090 	1208
f 1210 	1213 	1203
f 1145 	1144 	1216
f 1144 	1214 	1216
f 1216 	1208 	1219
f 1214 	1208 	1216
f 1190 	1217 	1218
f 1140 	1203 	1213
f 1219 	1208 	1220
f 1215 	895 	1212
f 1224 	1999 	311
f 363 	1220 	1208
f 1140 	1075 	1203
f 363 	1208 	368
f 1692 	1690 	1218
f 368 	1208 	371
f 371 	1208 	376
f 1190 	1221 	1217
f 1198 	1660 	1209
f 381 	1208 	386
f 386 	1208 	390
f 390 	1208 	396
f 1190 	1224 	1221
f 1199 	1191 	1225
f 1210 	1226 	1213
f 311 	310 	1224
f 324 	311 	1999
f 1213 	1226 	1228
f 326 	434 	428
f 326 	428 	424
f 326 	424 	418
f 326 	418 	410
f 326 	410 	404
f 1209 	1660 	1210
f 1210 	1663 	1226
f 1227 	1256 	287
f 1228 	1222 	1213
f 1228 	1225 	1222
f 404 	1015 	326
f 676 	672 	326
f 668 	327 	672
f 905 	331 	666
f 666 	330 	668
f 584 	581 	905
f 1211 	869 	868
f 1102 	1213 	1222
f 1211 	873 	869
f 905 	875 	584
f 874 	584 	875
f 1196 	1660 	1198
f 991 	1102 	1222
f 887 	1211 	890
f 890 	1211 	892
f 1663 	1664 	1228
f 1226 	1663 	1228
f 892 	1211 	894
f 894 	1211 	897
f 1196 	1193 	1233
f 1232 	1233 	1193
f 897 	1211 	898
f 1232 	1253 	1233
f 904 	900 	1211
f 898 	1211 	899
f 1233 	1655 	1196
f 899 	1211 	900
f 1326 	1234 	993
f 904 	1211 	868
f 1328 	2287 	1326
f 998 	849 	1179
f 988 	1208 	989
f 381 	376 	1208
f 993 	1328 	1326
f 998 	1179 	1008
f 396 	1208 	988
f 989 	1208 	990
f 81 	2282 	353
f 990 	1208 	992
f 1235 	1008 	1179
f 992 	1208 	994
f 994 	1208 	995
f 1179 	1237 	1235
f 1225 	1228 	1665
f 995 	1208 	996
f 996 	1208 	997
f 1179 	1630 	1237
f 997 	1208 	999
f 1001 	999 	1208
f 1002 	1001 	1208
f 1005 	1312 	1000
f 1235 	1248 	1008
f 1239 	1238 	1155
f 1002 	1208 	1003
f 1155 	1163 	1239
f 1003 	1208 	1004
f 1004 	1208 	1006
f 1242 	1163 	1234
f 1006 	1208 	1007
f 1212 	895 	783
f 1007 	1208 	1009
f 1009 	1208 	1010
f 961 	1243 	1240
f 1247 	1240 	1250
f 1243 	1250 	1240
f 1188 	1183 	1234
f 1326 	2287 	1234
f 1239 	1194 	1238
f 1247 	1630 	1244
f 1014 	326 	1015
f 1013 	326 	1014
f 1012 	326 	1013
f 1032 	159 	993
f 1087 	1010 	1208
f 976 	1245 	1243
f 1088 	1087 	1208
f 1088 	1208 	1089
f 1248 	1249 	1245
f 1098 	1096 	1211
f 1090 	1211 	1092
f 1092 	1211 	1093
f 692 	697 	1246
f 1093 	1211 	1096
f 1236 	1854 	888
f 697 	906 	1246
f 1215 	1236 	888
f 906 	93 	1246
f 1251 	707 	709
f 1215 	888 	895
f 709 	1890 	1251
f 1249 	1250 	1243
f 1249 	1243 	1245
f 1890 	112 	1251
f 1107 	326 	1109
f 1106 	326 	1107
f 1104 	326 	1106
f 1012 	1109 	326
f 1249 	1235 	1250
f 1119 	1118 	1211
f 1211 	1111 	1101
f 1098 	1211 	1101
f 1111 	1211 	1112
f 1187 	1252 	1185
f 1112 	1211 	1113
f 1252 	1232 	1185
f 1113 	1211 	1114
f 1114 	1211 	1117
f 1117 	1211 	1118
f 1232 	1252 	1255
f 1257 	1256 	1227
f 1141 	1185 	1232
f 1187 	499 	1252
f 1105 	1258 	1108
f 1255 	1253 	1232
f 1125 	326 	1126
f 1123 	326 	1125
f 676 	326 	1123
f 1105 	38 	1254
f 1071 	1141 	1232
f 276 	535 	383
f 1211 	1128 	1121
f 1120 	1211 	1121
f 1120 	1119 	1211
f 1128 	1211 	1130
f 276 	1256 	535
f 1193 	1071 	1232
f 1130 	1211 	1132
f 1258 	1127 	1108
f 1132 	1211 	1134
f 1134 	1211 	1136
f 1136 	1211 	1138
f 887 	1138 	1211
f 1663 	1210 	1660
f 1253 	1655 	1233
f 1255 	1655 	1253
f 1252 	499 	1255
f 1230 	1257 	1229
f 1264 	1270 	1263
f 1263 	1270 	1262
f 1267 	1256 	1257
f 846 	844 	1260
f 1270 	1296 	1269
f 533 	535 	1256
f 1260 	1259 	846
f 1270 	1273 	1274
f 1270 	1274 	1275
f 1270 	1275 	1277
f 1270 	1277 	1278
f 1270 	1278 	1279
f 1270 	1279 	1280
f 1281 	1270 	1280
f 1282 	1270 	1281
f 1288 	1270 	1282
f 1269 	1296 	1272
f 1267 	1257 	1230
f 1285 	1270 	1284
f 1286 	1270 	1285
f 1283 	1284 	1270
f 1287 	1270 	1286
f 1290 	1270 	1287
f 236 	1283 	1270
f 1288 	237 	1270
f 236 	1270 	237
f 1289 	1267 	1230
f 533 	1256 	1267
f 1292 	1270 	1291
f 1293 	1270 	1292
f 1294 	1270 	1293
f 1295 	1270 	1294
f 1262 	1270 	1295
f 1296 	1270 	1264
f 1290 	1291 	1270
f 1260 	1167 	1259
f 1439 	1261 	1254
f 533 	1267 	1289
f 1271 	1272 	1296
f 1266 	1271 	1296
f 1265 	1266 	1296
f 50 	48 	1266
f 1271 	1266 	48
f 1297 	1271 	48
f 1289 	547 	533
f 792 	1263 	850
f 1262 	850 	1263
f 1264 	1263 	870
f 792 	870 	1263
f 1265 	871 	873
f 1265 	873 	1266
f 1298 	848 	1259
f 850 	1262 	856
f 1295 	856 	1262
f 846 	1259 	848
f 870 	882 	1264
f 293 	290 	1716
f 1265 	882 	871
f 1315 	1289 	1230
f 1266 	1211 	50
f 1211 	1266 	873
f 1311 	1245 	1305
f 1258 	1254 	1261
f 1142 	1269 	1272
f 1142 	1272 	1143
f 1245 	1311 	1248
f 48 	1208 	1297
f 1127 	1258 	1261
f 1146 	1148 	1270
f 346 	345 	1148
f 970 	1305 	1245
f 1304 	920 	552
f 1142 	1149 	1269
f 1149 	1147 	1269
f 1270 	1269 	1147
f 1270 	1147 	1146
f 1272 	1271 	1144
f 1272 	1144 	1143
f 1162 	300 	1282
f 1288 	1282 	300
f 298 	578 	300
f 1124 	1127 	1306
f 1298 	1313 	1303
f 1165 	305 	1281
f 305 	296 	1281
f 1282 	1281 	296
f 1282 	296 	1162
f 1308 	1124 	1306
f 1166 	319 	1280
f 1281 	1280 	319
f 1281 	319 	307
f 1281 	307 	1165
f 1313 	1298 	1259
f 1150 	223 	1279
f 1280 	1279 	223
f 222 	315 	223
f 1280 	223 	315
f 1280 	315 	1166
f 552 	1307 	1304
f 1461 	1493 	1305
f 1307 	571 	547
f 1152 	231 	1278
f 231 	224 	1278
f 1279 	1278 	224
f 1279 	224 	1150
f 1154 	248 	1277
f 1278 	1277 	248
f 1278 	248 	233
f 1278 	233 	1152
f 1157 	258 	1275
f 1277 	1275 	258
f 1277 	258 	249
f 1277 	249 	1154
f 1305 	1312 	1311
f 1160 	268 	1274
f 268 	259 	1274
f 1275 	1274 	259
f 1275 	259 	1157
f 1168 	344 	1273
f 1274 	1273 	344
f 1274 	344 	272
f 1274 	272 	1160
f 1307 	547 	1289
f 1270 	1148 	345
f 1273 	1270 	345
f 1273 	345 	1168
f 970 	1026 	1305
f 1314 	1941 	2267
f 1287 	594 	1290
f 1174 	594 	1287
f 593 	778 	594
f 1306 	1381 	1308
f 1311 	1008 	1248
f 1310 	1124 	1308
f 1286 	603 	1287
f 1176 	603 	1286
f 603 	595 	1287
f 1174 	1287 	595
f 1312 	1008 	1311
f 1260 	1314 	1167
f 1309 	1127 	1261
f 610 	604 	1285
f 1178 	610 	1285
f 1286 	1285 	604
f 1176 	1286 	604
f 1240 	1247 	1244
f 1284 	619 	1285
f 1192 	619 	1284
f 619 	611 	1285
f 1178 	1285 	611
f 1307 	565 	571
f 561 	616 	1283
f 1169 	561 	1283
f 1284 	1283 	616
f 1192 	1284 	616
f 1240 	973 	961
f 1309 	1306 	1127
f 569 	562 	236
f 235 	569 	236
f 1283 	236 	562
f 1169 	1283 	562
f 1302 	1304 	1315
f 1288 	577 	237
f 1170 	577 	1288
f 577 	572 	237
f 238 	237 	572
f 1259 	1167 	1313
f 1288 	300 	578
f 1170 	1288 	578
f 1315 	1304 	1307
f 1206 	856 	1295
f 1307 	1289 	1315
f 1630 	1632 	1244
f 1250 	1237 	1247
f 1248 	1235 	1249
f 865 	857 	1294
f 1207 	865 	1294
f 1295 	1294 	857
f 1206 	1295 	857
f 1301 	1716 	290
f 284 	293 	1716
f 1251 	1036 	707
f 737 	866 	1293
f 1197 	737 	1293
f 1294 	1293 	866
f 1207 	1294 	866
f 1292 	750 	1293
f 1200 	750 	1292
f 750 	740 	1293
f 1197 	1293 	740
f 1227 	1323 	1320
f 1321 	1324 	1322
f 1291 	764 	1292
f 1201 	764 	1291
f 764 	747 	1292
f 1200 	1292 	747
f 2258 	1036 	1251
f 774 	761 	1290
f 1202 	774 	1290
f 1291 	1290 	761
f 1201 	1291 	761
f 1034 	1361 	1325
f 1290 	594 	778
f 1202 	1290 	778
f 882 	1296 	1264
f 1214 	1144 	1271
f 1214 	1271 	1297
f 1316 	1317 	1303
f 1296 	882 	1265
f 2205 	1327 	1328
f 1330 	1331 	1329
f 1208 	1329 	1331
f 1208 	1331 	1211
f 279 	1323 	287
f 820 	1324 	1321
f 1214 	1297 	1208
f 1208 	48 	1329
f 279 	1325 	1323
f 1333 	1330 	1332
f 220 	1332 	1330
f 1303 	1313 	1316
f 820 	832 	1324
f 1334 	1330 	1333
f 1335 	1330 	1334
f 1227 	287 	1323
f 1337 	1330 	1335
f 1327 	353 	2282
f 1338 	1330 	1337
f 45 	242 	1339
f 1325 	279 	280
f 1339 	242 	1340
f 1342 	1330 	1341
f 1338 	1341 	1330
f 1339 	1340 	1343
f 1344 	1330 	1342
f 280 	1034 	1325
f 1345 	1330 	1344
f 1346 	1330 	1345
f 1330 	1346 	1331
f 719 	784 	1343
f 1350 	1351 	1375
f 1351 	1352 	1375
f 1353 	1375 	1352
f 1325 	1361 	1323
f 63 	1340 	242
f 1357 	1375 	1356
f 1358 	1375 	1357
f 929 	1343 	1340
f 1939 	1321 	1322
f 1348 	1375 	1358
f 1320 	1323 	1361
f 1340 	63 	929
f 1362 	1375 	1360
f 1360 	1375 	1359
f 1359 	1375 	1353
f 929 	719 	1343
f 1349 	1350 	1375
f 1393 	1229 	1320
f 1124 	1310 	1189
f 929 	729 	719
f 1364 	1365 	1363
f 1365 	1368 	1363
f 1339 	1367 	45
f 1372 	1376 	784
f 1362 	1363 	1368
f 1362 	1368 	1369
f 1362 	1369 	1370
f 1362 	1370 	1371
f 1362 	1371 	1373
f 1362 	1373 	1374
f 1362 	1374 	1375
f 1393 	1320 	1361
f 1378 	1379 	1375
f 1376 	1367 	1339
f 1189 	1310 	1366
f 1361 	1041 	1393
f 1339 	1343 	784
f 1339 	784 	1376
f 1355 	1375 	1354
f 1356 	1375 	1355
f 784 	789 	1372
f 1582 	1317 	1316
f 1379 	1380 	1375
f 1349 	1375 	1348
f 1354 	1375 	1380
f 1377 	1378 	1375
f 1381 	1427 	1382
f 1386 	1387 	1405
f 1385 	1405 	1384
f 1384 	1405 	1387
f 1390 	1405 	1389
f 1391 	1405 	1390
f 1392 	1405 	1391
f 1394 	1405 	1392
f 1395 	1405 	1394
f 1386 	1405 	1395
f 1398 	1405 	1397
f 1397 	1405 	1396
f 1167 	1314 	1478
f 1388 	1389 	1405
f 1478 	1469 	1167
f 1398 	1399 	1400
f 1398 	1400 	1401
f 1398 	1401 	1402
f 1402 	1403 	1398
f 1313 	1167 	1469
f 1231 	1302 	1404
f 1309 	1381 	1306
f 1398 	1403 	1406
f 1398 	1406 	1407
f 1409 	1398 	1408
f 1405 	1398 	1409
f 1407 	1408 	1398
f 1385 	1396 	1405
f 1404 	1230 	1229
f 1366 	1310 	1382
f 1316 	1514 	1582
f 1229 	1393 	1404
f 1410 	1411 	1388
f 1413 	1388 	1411
f 1426 	1412 	1067
f 1414 	1388 	1413
f 1604 	1426 	1067
f 1405 	1410 	1388
f 1436 	1464 	1388
f 1382 	1310 	1308
f 1366 	1212 	1189
f 1377 	1375 	1416
f 1308 	1381 	1382
f 1420 	1421 	31
f 1257 	1227 	1320
f 1366 	1215 	1212
f 1421 	1422 	31
f 1418 	31 	1417
f 287 	1256 	276
f 1422 	1423 	31
f 1419 	31 	1418
f 1375 	31 	1423
f 1072 	1067 	1412
f 1415 	1375 	1423
f 1425 	46 	1424
f 1320 	1229 	1257
f 1428 	46 	1425
f 1429 	28 	1428
f 1404 	1302 	1315
f 1430 	28 	1429
f 1404 	1315 	1230
f 1442 	1381 	1309
f 1435 	31 	1433
f 1417 	31 	1435
f 1432 	1433 	31
f 283 	289 	1434
f 1434 	289 	1437
f 1336 	1939 	1322
f 1437 	289 	292
f 1437 	292 	1438
f 1336 	1276 	1939
f 1439 	38 	18
f 1438 	292 	695
f 38 	1439 	1254
f 1434 	1437 	2163
f 1347 	1440 	1336
f 2163 	1437 	1438
f 2163 	1438 	690
f 1443 	1317 	1446
f 1438 	695 	690
f 1440 	1276 	1336
f 1442 	1309 	1261
f 1441 	1446 	1317
f 1446 	1447 	1443
f 1611 	1439 	18
f 1957 	1451 	823
f 823 	829 	1957
f 1448 	1445 	1584
f 1261 	1618 	1614
f 1447 	1446 	701
f 1446 	1441 	701
f 1441 	1474 	1462
f 1582 	1514 	1462
f 643 	1159 	1158
f 1450 	1070 	1069
f 1450 	1067 	1070
f 1261 	1614 	1442
f 1450 	1604 	1067
f 1615 	1381 	1442
f 1677 	1628 	1445
f 1628 	1444 	1445
f 1427 	1381 	1615
f 1451 	1957 	336
f 1450 	1453 	1452
f 1444 	1179 	849
f 1450 	1455 	1453
f 1215 	1366 	1223
f 1450 	1457 	1455
f 1324 	1456 	1454
f 1450 	640 	699
f 1318 	1908 	1319
f 1383 	1372 	789
f 1450 	1459 	1457
f 936 	956 	1383
f 1450 	699 	1462
f 701 	1462 	699
f 789 	936 	1383
f 1450 	1462 	1459
f 1464 	1465 	1388
f 1372 	1498 	1376
f 1474 	1582 	1462
f 1462 	701 	1441
f 1469 	1316 	1313
f 1470 	46 	1468
f 1518 	1513 	1469
f 1317 	1582 	1474
f 1223 	1366 	1550
f 1424 	46 	1473
f 1473 	46 	1471
f 1318 	1319 	1477
f 1414 	1436 	1388
f 46 	1388 	1465
f 46 	1465 	1466
f 46 	1466 	1467
f 1468 	46 	1467
f 1471 	46 	1470
f 1383 	956 	1122
f 1416 	1375 	1415
f 1476 	1550 	1366
f 1317 	1474 	1441
f 1431 	1432 	28
f 31 	28 	1432
f 1419 	1420 	31
f 10 	28 	31
f 1318 	1477 	1475
f 1459 	1462 	1513
f 1481 	1504 	1480
f 1482 	1504 	1481
f 1483 	1504 	1482
f 1484 	1504 	1483
f 1314 	2267 	1478
f 1492 	1497 	2267
f 1475 	1477 	958
f 1477 	1319 	958
f 1487 	1488 	1504
f 1488 	1489 	1504
f 1486 	1504 	1490
f 1490 	1504 	1489
f 1484 	1487 	1504
f 1472 	1461 	1095
f 1312 	1305 	1493
f 1479 	1480 	1504
f 1479 	1504 	1495
f 966 	266 	1511
f 1496 	1493 	1461
f 1116 	1491 	1498
f 1478 	2267 	1497
f 1502 	1510 	1501
f 1494 	1510 	1502
f 1500 	1501 	1499
f 1511 	1503 	966
f 1478 	1497 	1588
f 1485 	1491 	1116
f 1318 	1475 	1472
f 1503 	1472 	1475
f 1492 	1613 	1497
f 1506 	1494 	1505
f 1507 	1494 	1506
f 1508 	1494 	1507
f 1509 	1494 	1508
f 1510 	1494 	1509
f 1499 	1501 	1510
f 1504 	1505 	1494
f 1494 	1495 	1504
f 1491 	282 	1498
f 1472 	1503 	1511
f 1116 	1122 	1485
f 958 	963 	1475
f 1122 	1055 	1485
f 1472 	1511 	1496
f 1472 	1496 	1461
f 1498 	1372 	1116
f 1316 	1469 	1513
f 1516 	1504 	1517
f 1498 	1367 	1376
f 1498 	282 	94
f 1486 	1517 	1504
f 1512 	1504 	1515
f 1516 	1515 	1504
f 1522 	1529 	1521
f 1520 	1521 	1529
f 1445 	1444 	1543
f 1630 	1247 	1237
f 1237 	1250 	1235
f 266 	271 	1511
f 1503 	1475 	966
f 963 	966 	1475
f 1523 	1529 	1522
f 1524 	1529 	1523
f 1525 	1529 	1524
f 1526 	1529 	1525
f 1527 	1529 	1526
f 1528 	1529 	1527
f 1519 	1520 	1529
f 1532 	1519 	1529
f 1531 	1532 	1529
f 1584 	1445 	1543
f 1541 	1531 	1529
f 1458 	1454 	1626
f 1530 	1534 	1533
f 1536 	1537 	1529
f 1537 	1538 	1529
f 1538 	1539 	1529
f 1539 	1540 	1529
f 1541 	1529 	1540
f 832 	1456 	1324
f 1551 	1549 	1529
f 1563 	1444 	920
f 451 	1534 	1530
f 1544 	1545 	1529
f 1529 	1545 	1546
f 1529 	1546 	1547
f 1547 	1536 	1529
f 832 	1626 	1456
f 451 	450 	1534
f 832 	1625 	1626
f 1542 	1529 	1548
f 1549 	1548 	1529
f 1544 	1529 	1542
f 1223 	1550 	1476
f 1551 	1529 	1552
f 1574 	1552 	1529
f 1454 	1458 	1631
f 1458 	1776 	1820
f 1463 	1555 	1460
f 1557 	1556 	1589
f 1543 	1563 	1302
f 1558 	1557 	1589
f 1534 	450 	423
f 1559 	1558 	1589
f 1322 	1324 	1454
f 1559 	1589 	1560
f 1560 	1589 	1561
f 1336 	1322 	1454
f 1561 	1589 	1562
f 1454 	1347 	1336
f 1460 	1223 	1476
f 1304 	1563 	920
f 1565 	1564 	1590
f 1534 	1567 	1533
f 1543 	1444 	1563
f 1566 	1565 	1590
f 1534 	582 	583
f 1555 	1463 	1535
f 1304 	1302 	1563
f 423 	582 	1534
f 1571 	1589 	1572
f 1573 	1572 	1589
f 1316 	1513 	1514
f 1578 	1533 	1567
f 1453 	1455 	1513
f 1215 	1223 	1555
f 1567 	1534 	583
f 1583 	1581 	1590
f 1223 	1460 	1555
f 1567 	583 	1587
f 1455 	1457 	1513
f 1585 	1590 	1586
f 1590 	1564 	1586
f 1535 	1215 	1555
f 1587 	1578 	1567
f 1585 	1583 	1590
f 1581 	1580 	1590
f 1580 	1579 	1590
f 1579 	1577 	1590
f 1529 	1590 	1577
f 1574 	1529 	1576
f 1577 	1576 	1529
f 1236 	1215 	1535
f 1554 	1562 	1504
f 1556 	1573 	1589
f 1553 	1554 	1504
f 1512 	1553 	1504
f 1504 	1562 	1589
f 1571 	1570 	1589
f 1589 	1570 	1569
f 1568 	1590 	1569
f 1568 	1566 	1590
f 1589 	1569 	1590
f 1588 	1518 	1469
f 1476 	1591 	1592
f 1594 	1578 	1587
f 1588 	1613 	1518
f 1584 	1449 	1448
f 1476 	1592 	1460
f 1587 	935 	1600
f 1514 	1513 	1462
f 1575 	1449 	1597
f 1469 	1478 	1588
f 1353 	1479 	1495
f 1495 	1359 	1353
f 1463 	1460 	1592
f 1453 	1513 	1452
f 1457 	1459 	1513
f 1518 	1452 	1513
f 1497 	1613 	1588
f 1397 	1531 	1398
f 1398 	1531 	1541
f 1463 	1592 	1639
f 1598 	1593 	1594
f 1604 	1450 	1607
f 1596 	1231 	1595
f 1607 	1450 	1452
f 1449 	1584 	1597
f 1639 	1592 	1629
f 1597 	1596 	1595
f 1729 	959 	1599
f 959 	967 	1599
f 967 	821 	1599
f 1587 	1598 	1594
f 1599 	1412 	1426
f 1426 	1976 	1599
f 634 	1593 	1600
f 1593 	1598 	1600
f 821 	1412 	1599
f 31 	1504 	1589
f 1504 	31 	1375
f 1302 	1596 	1597
f 1597 	1584 	1543
f 1600 	1598 	1587
f 1597 	1543 	1302
f 891 	886 	1601
f 1640 	1463 	1639
f 1231 	1596 	1302
f 1575 	1603 	1608
f 1602 	1530 	1606
f 1056 	1575 	1608
f 1575 	1597 	1603
f 500 	1530 	1602
f 206 	1604 	1607
f 639 	641 	1153
f 206 	1607 	647
f 1595 	1603 	1597
f 1530 	1533 	1606
f 1607 	1609 	658
f 1530 	500 	451
f 1533 	1610 	1605
f 1612 	1611 	490
f 470 	490 	1611
f 1607 	1613 	1609
f 1611 	18 	470
f 1452 	1613 	1607
f 1900 	1608 	1595
f 1613 	1492 	1609
f 1452 	1518 	1613
f 1608 	1603 	1595
f 1595 	1740 	1900
f 1614 	1078 	1615
f 1595 	1404 	1740
f 1605 	1606 	1533
f 643 	1158 	1156
f 1081 	1078 	1614
f 1231 	1404 	1595
f 1533 	1578 	1610
f 645 	1161 	1159
f 1605 	1682 	1606
f 1619 	1081 	1614
f 1619 	1614 	1618
f 1614 	1615 	1442
f 515 	1621 	1730
f 1618 	1622 	1619
f 2286 	973 	1620
f 1612 	1622 	1611
f 46 	1590 	1529
f 1388 	46 	1529
f 1347 	1623 	1440
f 1618 	1611 	1622
f 1694 	1620 	973
f 1593 	1730 	1621
f 1261 	1439 	1618
f 1618 	1439 	1611
f 1480 	1352 	1481
f 1480 	1479 	1352
f 1353 	1352 	1479
f 1624 	1593 	1621
f 2053 	1622 	1612
f 1458 	1626 	1625
f 1624 	1594 	1593
f 1625 	1778 	1458
f 1077 	1083 	1627
f 1615 	1078 	1079
f 1615 	1079 	1080
f 1615 	1080 	1627
f 1077 	1627 	1080
f 1629 	1615 	1627
f 1179 	1444 	1628
f 1456 	1626 	1454
f 1629 	1591 	1476
f 1691 	1610 	1594
f 1592 	1591 	1629
f 1179 	1628 	1630
f 1778 	1625 	832
f 1677 	1445 	1448
f 1610 	1691 	1605
f 1628 	1632 	1630
f 1578 	1594 	1610
f 1454 	1631 	1634
f 1631 	1636 	1634
f 1484 	1483 	1348
f 1634 	1347 	1454
f 1350 	1483 	1482
f 1350 	1482 	1351
f 1481 	1351 	1482
f 1458 	1636 	1631
f 1481 	1352 	1351
f 1633 	1639 	1084
f 1458 	1637 	1636
f 639 	1153 	517
f 1490 	1355 	1486
f 1629 	1084 	1639
f 644 	645 	1159
f 1161 	645 	1171
f 649 	1172 	646
f 1634 	1623 	1347
f 1639 	1633 	1641
f 1634 	1636 	1623
f 626 	1177 	654
f 1643 	1640 	1641
f 1639 	1641 	1640
f 1357 	1489 	1488
f 1633 	1097 	1641
f 1084 	1094 	1633
f 1357 	1488 	1487
f 627 	629 	1180
f 1646 	86 	1645
f 1156 	1153 	641
f 2141 	2146 	1645
f 1821 	1823 	1646
f 641 	643 	1156
f 1645 	1640 	1648
f 1348 	1483 	1349
f 644 	1159 	643
f 1268 	1647 	2165
f 1643 	1648 	1640
f 1483 	1350 	1349
f 646 	1171 	645
f 1641 	1099 	1643
f 1171 	646 	1172
f 649 	652 	1172
f 1173 	1172 	652
f 1175 	1173 	654
f 652 	654 	1173
f 1646 	1645 	1648
f 1647 	1440 	1623
f 1175 	654 	1177
f 1650 	1635 	1638
f 2146 	1463 	1645
f 1177 	626 	1180
f 627 	1180 	626
f 1181 	1180 	629
f 1463 	1640 	1645
f 1642 	1649 	1623
f 19 	17 	1171
f 29 	1826 	30
f 1646 	1648 	1821
f 1648 	1643 	1821
f 1649 	1647 	1623
f 1427 	1629 	1382
f 16 	15 	1159
f 1268 	1440 	1647
f 15 	14 	1158
f 1615 	1629 	1427
f 1299 	2165 	1300
f 1355 	1490 	1489
f 1629 	1627 	1083
f 13 	12 	1153
f 1487 	1358 	1357
f 1177 	1180 	42
f 1629 	1085 	1086
f 1348 	1487 	1484
f 1175 	1177 	41
f 42 	41 	1177
f 1629 	1086 	1084
f 710 	1650 	1644
f 41 	21 	1175
f 1647 	1649 	1656
f 1821 	1643 	1099
f 1629 	1476 	1366
f 1629 	1366 	1382
f 94 	1367 	1498
f 1658 	1662 	826
f 1486 	1355 	1354
f 16 	1159 	1161
f 282 	1654 	281
f 1654 	1491 	1485
f 1156 	13 	1153
f 1053 	1485 	1055
f 1651 	1647 	1656
f 1487 	1348 	1358
f 1053 	1654 	1485
f 1649 	1642 	1656
f 1653 	835 	862
f 282 	1491 	1654
f 20 	1172 	1173
f 1489 	1356 	1355
f 1357 	1356 	1489
f 1171 	1172 	19
f 910 	835 	1653
f 281 	1654 	499
f 1158 	1159 	15
f 1156 	1158 	14
f 1654 	1657 	1655
f 1654 	1660 	1657
f 1658 	1659 	1661
f 1662 	1658 	1661
f 1663 	1660 	1654
f 1656 	1717 	1718
f 1664 	1663 	1053
f 1053 	1665 	1664
f 1655 	1657 	1196
f 1660 	1196 	1657
f 1199 	1225 	1665
f 1665 	1228 	1664
f 1238 	1199 	1665
f 1656 	1719 	1717
f 1656 	1721 	1719
f 1658 	826 	728
f 1716 	1651 	1718
f 728 	1659 	1658
f 728 	727 	1659
f 1156 	14 	13
f 1749 	1659 	727
f 1495 	1494 	1360
f 1495 	1360 	1359
f 1673 	1617 	1674
f 1628 	1675 	1632
f 1676 	505 	1678
f 1678 	505 	657
f 710 	702 	1676
f 1679 	1675 	1677
f 1628 	1677 	1675
f 1676 	1650 	710
f 1650 	1676 	1678
f 1681 	1448 	1449
f 1650 	1678 	1635
f 1635 	1678 	1688
f 1677 	1680 	1679
f 1617 	1938 	1674
f 1673 	1683 	1617
f 1684 	1682 	530
f 1677 	1448 	1681
f 1363 	1502 	1501
f 1172 	20 	19
f 530 	539 	1684
f 1500 	1364 	1501
f 1680 	1677 	1685
f 539 	660 	1684
f 660 	1602 	1684
f 1681 	1685 	1677
f 660 	500 	1602
f 1652 	1662 	1661
f 1681 	1686 	1685
f 1684 	1602 	1682
f 1690 	1687 	1681
f 44 	43 	1181
f 1681 	1687 	1686
f 1606 	1682 	1602
f 1678 	657 	1688
f 1370 	1509 	1508
f 1675 	1244 	1632
f 1685 	1686 	361
f 1687 	361 	1686
f 1692 	361 	1687
f 1653 	1662 	1652
f 1688 	657 	663
f 1371 	1370 	1507
f 1688 	663 	1689
f 1506 	1373 	1507
f 1689 	663 	551
f 1374 	1373 	1505
f 1575 	1681 	1449
f 723 	681 	888
f 1504 	1375 	1505
f 1662 	1653 	862
f 1689 	551 	2034
f 1360 	1494 	1502
f 1363 	1501 	1364
f 1365 	1364 	1499
f 1500 	1499 	1364
f 1854 	689 	723
f 1180 	43 	42
f 1371 	1507 	1373
f 1374 	1505 	1375
f 1510 	1368 	1499
f 1365 	1499 	1368
f 1510 	1509 	1368
f 1661 	1755 	1652
f 1594 	1624 	1691
f 1508 	1507 	1370
f 507 	1691 	515
f 1691 	1621 	515
f 1690 	1681 	1575
f 1624 	1621 	1691
f 1690 	1692 	1687
f 1362 	1360 	1502
f 1575 	1190 	1690
f 1502 	1363 	1362
f 1190 	1218 	1690
f 591 	1605 	1691
f 1218 	375 	1692
f 1705 	1694 	1244
f 973 	1240 	1694
f 1694 	1707 	1710
f 1506 	1505 	1373
f 459 	49 	22
f 32 	459 	27
f 22 	27 	459
f 1653 	1652 	1693
f 1368 	1509 	1369
f 1696 	1702 	1700
f 1509 	1370 	1369
f 1767 	1693 	1703
f 628 	1700 	1704
f 1240 	1244 	1694
f 1652 	1703 	1693
f 1617 	1683 	1616
f 1694 	1705 	1707
f 1656 	1722 	1721
f 1707 	1705 	1679
f 1675 	1679 	1705
f 1244 	1675 	1705
f 1656 	1642 	1709
f 1656 	1709 	1722
f 1683 	1724 	1616
f 1620 	1694 	1710
f 1709 	1642 	1920
f 1710 	1713 	1715
f 1512 	1515 	1377
f 1260 	1673 	1932
f 1716 	1301 	1651
f 361 	358 	1715
f 1710 	1715 	358
f 1656 	1718 	1651
f 1711 	126 	1708
f 1715 	1713 	1680
f 1679 	1680 	1713
f 361 	1715 	1685
f 285 	284 	1716
f 286 	285 	1716
f 1713 	1710 	1707
f 1707 	1679 	1713
f 1719 	1721 	176
f 1722 	176 	1721
f 1680 	1685 	1715
f 1378 	1377 	1515
f 1378 	1515 	1379
f 1379 	1516 	1380
f 1673 	1260 	844
f 1711 	1701 	126
f 934 	884 	1724
f 121 	1698 	49
f 1702 	1704 	1700
f 1516 	1379 	1515
f 1517 	1380 	1516
f 1725 	1695 	854
f 1486 	1354 	1517
f 1380 	1517 	1354
f 948 	1725 	854
f 1673 	1724 	1683
f 1699 	49 	1698
f 1863 	1696 	1695
f 1616 	1724 	1727
f 1729 	1601 	964
f 1857 	1704 	1702
f 1729 	88 	1601
f 1733 	1034 	1728
f 1729 	90 	88
f 323 	1728 	1034
f 323 	1726 	1728
f 323 	1034 	280
f 891 	1601 	88
f 1732 	854 	1695
f 1386 	1523 	1522
f 1522 	1521 	1387
f 1522 	1387 	1386
f 1521 	1520 	1387
f 1700 	515 	1730
f 1520 	1519 	1385
f 1732 	1695 	1696
f 1726 	1731 	1733
f 1519 	1532 	1385
f 1700 	1732 	1696
f 1726 	1733 	1728
f 1529 	1528 	1389
f 1528 	1527 	1389
f 1732 	1730 	1593
f 1732 	1700 	1730
f 134 	114 	131
f 102 	1729 	108
f 1599 	108 	1729
f 1394 	1525 	1524
f 1394 	1524 	1523
f 1041 	1361 	1733
f 1599 	1976 	108
f 1387 	1520 	1384
f 959 	1729 	964
f 131 	1708 	126
f 1520 	1385 	1384
f 1709 	1723 	1722
f 1737 	1723 	1709
f 1724 	884 	893
f 1920 	2140 	1709
f 1731 	1720 	1738
f 1391 	1390 	1526
f 1724 	893 	896
f 1525 	1392 	1526
f 896 	1727 	1724
f 1716 	1718 	286
f 1717 	176 	1718
f 1719 	176 	1717
f 1723 	776 	1722
f 1733 	1040 	1041
f 1738 	1040 	1733
f 1743 	836 	837
f 1731 	1738 	1733
f 1906 	1736 	1905
f 1741 	684 	664
f 1531 	1397 	1532
f 840 	1747 	838
f 1741 	664 	983
f 1747 	1748 	838
f 1385 	1532 	1396
f 823 	1747 	840
f 1740 	1742 	1900
f 1527 	1390 	1389
f 1839 	1642 	1623
f 1394 	1523 	1395
f 1742 	1740 	1040
f 1523 	1386 	1395
f 1529 	1389 	1388
f 1527 	1526 	1390
f 121 	126 	1701
f 1391 	1526 	1392
f 1525 	1394 	1392
f 1393 	1740 	1404
f 1393 	1041 	1740
f 1922 	1616 	1992
f 1745 	837 	838
f 1041 	1040 	1740
f 1992 	1616 	1746
f 838 	1748 	1745
f 1396 	1532 	1397
f 1746 	1616 	1862
f 1747 	823 	1451
f 1040 	1738 	1742
f 508 	522 	1745
f 1753 	1743 	837
f 1753 	837 	1745
f 1742 	1738 	1720
f 508 	1745 	1748
f 1541 	1540 	1398
f 1751 	1742 	1720
f 337 	508 	1748
f 1401 	1539 	1538
f 1538 	1537 	1401
f 1536 	1403 	1537
f 1752 	1276 	1754
f 1906 	1903 	1736
f 1661 	1659 	1755
f 1734 	1736 	1903
f 1749 	1755 	1659
f 1544 	1409 	1545
f 1749 	1750 	1755
f 1755 	1750 	1752
f 1652 	1755 	1756
f 1908 	1062 	1901
f 1756 	1703 	1652
f 1173 	21 	20
f 1754 	1755 	1752
f 1757 	1758 	1769
f 1318 	1082 	1908
f 1754 	1756 	1755
f 1540 	1399 	1398
f 1765 	1062 	1068
f 1400 	1399 	1539
f 1539 	1401 	1400
f 1062 	1765 	1734
f 1403 	1536 	1406
f 1761 	1758 	1757
f 1761 	1757 	759
f 1760 	1754 	1759
f 1760 	1767 	1703
f 1760 	1756 	1754
f 1796 	1762 	1763
f 1276 	1759 	1754
f 1406 	1536 	1547
f 1276 	1440 	1759
f 1545 	1408 	1546
f 1545 	1409 	1408
f 1760 	1703 	1756
f 1409 	1544 	1542
f 1540 	1539 	1399
f 1763 	661 	1771
f 336 	1747 	1451
f 1401 	1537 	1402
f 1537 	1403 	1402
f 1771 	1769 	1763
f 984 	1767 	1059
f 54 	1773 	1774
f 54 	1774 	56
f 56 	1774 	1775
f 56 	1775 	57
f 1731 	1726 	1762
f 1407 	1406 	1546
f 1547 	1546 	1406
f 57 	1775 	1777
f 57 	1777 	59
f 1767 	1766 	1059
f 1546 	1408 	1407
f 1762 	1796 	1731
f 64 	1807 	1779
f 64 	1779 	1780
f 64 	1780 	65
f 1759 	1268 	1770
f 65 	1780 	1781
f 65 	1781 	66
f 66 	1781 	1782
f 66 	1782 	68
f 1765 	1068 	1644
f 1768 	1760 	1759
f 68 	1782 	1783
f 68 	1783 	71
f 1759 	1770 	1768
f 71 	1783 	1784
f 71 	1784 	72
f 1726 	323 	1762
f 72 	1784 	1773
f 72 	1773 	54
f 322 	1763 	1762
f 661 	1763 	322
f 1785 	96 	2236
f 1760 	1768 	1767
f 1786 	98 	96
f 1786 	96 	1785
f 323 	322 	1762
f 1787 	99 	98
f 1787 	98 	1786
f 1644 	1650 	1765
f 1788 	101 	99
f 1788 	99 	1787
f 984 	910 	1767
f 1789 	103 	101
f 1789 	101 	1788
f 1767 	910 	1693
f 1405 	1409 	1542
f 1790 	105 	103
f 1790 	103 	1789
f 1542 	1410 	1405
f 1766 	1821 	1059
f 1791 	106 	105
f 1791 	105 	1790
f 1821 	1099 	1059
f 1792 	109 	106
f 1792 	106 	1791
f 1815 	314 	328
f 1793 	110 	109
f 1793 	109 	1792
f 1794 	113 	110
f 1794 	110 	1793
f 1771 	1757 	1769
f 1767 	1802 	1766
f 1768 	1802 	1767
f 1795 	117 	1794
f 113 	1794 	117
f 1770 	1802 	1768
f 1765 	1764 	1734
f 117 	1795 	1797
f 117 	1797 	118
f 118 	1797 	1798
f 118 	1798 	119
f 119 	1798 	1799
f 119 	1799 	120
f 1763 	1769 	1796
f 120 	1799 	1800
f 120 	1800 	123
f 1766 	1823 	1821
f 123 	1800 	1801
f 123 	1801 	124
f 124 	1801 	1803
f 124 	1803 	125
f 1796 	1758 	1720
f 125 	1803 	1804
f 125 	1804 	127
f 127 	1804 	1805
f 127 	1805 	129
f 1731 	1796 	1720
f 1778 	1772 	1458
f 129 	1805 	1806
f 129 	1806 	130
f 130 	1806 	1807
f 130 	1807 	132
f 1268 	2165 	1770
f 1796 	1769 	1758
f 132 	1807 	64
f 1802 	1825 	1826
f 135 	1808 	1809
f 135 	1809 	137
f 1410 	1549 	1411
f 841 	1772 	1778
f 137 	1809 	1810
f 137 	1810 	138
f 138 	1810 	1811
f 138 	1811 	140
f 1413 	1411 	1551
f 1549 	1551 	1411
f 1766 	1802 	1826
f 1766 	1826 	1823
f 832 	841 	1778
f 140 	1811 	1812
f 140 	1812 	141
f 1551 	1414 	1413
f 141 	1812 	1813
f 141 	1813 	144
f 785 	671 	314
f 144 	1813 	1814
f 144 	1814 	146
f 1802 	1770 	2165
f 1816 	148 	146
f 1816 	146 	1814
f 314 	1815 	785
f 1299 	1834 	2165
f 1802 	2165 	1834
f 1817 	149 	148
f 1817 	148 	1816
f 841 	842 	1772
f 1549 	1410 	1548
f 1818 	152 	149
f 1818 	149 	1817
f 1802 	1834 	1832
f 2271 	1815 	328
f 1819 	153 	152
f 1819 	152 	1818
f 1822 	154 	153
f 1822 	153 	1819
f 2272 	2271 	328
f 1552 	1414 	1551
f 154 	1822 	1824
f 154 	1824 	155
f 1458 	1772 	1776
f 1827 	158 	155
f 1827 	155 	1824
f 1548 	1410 	1542
f 1825 	1802 	1828
f 1574 	1414 	1552
f 1802 	1832 	1828
f 1834 	92 	1832
f 135 	1980 	1808
f 158 	1827 	160
f 1829 	160 	1827
f 1458 	1820 	1830
f 1830 	1637 	1458
f 759 	1833 	1761
f 37 	36 	1826
f 1826 	1825 	92
f 1825 	1828 	92
f 1832 	92 	1828
f 1761 	1833 	1758
f 1698 	121 	1697
f 1708 	131 	1712
f 1838 	1236 	1535
f 1837 	1638 	1635
f 1569 	1570 	1430
f 1650 	1638 	1764
f 1841 	1838 	1840
f 1637 	1839 	1636
f 1838 	1535 	2081
f 1830 	1839 	1637
f 1925 	1839 	1835
f 1820 	1835 	1839
f 1843 	1638 	1837
f 1830 	1820 	1839
f 1838 	2081 	1840
f 1837 	1842 	1843
f 1466 	1580 	1467
f 1467 	1580 	1468
f 1720 	1758 	1833
f 1838 	1841 	1854
f 1697 	121 	1706
f 1833 	1751 	1720
f 1838 	1854 	1236
f 1650 	1764 	1765
f 1734 	1764 	1843
f 1562 	1423 	1422
f 139 	104 	134
f 1423 	1562 	1415
f 1831 	161 	160
f 1831 	160 	1829
f 1839 	1623 	1636
f 1473 	1586 	1424
f 1844 	162 	161
f 1844 	161 	1831
f 1853 	1772 	1845
f 1424 	1565 	1425
f 1846 	164 	162
f 1846 	162 	1844
f 1425 	1565 	1428
f 1847 	166 	164
f 1847 	164 	1846
f 1701 	1706 	121
f 1848 	167 	166
f 1848 	166 	1847
f 1772 	842 	1845
f 1569 	1430 	1429
f 1849 	168 	167
f 1849 	167 	1848
f 1431 	1430 	1570
f 1850 	169 	168
f 1850 	168 	1849
f 1431 	1570 	1432
f 1851 	171 	169
f 1851 	169 	1850
f 111 	134 	107
f 1572 	1433 	1432
f 180 	1853 	122
f 1433 	1572 	1573
f 1433 	1573 	1435
f 1417 	1435 	1573
f 1843 	1736 	1734
f 1574 	1576 	1436
f 163 	122 	1845
f 1843 	1764 	1638
f 842 	163 	1845
f 1843 	1842 	1735
f 1852 	180 	203
f 1735 	1736 	1843
f 1471 	1586 	1473
f 1845 	122 	1853
f 628 	1855 	1700
f 1512 	1377 	1416
f 145 	97 	139
f 689 	1860 	687
f 1855 	628 	631
f 1772 	1853 	1776
f 1852 	1856 	1853
f 1700 	1855 	515
f 1419 	1418 	1558
f 1854 	723 	888
f 1559 	1420 	1558
f 1419 	1558 	1420
f 1856 	1820 	1776
f 107 	134 	104
f 1712 	131 	1714
f 631 	507 	1855
f 1559 	1560 	1420
f 1776 	1853 	1856
f 1560 	1561 	1421
f 515 	1855 	507
f 1422 	1561 	1562
f 1415 	1554 	1416
f 1553 	1416 	1554
f 1714 	131 	114
f 114 	134 	111
f 1416 	1553 	1512
f 1556 	1417 	1573
f 1557 	1418 	1556
f 1417 	1556 	1418
f 1558 	1418 	1557
f 1859 	718 	1857
f 1421 	1420 	1560
f 60 	95 	145
f 97 	145 	95
f 1422 	1421 	1561
f 1820 	1858 	1835
f 1415 	1562 	1554
f 1424 	1586 	1564
f 1424 	1564 	1565
f 1565 	1566 	1428
f 1428 	1566 	1429
f 1568 	1429 	1566
f 1857 	1861 	1859
f 1569 	1429 	1568
f 1571 	1432 	1570
f 1572 	1432 	1571
f 1695 	1869 	1863
f 1856 	1858 	1820
f 1863 	1702 	1696
f 1862 	1741 	1739
f 1863 	1857 	1702
f 1464 	1436 	1576
f 1464 	1576 	1465
f 1862 	1870 	1741
f 1465 	1579 	1466
f 1857 	1863 	1864
f 1857 	1864 	1861
f 1870 	684 	1741
f 1579 	1580 	1466
f 1581 	1468 	1580
f 1470 	1468 	1583
f 1581 	1583 	1468
f 1585 	1471 	1583
f 1856 	1852 	1858
f 1863 	1865 	1864
f 1695 	1725 	1869
f 1744 	1746 	1862
f 1574 	1436 	1414
f 1863 	1867 	1865
f 1577 	1465 	1576
f 1852 	1866 	1858
f 1579 	1465 	1577
f 1868 	901 	1870
f 1871 	1867 	1869
f 211 	1866 	1852
f 1870 	682 	684
f 1863 	1869 	1867
f 1470 	1583 	1471
f 1471 	1585 	1586
f 1869 	1874 	1871
f 1862 	1616 	1868
f 1872 	1873 	1954
f 1862 	1868 	1870
f 1869 	1725 	955
f 1872 	1875 	1873
f 1882 	1877 	1876
f 1882 	1876 	205
f 958 	1874 	955
f 1869 	955 	1874
f 1878 	1877 	1882
f 1879 	1878 	1882
f 1875 	700 	589
f 1880 	1879 	1882
f 1727 	1868 	1616
f 1886 	1885 	1882
f 1882 	1884 	1881
f 1881 	1880 	1882
f 1915 	84 	715
f 84 	83 	715
f 1861 	1918 	1859
f 1864 	1888 	1861
f 1865 	1903 	1864
f 1867 	1903 	1865
f 1871 	1911 	1867
f 958 	1319 	1874
f 1884 	1882 	1885
f 1729 	1883 	90
f 1883 	1890 	93
f 1886 	1882 	1887
f 1889 	1887 	1882
f 1891 	1889 	1882
f 1211 	1894 	50
f 1893 	50 	1894
f 1893 	1894 	1882
f 1246 	93 	1890
f 1954 	1873 	1875
f 1882 	1894 	1891
f 93 	90 	1883
f 1888 	1896 	1918
f 1211 	1331 	1894
f 1896 	1888 	1735
f 1905 	1735 	1888
f 906 	891 	93
f 1735 	70 	1896
f 891 	90 	93
f 220 	205 	1876
f 700 	1875 	1872
f 1870 	901 	682
f 1900 	1895 	1897
f 1734 	1901 	1062
f 1901 	1734 	1902
f 1903 	1902 	1734
f 1890 	1883 	1904
f 1906 	1864 	1903
f 1872 	720 	700
f 1883 	1729 	1904
f 1891 	1894 	1889
f 1331 	1346 	1894
f 714 	493 	1899
f 1334 	1877 	1878
f 1879 	1335 	1878
f 1735 	1905 	1736
f 1337 	1335 	1880
f 1918 	1861 	1888
f 102 	112 	1890
f 1344 	1342 	1886
f 1904 	102 	1890
f 1886 	1887 	1344
f 1888 	1864 	1905
f 1904 	1729 	102
f 1860 	689 	1854
f 1901 	1902 	1911
f 1907 	720 	1872
f 1337 	1880 	1881
f 1905 	1864 	1906
f 1903 	1867 	1902
f 1907 	1899 	720
f 1901 	1911 	1908
f 1885 	1342 	1884
f 1885 	1886 	1342
f 1887 	1345 	1344
f 1908 	1910 	1319
f 397 	907 	420
f 1868 	1727 	902
f 1876 	1332 	220
f 1899 	1907 	1898
f 902 	901 	1868
f 1911 	1910 	1908
f 1334 	1878 	1335
f 1727 	896 	902
f 1910 	1911 	1874
f 1902 	1867 	1911
f 1342 	1341 	1884
f 412 	912 	406
f 1908 	1082 	1062
f 1910 	1874 	1319
f 1056 	1608 	1897
f 1332 	1876 	1877
f 1993 	590 	696
f 70 	84 	1915
f 1900 	1897 	1608
f 1038 	1912 	411
f 1879 	1880 	1335
f 2065 	714 	1898
f 1914 	70 	1915
f 714 	1899 	1898
f 1881 	1884 	1338
f 1341 	1338 	1884
f 1892 	1917 	1967
f 1912 	714 	2065
f 711 	712 	87
f 708 	711 	87
f 1892 	1895 	1917
f 1895 	1900 	1917
f 1887 	1889 	1345
f 1346 	1345 	1889
f 1914 	1918 	1896
f 1889 	1894 	1346
f 1896 	70 	1914
f 1332 	1877 	1333
f 1333 	1877 	1334
f 1917 	1900 	1751
f 712 	715 	83
f 1874 	1911 	1871
f 83 	79 	712
f 79 	87 	712
f 1337 	1881 	1338
f 1900 	1742 	1751
f 1642 	1921 	1920
f 1931 	1860 	1841
f 665 	954 	2156
f 1841 	1860 	1854
f 1913 	1922 	1992
f 659 	2163 	690
f 1922 	1617 	1616
f 848 	1298 	1924
f 1923 	1617 	1922
f 1924 	1298 	2095
f 1921 	1925 	1919
f 1926 	1841 	1836
f 1921 	1839 	1925
f 1923 	1922 	1913
f 1921 	1642 	1839
f 1927 	1928 	1924
f 1737 	1709 	2140
f 1928 	1929 	1924
f 1920 	1921 	1930
f 1919 	1930 	1921
f 848 	1924 	1929
f 2002 	1978 	1931
f 1926 	2002 	1931
f 848 	1929 	771
f 2140 	1920 	2143
f 1930 	2143 	1920
f 1931 	1841 	1926
f 1930 	1919 	1935
f 1933 	1674 	1938
f 1931 	1950 	1860
f 1919 	1858 	1934
f 1932 	1674 	1933
f 1919 	1925 	1858
f 1321 	1939 	1750
f 1835 	1858 	1925
f 1752 	1750 	1939
f 1858 	1936 	1934
f 809 	1750 	1749
f 1617 	1923 	1938
f 1321 	1750 	809
f 1923 	1913 	1938
f 727 	809 	1749
f 318 	1936 	1866
f 1858 	1866 	1936
f 809 	820 	1321
f 1635 	2058 	1837
f 1933 	1938 	1916
f 1958 	829 	801
f 1935 	2147 	1930
f 1960 	1958 	801
f 1947 	1960 	801
f 1941 	1260 	1932
f 1936 	1944 	1934
f 1950 	1947 	807
f 1932 	1933 	1951
f 1940 	1927 	2076
f 1947 	801 	806
f 1947 	806 	807
f 1932 	1951 	1941
f 1673 	1674 	1932
f 369 	373 	429
f 1945 	1936 	318
f 1314 	1260 	1941
f 1919 	1934 	1944
f 2263 	1943 	1913
f 1919 	1944 	1935
f 1936 	1945 	1944
f 2261 	2263 	1913
f 261 	257 	1944
f 1860 	1950 	807
f 807 	687 	1860
f 1276 	1752 	1939
f 1945 	2150 	2151
f 425 	387 	420
f 1268 	1759 	1440
f 1942 	947 	949
f 1938 	1913 	1943
f 1945 	2151 	1944
f 2035 	1966 	1959
f 1909 	172 	171
f 1909 	171 	1851
f 1946 	174 	172
f 1946 	172 	1909
f 2035 	1959 	2046
f 177 	1991 	1948
f 1938 	1943 	1916
f 177 	1948 	1949
f 177 	1949 	178
f 1916 	2264 	1951
f 1942 	1952 	947
f 1945 	318 	338
f 1945 	338 	468
f 1945 	468 	464
f 1916 	1943 	2262
f 2262 	2264 	1916
f 1942 	1959 	1952
f 1947 	1950 	1931
f 1956 	1965 	1955
f 1737 	2140 	1997
f 1958 	1957 	829
f 1933 	1916 	1951
f 1955 	1954 	1875
f 1875 	590 	1955
f 1942 	2046 	1959
f 1966 	2001 	1895
f 1964 	1954 	1962
f 1955 	1962 	1954
f 1955 	1965 	1962
f 1961 	1976 	206
f 2140 	2143 	1996
f 206 	1963 	1961
f 1959 	1966 	1952
f 1954 	1964 	2006
f 178 	1949 	1953
f 178 	1953 	179
f 1976 	1604 	206
f 179 	1953 	1968
f 179 	1968 	181
f 1966 	1967 	1952
f 181 	1968 	1969
f 181 	1969 	183
f 183 	1969 	1970
f 183 	1970 	184
f 184 	1970 	1971
f 184 	1971 	185
f 185 	1971 	1973
f 185 	1973 	186
f 1961 	102 	108
f 1672 	364 	435
f 186 	1973 	1974
f 186 	1974 	187
f 187 	1974 	1975
f 187 	1975 	188
f 1952 	759 	947
f 188 	1975 	1977
f 188 	1977 	189
f 1952 	1833 	759
f 189 	1977 	1979
f 189 	1979 	190
f 1976 	1426 	1604
f 190 	1979 	1980
f 190 	1980 	191
f 1967 	1833 	1952
f 191 	1980 	135
f 441 	1670 	435
f 174 	1946 	192
f 1981 	192 	1946
f 108 	1976 	1961
f 1982 	194 	192
f 1982 	192 	1981
f 1983 	195 	194
f 1983 	194 	1982
f 1984 	196 	195
f 1984 	195 	1983
f 435 	1671 	1672
f 980 	1942 	949
f 1985 	197 	196
f 1985 	196 	1984
f 1987 	198 	197
f 1987 	197 	1985
f 198 	1987 	1988
f 198 	1988 	199
f 1966 	1892 	1967
f 199 	1988 	1989
f 199 	1989 	201
f 201 	1989 	1990
f 201 	1990 	202
f 1978 	1947 	1931
f 1966 	1895 	1892
f 202 	1990 	1991
f 202 	1991 	204
f 1986 	1913 	1992
f 204 	1991 	177
f 369 	429 	364
f 1972 	2057 	336
f 2143 	2142 	1965
f 1955 	590 	1993
f 1994 	1986 	1992
f 1751 	1833 	1967
f 1996 	1956 	1993
f 1967 	1917 	1751
f 1986 	1994 	2149
f 1978 	1960 	1947
f 1897 	1895 	1184
f 1955 	1993 	1956
f 1184 	1895 	1995
f 1972 	2211 	2057
f 1992 	1744 	1994
f 1996 	1997 	2140
f 1897 	1184 	1056
f 1992 	1746 	1744
f 1998 	1184 	1995
f 1996 	1993 	1997
f 1957 	1972 	336
f 1190 	1184 	1998
f 1972 	1957 	1958
f 1972 	1958 	1960
f 1993 	691 	1997
f 1190 	1998 	1224
f 1741 	983 	2003
f 1972 	1960 	1978
f 696 	691 	1993
f 1739 	2000 	1862
f 1999 	1224 	1998
f 780 	1723 	1997
f 1966 	2035 	2001
f 2001 	1995 	1895
f 2142 	2144 	1965
f 1723 	1737 	1997
f 2000 	1739 	2003
f 1954 	2004 	1872
f 2005 	1995 	2001
f 2005 	1998 	1995
f 207 	2008 	2009
f 207 	2009 	208
f 2005 	2010 	2011
f 208 	2009 	2012
f 208 	2012 	209
f 1940 	2034 	1927
f 209 	2012 	2013
f 209 	2013 	210
f 2038 	2005 	2001
f 212 	2050 	2014
f 2005 	2015 	2010
f 212 	2014 	2016
f 212 	2016 	213
f 213 	2016 	2018
f 213 	2018 	214
f 519 	518 	2042
f 2017 	2211 	1972
f 214 	2018 	2019
f 214 	2019 	215
f 2017 	1972 	2020
f 1999 	1998 	2011
f 215 	2019 	2021
f 215 	2021 	216
f 1635 	1940 	2058
f 216 	2021 	2023
f 216 	2023 	217
f 2005 	2011 	1998
f 1635 	1688 	1940
f 217 	2023 	2008
f 217 	2008 	207
f 2002 	2022 	1978
f 2022 	2002 	2007
f 2001 	2035 	2038
f 2024 	341 	2254
f 2025 	343 	341
f 2025 	341 	2024
f 2026 	347 	343
f 2026 	343 	2025
f 2005 	2038 	2028
f 2027 	348 	347
f 2027 	347 	2026
f 1937 	2078 	2155
f 2020 	1978 	2022
f 1937 	2155 	2087
f 2029 	351 	348
f 2029 	348 	2027
f 2005 	2028 	2015
f 2030 	354 	351
f 2030 	351 	2029
f 2031 	355 	354
f 2031 	354 	2030
f 765 	771 	1929
f 2032 	359 	355
f 2032 	355 	2031
f 2011 	510 	1999
f 1221 	1224 	310
f 340 	324 	1999
f 2028 	2042 	518
f 516 	519 	2042
f 2053 	516 	2042
f 2033 	360 	359
f 2033 	359 	2032
f 2036 	362 	360
f 2036 	360 	2033
f 2034 	551 	765
f 2037 	367 	2036
f 362 	2036 	367
f 2046 	2038 	2035
f 367 	2037 	2039
f 367 	2039 	370
f 370 	2039 	2040
f 370 	2040 	372
f 372 	2040 	2041
f 372 	2041 	374
f 2042 	2028 	2038
f 374 	2041 	2043
f 374 	2043 	378
f 1940 	1688 	1689
f 378 	2043 	2044
f 378 	2044 	379
f 1940 	1689 	2034
f 379 	2044 	2045
f 379 	2045 	380
f 2209 	2020 	2022
f 380 	2045 	2047
f 380 	2047 	384
f 1927 	2034 	765
f 384 	2047 	2048
f 384 	2048 	385
f 1927 	765 	1928
f 24 	22 	49
f 385 	2048 	2049
f 385 	2049 	388
f 388 	2049 	2050
f 388 	2050 	389
f 1929 	1928 	765
f 389 	2050 	212
f 2046 	2051 	2053
f 393 	2052 	2054
f 393 	2054 	395
f 2059 	2051 	2046
f 395 	2054 	2055
f 395 	2055 	398
f 1080 	1079 	226
f 2020 	1972 	1978
f 398 	2055 	2056
f 398 	2056 	399
f 2038 	2046 	2053
f 2038 	2053 	2042
f 2046 	1942 	980
f 2062 	2004 	2006
f 1954 	2006 	2004
f 2046 	980 	953
f 2057 	648 	336
f 2004 	1907 	1872
f 2046 	2061 	2059
f 454 	459 	32
f 1699 	24 	49
f 2046 	982 	2063
f 1064 	2063 	982
f 2004 	2062 	2060
f 2058 	1940 	1937
f 2046 	953 	982
f 228 	1091 	1077
f 1666 	446 	1669
f 1669 	446 	1668
f 1668 	446 	357
f 2046 	2063 	2061
f 1912 	2065 	411
f 40 	350 	454
f 40 	454 	32
f 2003 	983 	2116
f 2065 	2066 	2067
f 350 	357 	454
f 1741 	2003 	1739
f 2065 	2067 	411
f 438 	411 	2067
f 446 	1666 	441
f 1667 	1670 	441
f 2151 	2150 	2070
f 2066 	2065 	2070
f 1862 	2000 	1744
f 2072 	2075 	2151
f 2072 	2070 	2065
f 2073 	2154 	2058
f 446 	454 	357
f 441 	1666 	1667
f 2075 	2074 	2060
f 518 	521 	2028
f 226 	228 	1080
f 1077 	1080 	228
f 2053 	2051 	1622
f 1612 	490 	2053
f 490 	492 	2053
f 2015 	2028 	521
f 2004 	2060 	2074
f 2076 	1937 	1940
f 2076 	2078 	1937
f 1964 	1962 	2144
f 2075 	2072 	2074
f 1671 	435 	1670
f 1898 	2074 	2065
f 2004 	2074 	1907
f 1898 	1907 	2074
f 2064 	2078 	2076
f 2065 	2074 	2072
f 2006 	2147 	2062
f 399 	2056 	2082
f 399 	2082 	400
f 400 	2082 	2083
f 400 	2083 	401
f 401 	2083 	2084
f 401 	2084 	405
f 1937 	2073 	2058
f 1535 	1463 	2081
f 2085 	407 	405
f 2085 	405 	2084
f 2086 	408 	407
f 2086 	407 	2085
f 1361 	1034 	1733
f 2088 	409 	408
f 2088 	408 	2086
f 2081 	2068 	1840
f 2089 	413 	409
f 2089 	409 	2088
f 2081 	2146 	2068
f 2090 	416 	413
f 2090 	413 	2089
f 1937 	2087 	2073
f 2068 	2069 	1840
f 416 	2090 	2091
f 416 	2091 	417
f 2087 	2154 	2073
f 2092 	419 	417
f 2092 	417 	2091
f 377 	382 	425
f 397 	420 	391
f 391 	420 	387
f 387 	425 	382
f 1840 	2069 	2119
f 2093 	422 	419
f 2093 	419 	2092
f 2094 	333 	339
f 393 	2129 	2052
f 435 	364 	429
f 422 	2093 	426
f 2097 	426 	2093
f 2094 	2096 	333
f 1924 	2095 	2098
f 2099 	427 	426
f 2099 	426 	2097
f 2100 	2094 	339
f 2102 	430 	427
f 2102 	427 	2099
f 2095 	2136 	2098
f 2100 	339 	283
f 1927 	1924 	2098
f 2103 	432 	430
f 2103 	430 	2102
f 2104 	433 	432
f 2104 	432 	2103
f 1434 	2100 	283
f 2079 	2152 	2101
f 2095 	1303 	2136
f 2105 	436 	433
f 2105 	433 	2104
f 504 	55 	506
f 1317 	2136 	1303
f 2106 	437 	436
f 2106 	436 	2105
f 2107 	439 	437
f 2107 	437 	2106
f 104 	139 	100
f 2076 	1927 	2098
f 2108 	442 	439
f 2108 	439 	2107
f 2109 	444 	442
f 2109 	442 	2108
f 2109 	472 	444
f 447 	2139 	2110
f 447 	2110 	2112
f 447 	2112 	449
f 2098 	2111 	2076
f 449 	2112 	2113
f 449 	2113 	452
f 452 	2113 	2115
f 452 	2115 	455
f 455 	2115 	2117
f 455 	2117 	456
f 1836 	2114 	1926
f 456 	2117 	2118
f 456 	2118 	458
f 2079 	1841 	2119
f 458 	2118 	2120
f 458 	2120 	460
f 2119 	1841 	1840
f 460 	2120 	2121
f 460 	2121 	461
f 461 	2121 	2122
f 461 	2122 	462
f 2119 	2069 	2079
f 462 	2122 	2123
f 462 	2123 	463
f 2000 	2003 	2071
f 463 	2123 	2124
f 463 	2124 	465
f 2114 	1836 	2125
f 465 	2124 	2127
f 465 	2127 	466
f 2003 	2116 	2145
f 466 	2127 	2128
f 466 	2128 	469
f 100 	139 	97
f 469 	2128 	2129
f 469 	2129 	471
f 2136 	1317 	1443
f 471 	2129 	393
f 2130 	472 	2109
f 1994 	1744 	2000
f 2131 	473 	472
f 2131 	472 	2130
f 2132 	474 	473
f 2132 	473 	2131
f 2133 	477 	474
f 2133 	474 	2132
f 2079 	2101 	2125
f 2134 	479 	477
f 2134 	477 	2133
f 2135 	481 	479
f 2135 	479 	2134
f 1986 	61 	2261
f 481 	2135 	2137
f 481 	2137 	484
f 2125 	2101 	2114
f 1913 	1986 	2261
f 484 	2137 	2138
f 484 	2138 	485
f 485 	2138 	2139
f 485 	2139 	489
f 975 	2116 	983
f 489 	2139 	447
f 2125 	1841 	2079
f 1841 	2125 	1836
f 975 	2278 	2116
f 2111 	2098 	2136
f 2070 	2072 	2151
f 261 	2151 	2075
f 2060 	2062 	257
f 2075 	2060 	261
f 2278 	2279 	2116
f 2143 	1930 	2142
f 2144 	2142 	1930
f 2126 	2111 	51
f 2144 	1930 	2147
f 2146 	2141 	2068
f 2144 	2147 	1964
f 2006 	1964 	2147
f 51 	52 	2126
f 2068 	2141 	2069
f 1935 	2148 	2147
f 2148 	1935 	257
f 2071 	2003 	2145
f 1935 	1944 	257
f 69 	70 	2087
f 2081 	1463 	2146
f 2149 	75 	1986
f 1945 	464 	2150
f 2155 	67 	69
f 468 	467 	438
f 414 	438 	467
f 2149 	2071 	76
f 2087 	2155 	69
f 261 	1944 	2151
f 2152 	2069 	2141
f 257 	261 	2060
f 1965 	1956 	2143
f 1962 	1965 	2144
f 1956 	1996 	2143
f 257 	2062 	2148
f 2147 	2148 	2062
f 2067 	2066 	468
f 180 	136 	2153
f 2126 	2064 	2076
f 76 	2071 	2280
f 2280 	2071 	2145
f 2069 	2152 	2079
f 52 	2064 	2126
f 75 	2149 	76
f 82 	2141 	1645
f 2126 	2076 	2111
f 1783 	2223 	1784
f 1782 	2223 	1783
f 1781 	2223 	1782
f 1780 	2223 	1781
f 1773 	1784 	2223
f 1779 	2223 	1780
f 1774 	1773 	2223
f 1777 	1775 	2223
f 1774 	2223 	1775
f 2141 	82 	2152
f 2236 	2235 	2223
f 2080 	2096 	2094
f 92 	89 	2152
f 1786 	2223 	1787
f 1785 	2223 	1786
f 2236 	2223 	1785
f 1788 	1787 	2223
f 1779 	1807 	2223
f 1794 	1793 	2223
f 1793 	1792 	2223
f 1792 	1791 	2223
f 1791 	1790 	2223
f 1790 	1789 	2223
f 1788 	2223 	1789
f 82 	29 	2152
f 1801 	2223 	1803
f 1800 	2223 	1801
f 1799 	2223 	1800
f 1804 	1803 	2223
f 1805 	1804 	2223
f 1806 	1805 	2223
f 1798 	2223 	1799
f 1797 	2223 	1798
f 1795 	2223 	1797
f 1794 	2223 	1795
f 1807 	1806 	2223
f 2152 	30 	92
f 2064 	2155 	2078
f 1980 	1824 	1808
f 1827 	1824 	1980
f 1822 	1808 	1824
f 1819 	1808 	1822
f 1819 	1818 	1808
f 1818 	1817 	1808
f 1817 	1816 	1808
f 1809 	1808 	1816
f 1809 	1816 	1814
f 1809 	1814 	1813
f 1809 	1813 	1812
f 1809 	1812 	1811
f 1809 	1811 	1810
f 67 	2155 	2064
f 954 	973 	2156
f 89 	78 	2152
f 115 	2157 	78
f 1829 	1827 	1980
f 1946 	1909 	1980
f 1909 	1851 	1980
f 1851 	1850 	1980
f 1850 	1849 	1980
f 1849 	1848 	1980
f 1848 	1847 	1980
f 1847 	1846 	1980
f 1846 	1844 	1980
f 1844 	1831 	1980
f 1829 	1980 	1831
f 2101 	2152 	78
f 2157 	2101 	78
f 2154 	2087 	70
f 1980 	1979 	1977
f 1980 	1977 	1975
f 1980 	1975 	1974
f 1980 	1974 	1973
f 1980 	1973 	1971
f 1980 	1971 	1970
f 1980 	1970 	1969
f 1980 	1969 	1968
f 1953 	1980 	1968
f 1949 	1980 	1953
f 1948 	1980 	1949
f 1991 	1980 	1948
f 2154 	70 	1735
f 1980 	1991 	1990
f 1980 	1990 	1989
f 1980 	1989 	1988
f 1980 	1988 	1987
f 1980 	1987 	1985
f 1980 	1985 	1984
f 1980 	1984 	1983
f 1980 	1983 	1982
f 1980 	1982 	1981
f 1980 	1981 	1946
f 2159 	2160 	2157
f 1842 	1837 	2154
f 2160 	2101 	2157
f 2021 	2242 	2023
f 2019 	2242 	2021
f 2018 	2242 	2019
f 2016 	2242 	2018
f 2008 	2023 	2242
f 2014 	2242 	2016
f 2009 	2008 	2242
f 2013 	2012 	2242
f 2009 	2242 	2012
f 2154 	1837 	2058
f 2254 	2253 	2242
f 1735 	1842 	2154
f 2114 	2160 	1926
f 2114 	2101 	2160
f 2204 	2007 	2159
f 2025 	2242 	2026
f 2024 	2242 	2025
f 2254 	2242 	2024
f 2027 	2026 	2242
f 2014 	2050 	2242
f 2036 	2033 	2242
f 2033 	2032 	2242
f 2032 	2031 	2242
f 2031 	2030 	2242
f 2030 	2029 	2242
f 2027 	2242 	2029
f 1303 	2095 	1298
f 1926 	2160 	2159
f 514 	480 	511
f 483 	511 	480
f 2159 	2157 	2179
f 51 	2111 	2162
f 2044 	2242 	2045
f 2043 	2242 	2044
f 2041 	2242 	2043
f 2047 	2045 	2242
f 2048 	2047 	2242
f 2049 	2048 	2242
f 2040 	2242 	2041
f 2039 	2242 	2040
f 2037 	2242 	2039
f 2036 	2242 	2037
f 2050 	2049 	2242
f 2162 	2136 	1443
f 2159 	2179 	2204
f 2002 	1926 	2159
f 2007 	2002 	2159
f 2162 	1443 	47
f 1447 	47 	1443
f 2111 	2136 	2162
f 2129 	2091 	2052
f 2093 	2092 	2129
f 2092 	2091 	2129
f 2090 	2052 	2091
f 2090 	2089 	2052
f 2089 	2088 	2052
f 2088 	2086 	2052
f 2086 	2085 	2052
f 2085 	2084 	2052
f 2084 	2083 	2052
f 2083 	2082 	2052
f 2082 	2056 	2052
f 2056 	2055 	2052
f 2054 	2052 	2055
f 480 	514 	476
f 665 	2156 	2163
f 2163 	659 	665
f 2064 	52 	67
f 2093 	2129 	2097
f 2099 	2097 	2129
f 2102 	2099 	2129
f 2109 	2108 	2129
f 2108 	2107 	2129
f 2107 	2106 	2129
f 2106 	2105 	2129
f 2105 	2104 	2129
f 2104 	2103 	2129
f 2102 	2129 	2103
f 53 	87 	52
f 2158 	2295 	2164
f 705 	708 	26
f 2164 	2163 	2158
f 47 	26 	2162
f 51 	2162 	26
f 2129 	2128 	2127
f 2129 	2127 	2124
f 2129 	2124 	2123
f 2129 	2123 	2122
f 2129 	2122 	2121
f 2129 	2121 	2120
f 2129 	2120 	2118
f 2129 	2118 	2117
f 2129 	2117 	2115
f 2113 	2129 	2115
f 2112 	2129 	2113
f 2110 	2129 	2112
f 2139 	2129 	2110
f 11 	51 	26
f 55 	60 	145
f 145 	506 	55
f 2129 	2139 	2138
f 2129 	2138 	2137
f 2129 	2137 	2135
f 2129 	2135 	2134
f 2129 	2134 	2133
f 2129 	2133 	2132
f 2129 	2132 	2131
f 2129 	2131 	2130
f 2129 	2130 	2109
f 488 	491 	511
f 952 	73 	843
f 509 	497 	506
f 2170 	28 	2169
f 1647 	1651 	2165
f 2171 	28 	2170
f 2165 	1651 	1301
f 2172 	28 	2171
f 2173 	28 	2172
f 2168 	2169 	28
f 506 	497 	501
f 845 	836 	1743
f 2165 	1301 	1300
f 2174 	28 	2173
f 2180 	2186 	2177
f 2178 	2164 	2161
f 2181 	2186 	2180
f 2176 	2177 	2186
f 2182 	2186 	2181
f 501 	504 	506
f 497 	509 	494
f 2183 	2186 	2182
f 2184 	210 	2183
f 2185 	210 	2184
f 2161 	2294 	2178
f 96 	210 	2185
f 509 	511 	491
f 2157 	115 	2179
f 2188 	2186 	2187
f 2190 	2186 	2189
f 2191 	2186 	2190
f 2192 	2186 	2191
f 2193 	2186 	2192
f 2194 	2186 	2193
f 2195 	25 	2194
f 494 	509 	491
f 488 	511 	483
f 2164 	2178 	2100
f 540 	536 	514
f 1434 	2164 	2100
f 2199 	25 	2198
f 2164 	1434 	2163
f 2202 	2203 	25
f 2200 	25 	2199
f 341 	503 	2203
f 2201 	25 	2200
f 25 	2203 	503
f 2189 	2186 	2188
f 210 	2187 	2186
f 2186 	2183 	210
f 2186 	28 	2176
f 25 	28 	2186
f 2186 	2194 	25
f 2196 	25 	2195
f 2197 	25 	2196
f 2198 	25 	2197
f 2202 	25 	2201
f 2174 	2176 	28
f 2000 	2071 	2149
f 2167 	28 	2166
f 2168 	28 	2167
f 2166 	28 	512
f 59 	2166 	512
f 2000 	2149 	1994
f 993 	159 	2205
f 159 	157 	2259
f 157 	245 	2259
f 512 	28 	10
f 25 	503 	12
f 1961 	1963 	2207
f 1963 	157 	2207
f 524 	12 	503
f 159 	2255 	2207
f 2204 	2022 	2007
f 649 	4 	3
f 2077 	2080 	2178
f 2208 	2260 	193
f 10 	9 	639
f 8 	641 	9
f 2178 	2080 	2094
f 641 	8 	643
f 2178 	2094 	2100
f 6 	644 	7
f 2209 	2022 	2175
f 4 	646 	5
f 7 	643 	8
f 2020 	2209 	2260
f 2077 	2213 	2080
f 645 	6 	5
f 2020 	2260 	2208
f 2206 	2020 	2208
f 2017 	2020 	2206
f 2211 	2017 	2206
f 2217 	2212 	2211
f 2214 	621 	648
f 654 	1 	39
f 1161 	17 	16
f 2214 	648 	2057
f 2214 	2057 	2212
f 541 	542 	525
f 2215 	2077 	2210
f 2212 	2057 	2211
f 2206 	2217 	2211
f 1161 	1171 	17
f 2217 	2206 	2208
f 2213 	2077 	2215
f 2175 	2022 	2216
f 524 	1153 	12
f 2166 	59 	2219
f 1777 	2219 	59
f 2166 	2219 	2220
f 2166 	2220 	2167
f 2167 	2220 	2221
f 2167 	2221 	2168
f 542 	544 	782
f 2222 	2169 	2168
f 2222 	2168 	2221
f 2223 	2170 	2169
f 2223 	2169 	2222
f 2224 	2171 	2170
f 2224 	2170 	2223
f 2218 	2217 	170
f 2225 	2172 	2171
f 2225 	2171 	2224
f 2226 	2173 	2172
f 2226 	2172 	2225
f 2173 	2226 	2227
f 2173 	2227 	2174
f 2174 	2227 	2228
f 2174 	2228 	2176
f 2218 	2214 	2212
f 2176 	2228 	2177
f 2230 	2177 	2228
f 2231 	2180 	2177
f 2231 	2177 	2230
f 2218 	2212 	2217
f 2232 	2181 	2180
f 2232 	2180 	2231
f 2233 	2182 	2181
f 2233 	2181 	2232
f 74 	2 	2229
f 2234 	2183 	2182
f 2234 	2182 	2233
f 2235 	2184 	2183
f 2235 	2183 	2234
f 2236 	2185 	2184
f 2236 	2184 	2235
f 2229 	38 	1105
f 173 	182 	686
f 776 	686 	182
f 2185 	2236 	96
f 2218 	170 	173
f 2187 	210 	2237
f 2013 	2237 	210
f 2187 	2237 	2238
f 2187 	2238 	2188
f 686 	2218 	173
f 2188 	2238 	2239
f 2188 	2239 	2189
f 2240 	1105 	1115
f 2179 	2216 	2204
f 2241 	2190 	2189
f 2241 	2189 	2239
f 2242 	2191 	2190
f 2242 	2190 	2241
f 777 	782 	544
f 2243 	2192 	2191
f 2243 	2191 	2242
f 2244 	2193 	2192
f 2244 	2192 	2243
f 2245 	2194 	2193
f 2245 	2193 	2244
f 115 	116 	2179
f 2194 	2245 	2246
f 2194 	2246 	2195
f 2195 	2246 	2247
f 2195 	2247 	2196
f 2196 	2247 	2248
f 2196 	2248 	2197
f 1961 	2207 	102
f 2197 	2248 	2198
f 2249 	2198 	2248
f 1743 	23 	845
f 2250 	2199 	2198
f 2250 	2198 	2249
f 180 	2153 	200
f 2251 	2200 	2199
f 2251 	2199 	2250
f 2252 	2201 	2200
f 2252 	2200 	2251
f 2022 	2204 	2216
f 2253 	2202 	2201
f 2253 	2201 	2252
f 2254 	2203 	2202
f 2254 	2202 	2253
f 2207 	112 	102
f 2203 	2254 	341
f 264 	2153 	80
f 2256 	309 	318
f 2226 	2225 	2227
f 2225 	2224 	2227
f 2224 	2223 	2227
f 2228 	2227 	2223
f 2221 	2220 	2222
f 2223 	2222 	2220
f 2219 	2223 	2220
f 1777 	2223 	2219
f 1032 	2258 	159
f 2256 	94 	309
f 116 	165 	2216
f 94 	2256 	264
f 2233 	2223 	2234
f 2232 	2223 	2233
f 2235 	2234 	2223
f 2231 	2223 	2232
f 2230 	2223 	2231
f 2228 	2223 	2230
f 2216 	2179 	116
f 2207 	2255 	112
f 2256 	318 	218
f 770 	777 	544
f 2256 	200 	264
f 2247 	2246 	2248
f 2248 	2246 	2245
f 2248 	2245 	2244
f 2248 	2244 	2243
f 2242 	2249 	2243
f 2239 	2238 	2241
f 2242 	2241 	2238
f 2237 	2242 	2238
f 2013 	2242 	2237
f 2255 	1251 	112
f 843 	2257 	952
f 2251 	2242 	2252
f 2250 	2242 	2251
f 2253 	2252 	2242
f 2249 	2242 	2250
f 2248 	2243 	2249
f 2255 	159 	2258
f 843 	845 	2257
f 2216 	165 	2175
f 2258 	1032 	1036
f 2255 	2258 	1251
f 845 	23 	2257
f 35 	626 	39
f 768 	770 	545
f 1327 	2205 	353
f 2208 	170 	2217
f 2208 	193 	170
f 544 	545 	770
f 2205 	159 	2259
f 2259 	352 	353
f 278 	2175 	165
f 2259 	353 	2205
f 1173 	1175 	21
f 1180 	1181 	43
f 625 	352 	2259
f 245 	630 	2259
f 2209 	2175 	2260
f 523 	525 	542
f 61 	62 	2263
f 2175 	278 	2260
f 2263 	2261 	61
f 30 	2152 	29
f 82 	36 	37
f 82 	37 	29
f 546 	755 	545
f 758 	768 	545
f 2262 	1943 	2263
f 2263 	2265 	2262
f 2263 	62 	2266
f 2240 	2271 	2215
f 758 	545 	755
f 2213 	2096 	2080
f 2263 	2266 	2265
f 62 	2290 	630
f 2273 	2269 	2262
f 2240 	2229 	1105
f 1181 	220 	44
f 1329 	44 	220
f 1951 	2264 	2268
f 2213 	2215 	2272
f 2272 	2096 	2213
f 1941 	1951 	2268
f 2270 	2264 	2269
f 2267 	1941 	2268
f 739 	743 	680
f 2240 	74 	2229
f 1330 	1329 	220
f 44 	1329 	48
f 2268 	2264 	2270
f 328 	333 	2272
f 2272 	333 	2096
f 785 	1815 	2240
f 2262 	2265 	2273
f 630 	241 	2266
f 1115 	785 	2240
f 2240 	1815 	2271
f 2264 	2262 	2269
f 532 	534 	540
f 2215 	2271 	2272
f 540 	541 	532
f 2273 	650 	2269
f 241 	244 	2266
f 527 	532 	541
f 527 	541 	526
f 2268 	2270 	2274
f 2268 	2274 	2277
f 2267 	2268 	2277
f 2270 	658 	2274
f 523 	542 	520
f 526 	541 	525
f 534 	536 	540
f 537 	514 	536
f 476 	514 	537
f 2277 	1492 	2267
f 2277 	1609 	1492
f 2274 	1609 	2277
f 2276 	2275 	306
f 2270 	2269 	658
f 299 	2297 	291
f 375 	291 	2297
f 2275 	2298 	299
f 1609 	2274 	658
f 352 	625 	77
f 2278 	969 	1188
f 2275 	299 	306
f 2276 	2281 	2275
f 2281 	2276 	2299
f 2299 	334 	253
f 2281 	2299 	2077
f 76 	2280 	2282
f 2282 	81 	76
f 2077 	2178 	2281
f 510 	253 	340
f 2284 	2282 	2280
f 1328 	1327 	2284
f 2285 	2284 	2280
f 2285 	2280 	2279
f 2282 	2284 	1327
f 2285 	2279 	2287
f 2278 	2287 	2279
f 1589 	1590 	629
f 2283 	2287 	2278
f 975 	969 	2278
f 1181 	629 	205
f 1590 	205 	629
f 2145 	2116 	2279
f 2280 	2145 	2279
f 2285 	2287 	1328
f 2283 	1234 	2287
f 2285 	1328 	2284
f 1188 	1234 	2283
f 33 	1589 	629
f 77 	2289 	75
f 61 	75 	2289
f 31 	1589 	33
f 61 	1986 	75
f 46 	50 	1882
f 205 	1590 	1882
f 46 	1882 	1590
f 1882 	50 	1893
f 61 	2289 	2290
f 2289 	625 	2290
f 353 	352 	77
f 61 	2290 	62
f 2156 	973 	2286
f 625 	630 	2290
f 220 	1181 	205
f 2286 	2293 	2158
f 2275 	2281 	2294
f 1131 	1133 	677
f 2163 	2156 	2286
f 520 	542 	782
f 755 	546 	752
f 2158 	2163 	2286
f 2286 	2296 	2293
f 546 	680 	743
f 752 	546 	745
f 745 	546 	743
f 2295 	2158 	2293
f 2293 	2288 	2295
f 2288 	2293 	2296
f 2281 	2178 	2294
f 2291 	2294 	2161
f 2291 	2161 	2292
f 2161 	2295 	2292
f 2292 	2295 	2288
f 2161 	2164 	2295
f 1620 	1710 	2286
f 2286 	1710 	2296
f 800 	802 	804
f 2296 	1710 	358
f 2288 	2296 	358
f 358 	365 	2288
f 448 	2288 	365
f 735 	739 	680
f 808 	735 	680
f 375 	2297 	448
f 2288 	448 	2297
f 2297 	299 	2298
f 2298 	2291 	2297
f 2291 	2292 	2297
f 2294 	2291 	2298
f 2294 	2298 	2275
f 2297 	2292 	2288
f 735 	808 	732
f 2215 	2210 	2300
f 2301 	2300 	2210
f 810 	797 	808
f 2299 	2301 	2210
f 2210 	2077 	2299
f 2299 	2276 	334
f 2300 	270 	74
f 270 	2300 	2301
f 263 	270 	2301
f 2301 	2299 	253
f 2301 	253 	263
f 2240 	2300 	74
f 2240 	2215 	2300
f 38 	2 	18
f 792 	790 	805
f 810 	805 	790
f 790 	793 	810
f 732 	808 	798
f 795 	797 	810
f 793 	795 	810
f 798 	808 	797
f 792 	805 	802
f 818 	819 	828
f 811 	815 	669
f 815 	816 	669
f 828 	824 	804
f 828 	667 	818
f 1139 	673 	1137
f 669 	673 	1139
f 811 	669 	1139
f 667 	669 	816
f 818 	667 	817
f 816 	817 	667
f 819 	822 	828
f 824 	825 	804
f 825 	800 	804
f 805 	804 	802
f 822 	824 	828
f 909 	412 	907
f 918 	919 	978
f 914 	406 	912
f 412 	420 	907
f 911 	412 	909
f 373 	377 	429
f 425 	429 	377
f 912 	412 	911
f 915 	406 	914
f 917 	918 	979
f 978 	979 	918
f 923 	924 	977
f 916 	979 	915
f 406 	915 	979
f 916 	917 	979
f 978 	922 	977
f 923 	977 	922
f 926 	974 	925
f 919 	921 	978
f 922 	978 	921
f 974 	977 	924
f 924 	925 	974
f 1035 	1027 	1033
f 1024 	1027 	1035
f 1037 	1022 	1035
f 1023 	1035 	1022
f 1016 	1017 	1039
f 926 	972 	974
f 1039 	974 	972
f 1016 	1039 	972
f 1039 	1018 	1037
f 1021 	1022 	1037
f 1024 	1035 	1023
f 1021 	1037 	1018
f 1027 	1031 	1033
f 1018 	1039 	1017
f 1047 	1048 	1054
f 1049 	1051 	1052
f 1051 	1129 	1052
f 1052 	1129 	677
f 1058 	1045 	1054
f 1031 	1042 	1033
f 1129 	1131 	677
f 1135 	673 	1133
f 1047 	1054 	1046
f 1046 	1054 	1045
f 1043 	1044 	1058
f 1045 	1058 	1044
f 1049 	1052 	1048
f 1052 	1054 	1048
f 1042 	1043 	1033
f 1058 	1033 	1043
f 677 	1133 	673
f 1137 	673 	1135
f 1668 	357 	2302
f 356 	2302 	357
f 2303 	1148 	1147
f 2303 	1147 	2304
f 2305 	1669 	2304
f 1669 	1668 	2304
f 2303 	2304 	1668
f 2302 	2303 	1668
f 2305 	2306 	1666
f 2305 	1666 	1669
f 2307 	1149 	1145
f 1145 	1667 	2307
f 1667 	1666 	2307
f 2306 	2307 	1666
f 1145 	1216 	1667
f 1216 	1670 	1667
f 1671 	1670 	1219
f 1216 	1219 	1670
f 1219 	1220 	1672
f 1219 	1672 	1671
f 1220 	363 	364
f 1220 	364 	1672
f 2303 	346 	1148
f 2307 	2304 	1147
f 2307 	1147 	1149
f 356 	349 	2302
f 2303 	2302 	349
f 2304 	2307 	2306
f 2304 	2306 	2305
f 219 	1714 	114
f 219 	222 	1714
f 222 	225 	1714
f 227 	229 	1712
f 1708 	1712 	229
f 229 	230 	1708
f 1711 	234 	1701
f 240 	1706 	1701
f 1706 	246 	1697
f 1698 	1697 	254
f 252 	254 	1697
f 254 	255 	1699
f 254 	1699 	1698
f 255 	256 	1699
# 4616 faces

 #end of obj_0

